MegaDot v4.5.1.m.8.mono.custom_build - https://godotengine.org
D3D12 12_0 - Forward+ - Using Device #0: NVIDIA - NVIDIA GeForce GTX 1650 Ti
WARNING: PSO caching is not implemented yet in the Direct3D 12 driver.
   at: pipeline_cache_create (drivers/d3d12/rendering_device_driver_d3d12.cpp:4467)

FMOD Sound System: Successfully initialized
[INFO] Found release_info.json at: D:\SteamLibrary\steamapps\common\Slay the Spire 2\release_info.json
[INFO] [Sentry.NET] Initialized: env=playtesters, release=v0.99.1
[INFO] Steamworks: attempting initialization...
[INFO] Steam is running: True
[INFO] Steamworks initialization succeeded!
[INFO] Steam is enabled, we will write saves to steam storage. Enabled for account: True, app: True 
[INFO] Registered 8 migrations
[INFO] Current save versions: PrefsSave v2; ProfileSave v2; SerializableProgress v21; RunHistory v8; SerializableRun v14; SettingsSave v5
[INFO] Syncing cloud save files to the local save directory
[WARN] Asset not cached: res://scenes/cards/card.tscn
[WARN] Asset not cached: res://scenes/cards/holders/grid_card_holder.tscn
[INFO] AtlasManager: Loaded ui_atlas with 102 sprites
[INFO] AtlasManager: Loaded compressed with 45 sprites
[INFO] Found mod manifest file D:\SteamLibrary\steamapps\common\Slay the Spire 2\mods\BaseLib\BaseLib.json
[INFO] Found mod manifest file D:\SteamLibrary\steamapps\common\Slay the Spire 2\mods\YgoDuelist\YgoDuelist.json
[INFO] Loading assembly DLL D:\SteamLibrary\steamapps\common\Slay the Spire 2\mods\BaseLib\BaseLib.dll
[INFO] Loading Godot PCK D:\SteamLibrary\steamapps\common\Slay the Spire 2\mods\BaseLib\BaseLib.pck
[INFO] Calling initializer method of type BaseLib.BaseLibMain for BaseLib, Version=3.0.2.0, Culture=neutral, PublicKeyToken=null
[INFO] [BaseLib] Created node factory for Control.
[INFO] [BaseLib] Created node factory for NCreatureVisuals.
[INFO] [BaseLib] Created node factory for NRestSiteCharacter.
[INFO] [BaseLib] Created node factory for NMerchantCharacter.
[INFO] [BaseLib] Created node factory for NEnergyCounter.
[INFO] [BaseLib] Registered config for mod BaseLib
[INFO] [BaseLib] Performing CustomPile patch
[INFO] [BaseLib] Starting PatchAll for assembly BaseLib, Version=3.0.2.0, Culture=neutral, PublicKeyToken=null
[INFO] [BaseLib] Applied 123 patches successfully, 0 failed
[INFO] Finished mod initialization for 'BaseLib' (BaseLib).
[INFO] Loading assembly DLL D:\SteamLibrary\steamapps\common\Slay the Spire 2\mods\YgoDuelist\YgoDuelist.dll
[INFO] Loading Godot PCK D:\SteamLibrary\steamapps\common\Slay the Spire 2\mods\YgoDuelist\YgoDuelist.pck
[INFO] Calling initializer method of type YgoDuelist.MainFile for YgoDuelist, Version=1.0.0.0, Culture=neutral, PublicKeyToken=null
[INFO] [YgoDuelist] [YgoDuelist][ShopBundle] Patched ClearAfterPurchase (prefix count on method=1).
[INFO] [YgoDuelist] [YgoDuelist][ShopBundle] Patched RestockAfterPurchase (prefix count on method=1).
[INFO] [YgoDuelist] [YgoDuelist] Harmony AncientEventModel.SetInitialEventState prefix patches: 1
[INFO] Finished mod initialization for 'YgoDuelist' (YgoDuelist).
[INFO]  --- RUNNING MODDED! --- Loaded 2 mods (2 total)
[INFO] [BaseLib] Performing post-mod init patch
[INFO] [BaseLib] Patching act types for custom encounters and events | Glory | Hive | Overgrowth | Underdocks
[INFO] [BaseLib] Generating interop methods and properties
[WARN] [BaseLib] Recommended to add a prefix such as "YgoDuelist_" to SavedProperty ygo_extra_count for compatibility.
[WARN] [BaseLib] Recommended to add a prefix such as "YgoDuelist_" to SavedProperty MirageAtk for compatibility.
[WARN] [BaseLib] Recommended to add a prefix such as "YgoDuelist_" to SavedProperty MirageDef for compatibility.
[WARN] [BaseLib] Recommended to add a prefix such as "YgoDuelist_" to SavedProperty SpellCounters for compatibility.
[WARN] [BaseLib] Recommended to add a prefix such as "YgoDuelist_" to SavedProperty SpellCounters for compatibility.
[WARN] [BaseLib] Recommended to add a prefix such as "YgoDuelist_" to SavedProperty SpellCounters for compatibility.
[WARN] [BaseLib] Recommended to add a prefix such as "YgoDuelist_" to SavedProperty SpellCounters for compatibility.
[WARN] [BaseLib] Recommended to add a prefix such as "YgoDuelist_" to SavedProperty SpellCounters for compatibility.
[WARN] [BaseLib] Recommended to add a prefix such as "YgoDuelist_" to SavedProperty SpellCounters for compatibility.
[INFO] [BaseLib] Registered 0 SavedSpireFields.
[INFO] Loading locale path=res://localization/eng
[INFO] Found loc table from mod: eng ancients.json. Merging with base loc table
[INFO] Found loc table from mod: eng card_keywords.json. Merging with base loc table
[INFO] Found loc table from mod: eng cards.json. Merging with base loc table
[INFO] Found loc table from mod: eng characters.json. Merging with base loc table
[INFO] Found loc table from mod: eng combat_messages.json. Merging with base loc table
[INFO] Found loc table from mod: eng main_menu_ui.json. Merging with base loc table
[INFO] Found loc table from mod: eng monsters.json. Merging with base loc table
[INFO] Found loc table from mod: eng powers.json. Merging with base loc table
[INFO] Found loc table from mod: eng powers.json. Merging with base loc table
[INFO] Found loc table from mod: eng relics.json. Merging with base loc table
[INFO] Found loc table from mod: eng rest_site_ui.json. Merging with base loc table
[INFO] Found loc table from mod: eng settings_ui.json. Merging with base loc table
[INFO] Found loc table from mod: eng static_hover_tips.json. Merging with base loc table
[INFO] Found loc table from mod: eng static_hover_tips.json. Merging with base loc table
[INFO] [BaseLib] Generated KeyGenerator for enum MegaCrit.Sts2.Core.Entities.Cards.PileType with starting value 7 | IsFlag: False | Half-Size: 16
[INFO] [BaseLib] Generated KeyGenerator for enum MegaCrit.Sts2.Core.Entities.Cards.CardTag with starting value 6 | IsFlag: False | Half-Size: 16
[INFO] ModelIdSerializationCache initialized. Categories: 19 Entries: 3309 Epochs: 57 Hash: 3998928479
[Sentry.GDExtension] Initialized: env=playtesters, release=v0.99.1
[INFO] AtlasManager: Loaded epoch_atlas with 57 sprites
[INFO] AtlasManager: Loaded relic_atlas with 336 sprites
[INFO] AtlasManager: Loaded relic_outline_atlas with 336 sprites
[INFO] AtlasManager: Loaded power_atlas with 268 sprites
[INFO] AtlasManager: Loaded card_atlas with 840 sprites
[INFO] AtlasManager: Loaded potion_atlas with 63 sprites
[INFO] AtlasManager: Loaded potion_outline_atlas with 63 sprites
[INFO] AtlasManager: Loaded stats_screen_atlas with 16 sprites
[INFO] AtlasManager: Loaded intent_atlas with 310 sprites
[INFO] AtlasManager: Loaded era_atlas with 27 sprites
[INFO] [BaseLib] Registered scene 'res://scenes/creature_visuals/ironclad.tscn' for auto-conversion to NCreatureVisuals
[INFO] [BaseLib] Registered scene 'res://scenes/rest_site/characters/ironclad_rest_site.tscn' for auto-conversion to NRestSiteCharacter
[INFO] [BaseLib] Registered scene 'res://scenes/merchant/characters/ironclad_merchant.tscn' for auto-conversion to NMerchantCharacter
[INFO] [BaseLib] Registered scene 'res://scenes/combat/energy_counters/ironclad_energy_counter.tscn' for auto-conversion to NEnergyCounter
[INFO] Profile-scoped data path initialized: user://steam/76561198136285041/modded/profile1
[INFO] [Sentry.NET] Platform branch: public, sample rate: 10%
[INFO] AtlasManager: Loaded controller_atlas with 112 sprites
[INFO] Applying display settings...
  FULLSCREEN: True
  ASPECT_RATIO: (SixteenByNine)
  TARGET_DISPLAY: (0)
  WINDOW_SIZE: (1920, 1080)
  POSITION: (-1, -1)
[INFO] [Display] Min size: (64, 64) Max size: (16384, 16384)
[INFO] Window changed! New size: (1920, 1061)
[INFO] [Display] Setting FULLSCREEN on Display: 1 of 1
[INFO] Window changed! New size: (1934, 1100)
[INFO] Window changed! New size: (1920, 1080)
[INFO] VSync: Adaptive
[INFO] SteamStatsManager: Global stats received (found=True), architect damage = 138031173272
[INFO] Wrote 2507 bytes to path=user://steam/76561198136285041/settings.save save_dir=user://steam/76561198136285041
[INFO] Wrote 2507 bytes to settings.save in steam remote store
[INFO] === Godot OS Debug Information ===
Timestamp: 2026-04-15 3:54:07 AM
OS: Windows
OS Version: 10.0.19045
Distribution Name: Windows
Device Model: Nitro AN515-55
Is Debug Build: False
Is Sandboxed: False
Executable Path: D:/SteamLibrary/steamapps/common/Slay the Spire 2/SlayTheSpire2.exe
Data Directory: C:/Users/khjga/AppData/Roaming
User Data Directory: C:/Users/khjga/AppData/Roaming/SlayTheSpire2
Command Line Args: 
User Command Line Args: 
OS Locale: en_US
OS Language: en
Game Locale: en_US
Is UserFS Persistent: True
Is Stdout Verbose: False
Is Low Processor Usage Mode: False
Architecture: x86_64
Engine Version: 4.5.1-m.8 (custom_build)
Is Editor: False
Release Version: v0.99.1
Release Commit: 7ac1f450
Release Date: 2026-03-14 3:40:28 AM
Processor Count: 12
Processor Name: Intel(R) Core(TM) i7-10750H CPU @ 2.60GHz
Rendering device name: NVIDIA GeForce GTX 1650 Ti
  Graphics adapter 0: NVIDIA GeForce GTX 1650 Ti
  version: 32.0.15.0
  Graphics adapter 1: Intel(R) UHD Graphics
  version: 27.20.100.20
  Graphics adapter 2: Microsoft Basic Render Driver
  version: 10.0.19041.0
Screen info (primary 0):
  Index 0: Size: (1920, 1080) Orientation: Landscape Scale: 1 DPI: 96 Refresh Rate: 144.00343
Video Memory Used: 0.0B
Memory Info:
  physical: 15.8GB
  free: 5.0GB
  available: 24.9GB
  stack: 8.0MB
  Static Memory Usage: 0.0B
  Static Memory Peak Usage: 0.0B
Important Environment Variables:
  PATH: C:\Program Files\Common Files\Oracle\Java\javapath;C:\Program Files (x86)\Common Files\Oracle\Java\java8path;C:\Program Files (x86)\Common Files\Oracle\Java\javapath;C:\Program Files\PlasticSCM5\server;C:\Program Files\PlasticSCM5\client;C:\Program Files\Eclipse Adoptium\jre-8.0.422.5-hotspot\bin;C:\Users\khjga\AppData\Local\Programs\Python\Python311\Scripts\;C:\Users\khjga\AppData\Local\Programs\Python\Python311\;C:\Windows\system32;C:\Windows;C:\Windows\System32\Wbem;C:\Windows\System32\WindowsPowerShell\v1.0\;C:\Windows\System32\OpenSSH\;C:\Program Files (x86)\NVIDIA Corporation\PhysX\Common;C:\Program Files\NVIDIA Corporation\NVIDIA NvDLISR;C:\Program Files (x86)\Windows Kits\10\Windows Performance Toolkit\;C:\ProgramData\chocolatey\bin;C:\Wamp.NET\.wdn\.php;C:\Wamp.NET\.wdn\.mysql;C:\Wamp.NET\.wdn\.pgsql;C:\Users\khjga\Desktop\Arcane_Lineage_Bot\LuaJIT;C:\Users\khjga\Desktop\Arcane_Lineage_Bot\mingw32\bin;C:\Program Files\Git\cmd;C:\Program Files\nodejs\;C:\Program Files\dotnet\;C:\Program Files\Common Files\Oracle\Java\javapath;C:\Program Files (x86)\Common Files\Oracle\Java\java8path;C:\Program Files (x86)\Common Files\Oracle\Java\javapath;C:\Program Files\PlasticSCM5\server;C:\Program Files\PlasticSCM5\client;C:\Program Files\Eclipse Adoptium\jre-8.0.422.5-hotspot\bin;C:\Users\khjga\AppData\Local\Programs\Python\Python311\Scripts\;C:\Users\khjga\AppData\Local\Programs\Python\Python311\;C:\Windows\system32;C:\Windows;C:\Windows\System32\Wbem;C:\Windows\System32\WindowsPowerShell\v1.0\;C:\Windows\System32\OpenSSH\;C:\Program Files (x86)\NVIDIA Corporation\PhysX\Common;C:\Program Files\NVIDIA Corporation\NVIDIA NvDLISR;C:\Program Files (x86)\Windows Kits\10\Windows Performance Toolkit\;C:\Program Files (x86)\nodejs\;C:\ProgramData\chocolatey\bin;C:\Wamp.NET\.wdn\.php;C:\Wamp.NET\.wdn\.mysql;C:\Wamp.NET\.wdn\.pgsql;C:\Users\khjga\Desktop\Arcane_Lineage_Bot\LuaJIT;C:\Users\khjga\Desktop\Arcane_Lineage_Bot\mingw32\bin;C:\Program Files\Git\cmd;C:\Users\khjga\AppData\Local\Microsoft\WindowsApps;C:\Users\khjga\AppData\Local\Programs\Microsoft VS Code\bin;C:\Users\khjga\AppData\Local\gitkraken\bin;C:\Users\khjga\AppData\Roaming\npm;C:\Users\khjga\AppData\Roaming\coe5\mods\Slay The Spire Mods\\JetBrains\IntelliJ IDEA Community Edition 2024.1\bin;;C:\Program Files\nodejs;C:\Users\khjga\AppData\Local\Programs\cursor\resources\app\bin
  GODOT_ROOT_DIR: 
  HOME: 
  DYLD_LIBRARY_PATH: 
  LD_LIBRARY_PATH: 

[INFO] Preloading 'IntroLogo' assets... count=3 vfx=0
[INFO] SteamStatsManager: User stats received
[INFO] Preloading 'IntroLogo' Complete: assets=3 time_elapsed=58ms
[INFO] Preloading 'MainMenuEssentials' assets... count=5 vfx=0
[INFO] Preloading 'MainMenuEssentials' Complete: assets=5 time_elapsed=228ms
[WARN] Asset not cached: res://debug_audio/SOTE_Logo_Echoing_ShortTail.mp3
[INFO] [Startup] Time to main menu (Godot ticks): 16158ms
[INFO] [Startup] Time to main menu: 16,165ms
[INFO] [Startup] Resource stats (main menu loaded (essential)): StaticMem=0B, VRAM=337.6MB, Objects=8,306, Resources=484, Nodes=1,565, CachedAssets=10
[INFO] Unloading 3 missed cache assets
[INFO] Command line: 
[INFO] Preloading 'Common' assets... count=686 vfx=86
[INFO] [Startup] Resource stats (main menu loaded (complete)): StaticMem=0B, VRAM=477.4MB, Objects=8,272, Resources=471, Nodes=1,563, CachedAssets=5
[INFO] Preloading 'Common' Complete: assets=772 time_elapsed=3,619ms
[WARN] Asset not cached: res://scenes/screens/multiplayer_submenu.tscn
[WARN] Asset not cached: res://scenes/screens/join_friend_submenu.tscn
[WARN] Asset not cached: res://scenes/ui/multiplayer/join_friend_button.tscn
[INFO] Attempting to join game with connection initializer SteamClientConnectionInitializer player: 76561198345121322 lobby: 
[INFO] [JoinFlow] Beginning join with initializer SteamClientConnectionInitializer player: 76561198345121322 lobby: 
[INFO] [SteamClient] Initializing Steam client. Our player id: 76561198136285041
[DEBUG] [SteamClient] Attempting to connect to lobby of player 76561198345121322
[DEBUG] [SteamClient] Attempting to enter lobby 109775241995471245
[DEBUG] [SteamClient] Connecting to user 76561198345121322
[DEBUG] [SteamClient] Connection status changed: k_ESteamNetworkingConnectionState_None -> k_ESteamNetworkingConnectionState_Connecting
[DEBUG] [SteamClient] Connection status changed: k_ESteamNetworkingConnectionState_Connecting -> k_ESteamNetworkingConnectionState_FindingRoute
[DEBUG] [SteamClient] Connection status changed: k_ESteamNetworkingConnectionState_FindingRoute -> k_ESteamNetworkingConnectionState_Connected
[DEBUG] [SteamClient] Steam connection accepted.
[DEBUG] [SteamClient] Successfully connected to host 76561198345121322
[INFO] [JoinFlow] Initializer connection completed, awaiting initial game info message
[INFO] [NetMessageBus] Received message MegaCrit.Sts2.Core.Multiplayer.Messages.Lobby.InitialGameInfoMessage, sending to 1 handlers
[INFO] [JoinFlow] Got initial game info message. Version: v0.99.1 Hash: 3998928479 Type: Standard State: InLobby
[INFO] [JoinFlow] Sending ClientLobbyJoinRequestMessage and waiting for response message
[INFO] [NetMessageBus] Received message ClientLobbyJoinResponseMessage Players: 2 Ascension: 4, sending to 1 handlers
[INFO] [JoinFlow] Received ClientLobbyJoinResponseMessage: ClientLobbyJoinResponseMessage Players: 2 Ascension: 4
[INFO] Max ascension changed to 0
[INFO] Max ascension changed to 10
[WARN] Asset not cached: res://scenes/ui/remote_lobby_player.tscn
[INFO] [StartRunLobby] Local player 76561198136285041 is ready
[DEBUG] [StartRunLobby] Received LobbyBeginRunMessage
[INFO] Embarking on a multiplayer run. Players: Player 76561198345121322, YGODUELIST-YGO_DUELIST,Player 76561198136285041, NECROBINDER. Ascension: 4 Seed: 3HB19QX7R4
[WARN] Asset not cached: res://scenes/ui/multiplayer/remote_mouse_cursor.tscn
[VERYDEBUG] [RunLocationTargetedMessageBuffer] Register message handler MegaCrit.Sts2.Core.Multiplayer.Game.MessageHandlerDelegate`1[MegaCrit.Sts2.Core.Multiplayer.Messages.Game.RequestEnqueueActionMessage] for MegaCrit.Sts2.Core.Multiplayer.Messages.Game.RequestEnqueueActionMessage
[VERYDEBUG] [RunLocationTargetedMessageBuffer] Register message handler MegaCrit.Sts2.Core.Multiplayer.Game.MessageHandlerDelegate`1[MegaCrit.Sts2.Core.Multiplayer.Messages.Game.ActionEnqueuedMessage] for MegaCrit.Sts2.Core.Multiplayer.Messages.Game.ActionEnqueuedMessage
[VERYDEBUG] [RunLocationTargetedMessageBuffer] Register message handler MegaCrit.Sts2.Core.Multiplayer.Game.MessageHandlerDelegate`1[MegaCrit.Sts2.Core.Multiplayer.Messages.Game.RequestEnqueueHookActionMessage] for MegaCrit.Sts2.Core.Multiplayer.Messages.Game.RequestEnqueueHookActionMessage
[VERYDEBUG] [RunLocationTargetedMessageBuffer] Register message handler MegaCrit.Sts2.Core.Multiplayer.Game.MessageHandlerDelegate`1[MegaCrit.Sts2.Core.Multiplayer.Messages.Game.HookActionEnqueuedMessage] for MegaCrit.Sts2.Core.Multiplayer.Messages.Game.HookActionEnqueuedMessage
[VERYDEBUG] [RunLocationTargetedMessageBuffer] Register message handler MegaCrit.Sts2.Core.Multiplayer.Game.MessageHandlerDelegate`1[MegaCrit.Sts2.Core.Multiplayer.Messages.Game.RequestResumeActionAfterPlayerChoiceMessage] for MegaCrit.Sts2.Core.Multiplayer.Messages.Game.RequestResumeActionAfterPlayerChoiceMessage
[VERYDEBUG] [RunLocationTargetedMessageBuffer] Register message handler MegaCrit.Sts2.Core.Multiplayer.Game.MessageHandlerDelegate`1[MegaCrit.Sts2.Core.Multiplayer.Messages.Game.ResumeActionAfterPlayerChoiceMessage] for MegaCrit.Sts2.Core.Multiplayer.Messages.Game.ResumeActionAfterPlayerChoiceMessage
[VERYDEBUG] [RunLocationTargetedMessageBuffer] Register message handler MegaCrit.Sts2.Core.Multiplayer.Game.MessageHandlerDelegate`1[MegaCrit.Sts2.Core.Multiplayer.Messages.Game.Sync.OptionIndexChosenMessage] for MegaCrit.Sts2.Core.Multiplayer.Messages.Game.Sync.OptionIndexChosenMessage
[VERYDEBUG] [RunLocationTargetedMessageBuffer] Register message handler MegaCrit.Sts2.Core.Multiplayer.Game.MessageHandlerDelegate`1[MegaCrit.Sts2.Core.Multiplayer.Messages.Game.Sync.VotedForSharedEventOptionMessage] for MegaCrit.Sts2.Core.Multiplayer.Messages.Game.Sync.VotedForSharedEventOptionMessage
[VERYDEBUG] [RunLocationTargetedMessageBuffer] Register message handler MegaCrit.Sts2.Core.Multiplayer.Game.MessageHandlerDelegate`1[MegaCrit.Sts2.Core.Multiplayer.Messages.Game.Sync.SharedEventOptionChosenMessage] for MegaCrit.Sts2.Core.Multiplayer.Messages.Game.Sync.SharedEventOptionChosenMessage
[VERYDEBUG] [RunLocationTargetedMessageBuffer] Register message handler MegaCrit.Sts2.Core.Multiplayer.Game.MessageHandlerDelegate`1[MegaCrit.Sts2.Core.Multiplayer.Messages.Game.Sync.RewardObtainedMessage] for MegaCrit.Sts2.Core.Multiplayer.Messages.Game.Sync.RewardObtainedMessage
[VERYDEBUG] [RunLocationTargetedMessageBuffer] Register message handler MegaCrit.Sts2.Core.Multiplayer.Game.MessageHandlerDelegate`1[MegaCrit.Sts2.Core.Multiplayer.Messages.Game.Sync.GoldLostMessage] for MegaCrit.Sts2.Core.Multiplayer.Messages.Game.Sync.GoldLostMessage
[VERYDEBUG] [RunLocationTargetedMessageBuffer] Register message handler MegaCrit.Sts2.Core.Multiplayer.Game.MessageHandlerDelegate`1[MegaCrit.Sts2.Core.Multiplayer.Messages.Game.CardRemovedMessage] for MegaCrit.Sts2.Core.Multiplayer.Messages.Game.CardRemovedMessage
[VERYDEBUG] [RunLocationTargetedMessageBuffer] Register message handler MegaCrit.Sts2.Core.Multiplayer.Game.MessageHandlerDelegate`1[MegaCrit.Sts2.Core.Multiplayer.Messages.Game.PaelsWingSacrificeMessage] for MegaCrit.Sts2.Core.Multiplayer.Messages.Game.PaelsWingSacrificeMessage
[VERYDEBUG] [RunLocationTargetedMessageBuffer] Register message handler MegaCrit.Sts2.Core.Multiplayer.Game.MessageHandlerDelegate`1[MegaCrit.Sts2.Core.Multiplayer.Messages.Game.Sync.OptionIndexChosenMessage] for MegaCrit.Sts2.Core.Multiplayer.Messages.Game.Sync.OptionIndexChosenMessage
[VERYDEBUG] [RunLocationTargetedMessageBuffer] Register message handler MegaCrit.Sts2.Core.Multiplayer.Game.MessageHandlerDelegate`1[MegaCrit.Sts2.Core.Multiplayer.Messages.Game.Flavor.RestSiteOptionHoveredMessage] for MegaCrit.Sts2.Core.Multiplayer.Messages.Game.Flavor.RestSiteOptionHoveredMessage
[VERYDEBUG] [RunLocationTargetedMessageBuffer] Register message handler MegaCrit.Sts2.Core.Multiplayer.Game.MessageHandlerDelegate`1[MegaCrit.Sts2.Core.Multiplayer.Messages.Game.MerchantCardRemovalMessage] for MegaCrit.Sts2.Core.Multiplayer.Messages.Game.MerchantCardRemovalMessage
[VERYDEBUG] [RunLocationTargetedMessageBuffer] Register message handler MegaCrit.Sts2.Core.Multiplayer.Game.MessageHandlerDelegate`1[MegaCrit.Sts2.Core.Multiplayer.Messages.Game.TreasureChestOpenedMessage] for MegaCrit.Sts2.Core.Multiplayer.Messages.Game.TreasureChestOpenedMessage
[DEBUG] [ActionExecutor] Pausing queue
[INFO] Preloading 'characters=YGODUELIST-YGO_DUELIST,NECROBINDER' assets... count=16 vfx=8
[INFO] Preloading 'characters=YGODUELIST-YGO_DUELIST,NECROBINDER' Complete: assets=24 time_elapsed=417ms
[INFO] Preloading 'Act=UNDERDOCKS' assets... count=8 vfx=0
[INFO] Preloading 'Act=UNDERDOCKS' Complete: assets=8 time_elapsed=34ms
[WARN] Asset not cached: res://images/packed/run_history/attack_portrait.png
[WARN] Asset not cached: res://images/packed/run_history/attack_portrait_shadow.png
[DEBUG] [RunLocationTargetedMessageBuffer] Run location changed to act 0 coord (null) (previously at: act 0 coord (null)), checking if we have enqueued messages
[INFO] Preloading 'Act=UNDERDOCKS' assets... count=0 vfx=0
[INFO] Preloading 'Act=UNDERDOCKS' Complete: assets=0 time_elapsed=26ms
[DEBUG] [CombatStateSynchronizer] Broadcasting combat sync message to all peers
[DEBUG] [CombatStateSynchronizer] Waiting to receive all sync messages from all clients
[DEBUG] [CombatStateSynchronizer] Received sync player message from 76561198345121322
[DEBUG] [CombatStateSynchronizer] Received sync RNG message from 76561198345121322
[INFO] Wrote 142987 bytes to path=user://steam/76561198136285041/modded/profile1\saves\progress.save save_dir=user://steam/76561198136285041
[INFO] Wrote 142987 bytes to modded/profile1/saves/progress.save in steam remote store
[DEBUG] [ActionExecutor] Pausing queue
[INFO] Preloading 'Event Room' assets... count=2 vfx=0
[INFO] Preloading 'Event Room' Complete: assets=2 time_elapsed=284ms
[DEBUG] [EventSynchronizer] Beginning event EVENT.NEOW, shared: False
[YgoDuelist NeowDraft] SetInitialEventState enter isPreFinished=False ownerNull=False
[INFO] [YgoDuelist] [NeowDraft] SetInitialEventState enter isPreFinished=False ownerNull=False
[YgoDuelist NeowDraft] characterType=YgoDuelist isYgoDuelistPlayer=True
[INFO] [YgoDuelist] [NeowDraft] characterType=YgoDuelist isYgoDuelistPlayer=True
[YgoDuelist NeowDraft] intercepting: deckCount=6 (no skip by deck size — A20/relics/modifiers add cards before Neow)
[INFO] [YgoDuelist] [NeowDraft] intercepting: deckCount=6 (no skip by deck size — A20/relics/modifiers add cards before Neow)
[YgoDuelist NeowDraft] intercepting: scheduling RunDraftThenResumeNeowAsync via TaskHelper.RunSafely
[INFO] [YgoDuelist] [NeowDraft] intercepting: scheduling RunDraftThenResumeNeowAsync via TaskHelper.RunSafely
[YgoDuelist NeowDraft] (tid=1 mainThread=True) RunDraftThenResumeNeowAsync START
[INFO] [YgoDuelist] [NeowDraft async tid=1 main=True] RunDraftThenResumeNeowAsync START
[YgoDuelist NeowDraft] (tid=1 mainThread=True) building grid size=19
[INFO] [YgoDuelist] [NeowDraft async tid=1 main=True] building grid size=19
[YgoDuelist NeowDraft] catalog built: 476 starter types; bucket keys=15
[INFO] [YgoDuelist] [NeowDraft catalog] structured buckets built starterTypeCount=476
[YgoDuelist StarterDiag] ========== starter-tagged pool: counts per category (Common / Uncommon / Rare) ==========
[INFO] [YgoDuelist] [StarterDiag] ========== starter-tagged pool: counts per category ==========
[YgoDuelist StarterDiag] Spell: Common=50 Uncommon=30 Rare=15 (subtotal 95)
[INFO] [YgoDuelist] [StarterDiag] Spell: Common=50 Uncommon=30 Rare=15 (subtotal 95)
[YgoDuelist StarterDiag] Trap: Common=17 Uncommon=23 Rare=3 (subtotal 43)
[INFO] [YgoDuelist] [StarterDiag] Trap: Common=17 Uncommon=23 Rare=3 (subtotal 43)
[YgoDuelist StarterDiag] Mon_Low: Common=67 Uncommon=18 Rare=3 (subtotal 88)
[INFO] [YgoDuelist] [StarterDiag] Mon_Low: Common=67 Uncommon=18 Rare=3 (subtotal 88)
[YgoDuelist StarterDiag] Mon_Mid: Common=65 Uncommon=97 Rare=10 (subtotal 172)
[INFO] [YgoDuelist] [StarterDiag] Mon_Mid: Common=65 Uncommon=97 Rare=10 (subtotal 172)
[YgoDuelist StarterDiag] Mon_High: Common=43 Uncommon=21 Rare=14 (subtotal 78)
[INFO] [YgoDuelist] [StarterDiag] Mon_High: Common=43 Uncommon=21 Rare=14 (subtotal 78)
[YgoDuelist StarterDiag] ========== end starter diagnostics ==========
[INFO] [YgoDuelist] [StarterDiag] ========== end starter diagnostics ==========
[YgoDuelist NeowDraft] CreateRandomGrid: structured fill categoryOrder=[Mon_Low,Spell,Trap,Mon_Mid,Mon_High] finalCount=20 ritualBundledBonus=True spellBundledMonster=True monsterBundledSpell=False distinctIds=20
[INFO] [YgoDuelist] [NeowDraft catalog] structured grid built finalCount=20 ritualBundledBonus=True spellBundledMonster=True monsterBundledSpell=False distinctIds=20
[YgoDuelist NeowDraft] (tid=1 mainThread=True) grid built count=20 distinctIds=20
[INFO] [YgoDuelist] [NeowDraft async tid=1 main=True] grid built count=20 distinctIds=20
[YgoDuelist NeowDraft] (tid=1 mainThread=True) await CardSelectCmd.FromSimpleGrid (BlockingPlayerChoiceContext)…
[INFO] [YgoDuelist] [NeowDraft async tid=1 main=True] await CardSelectCmd.FromSimpleGrid (BlockingPlayerChoiceContext)…
[VERYDEBUG] [PlayerChoiceSynchronizer] Reserved choice id 0 for player 76561198345121322, next is 1
[DEBUG] [PlayerChoiceSynchronizer] Awaiting remote choice 0 for player 76561198345121322
[YgoDuelist NeowDraft] return false: skipped vanilla SetInitialEventState (draft runs async)
[INFO] [YgoDuelist] [NeowDraft] return false: skipped vanilla SetInitialEventState (draft runs async)
[VERYDEBUG] [EventSynchronizer] Event EVENT.NEOW began for player 76561198345121322 with options: 
[YgoDuelist NeowDraft] SetInitialEventState enter isPreFinished=False ownerNull=False
[INFO] [YgoDuelist] [NeowDraft] SetInitialEventState enter isPreFinished=False ownerNull=False
[YgoDuelist NeowDraft] characterType=Necrobinder isYgoDuelistPlayer=False
[INFO] [YgoDuelist] [NeowDraft] characterType=Necrobinder isYgoDuelistPlayer=False
[YgoDuelist NeowDraft] allow original: not YgoDuelist character
[INFO] [YgoDuelist] [NeowDraft] allow original: not YgoDuelist character
[VERYDEBUG] [EventSynchronizer] Event EVENT.NEOW began for player 76561198136285041 with options: EventOption title: Golden Pearl description: Upon pickup, gain [blue]{Gold}[/blue] [gold]Gold[/gold]. textKey: NEOW.pages.INITIAL.options.GOLDEN_PEARL,EventOption title: Precise Scissors description: Remove [blue]{Cards}[/blue] {Cards:plural:card|cards} from your [gold]Deck[/gold]. textKey: NEOW.pages.INITIAL.options.PRECISE_SCISSORS,EventOption title: Large Capsule description: Obtain [blue]{Relics}[/blue] random [gold]{Relics:plural:Relic|Relics}[/gold]. Add an additional [gold]Strike[/gold] and [gold]Defend[/gold] to your [gold]Deck[/gold]. textKey: NEOW.pages.INITIAL.options.LARGE_CAPSULE
[DEBUG] [ActionExecutor] Un-pausing queue
[DEBUG] [RunLocationTargetedMessageBuffer] Run location changed to act 0 coord (3, 0) (previously at: act 0 coord (null)), checking if we have enqueued messages
[WARN] Asset not cached: res://scenes/vfx/vfx_cross_heal_fullscreen.tscn
[INFO] [BaseLib] Checking for additional interactions with NEOW
[WARN] Asset not cached: res://scenes/events/ancient_dialogue_line.tscn
[WARN] Asset not cached: res://images/ui/top_panel/character_icon_necrobinder_outline.png
[WARN] Asset not cached: res://images/atlases/ui_atlas.sprites/top_bar/top_bar_settings.tres
[DEBUG] [SteamClient] Connection status changed: k_ESteamNetworkingConnectionState_Connected -> k_ESteamNetworkingConnectionState_ClosedByPeer
[INFO] [SteamClient] Steam connection closed by host. Reason: 1001, Application closed connection
[DEBUG] [SteamClient] Disconnecting from host (now: True reason: 1001 debug: Application closed connection)
[INFO] [RunLobby] Disconnected. Reason: Quit
[INFO] Unloading 11 missed cache assets
[INFO] Preloading 'Common' assets... count=126 vfx=1
[DEBUG] [ActionExecutor] Action queue changed, beginning ExecuteActions
[VERYDEBUG] [ActionQueueSet] Attempting to find ready action
[VERYDEBUG] [ActionQueueSet] No action is ready
[WARN] Asset not cached: res://scenes/screens/main_menu.tscn
[INFO] [Startup] Time to main menu (Godot ticks): 1044648ms
[INFO] Preloading 'Common' Complete: assets=126 time_elapsed=927ms
[WARN] Asset not cached: res://scenes/screens/multiplayer_submenu.tscn
[WARN] Asset not cached: res://scenes/screens/join_friend_submenu.tscn
[WARN] Asset not cached: res://scenes/ui/multiplayer/join_friend_button.tscn
[INFO] Attempting to join game with connection initializer SteamClientConnectionInitializer player: 76561198345121322 lobby: 
[INFO] [JoinFlow] Beginning join with initializer SteamClientConnectionInitializer player: 76561198345121322 lobby: 
[INFO] [SteamClient] Initializing Steam client. Our player id: 76561198136285041
[DEBUG] [SteamClient] Attempting to connect to lobby of player 76561198345121322
[DEBUG] [SteamClient] Attempting to enter lobby 109775241995472508
[DEBUG] [SteamClient] Connecting to user 76561198345121322
[DEBUG] [SteamClient] Connection status changed: k_ESteamNetworkingConnectionState_None -> k_ESteamNetworkingConnectionState_Connecting
[DEBUG] [SteamClient] Connection status changed: k_ESteamNetworkingConnectionState_Connecting -> k_ESteamNetworkingConnectionState_FindingRoute
[DEBUG] [SteamClient] Connection status changed: k_ESteamNetworkingConnectionState_FindingRoute -> k_ESteamNetworkingConnectionState_Connected
[DEBUG] [SteamClient] Steam connection accepted.
[DEBUG] [SteamClient] Successfully connected to host 76561198345121322
[INFO] [JoinFlow] Initializer connection completed, awaiting initial game info message
[INFO] [NetMessageBus] Received message MegaCrit.Sts2.Core.Multiplayer.Messages.Lobby.InitialGameInfoMessage, sending to 1 handlers
[INFO] [JoinFlow] Got initial game info message. Version: v0.99.1 Hash: 3998928479 Type: Standard State: InLobby
[INFO] [JoinFlow] Sending ClientLobbyJoinRequestMessage and waiting for response message
[INFO] [NetMessageBus] Received message ClientLobbyJoinResponseMessage Players: 2 Ascension: 4, sending to 1 handlers
[INFO] [JoinFlow] Received ClientLobbyJoinResponseMessage: ClientLobbyJoinResponseMessage Players: 2 Ascension: 4
[INFO] Max ascension changed to 0
[INFO] Max ascension changed to 10
[WARN] Asset not cached: res://scenes/ui/remote_lobby_player.tscn
[WARN] Asset not cached: res://scenes/ui/multiplayer/remote_mouse_cursor.tscn
[INFO] [StartRunLobby] Local player 76561198136285041 is ready
[DEBUG] [StartRunLobby] Received LobbyPlayerSetReadyMessage for player 76561198345121322 with value True
[DEBUG] [StartRunLobby] Received LobbyBeginRunMessage
[INFO] Embarking on a multiplayer run. Players: Player 76561198345121322, YGODUELIST-YGO_DUELIST,Player 76561198136285041, YGODUELIST-YGO_DUELIST. Ascension: 4 Seed: EEA5XJP2Q3
cannot find sfx path: event:/sfx/ui/wipe_ygoduelist-ygo_duelist
[VERYDEBUG] [RunLocationTargetedMessageBuffer] Register message handler MegaCrit.Sts2.Core.Multiplayer.Game.MessageHandlerDelegate`1[MegaCrit.Sts2.Core.Multiplayer.Messages.Game.RequestEnqueueActionMessage] for MegaCrit.Sts2.Core.Multiplayer.Messages.Game.RequestEnqueueActionMessage
[VERYDEBUG] [RunLocationTargetedMessageBuffer] Register message handler MegaCrit.Sts2.Core.Multiplayer.Game.MessageHandlerDelegate`1[MegaCrit.Sts2.Core.Multiplayer.Messages.Game.ActionEnqueuedMessage] for MegaCrit.Sts2.Core.Multiplayer.Messages.Game.ActionEnqueuedMessage
[VERYDEBUG] [RunLocationTargetedMessageBuffer] Register message handler MegaCrit.Sts2.Core.Multiplayer.Game.MessageHandlerDelegate`1[MegaCrit.Sts2.Core.Multiplayer.Messages.Game.RequestEnqueueHookActionMessage] for MegaCrit.Sts2.Core.Multiplayer.Messages.Game.RequestEnqueueHookActionMessage
[VERYDEBUG] [RunLocationTargetedMessageBuffer] Register message handler MegaCrit.Sts2.Core.Multiplayer.Game.MessageHandlerDelegate`1[MegaCrit.Sts2.Core.Multiplayer.Messages.Game.HookActionEnqueuedMessage] for MegaCrit.Sts2.Core.Multiplayer.Messages.Game.HookActionEnqueuedMessage
[VERYDEBUG] [RunLocationTargetedMessageBuffer] Register message handler MegaCrit.Sts2.Core.Multiplayer.Game.MessageHandlerDelegate`1[MegaCrit.Sts2.Core.Multiplayer.Messages.Game.RequestResumeActionAfterPlayerChoiceMessage] for MegaCrit.Sts2.Core.Multiplayer.Messages.Game.RequestResumeActionAfterPlayerChoiceMessage
[VERYDEBUG] [RunLocationTargetedMessageBuffer] Register message handler MegaCrit.Sts2.Core.Multiplayer.Game.MessageHandlerDelegate`1[MegaCrit.Sts2.Core.Multiplayer.Messages.Game.ResumeActionAfterPlayerChoiceMessage] for MegaCrit.Sts2.Core.Multiplayer.Messages.Game.ResumeActionAfterPlayerChoiceMessage
[VERYDEBUG] [RunLocationTargetedMessageBuffer] Register message handler MegaCrit.Sts2.Core.Multiplayer.Game.MessageHandlerDelegate`1[MegaCrit.Sts2.Core.Multiplayer.Messages.Game.Sync.OptionIndexChosenMessage] for MegaCrit.Sts2.Core.Multiplayer.Messages.Game.Sync.OptionIndexChosenMessage
[VERYDEBUG] [RunLocationTargetedMessageBuffer] Register message handler MegaCrit.Sts2.Core.Multiplayer.Game.MessageHandlerDelegate`1[MegaCrit.Sts2.Core.Multiplayer.Messages.Game.Sync.VotedForSharedEventOptionMessage] for MegaCrit.Sts2.Core.Multiplayer.Messages.Game.Sync.VotedForSharedEventOptionMessage
[VERYDEBUG] [RunLocationTargetedMessageBuffer] Register message handler MegaCrit.Sts2.Core.Multiplayer.Game.MessageHandlerDelegate`1[MegaCrit.Sts2.Core.Multiplayer.Messages.Game.Sync.SharedEventOptionChosenMessage] for MegaCrit.Sts2.Core.Multiplayer.Messages.Game.Sync.SharedEventOptionChosenMessage
[VERYDEBUG] [RunLocationTargetedMessageBuffer] Register message handler MegaCrit.Sts2.Core.Multiplayer.Game.MessageHandlerDelegate`1[MegaCrit.Sts2.Core.Multiplayer.Messages.Game.Sync.RewardObtainedMessage] for MegaCrit.Sts2.Core.Multiplayer.Messages.Game.Sync.RewardObtainedMessage
[VERYDEBUG] [RunLocationTargetedMessageBuffer] Register message handler MegaCrit.Sts2.Core.Multiplayer.Game.MessageHandlerDelegate`1[MegaCrit.Sts2.Core.Multiplayer.Messages.Game.Sync.GoldLostMessage] for MegaCrit.Sts2.Core.Multiplayer.Messages.Game.Sync.GoldLostMessage
[VERYDEBUG] [RunLocationTargetedMessageBuffer] Register message handler MegaCrit.Sts2.Core.Multiplayer.Game.MessageHandlerDelegate`1[MegaCrit.Sts2.Core.Multiplayer.Messages.Game.CardRemovedMessage] for MegaCrit.Sts2.Core.Multiplayer.Messages.Game.CardRemovedMessage
[VERYDEBUG] [RunLocationTargetedMessageBuffer] Register message handler MegaCrit.Sts2.Core.Multiplayer.Game.MessageHandlerDelegate`1[MegaCrit.Sts2.Core.Multiplayer.Messages.Game.PaelsWingSacrificeMessage] for MegaCrit.Sts2.Core.Multiplayer.Messages.Game.PaelsWingSacrificeMessage
[VERYDEBUG] [RunLocationTargetedMessageBuffer] Register message handler MegaCrit.Sts2.Core.Multiplayer.Game.MessageHandlerDelegate`1[MegaCrit.Sts2.Core.Multiplayer.Messages.Game.Sync.OptionIndexChosenMessage] for MegaCrit.Sts2.Core.Multiplayer.Messages.Game.Sync.OptionIndexChosenMessage
[VERYDEBUG] [RunLocationTargetedMessageBuffer] Register message handler MegaCrit.Sts2.Core.Multiplayer.Game.MessageHandlerDelegate`1[MegaCrit.Sts2.Core.Multiplayer.Messages.Game.Flavor.RestSiteOptionHoveredMessage] for MegaCrit.Sts2.Core.Multiplayer.Messages.Game.Flavor.RestSiteOptionHoveredMessage
[VERYDEBUG] [RunLocationTargetedMessageBuffer] Register message handler MegaCrit.Sts2.Core.Multiplayer.Game.MessageHandlerDelegate`1[MegaCrit.Sts2.Core.Multiplayer.Messages.Game.MerchantCardRemovalMessage] for MegaCrit.Sts2.Core.Multiplayer.Messages.Game.MerchantCardRemovalMessage
[VERYDEBUG] [RunLocationTargetedMessageBuffer] Register message handler MegaCrit.Sts2.Core.Multiplayer.Game.MessageHandlerDelegate`1[MegaCrit.Sts2.Core.Multiplayer.Messages.Game.TreasureChestOpenedMessage] for MegaCrit.Sts2.Core.Multiplayer.Messages.Game.TreasureChestOpenedMessage
[DEBUG] [ActionExecutor] Pausing queue
[INFO] Preloading 'characters=YGODUELIST-YGO_DUELIST,YGODUELIST-YGO_DUELIST' assets... count=9 vfx=6
[INFO] Preloading 'characters=YGODUELIST-YGO_DUELIST,YGODUELIST-YGO_DUELIST' Complete: assets=15 time_elapsed=305ms
[INFO] Preloading 'Act=UNDERDOCKS' assets... count=8 vfx=0
[INFO] Preloading 'Act=UNDERDOCKS' Complete: assets=8 time_elapsed=34ms
[WARN] Asset not cached: res://images/packed/run_history/attack_portrait.png
[WARN] Asset not cached: res://images/packed/run_history/attack_portrait_shadow.png
[DEBUG] [CombatStateSynchronizer] Received sync player message from 76561198345121322
[DEBUG] [CombatStateSynchronizer] Received sync RNG message from 76561198345121322
[DEBUG] [RunLocationTargetedMessageBuffer] Run location changed to act 0 coord (null) (previously at: act 0 coord (null)), checking if we have enqueued messages
[INFO] Preloading 'Act=UNDERDOCKS' assets... count=0 vfx=0
[INFO] Preloading 'Act=UNDERDOCKS' Complete: assets=0 time_elapsed=28ms
[DEBUG] [CombatStateSynchronizer] Broadcasting combat sync message to all peers
[DEBUG] [CombatStateSynchronizer] Waiting to receive all sync messages from all clients
[INFO] Wrote 142987 bytes to path=user://steam/76561198136285041/modded/profile1\saves\progress.save save_dir=user://steam/76561198136285041
[INFO] Wrote 142987 bytes to modded/profile1/saves/progress.save in steam remote store
[DEBUG] [ActionExecutor] Pausing queue
[INFO] Preloading 'Event Room' assets... count=2 vfx=0
[INFO] Preloading 'Event Room' Complete: assets=2 time_elapsed=234ms
[DEBUG] [EventSynchronizer] Beginning event EVENT.NEOW, shared: False
[YgoDuelist NeowDraft] SetInitialEventState enter isPreFinished=False ownerNull=False
[INFO] [YgoDuelist] [NeowDraft] SetInitialEventState enter isPreFinished=False ownerNull=False
[YgoDuelist NeowDraft] characterType=YgoDuelist isYgoDuelistPlayer=True
[INFO] [YgoDuelist] [NeowDraft] characterType=YgoDuelist isYgoDuelistPlayer=True
[YgoDuelist NeowDraft] intercepting: deckCount=6 (no skip by deck size — A20/relics/modifiers add cards before Neow)
[INFO] [YgoDuelist] [NeowDraft] intercepting: deckCount=6 (no skip by deck size — A20/relics/modifiers add cards before Neow)
[YgoDuelist NeowDraft] intercepting: scheduling RunDraftThenResumeNeowAsync via TaskHelper.RunSafely
[INFO] [YgoDuelist] [NeowDraft] intercepting: scheduling RunDraftThenResumeNeowAsync via TaskHelper.RunSafely
[YgoDuelist NeowDraft] (tid=1 mainThread=True) RunDraftThenResumeNeowAsync START
[INFO] [YgoDuelist] [NeowDraft async tid=1 main=True] RunDraftThenResumeNeowAsync START
[YgoDuelist NeowDraft] (tid=1 mainThread=True) building grid size=19
[INFO] [YgoDuelist] [NeowDraft async tid=1 main=True] building grid size=19
[YgoDuelist NeowDraft] CreateRandomGrid: structured fill categoryOrder=[Mon_High,Spell,Trap,Mon_Mid,Mon_Low] finalCount=19 ritualBundledBonus=False spellBundledMonster=False monsterBundledSpell=False distinctIds=19
[INFO] [YgoDuelist] [NeowDraft catalog] structured grid built finalCount=19 ritualBundledBonus=False spellBundledMonster=False monsterBundledSpell=False distinctIds=19
[YgoDuelist NeowDraft] (tid=1 mainThread=True) grid built count=19 distinctIds=19
[INFO] [YgoDuelist] [NeowDraft async tid=1 main=True] grid built count=19 distinctIds=19
[YgoDuelist NeowDraft] (tid=1 mainThread=True) await CardSelectCmd.FromSimpleGrid (BlockingPlayerChoiceContext)…
[INFO] [YgoDuelist] [NeowDraft async tid=1 main=True] await CardSelectCmd.FromSimpleGrid (BlockingPlayerChoiceContext)…
[VERYDEBUG] [PlayerChoiceSynchronizer] Reserved choice id 0 for player 76561198345121322, next is 1
[DEBUG] [PlayerChoiceSynchronizer] Awaiting remote choice 0 for player 76561198345121322
[YgoDuelist NeowDraft] return false: skipped vanilla SetInitialEventState (draft runs async)
[INFO] [YgoDuelist] [NeowDraft] return false: skipped vanilla SetInitialEventState (draft runs async)
[VERYDEBUG] [EventSynchronizer] Event EVENT.NEOW began for player 76561198345121322 with options: 
[YgoDuelist NeowDraft] SetInitialEventState enter isPreFinished=False ownerNull=False
[INFO] [YgoDuelist] [NeowDraft] SetInitialEventState enter isPreFinished=False ownerNull=False
[YgoDuelist NeowDraft] characterType=YgoDuelist isYgoDuelistPlayer=True
[INFO] [YgoDuelist] [NeowDraft] characterType=YgoDuelist isYgoDuelistPlayer=True
[YgoDuelist NeowDraft] intercepting: deckCount=6 (no skip by deck size — A20/relics/modifiers add cards before Neow)
[INFO] [YgoDuelist] [NeowDraft] intercepting: deckCount=6 (no skip by deck size — A20/relics/modifiers add cards before Neow)
[YgoDuelist NeowDraft] intercepting: scheduling RunDraftThenResumeNeowAsync via TaskHelper.RunSafely
[INFO] [YgoDuelist] [NeowDraft] intercepting: scheduling RunDraftThenResumeNeowAsync via TaskHelper.RunSafely
[YgoDuelist NeowDraft] (tid=1 mainThread=True) RunDraftThenResumeNeowAsync START
[INFO] [YgoDuelist] [NeowDraft async tid=1 main=True] RunDraftThenResumeNeowAsync START
[YgoDuelist NeowDraft] (tid=1 mainThread=True) building grid size=19
[INFO] [YgoDuelist] [NeowDraft async tid=1 main=True] building grid size=19
[YgoDuelist NeowDraft] CreateRandomGrid: structured fill categoryOrder=[Mon_High,Spell,Mon_Low,Mon_Mid,Trap] finalCount=19 ritualBundledBonus=False spellBundledMonster=False monsterBundledSpell=False distinctIds=19
[INFO] [YgoDuelist] [NeowDraft catalog] structured grid built finalCount=19 ritualBundledBonus=False spellBundledMonster=False monsterBundledSpell=False distinctIds=19
[YgoDuelist NeowDraft] (tid=1 mainThread=True) grid built count=19 distinctIds=19
[INFO] [YgoDuelist] [NeowDraft async tid=1 main=True] grid built count=19 distinctIds=19
[YgoDuelist NeowDraft] (tid=1 mainThread=True) await CardSelectCmd.FromSimpleGrid (BlockingPlayerChoiceContext)…
[INFO] [YgoDuelist] [NeowDraft async tid=1 main=True] await CardSelectCmd.FromSimpleGrid (BlockingPlayerChoiceContext)…
[VERYDEBUG] [PlayerChoiceSynchronizer] Reserved choice id 0 for player 76561198136285041, next is 1
[WARN] [BaseLib] GetRawText: Key 'YGO_ATTRIBUTE_DARK.title' not found in table 'static_hover_tips'
[WARN] [BaseLib] GetRawText: Key 'YGO_ATTRIBUTE_DARK.description' not found in table 'static_hover_tips'
[WARN] [BaseLib] GetRawText: Key 'YGO_RACE_WARRIOR.title' not found in table 'static_hover_tips'
[WARN] [BaseLib] GetRawText: Key 'YGO_RACE_WARRIOR.description' not found in table 'static_hover_tips'
[WARN] [BaseLib] GetRawText: Key 'YGO_RACE_SPELL_CONTINUOUS.title' not found in table 'static_hover_tips'
[WARN] [BaseLib] GetRawText: Key 'YGO_RACE_SPELL_CONTINUOUS.description' not found in table 'static_hover_tips'
[WARN] [BaseLib] GetRawText: Key 'YGO_ATTRIBUTE_LIGHT.title' not found in table 'static_hover_tips'
[WARN] [BaseLib] GetRawText: Key 'YGO_ATTRIBUTE_LIGHT.description' not found in table 'static_hover_tips'
[WARN] [BaseLib] GetRawText: Key 'YGO_RACE_BEAST.title' not found in table 'static_hover_tips'
[WARN] [BaseLib] GetRawText: Key 'YGO_RACE_BEAST.description' not found in table 'static_hover_tips'
[WARN] [BaseLib] GetRawText: Key 'YGO_ATTRIBUTE_EARTH.title' not found in table 'static_hover_tips'
[WARN] [BaseLib] GetRawText: Key 'YGO_ATTRIBUTE_EARTH.description' not found in table 'static_hover_tips'
[WARN] [BaseLib] GetRawText: Key 'YGO_RACE_ROCK.title' not found in table 'static_hover_tips'
[WARN] [BaseLib] GetRawText: Key 'YGO_RACE_ROCK.description' not found in table 'static_hover_tips'
[WARN] [BaseLib] GetRawText: Key 'YGO_ATTRIBUTE_DARK.title' not found in table 'static_hover_tips'
[WARN] [BaseLib] GetRawText: Key 'YGO_ATTRIBUTE_DARK.description' not found in table 'static_hover_tips'
[WARN] [BaseLib] GetRawText: Key 'YGO_RACE_ZOMBIE.title' not found in table 'static_hover_tips'
[WARN] [BaseLib] GetRawText: Key 'YGO_RACE_ZOMBIE.description' not found in table 'static_hover_tips'
[WARN] [BaseLib] GetRawText: Key 'YGO_ATTRIBUTE_DARK.title' not found in table 'static_hover_tips'
[WARN] [BaseLib] GetRawText: Key 'YGO_ATTRIBUTE_DARK.description' not found in table 'static_hover_tips'
[WARN] [BaseLib] GetRawText: Key 'YGO_RACE_SPELLCASTER.title' not found in table 'static_hover_tips'
[WARN] [BaseLib] GetRawText: Key 'YGO_RACE_SPELLCASTER.description' not found in table 'static_hover_tips'
[WARN] [BaseLib] GetRawText: Key 'YGO_ATTRIBUTE_EARTH.title' not found in table 'static_hover_tips'
[WARN] [BaseLib] GetRawText: Key 'YGO_ATTRIBUTE_EARTH.description' not found in table 'static_hover_tips'
[WARN] [BaseLib] GetRawText: Key 'YGO_RACE_WARRIOR.title' not found in table 'static_hover_tips'
[WARN] [BaseLib] GetRawText: Key 'YGO_RACE_WARRIOR.description' not found in table 'static_hover_tips'
[WARN] [BaseLib] GetRawText: Key 'YGO_ATTRIBUTE_WATER.title' not found in table 'static_hover_tips'
[WARN] [BaseLib] GetRawText: Key 'YGO_ATTRIBUTE_WATER.description' not found in table 'static_hover_tips'
[WARN] [BaseLib] GetRawText: Key 'YGO_RACE_MACHINE.title' not found in table 'static_hover_tips'
[WARN] [BaseLib] GetRawText: Key 'YGO_RACE_MACHINE.description' not found in table 'static_hover_tips'
[WARN] [BaseLib] GetRawText: Key 'YGO_RACE_SPELL_FIELD.title' not found in table 'static_hover_tips'
[WARN] [BaseLib] GetRawText: Key 'YGO_RACE_SPELL_FIELD.description' not found in table 'static_hover_tips'
[WARN] [BaseLib] GetRawText: Key 'YGO_ATTRIBUTE_EARTH.title' not found in table 'static_hover_tips'
[WARN] [BaseLib] GetRawText: Key 'YGO_ATTRIBUTE_EARTH.description' not found in table 'static_hover_tips'
[WARN] [BaseLib] GetRawText: Key 'YGO_RACE_WARRIOR.title' not found in table 'static_hover_tips'
[WARN] [BaseLib] GetRawText: Key 'YGO_RACE_WARRIOR.description' not found in table 'static_hover_tips'
[WARN] [BaseLib] GetRawText: Key 'YGO_ATTRIBUTE_EARTH.title' not found in table 'static_hover_tips'
[WARN] [BaseLib] GetRawText: Key 'YGO_ATTRIBUTE_EARTH.description' not found in table 'static_hover_tips'
[WARN] [BaseLib] GetRawText: Key 'YGO_RACE_ROCK.title' not found in table 'static_hover_tips'
[WARN] [BaseLib] GetRawText: Key 'YGO_RACE_ROCK.description' not found in table 'static_hover_tips'
[WARN] [BaseLib] GetRawText: Key 'YGO_RACE_TRAP_CONTINUOUS.title' not found in table 'static_hover_tips'
[WARN] [BaseLib] GetRawText: Key 'YGO_RACE_TRAP_CONTINUOUS.description' not found in table 'static_hover_tips'
[WARN] [BaseLib] GetRawText: Key 'YGO_RACE_TRAP_CONTINUOUS.title' not found in table 'static_hover_tips'
[WARN] [BaseLib] GetRawText: Key 'YGO_RACE_TRAP_CONTINUOUS.description' not found in table 'static_hover_tips'
[WARN] [BaseLib] GetRawText: Key 'YGO_RACE_SPELL_EQUIP.title' not found in table 'static_hover_tips'
[WARN] [BaseLib] GetRawText: Key 'YGO_RACE_SPELL_EQUIP.description' not found in table 'static_hover_tips'
[WARN] [BaseLib] GetRawText: Key 'YGO_ATTRIBUTE_LIGHT.title' not found in table 'static_hover_tips'
[WARN] [BaseLib] GetRawText: Key 'YGO_ATTRIBUTE_LIGHT.description' not found in table 'static_hover_tips'
[WARN] [BaseLib] GetRawText: Key 'YGO_RACE_FAIRY.title' not found in table 'static_hover_tips'
[WARN] [BaseLib] GetRawText: Key 'YGO_RACE_FAIRY.description' not found in table 'static_hover_tips'
[WARN] [BaseLib] GetRawText: Key 'YGO_ATTRIBUTE_LIGHT.title' not found in table 'static_hover_tips'
[WARN] [BaseLib] GetRawText: Key 'YGO_ATTRIBUTE_LIGHT.description' not found in table 'static_hover_tips'
[WARN] [BaseLib] GetRawText: Key 'YGO_RACE_FAIRY.title' not found in table 'static_hover_tips'
[WARN] [BaseLib] GetRawText: Key 'YGO_RACE_FAIRY.description' not found in table 'static_hover_tips'
[WARN] [BaseLib] GetRawText: Key 'YGO_RACE_TRAP_CONTINUOUS.title' not found in table 'static_hover_tips'
[WARN] [BaseLib] GetRawText: Key 'YGO_RACE_TRAP_CONTINUOUS.description' not found in table 'static_hover_tips'
[WARN] [BaseLib] GetRawText: Key 'YGO_RACE_TRAP_CONTINUOUS.title' not found in table 'static_hover_tips'
[WARN] [BaseLib] GetRawText: Key 'YGO_RACE_TRAP_CONTINUOUS.description' not found in table 'static_hover_tips'
[YgoDuelist NeowDraft] return false: skipped vanilla SetInitialEventState (draft runs async)
[INFO] [YgoDuelist] [NeowDraft] return false: skipped vanilla SetInitialEventState (draft runs async)
[VERYDEBUG] [EventSynchronizer] Event EVENT.NEOW began for player 76561198136285041 with options: 
[DEBUG] [ActionExecutor] Un-pausing queue
[DEBUG] [RunLocationTargetedMessageBuffer] Run location changed to act 0 coord (3, 0) (previously at: act 0 coord (null)), checking if we have enqueued messages
[WARN] Asset not cached: res://scenes/vfx/vfx_cross_heal_fullscreen.tscn
[INFO] [BaseLib] Checking for additional interactions with NEOW
[WARN] Asset not cached: res://scenes/events/ancient_dialogue_line.tscn
[DEBUG] [NetQualityTracker] Connection statistics at 08:12:04:
[DEBUG] [NetQualityTracker] 	76561198345121322 - Ping: 53.085674. Packet Loss: 0.
[WARN] [BaseLib] GetRawText: Key 'YGO_ATTRIBUTE_EARTH.title' not found in table 'static_hover_tips'
[WARN] [BaseLib] GetRawText: Key 'YGO_ATTRIBUTE_EARTH.description' not found in table 'static_hover_tips'
[WARN] [BaseLib] GetRawText: Key 'YGO_RACE_WARRIOR.title' not found in table 'static_hover_tips'
[WARN] [BaseLib] GetRawText: Key 'YGO_RACE_WARRIOR.description' not found in table 'static_hover_tips'
[WARN] [BaseLib] GetRawText: Key 'YGO_ATTRIBUTE_EARTH.title' not found in table 'static_hover_tips'
[WARN] [BaseLib] GetRawText: Key 'YGO_ATTRIBUTE_EARTH.description' not found in table 'static_hover_tips'
[WARN] [BaseLib] GetRawText: Key 'YGO_RACE_WARRIOR.title' not found in table 'static_hover_tips'
[WARN] [BaseLib] GetRawText: Key 'YGO_RACE_WARRIOR.description' not found in table 'static_hover_tips'
[WARN] [BaseLib] GetRawText: Key 'YGO_ATTRIBUTE_EARTH.title' not found in table 'static_hover_tips'
[WARN] [BaseLib] GetRawText: Key 'YGO_ATTRIBUTE_EARTH.description' not found in table 'static_hover_tips'
[WARN] [BaseLib] GetRawText: Key 'YGO_RACE_WARRIOR.title' not found in table 'static_hover_tips'
[WARN] [BaseLib] GetRawText: Key 'YGO_RACE_WARRIOR.description' not found in table 'static_hover_tips'
[WARN] [BaseLib] GetRawText: Key 'YGO_ATTRIBUTE_EARTH.title' not found in table 'static_hover_tips'
[WARN] [BaseLib] GetRawText: Key 'YGO_ATTRIBUTE_EARTH.description' not found in table 'static_hover_tips'
[WARN] [BaseLib] GetRawText: Key 'YGO_RACE_WARRIOR.title' not found in table 'static_hover_tips'
[WARN] [BaseLib] GetRawText: Key 'YGO_RACE_WARRIOR.description' not found in table 'static_hover_tips'
[WARN] [BaseLib] GetRawText: Key 'YGO_ATTRIBUTE_EARTH.title' not found in table 'static_hover_tips'
[WARN] [BaseLib] GetRawText: Key 'YGO_ATTRIBUTE_EARTH.description' not found in table 'static_hover_tips'
[WARN] [BaseLib] GetRawText: Key 'YGO_RACE_WARRIOR.title' not found in table 'static_hover_tips'
[WARN] [BaseLib] GetRawText: Key 'YGO_RACE_WARRIOR.description' not found in table 'static_hover_tips'
[WARN] [BaseLib] GetRawText: Key 'YGO_ATTRIBUTE_EARTH.title' not found in table 'static_hover_tips'
[WARN] [BaseLib] GetRawText: Key 'YGO_ATTRIBUTE_EARTH.description' not found in table 'static_hover_tips'
[WARN] [BaseLib] GetRawText: Key 'YGO_RACE_WARRIOR.title' not found in table 'static_hover_tips'
[WARN] [BaseLib] GetRawText: Key 'YGO_RACE_WARRIOR.description' not found in table 'static_hover_tips'
[WARN] [BaseLib] GetRawText: Key 'YGO_ATTRIBUTE_EARTH.title' not found in table 'static_hover_tips'
[WARN] [BaseLib] GetRawText: Key 'YGO_ATTRIBUTE_EARTH.description' not found in table 'static_hover_tips'
[WARN] [BaseLib] GetRawText: Key 'YGO_RACE_WARRIOR.title' not found in table 'static_hover_tips'
[WARN] [BaseLib] GetRawText: Key 'YGO_RACE_WARRIOR.description' not found in table 'static_hover_tips'
[WARN] [BaseLib] GetRawText: Key 'YGO_ATTRIBUTE_EARTH.title' not found in table 'static_hover_tips'
[WARN] [BaseLib] GetRawText: Key 'YGO_ATTRIBUTE_EARTH.description' not found in table 'static_hover_tips'
[WARN] [BaseLib] GetRawText: Key 'YGO_RACE_WARRIOR.title' not found in table 'static_hover_tips'
[WARN] [BaseLib] GetRawText: Key 'YGO_RACE_WARRIOR.description' not found in table 'static_hover_tips'
[WARN] [BaseLib] GetRawText: Key 'YGO_ATTRIBUTE_EARTH.title' not found in table 'static_hover_tips'
[WARN] [BaseLib] GetRawText: Key 'YGO_ATTRIBUTE_EARTH.description' not found in table 'static_hover_tips'
[WARN] [BaseLib] GetRawText: Key 'YGO_RACE_WARRIOR.title' not found in table 'static_hover_tips'
[WARN] [BaseLib] GetRawText: Key 'YGO_RACE_WARRIOR.description' not found in table 'static_hover_tips'
[DEBUG] [NetQualityTracker] Connection statistics at 08:12:24:
[DEBUG] [NetQualityTracker] 	76561198345121322 - Ping: 66.4024. Packet Loss: 0.
[WARN] [BaseLib] GetRawText: Key 'YGO_ATTRIBUTE_EARTH.title' not found in table 'static_hover_tips'
[WARN] [BaseLib] GetRawText: Key 'YGO_ATTRIBUTE_EARTH.description' not found in table 'static_hover_tips'
[WARN] [BaseLib] GetRawText: Key 'YGO_RACE_WARRIOR.title' not found in table 'static_hover_tips'
[WARN] [BaseLib] GetRawText: Key 'YGO_RACE_WARRIOR.description' not found in table 'static_hover_tips'
[WARN] [BaseLib] GetRawText: Key 'YGO_ATTRIBUTE_EARTH.title' not found in table 'static_hover_tips'
[WARN] [BaseLib] GetRawText: Key 'YGO_ATTRIBUTE_EARTH.description' not found in table 'static_hover_tips'
[WARN] [BaseLib] GetRawText: Key 'YGO_RACE_WARRIOR.title' not found in table 'static_hover_tips'
[WARN] [BaseLib] GetRawText: Key 'YGO_RACE_WARRIOR.description' not found in table 'static_hover_tips'
[WARN] [BaseLib] GetRawText: Key 'YGO_ATTRIBUTE_EARTH.title' not found in table 'static_hover_tips'
[WARN] [BaseLib] GetRawText: Key 'YGO_ATTRIBUTE_EARTH.description' not found in table 'static_hover_tips'
[WARN] [BaseLib] GetRawText: Key 'YGO_RACE_WARRIOR.title' not found in table 'static_hover_tips'
[WARN] [BaseLib] GetRawText: Key 'YGO_RACE_WARRIOR.description' not found in table 'static_hover_tips'
[WARN] [BaseLib] GetRawText: Key 'YGO_ATTRIBUTE_EARTH.title' not found in table 'static_hover_tips'
[WARN] [BaseLib] GetRawText: Key 'YGO_ATTRIBUTE_EARTH.description' not found in table 'static_hover_tips'
[WARN] [BaseLib] GetRawText: Key 'YGO_RACE_WARRIOR.title' not found in table 'static_hover_tips'
[WARN] [BaseLib] GetRawText: Key 'YGO_RACE_WARRIOR.description' not found in table 'static_hover_tips'
[WARN] [BaseLib] GetRawText: Key 'YGO_ATTRIBUTE_EARTH.title' not found in table 'static_hover_tips'
[WARN] [BaseLib] GetRawText: Key 'YGO_ATTRIBUTE_EARTH.description' not found in table 'static_hover_tips'
[WARN] [BaseLib] GetRawText: Key 'YGO_RACE_WARRIOR.title' not found in table 'static_hover_tips'
[WARN] [BaseLib] GetRawText: Key 'YGO_RACE_WARRIOR.description' not found in table 'static_hover_tips'
[WARN] [BaseLib] GetRawText: Key 'YGO_ATTRIBUTE_EARTH.title' not found in table 'static_hover_tips'
[WARN] [BaseLib] GetRawText: Key 'YGO_ATTRIBUTE_EARTH.description' not found in table 'static_hover_tips'
[WARN] [BaseLib] GetRawText: Key 'YGO_RACE_WARRIOR.title' not found in table 'static_hover_tips'
[WARN] [BaseLib] GetRawText: Key 'YGO_RACE_WARRIOR.description' not found in table 'static_hover_tips'
[WARN] [BaseLib] GetRawText: Key 'YGO_ATTRIBUTE_EARTH.title' not found in table 'static_hover_tips'
[WARN] [BaseLib] GetRawText: Key 'YGO_ATTRIBUTE_EARTH.description' not found in table 'static_hover_tips'
[WARN] [BaseLib] GetRawText: Key 'YGO_RACE_WARRIOR.title' not found in table 'static_hover_tips'
[WARN] [BaseLib] GetRawText: Key 'YGO_RACE_WARRIOR.description' not found in table 'static_hover_tips'
[WARN] [BaseLib] GetRawText: Key 'YGO_ATTRIBUTE_EARTH.title' not found in table 'static_hover_tips'
[WARN] [BaseLib] GetRawText: Key 'YGO_ATTRIBUTE_EARTH.description' not found in table 'static_hover_tips'
[WARN] [BaseLib] GetRawText: Key 'YGO_RACE_WARRIOR.title' not found in table 'static_hover_tips'
[WARN] [BaseLib] GetRawText: Key 'YGO_RACE_WARRIOR.description' not found in table 'static_hover_tips'
[WARN] [BaseLib] GetRawText: Key 'YGO_ATTRIBUTE_EARTH.title' not found in table 'static_hover_tips'
[WARN] [BaseLib] GetRawText: Key 'YGO_ATTRIBUTE_EARTH.description' not found in table 'static_hover_tips'
[WARN] [BaseLib] GetRawText: Key 'YGO_RACE_WARRIOR.title' not found in table 'static_hover_tips'
[WARN] [BaseLib] GetRawText: Key 'YGO_RACE_WARRIOR.description' not found in table 'static_hover_tips'
[WARN] [BaseLib] GetRawText: Key 'YGO_ATTRIBUTE_EARTH.title' not found in table 'static_hover_tips'
[WARN] [BaseLib] GetRawText: Key 'YGO_ATTRIBUTE_EARTH.description' not found in table 'static_hover_tips'
[WARN] [BaseLib] GetRawText: Key 'YGO_RACE_WARRIOR.title' not found in table 'static_hover_tips'
[WARN] [BaseLib] GetRawText: Key 'YGO_RACE_WARRIOR.description' not found in table 'static_hover_tips'
[WARN] [BaseLib] GetRawText: Key 'YGO_ATTRIBUTE_EARTH.title' not found in table 'static_hover_tips'
[WARN] [BaseLib] GetRawText: Key 'YGO_ATTRIBUTE_EARTH.description' not found in table 'static_hover_tips'
[WARN] [BaseLib] GetRawText: Key 'YGO_RACE_WARRIOR.title' not found in table 'static_hover_tips'
[WARN] [BaseLib] GetRawText: Key 'YGO_RACE_WARRIOR.description' not found in table 'static_hover_tips'
[WARN] [BaseLib] GetRawText: Key 'YGO_ATTRIBUTE_EARTH.title' not found in table 'static_hover_tips'
[WARN] [BaseLib] GetRawText: Key 'YGO_ATTRIBUTE_EARTH.description' not found in table 'static_hover_tips'
[WARN] [BaseLib] GetRawText: Key 'YGO_RACE_WARRIOR.title' not found in table 'static_hover_tips'
[WARN] [BaseLib] GetRawText: Key 'YGO_RACE_WARRIOR.description' not found in table 'static_hover_tips'
[WARN] [BaseLib] GetRawText: Key 'YGO_ATTRIBUTE_EARTH.title' not found in table 'static_hover_tips'
[WARN] [BaseLib] GetRawText: Key 'YGO_ATTRIBUTE_EARTH.description' not found in table 'static_hover_tips'
[WARN] [BaseLib] GetRawText: Key 'YGO_RACE_WARRIOR.title' not found in table 'static_hover_tips'
[WARN] [BaseLib] GetRawText: Key 'YGO_RACE_WARRIOR.description' not found in table 'static_hover_tips'
[WARN] [BaseLib] GetRawText: Key 'YGO_ATTRIBUTE_EARTH.title' not found in table 'static_hover_tips'
[WARN] [BaseLib] GetRawText: Key 'YGO_ATTRIBUTE_EARTH.description' not found in table 'static_hover_tips'
[WARN] [BaseLib] GetRawText: Key 'YGO_RACE_WARRIOR.title' not found in table 'static_hover_tips'
[WARN] [BaseLib] GetRawText: Key 'YGO_RACE_WARRIOR.description' not found in table 'static_hover_tips'
[WARN] [BaseLib] GetRawText: Key 'YGO_ATTRIBUTE_EARTH.title' not found in table 'static_hover_tips'
[WARN] [BaseLib] GetRawText: Key 'YGO_ATTRIBUTE_EARTH.description' not found in table 'static_hover_tips'
[WARN] [BaseLib] GetRawText: Key 'YGO_RACE_WARRIOR.title' not found in table 'static_hover_tips'
[WARN] [BaseLib] GetRawText: Key 'YGO_RACE_WARRIOR.description' not found in table 'static_hover_tips'
[WARN] [BaseLib] GetRawText: Key 'YGO_ATTRIBUTE_EARTH.title' not found in table 'static_hover_tips'
[WARN] [BaseLib] GetRawText: Key 'YGO_ATTRIBUTE_EARTH.description' not found in table 'static_hover_tips'
[WARN] [BaseLib] GetRawText: Key 'YGO_RACE_WARRIOR.title' not found in table 'static_hover_tips'
[WARN] [BaseLib] GetRawText: Key 'YGO_RACE_WARRIOR.description' not found in table 'static_hover_tips'
[WARN] [BaseLib] GetRawText: Key 'YGO_ATTRIBUTE_EARTH.title' not found in table 'static_hover_tips'
[WARN] [BaseLib] GetRawText: Key 'YGO_ATTRIBUTE_EARTH.description' not found in table 'static_hover_tips'
[WARN] [BaseLib] GetRawText: Key 'YGO_RACE_WARRIOR.title' not found in table 'static_hover_tips'
[WARN] [BaseLib] GetRawText: Key 'YGO_RACE_WARRIOR.description' not found in table 'static_hover_tips'
[WARN] [BaseLib] GetRawText: Key 'YGO_ATTRIBUTE_EARTH.title' not found in table 'static_hover_tips'
[WARN] [BaseLib] GetRawText: Key 'YGO_ATTRIBUTE_EARTH.description' not found in table 'static_hover_tips'
[WARN] [BaseLib] GetRawText: Key 'YGO_RACE_WARRIOR.title' not found in table 'static_hover_tips'
[WARN] [BaseLib] GetRawText: Key 'YGO_RACE_WARRIOR.description' not found in table 'static_hover_tips'
[WARN] [BaseLib] GetRawText: Key 'YGO_ATTRIBUTE_EARTH.title' not found in table 'static_hover_tips'
[WARN] [BaseLib] GetRawText: Key 'YGO_ATTRIBUTE_EARTH.description' not found in table 'static_hover_tips'
[WARN] [BaseLib] GetRawText: Key 'YGO_RACE_WARRIOR.title' not found in table 'static_hover_tips'
[WARN] [BaseLib] GetRawText: Key 'YGO_RACE_WARRIOR.description' not found in table 'static_hover_tips'
[WARN] [BaseLib] GetRawText: Key 'YGO_ATTRIBUTE_EARTH.title' not found in table 'static_hover_tips'
[WARN] [BaseLib] GetRawText: Key 'YGO_ATTRIBUTE_EARTH.description' not found in table 'static_hover_tips'
[WARN] [BaseLib] GetRawText: Key 'YGO_RACE_WARRIOR.title' not found in table 'static_hover_tips'
[WARN] [BaseLib] GetRawText: Key 'YGO_RACE_WARRIOR.description' not found in table 'static_hover_tips'
[WARN] [BaseLib] GetRawText: Key 'YGO_ATTRIBUTE_EARTH.title' not found in table 'static_hover_tips'
[WARN] [BaseLib] GetRawText: Key 'YGO_ATTRIBUTE_EARTH.description' not found in table 'static_hover_tips'
[WARN] [BaseLib] GetRawText: Key 'YGO_RACE_WARRIOR.title' not found in table 'static_hover_tips'
[WARN] [BaseLib] GetRawText: Key 'YGO_RACE_WARRIOR.description' not found in table 'static_hover_tips'
[WARN] [BaseLib] GetRawText: Key 'YGO_ATTRIBUTE_EARTH.title' not found in table 'static_hover_tips'
[WARN] [BaseLib] GetRawText: Key 'YGO_ATTRIBUTE_EARTH.description' not found in table 'static_hover_tips'
[WARN] [BaseLib] GetRawText: Key 'YGO_RACE_WARRIOR.title' not found in table 'static_hover_tips'
[WARN] [BaseLib] GetRawText: Key 'YGO_RACE_WARRIOR.description' not found in table 'static_hover_tips'
[WARN] [BaseLib] GetRawText: Key 'YGO_ATTRIBUTE_EARTH.title' not found in table 'static_hover_tips'
[WARN] [BaseLib] GetRawText: Key 'YGO_ATTRIBUTE_EARTH.description' not found in table 'static_hover_tips'
[WARN] [BaseLib] GetRawText: Key 'YGO_RACE_WARRIOR.title' not found in table 'static_hover_tips'
[WARN] [BaseLib] GetRawText: Key 'YGO_RACE_WARRIOR.description' not found in table 'static_hover_tips'
[WARN] [BaseLib] GetRawText: Key 'YGO_ATTRIBUTE_EARTH.title' not found in table 'static_hover_tips'
[WARN] [BaseLib] GetRawText: Key 'YGO_ATTRIBUTE_EARTH.description' not found in table 'static_hover_tips'
[WARN] [BaseLib] GetRawText: Key 'YGO_RACE_WARRIOR.title' not found in table 'static_hover_tips'
[WARN] [BaseLib] GetRawText: Key 'YGO_RACE_WARRIOR.description' not found in table 'static_hover_tips'
[DEBUG] [NetQualityTracker] Connection statistics at 08:12:44:
[DEBUG] [NetQualityTracker] 	76561198345121322 - Ping: 64.9736. Packet Loss: 0.
[DEBUG] [NetQualityTracker] Connection statistics at 08:13:04:
[DEBUG] [NetQualityTracker] 	76561198345121322 - Ping: 66.39122. Packet Loss: 0.
[WARN] [BaseLib] GetRawText: Key 'YGODUELIST-SKELENGEL.flip_effect.description' not found in table 'cards'
[WARN] [BaseLib] GetRawText: Key 'YGODUELIST-SKELENGEL.flip_effect.description' not found in table 'cards'
[DEBUG] [NetQualityTracker] Connection statistics at 08:13:24:
[DEBUG] [NetQualityTracker] 	76561198345121322 - Ping: 62.336357. Packet Loss: 0.
[WARN] [BaseLib] GetRawText: Key 'YGODUELIST-SKELENGEL.flip_effect.description' not found in table 'cards'
[WARN] [BaseLib] GetRawText: Key 'YGODUELIST-SKELENGEL.flip_effect.description' not found in table 'cards'
[DEBUG] [NetQualityTracker] Connection statistics at 08:13:44:
[DEBUG] [NetQualityTracker] 	76561198345121322 - Ping: 56.17687. Packet Loss: 0.
[DEBUG] [NetQualityTracker] Connection statistics at 08:14:04:
[DEBUG] [NetQualityTracker] 	76561198345121322 - Ping: 65.48511. Packet Loss: 0.
[WARN] [BaseLib] GetRawText: Key 'YGODUELIST-SKELENGEL.flip_effect.description' not found in table 'cards'
[DEBUG] [NetQualityTracker] Connection statistics at 08:14:24:
[DEBUG] [NetQualityTracker] 	76561198345121322 - Ping: 63.221745. Packet Loss: 0.
[WARN] [BaseLib] GetRawText: Key 'YGODUELIST-SKELENGEL.flip_effect.description' not found in table 'cards'
[DEBUG] [NetQualityTracker] Connection statistics at 08:14:44:
[DEBUG] [NetQualityTracker] 	76561198345121322 - Ping: 52.999245. Packet Loss: 0.
[WARN] [BaseLib] GetRawText: Key 'YGODUELIST-SKELENGEL.flip_effect.description' not found in table 'cards'
[WARN] [BaseLib] GetRawText: Key 'YGO_ATTRIBUTE_LIGHT.title' not found in table 'static_hover_tips'
[WARN] [BaseLib] GetRawText: Key 'YGO_ATTRIBUTE_LIGHT.description' not found in table 'static_hover_tips'
[WARN] [BaseLib] GetRawText: Key 'YGO_RACE_FAIRY.title' not found in table 'static_hover_tips'
[WARN] [BaseLib] GetRawText: Key 'YGO_RACE_FAIRY.description' not found in table 'static_hover_tips'
[WARN] [BaseLib] GetRawText: Key 'YGO_ATTRIBUTE_LIGHT.title' not found in table 'static_hover_tips'
[WARN] [BaseLib] GetRawText: Key 'YGO_ATTRIBUTE_LIGHT.description' not found in table 'static_hover_tips'
[WARN] [BaseLib] GetRawText: Key 'YGO_RACE_FAIRY.title' not found in table 'static_hover_tips'
[WARN] [BaseLib] GetRawText: Key 'YGO_RACE_FAIRY.description' not found in table 'static_hover_tips'
[WARN] [BaseLib] GetRawText: Key 'YGO_ATTRIBUTE_LIGHT.title' not found in table 'static_hover_tips'
[WARN] [BaseLib] GetRawText: Key 'YGO_ATTRIBUTE_LIGHT.description' not found in table 'static_hover_tips'
[WARN] [BaseLib] GetRawText: Key 'YGO_RACE_FAIRY.title' not found in table 'static_hover_tips'
[WARN] [BaseLib] GetRawText: Key 'YGO_RACE_FAIRY.description' not found in table 'static_hover_tips'
[WARN] [BaseLib] GetRawText: Key 'YGODUELIST-SKELENGEL.flip_effect.description' not found in table 'cards'
[WARN] [BaseLib] GetRawText: Key 'YGODUELIST-SKELENGEL.flip_effect.description' not found in table 'cards'
[WARN] [BaseLib] GetRawText: Key 'YGO_ATTRIBUTE_LIGHT.title' not found in table 'static_hover_tips'
[WARN] [BaseLib] GetRawText: Key 'YGO_ATTRIBUTE_LIGHT.description' not found in table 'static_hover_tips'
[WARN] [BaseLib] GetRawText: Key 'YGO_RACE_FAIRY.title' not found in table 'static_hover_tips'
[WARN] [BaseLib] GetRawText: Key 'YGO_RACE_FAIRY.description' not found in table 'static_hover_tips'
[WARN] [BaseLib] GetRawText: Key 'YGO_ATTRIBUTE_LIGHT.title' not found in table 'static_hover_tips'
[WARN] [BaseLib] GetRawText: Key 'YGO_ATTRIBUTE_LIGHT.description' not found in table 'static_hover_tips'
[WARN] [BaseLib] GetRawText: Key 'YGO_RACE_FAIRY.title' not found in table 'static_hover_tips'
[WARN] [BaseLib] GetRawText: Key 'YGO_RACE_FAIRY.description' not found in table 'static_hover_tips'
[WARN] [BaseLib] GetRawText: Key 'YGO_ATTRIBUTE_LIGHT.title' not found in table 'static_hover_tips'
[WARN] [BaseLib] GetRawText: Key 'YGO_ATTRIBUTE_LIGHT.description' not found in table 'static_hover_tips'
[WARN] [BaseLib] GetRawText: Key 'YGO_RACE_FAIRY.title' not found in table 'static_hover_tips'
[WARN] [BaseLib] GetRawText: Key 'YGO_RACE_FAIRY.description' not found in table 'static_hover_tips'
[WARN] [BaseLib] GetRawText: Key 'YGODUELIST-SKELENGEL.flip_effect.description' not found in table 'cards'
[WARN] [BaseLib] GetRawText: Key 'YGO_ATTRIBUTE_LIGHT.title' not found in table 'static_hover_tips'
[WARN] [BaseLib] GetRawText: Key 'YGO_ATTRIBUTE_LIGHT.description' not found in table 'static_hover_tips'
[WARN] [BaseLib] GetRawText: Key 'YGO_RACE_FAIRY.title' not found in table 'static_hover_tips'
[WARN] [BaseLib] GetRawText: Key 'YGO_RACE_FAIRY.description' not found in table 'static_hover_tips'
[WARN] [BaseLib] GetRawText: Key 'YGODUELIST-SKELENGEL.flip_effect.description' not found in table 'cards'
[WARN] [BaseLib] GetRawText: Key 'YGO_ATTRIBUTE_LIGHT.title' not found in table 'static_hover_tips'
[WARN] [BaseLib] GetRawText: Key 'YGO_ATTRIBUTE_LIGHT.description' not found in table 'static_hover_tips'
[WARN] [BaseLib] GetRawText: Key 'YGO_RACE_FAIRY.title' not found in table 'static_hover_tips'
[WARN] [BaseLib] GetRawText: Key 'YGO_RACE_FAIRY.description' not found in table 'static_hover_tips'
[WARN] [BaseLib] GetRawText: Key 'YGODUELIST-SKELENGEL.flip_effect.description' not found in table 'cards'
[WARN] [BaseLib] GetRawText: Key 'YGO_ATTRIBUTE_LIGHT.title' not found in table 'static_hover_tips'
[WARN] [BaseLib] GetRawText: Key 'YGO_ATTRIBUTE_LIGHT.description' not found in table 'static_hover_tips'
[WARN] [BaseLib] GetRawText: Key 'YGO_RACE_FAIRY.title' not found in table 'static_hover_tips'
[WARN] [BaseLib] GetRawText: Key 'YGO_RACE_FAIRY.description' not found in table 'static_hover_tips'
[WARN] [BaseLib] GetRawText: Key 'YGODUELIST-SKELENGEL.flip_effect.description' not found in table 'cards'
[WARN] [BaseLib] GetRawText: Key 'YGODUELIST-SKELENGEL.flip_effect.description' not found in table 'cards'
[DEBUG] [NetQualityTracker] Connection statistics at 08:15:04:
[DEBUG] [NetQualityTracker] 	76561198345121322 - Ping: 51.13964. Packet Loss: 0.
[WARN] [BaseLib] GetRawText: Key 'YGODUELIST-SKELENGEL.flip_effect.description' not found in table 'cards'
[WARN] [BaseLib] GetRawText: Key 'YGO_ATTRIBUTE_LIGHT.title' not found in table 'static_hover_tips'
[WARN] [BaseLib] GetRawText: Key 'YGO_ATTRIBUTE_LIGHT.description' not found in table 'static_hover_tips'
[WARN] [BaseLib] GetRawText: Key 'YGO_RACE_FAIRY.title' not found in table 'static_hover_tips'
[WARN] [BaseLib] GetRawText: Key 'YGO_RACE_FAIRY.description' not found in table 'static_hover_tips'
[WARN] [BaseLib] GetRawText: Key 'YGO_ATTRIBUTE_LIGHT.title' not found in table 'static_hover_tips'
[WARN] [BaseLib] GetRawText: Key 'YGO_ATTRIBUTE_LIGHT.description' not found in table 'static_hover_tips'
[WARN] [BaseLib] GetRawText: Key 'YGO_RACE_FAIRY.title' not found in table 'static_hover_tips'
[WARN] [BaseLib] GetRawText: Key 'YGO_RACE_FAIRY.description' not found in table 'static_hover_tips'
[WARN] [BaseLib] GetRawText: Key 'YGO_ATTRIBUTE_LIGHT.title' not found in table 'static_hover_tips'
[WARN] [BaseLib] GetRawText: Key 'YGO_ATTRIBUTE_LIGHT.description' not found in table 'static_hover_tips'
[WARN] [BaseLib] GetRawText: Key 'YGO_RACE_FAIRY.title' not found in table 'static_hover_tips'
[WARN] [BaseLib] GetRawText: Key 'YGO_RACE_FAIRY.description' not found in table 'static_hover_tips'
[WARN] [BaseLib] GetRawText: Key 'YGODUELIST-SKELENGEL.flip_effect.description' not found in table 'cards'
[WARN] [BaseLib] GetRawText: Key 'YGO_ATTRIBUTE_LIGHT.title' not found in table 'static_hover_tips'
[WARN] [BaseLib] GetRawText: Key 'YGO_ATTRIBUTE_LIGHT.description' not found in table 'static_hover_tips'
[WARN] [BaseLib] GetRawText: Key 'YGO_RACE_FAIRY.title' not found in table 'static_hover_tips'
[WARN] [BaseLib] GetRawText: Key 'YGO_RACE_FAIRY.description' not found in table 'static_hover_tips'
[WARN] [BaseLib] GetRawText: Key 'YGODUELIST-SKELENGEL.flip_effect.description' not found in table 'cards'
[WARN] [BaseLib] GetRawText: Key 'YGO_ATTRIBUTE_LIGHT.title' not found in table 'static_hover_tips'
[WARN] [BaseLib] GetRawText: Key 'YGO_ATTRIBUTE_LIGHT.description' not found in table 'static_hover_tips'
[WARN] [BaseLib] GetRawText: Key 'YGO_RACE_FAIRY.title' not found in table 'static_hover_tips'
[WARN] [BaseLib] GetRawText: Key 'YGO_RACE_FAIRY.description' not found in table 'static_hover_tips'
[WARN] [BaseLib] GetRawText: Key 'YGODUELIST-SKELENGEL.flip_effect.description' not found in table 'cards'
[WARN] [BaseLib] GetRawText: Key 'YGO_ATTRIBUTE_LIGHT.title' not found in table 'static_hover_tips'
[WARN] [BaseLib] GetRawText: Key 'YGO_ATTRIBUTE_LIGHT.description' not found in table 'static_hover_tips'
[WARN] [BaseLib] GetRawText: Key 'YGO_RACE_FAIRY.title' not found in table 'static_hover_tips'
[WARN] [BaseLib] GetRawText: Key 'YGO_RACE_FAIRY.description' not found in table 'static_hover_tips'
[WARN] [BaseLib] GetRawText: Key 'YGODUELIST-SKELENGEL.flip_effect.description' not found in table 'cards'
[WARN] [BaseLib] GetRawText: Key 'YGO_ATTRIBUTE_LIGHT.title' not found in table 'static_hover_tips'
[WARN] [BaseLib] GetRawText: Key 'YGO_ATTRIBUTE_LIGHT.description' not found in table 'static_hover_tips'
[WARN] [BaseLib] GetRawText: Key 'YGO_RACE_FAIRY.title' not found in table 'static_hover_tips'
[WARN] [BaseLib] GetRawText: Key 'YGO_RACE_FAIRY.description' not found in table 'static_hover_tips'
[WARN] [BaseLib] GetRawText: Key 'YGODUELIST-SKELENGEL.flip_effect.description' not found in table 'cards'
[WARN] [BaseLib] GetRawText: Key 'YGO_ATTRIBUTE_LIGHT.title' not found in table 'static_hover_tips'
[WARN] [BaseLib] GetRawText: Key 'YGO_ATTRIBUTE_LIGHT.description' not found in table 'static_hover_tips'
[WARN] [BaseLib] GetRawText: Key 'YGO_RACE_FAIRY.title' not found in table 'static_hover_tips'
[WARN] [BaseLib] GetRawText: Key 'YGO_RACE_FAIRY.description' not found in table 'static_hover_tips'
[WARN] [BaseLib] GetRawText: Key 'YGODUELIST-SKELENGEL.flip_effect.description' not found in table 'cards'
[WARN] [BaseLib] GetRawText: Key 'YGO_ATTRIBUTE_LIGHT.title' not found in table 'static_hover_tips'
[WARN] [BaseLib] GetRawText: Key 'YGO_ATTRIBUTE_LIGHT.description' not found in table 'static_hover_tips'
[WARN] [BaseLib] GetRawText: Key 'YGO_RACE_FAIRY.title' not found in table 'static_hover_tips'
[WARN] [BaseLib] GetRawText: Key 'YGO_RACE_FAIRY.description' not found in table 'static_hover_tips'
[WARN] [BaseLib] GetRawText: Key 'YGODUELIST-SKELENGEL.flip_effect.description' not found in table 'cards'
[WARN] [BaseLib] GetRawText: Key 'YGO_ATTRIBUTE_LIGHT.title' not found in table 'static_hover_tips'
[WARN] [BaseLib] GetRawText: Key 'YGO_ATTRIBUTE_LIGHT.description' not found in table 'static_hover_tips'
[WARN] [BaseLib] GetRawText: Key 'YGO_RACE_FAIRY.title' not found in table 'static_hover_tips'
[WARN] [BaseLib] GetRawText: Key 'YGO_RACE_FAIRY.description' not found in table 'static_hover_tips'
[WARN] [BaseLib] GetRawText: Key 'YGODUELIST-SKELENGEL.flip_effect.description' not found in table 'cards'
[WARN] [BaseLib] GetRawText: Key 'YGODUELIST-SKELENGEL.flip_effect.description' not found in table 'cards'
[DEBUG] [NetQualityTracker] Connection statistics at 08:15:24:
[DEBUG] [NetQualityTracker] 	76561198345121322 - Ping: 66.44448. Packet Loss: 0.
[DEBUG] [NetQualityTracker] Connection statistics at 08:15:44:
[DEBUG] [NetQualityTracker] 	76561198345121322 - Ping: 66.30045. Packet Loss: 0.
[WARN] [BaseLib] GetRawText: Key 'YGO_RACE_SPELL_FIELD.title' not found in table 'static_hover_tips'
[WARN] [BaseLib] GetRawText: Key 'YGO_RACE_SPELL_FIELD.description' not found in table 'static_hover_tips'
[WARN] [BaseLib] GetRawText: Key 'YGO_RACE_SPELL_FIELD.title' not found in table 'static_hover_tips'
[WARN] [BaseLib] GetRawText: Key 'YGO_RACE_SPELL_FIELD.description' not found in table 'static_hover_tips'
[WARN] [BaseLib] GetRawText: Key 'YGO_RACE_SPELL_FIELD.title' not found in table 'static_hover_tips'
[WARN] [BaseLib] GetRawText: Key 'YGO_RACE_SPELL_FIELD.description' not found in table 'static_hover_tips'
[WARN] [BaseLib] GetRawText: Key 'YGO_RACE_SPELL_FIELD.title' not found in table 'static_hover_tips'
[WARN] [BaseLib] GetRawText: Key 'YGO_RACE_SPELL_FIELD.description' not found in table 'static_hover_tips'
[WARN] [BaseLib] GetRawText: Key 'YGO_RACE_SPELL_FIELD.title' not found in table 'static_hover_tips'
[WARN] [BaseLib] GetRawText: Key 'YGO_RACE_SPELL_FIELD.description' not found in table 'static_hover_tips'
[WARN] [BaseLib] GetRawText: Key 'YGO_RACE_SPELL_FIELD.title' not found in table 'static_hover_tips'
[WARN] [BaseLib] GetRawText: Key 'YGO_RACE_SPELL_FIELD.description' not found in table 'static_hover_tips'
[WARN] [BaseLib] GetRawText: Key 'YGO_RACE_SPELL_FIELD.title' not found in table 'static_hover_tips'
[WARN] [BaseLib] GetRawText: Key 'YGO_RACE_SPELL_FIELD.description' not found in table 'static_hover_tips'
[WARN] [BaseLib] GetRawText: Key 'YGO_RACE_SPELL_FIELD.title' not found in table 'static_hover_tips'
[WARN] [BaseLib] GetRawText: Key 'YGO_RACE_SPELL_FIELD.description' not found in table 'static_hover_tips'
[WARN] [BaseLib] GetRawText: Key 'YGO_RACE_SPELL_FIELD.title' not found in table 'static_hover_tips'
[WARN] [BaseLib] GetRawText: Key 'YGO_RACE_SPELL_FIELD.description' not found in table 'static_hover_tips'
[WARN] [BaseLib] GetRawText: Key 'YGO_RACE_SPELL_FIELD.title' not found in table 'static_hover_tips'
[WARN] [BaseLib] GetRawText: Key 'YGO_RACE_SPELL_FIELD.description' not found in table 'static_hover_tips'
[WARN] [BaseLib] GetRawText: Key 'YGO_RACE_SPELL_FIELD.title' not found in table 'static_hover_tips'
[WARN] [BaseLib] GetRawText: Key 'YGO_RACE_SPELL_FIELD.description' not found in table 'static_hover_tips'
[WARN] [BaseLib] GetRawText: Key 'YGO_RACE_SPELL_FIELD.title' not found in table 'static_hover_tips'
[WARN] [BaseLib] GetRawText: Key 'YGO_RACE_SPELL_FIELD.description' not found in table 'static_hover_tips'
[WARN] [BaseLib] GetRawText: Key 'YGO_RACE_SPELL_FIELD.title' not found in table 'static_hover_tips'
[WARN] [BaseLib] GetRawText: Key 'YGO_RACE_SPELL_FIELD.description' not found in table 'static_hover_tips'
[WARN] [BaseLib] GetRawText: Key 'YGO_RACE_SPELL_FIELD.title' not found in table 'static_hover_tips'
[WARN] [BaseLib] GetRawText: Key 'YGO_RACE_SPELL_FIELD.description' not found in table 'static_hover_tips'
[WARN] [BaseLib] GetRawText: Key 'YGO_RACE_SPELL_FIELD.title' not found in table 'static_hover_tips'
[WARN] [BaseLib] GetRawText: Key 'YGO_RACE_SPELL_FIELD.description' not found in table 'static_hover_tips'
[WARN] [BaseLib] GetRawText: Key 'YGO_RACE_SPELL_FIELD.title' not found in table 'static_hover_tips'
[WARN] [BaseLib] GetRawText: Key 'YGO_RACE_SPELL_FIELD.description' not found in table 'static_hover_tips'
[WARN] [BaseLib] GetRawText: Key 'YGO_RACE_SPELL_FIELD.title' not found in table 'static_hover_tips'
[WARN] [BaseLib] GetRawText: Key 'YGO_RACE_SPELL_FIELD.description' not found in table 'static_hover_tips'
[WARN] [BaseLib] GetRawText: Key 'YGO_RACE_SPELL_FIELD.title' not found in table 'static_hover_tips'
[WARN] [BaseLib] GetRawText: Key 'YGO_RACE_SPELL_FIELD.description' not found in table 'static_hover_tips'
[WARN] [BaseLib] GetRawText: Key 'YGO_RACE_SPELL_FIELD.title' not found in table 'static_hover_tips'
[WARN] [BaseLib] GetRawText: Key 'YGO_RACE_SPELL_FIELD.description' not found in table 'static_hover_tips'
[WARN] [BaseLib] GetRawText: Key 'YGO_RACE_SPELL_FIELD.title' not found in table 'static_hover_tips'
[WARN] [BaseLib] GetRawText: Key 'YGO_RACE_SPELL_FIELD.description' not found in table 'static_hover_tips'
[WARN] [BaseLib] GetRawText: Key 'YGO_RACE_SPELL_FIELD.title' not found in table 'static_hover_tips'
[WARN] [BaseLib] GetRawText: Key 'YGO_RACE_SPELL_FIELD.description' not found in table 'static_hover_tips'
[WARN] [BaseLib] GetRawText: Key 'YGO_RACE_SPELL_FIELD.title' not found in table 'static_hover_tips'
[WARN] [BaseLib] GetRawText: Key 'YGO_RACE_SPELL_FIELD.description' not found in table 'static_hover_tips'
[WARN] [BaseLib] GetRawText: Key 'YGO_RACE_SPELL_FIELD.title' not found in table 'static_hover_tips'
[WARN] [BaseLib] GetRawText: Key 'YGO_RACE_SPELL_FIELD.description' not found in table 'static_hover_tips'
[WARN] [BaseLib] GetRawText: Key 'YGO_RACE_SPELL_FIELD.title' not found in table 'static_hover_tips'
[WARN] [BaseLib] GetRawText: Key 'YGO_RACE_SPELL_FIELD.description' not found in table 'static_hover_tips'
[WARN] [BaseLib] GetRawText: Key 'YGO_RACE_SPELL_FIELD.title' not found in table 'static_hover_tips'
[WARN] [BaseLib] GetRawText: Key 'YGO_RACE_SPELL_FIELD.description' not found in table 'static_hover_tips'
[WARN] [BaseLib] GetRawText: Key 'YGO_RACE_SPELL_FIELD.title' not found in table 'static_hover_tips'
[WARN] [BaseLib] GetRawText: Key 'YGO_RACE_SPELL_FIELD.description' not found in table 'static_hover_tips'
[WARN] [BaseLib] GetRawText: Key 'YGO_RACE_SPELL_FIELD.title' not found in table 'static_hover_tips'
[WARN] [BaseLib] GetRawText: Key 'YGO_RACE_SPELL_FIELD.description' not found in table 'static_hover_tips'
[DEBUG] [NetQualityTracker] Connection statistics at 08:16:04:
[DEBUG] [NetQualityTracker] 	76561198345121322 - Ping: 66.00856. Packet Loss: 0.
[WARN] [BaseLib] GetRawText: Key 'YGO_RACE_SPELL_FIELD.title' not found in table 'static_hover_tips'
[WARN] [BaseLib] GetRawText: Key 'YGO_RACE_SPELL_FIELD.description' not found in table 'static_hover_tips'
[WARN] [BaseLib] GetRawText: Key 'YGO_RACE_SPELL_FIELD.title' not found in table 'static_hover_tips'
[WARN] [BaseLib] GetRawText: Key 'YGO_RACE_SPELL_FIELD.description' not found in table 'static_hover_tips'
[WARN] [BaseLib] GetRawText: Key 'YGO_RACE_SPELL_FIELD.title' not found in table 'static_hover_tips'
[WARN] [BaseLib] GetRawText: Key 'YGO_RACE_SPELL_FIELD.description' not found in table 'static_hover_tips'
[WARN] [BaseLib] GetRawText: Key 'YGO_RACE_SPELL_FIELD.title' not found in table 'static_hover_tips'
[WARN] [BaseLib] GetRawText: Key 'YGO_RACE_SPELL_FIELD.description' not found in table 'static_hover_tips'
[WARN] [BaseLib] GetRawText: Key 'YGODUELIST-SKELENGEL.flip_effect.description' not found in table 'cards'
[DEBUG] [NetQualityTracker] Connection statistics at 08:16:24:
[DEBUG] [NetQualityTracker] 	76561198345121322 - Ping: 66.57475. Packet Loss: 0.
[DEBUG] [NetQualityTracker] Connection statistics at 08:16:44:
[DEBUG] [NetQualityTracker] 	76561198345121322 - Ping: 69.54463. Packet Loss: 0.
[DEBUG] [NetQualityTracker] Connection statistics at 08:17:04:
[DEBUG] [NetQualityTracker] 	76561198345121322 - Ping: 66.52224. Packet Loss: 0.
[DEBUG] [NetQualityTracker] Connection statistics at 08:17:24:
[DEBUG] [NetQualityTracker] 	76561198345121322 - Ping: 69.27991. Packet Loss: 0.
[DEBUG] [NetQualityTracker] Connection statistics at 08:17:44:
[DEBUG] [NetQualityTracker] 	76561198345121322 - Ping: 97.461044. Packet Loss: 0.
[DEBUG] [NetQualityTracker] Connection statistics at 08:18:04:
[DEBUG] [NetQualityTracker] 	76561198345121322 - Ping: 58.554882. Packet Loss: 0.
[WARN] [BaseLib] GetRawText: Key 'YGODUELIST-SKELENGEL.flip_effect.description' not found in table 'cards'
[DEBUG] [NetQualityTracker] Connection statistics at 08:18:24:
[DEBUG] [NetQualityTracker] 	76561198345121322 - Ping: 66.3073. Packet Loss: 0.00025145285.
[WARN] [BaseLib] GetRawText: Key 'YGO_ATTRIBUTE_EARTH.title' not found in table 'static_hover_tips'
[WARN] [BaseLib] GetRawText: Key 'YGO_ATTRIBUTE_EARTH.description' not found in table 'static_hover_tips'
[WARN] [BaseLib] GetRawText: Key 'YGO_RACE_ROCK.title' not found in table 'static_hover_tips'
[WARN] [BaseLib] GetRawText: Key 'YGO_RACE_ROCK.description' not found in table 'static_hover_tips'
[WARN] [BaseLib] GetRawText: Key 'YGO_ATTRIBUTE_EARTH.title' not found in table 'static_hover_tips'
[WARN] [BaseLib] GetRawText: Key 'YGO_ATTRIBUTE_EARTH.description' not found in table 'static_hover_tips'
[WARN] [BaseLib] GetRawText: Key 'YGO_RACE_ROCK.title' not found in table 'static_hover_tips'
[WARN] [BaseLib] GetRawText: Key 'YGO_RACE_ROCK.description' not found in table 'static_hover_tips'
[WARN] [BaseLib] GetRawText: Key 'YGO_ATTRIBUTE_EARTH.title' not found in table 'static_hover_tips'
[WARN] [BaseLib] GetRawText: Key 'YGO_ATTRIBUTE_EARTH.description' not found in table 'static_hover_tips'
[WARN] [BaseLib] GetRawText: Key 'YGO_RACE_ROCK.title' not found in table 'static_hover_tips'
[WARN] [BaseLib] GetRawText: Key 'YGO_RACE_ROCK.description' not found in table 'static_hover_tips'
[DEBUG] [NetQualityTracker] Connection statistics at 08:18:44:
[DEBUG] [NetQualityTracker] 	76561198345121322 - Ping: 58.309093. Packet Loss: 8.003416E-14.
[DEBUG] [PlayerChoiceSynchronizer] Sending player choice id 0 for player 76561198136285041, result PlayerChoiceResult indexes 0,3,1,8,11,17,13,16,4,2
[INFO] Player 76561198136285041 chose cards [YGODUELIST-TOTAL_DEFENSE_SHOGUN,YGODUELIST-EARTH_EFFIGY,YGODUELIST-BURNING_LAND,YGODUELIST-ARCANE_ARCHER_OF_THE_FOREST,YGODUELIST-GAIA_POWER,YGODUELIST-HOURGLASS_OF_COURAGE,YGODUELIST-ROCKET_JUMPER,YGODUELIST-SKELENGEL,YGODUELIST-RECKLESS_GREED,YGODUELIST-OUTSTANDING_DOG_MARRON]
[YgoDuelist NeowDraft] (tid=1 mainThread=True) FromSimpleGrid returned chosenCount=10
[INFO] [YgoDuelist] [NeowDraft async tid=1 main=True] FromSimpleGrid returned chosenCount=10
[YgoDuelist NeowDraft] (tid=1 mainThread=True) deck +10 (deckCount=16); trunk +9 unchosen; invoked Deck.InvokeCardAddFinished for UI
[INFO] [YgoDuelist] [NeowDraft async tid=1 main=True] deck +10 (deckCount=16); trunk +9 unchosen; invoked Deck.InvokeCardAddFinished for UI
[YgoDuelist NeowDraft] (tid=1 mainThread=True) invoking SetInitialEventState (resume) via reflection…
[INFO] [YgoDuelist] [NeowDraft async tid=1 main=True] invoking SetInitialEventState (resume) via reflection…
[YgoDuelist NeowDraft] SetInitialEventState enter isPreFinished=False ownerNull=False
[INFO] [YgoDuelist] [NeowDraft] SetInitialEventState enter isPreFinished=False ownerNull=False
[YgoDuelist NeowDraft] allow original: resume-after-draft guard cleared
[INFO] [YgoDuelist] [NeowDraft] allow original: resume-after-draft guard cleared
[YgoDuelist NeowDraft] (tid=1 mainThread=True) SetInitialEventState resume finished OK
[INFO] [YgoDuelist] [NeowDraft async tid=1 main=True] SetInitialEventState resume finished OK
[YgoDuelist NeowDraft] (tid=1 mainThread=True) RunDraftThenResumeNeowAsync END
[INFO] [YgoDuelist] [NeowDraft async tid=1 main=True] RunDraftThenResumeNeowAsync END
[WARN] Asset not cached: res://scenes/ui/card_hover_tip.tscn
[DEBUG] [NetQualityTracker] Connection statistics at 08:19:04:
[DEBUG] [NetQualityTracker] 	76561198345121322 - Ping: 65.19447. Packet Loss: 3.184229E-23.
[DEBUG] [EventSynchronizer] Local player chose event option index 2
[DEBUG] [EventSynchronizer] Option index 2 chosen for player 76561198136285041 in event EVENT.NEOW. Choice key: NEOW.pages.INITIAL.options.SCROLL_BOXES
[VERYDEBUG] [PlayerChoiceSynchronizer] Reserved choice id 1 for player 76561198136285041, next is 2
[WARN] [BaseLib] GetRawText: Key 'YGO_ATTRIBUTE_EARTH.title' not found in table 'static_hover_tips'
[WARN] [BaseLib] GetRawText: Key 'YGO_ATTRIBUTE_EARTH.description' not found in table 'static_hover_tips'
[WARN] [BaseLib] GetRawText: Key 'YGO_RACE_WARRIOR.title' not found in table 'static_hover_tips'
[WARN] [BaseLib] GetRawText: Key 'YGO_RACE_WARRIOR.description' not found in table 'static_hover_tips'
[WARN] [BaseLib] GetRawText: Key 'YGO_ATTRIBUTE_WATER.title' not found in table 'static_hover_tips'
[WARN] [BaseLib] GetRawText: Key 'YGO_ATTRIBUTE_WATER.description' not found in table 'static_hover_tips'
[WARN] [BaseLib] GetRawText: Key 'YGO_RACE_REPTILE.title' not found in table 'static_hover_tips'
[WARN] [BaseLib] GetRawText: Key 'YGO_RACE_REPTILE.description' not found in table 'static_hover_tips'
[WARN] [BaseLib] GetRawText: Key 'YGO_ATTRIBUTE_DARK.title' not found in table 'static_hover_tips'
[WARN] [BaseLib] GetRawText: Key 'YGO_ATTRIBUTE_DARK.description' not found in table 'static_hover_tips'
[WARN] [BaseLib] GetRawText: Key 'YGO_RACE_MACHINE.title' not found in table 'static_hover_tips'
[WARN] [BaseLib] GetRawText: Key 'YGO_RACE_MACHINE.description' not found in table 'static_hover_tips'
[WARN] [BaseLib] GetRawText: Key 'YGO_ATTRIBUTE_FIRE.title' not found in table 'static_hover_tips'
[WARN] [BaseLib] GetRawText: Key 'YGO_ATTRIBUTE_FIRE.description' not found in table 'static_hover_tips'
[WARN] [BaseLib] GetRawText: Key 'YGO_RACE_SPELLCASTER.title' not found in table 'static_hover_tips'
[WARN] [BaseLib] GetRawText: Key 'YGO_RACE_SPELLCASTER.description' not found in table 'static_hover_tips'
[WARN] [BaseLib] GetRawText: Key 'YGODUELIST-FIRE_SORCERER.flip_effect.description' not found in table 'cards'
[DEBUG] [NetQualityTracker] Connection statistics at 08:19:24:
[DEBUG] [NetQualityTracker] 	76561198345121322 - Ping: 65.97579. Packet Loss: 1.2668729E-32.
[WARN] [BaseLib] GetRawText: Key 'YGODUELIST-FIRE_SORCERER.flip_effect.description' not found in table 'cards'
[WARN] [BaseLib] GetRawText: Key 'YGODUELIST-FIRE_SORCERER.flip_effect.description' not found in table 'cards'
[WARN] [BaseLib] GetRawText: Key 'YGODUELIST-FIRE_SORCERER.flip_effect.description' not found in table 'cards'
[WARN] [BaseLib] GetRawText: Key 'YGODUELIST-FIRE_SORCERER.flip_effect.description' not found in table 'cards'
[DEBUG] [NetQualityTracker] Connection statistics at 08:19:44:
[DEBUG] [NetQualityTracker] 	76561198345121322 - Ping: 59.04487. Packet Loss: 4.033E-42.
[WARN] [BaseLib] GetRawText: Key 'YGODUELIST-FIRE_SORCERER.flip_effect.description' not found in table 'cards'
[DEBUG] [PlayerChoiceSynchronizer] Sending player choice id 1 for player 76561198136285041, result PlayerChoiceResult indexes 1
[INFO] Player 76561198136285041 chose cards [YGODUELIST-TRAP_OF_BOARD_ERASER,YGODUELIST-FIRE_SORCERER,YGODUELIST-OJAMA_TRIO]
[DEBUG] [NetQualityTracker] Connection statistics at 08:20:04:
[DEBUG] [NetQualityTracker] 	76561198345121322 - Ping: 66.16935. Packet Loss: 0.013743894.
[DEBUG] [ActionQueueSynchronizer] Sending message to host requesting to enqueue action VoteForMapCoordAction 76561198136285041 act 0 coord (3, 0)->MapVote (gen: 1 coord: (0, 1)) at 08:20:10
[DEBUG] [NetMessageBus] Received message ActionEnqueuedMessage PlayerID: 76561198136285041 Action: NetVoteForMapCoordAction act 0 coord (3, 0)->MapVote (gen: 1 coord: (0, 1)) Source Location: act 0 coord (3, 0) , sending to 1 handlers
[VERYDEBUG] [RunLocationTargetedMessageBuffer] Handling map-targeted message ActionEnqueuedMessage PlayerID: 76561198136285041 Action: NetVoteForMapCoordAction act 0 coord (3, 0)->MapVote (gen: 1 coord: (0, 1)) Source Location: act 0 coord (3, 0)  from 76561198345121322 for location act 0 coord (3, 0)
[DEBUG] [ActionQueueSynchronizer] Received handle action enqueued message ActionEnqueuedMessage PlayerID: 76561198136285041 Action: NetVoteForMapCoordAction act 0 coord (3, 0)->MapVote (gen: 1 coord: (0, 1)) Source Location: act 0 coord (3, 0)  at 08:20:10
[DEBUG] [ActionQueueSynchronizer] Enqueueing action VoteForMapCoordAction 76561198136285041 act 0 coord (3, 0)->MapVote (gen: 1 coord: (0, 1)) from owner 76561198136285041
[DEBUG] [ActionQueueSet] Enqueueing action VoteForMapCoordAction 76561198136285041 act 0 coord (3, 0)->MapVote (gen: 1 coord: (0, 1)) to player queue owned by 76561198136285041
[DEBUG] [ActionExecutor] Action queue changed, beginning ExecuteActions
[VERYDEBUG] [ActionQueueSet] Attempting to find ready action
[VERYDEBUG] [ActionQueueSet] Queue for player 76561198345121322 is empty
[VERYDEBUG] [ActionQueueSet] Action VoteForMapCoordAction 76561198136285041 act 0 coord (3, 0)->MapVote (gen: 1 coord: (0, 1)) with id 0 belonging to 76561198136285041 becomes new ready action
[VERYDEBUG] [ActionQueueSet] Got ready action VoteForMapCoordAction 76561198136285041 act 0 coord (3, 0)->MapVote (gen: 1 coord: (0, 1)) (0)
[DEBUG] [ActionExecutor] Executing action: VoteForMapCoordAction 76561198136285041 act 0 coord (3, 0)->MapVote (gen: 1 coord: (0, 1))
[VERYDEBUG] [GameAction] Action VoteForMapCoordAction 76561198136285041 act 0 coord (3, 0)->MapVote (gen: 1 coord: (0, 1)) began executing
[INFO] Player vote changed for 76561198136285041: ->MapVote (gen: 1 coord: (0, 1))
[DEBUG] [MapSelectionSynchronizer] Received vote to move to MapVote (gen: 1 coord: (0, 1)) from player 76561198136285041 (slot 1)
[VERYDEBUG] [GameAction] Action VoteForMapCoordAction 76561198136285041 act 0 coord (3, 0)->MapVote (gen: 1 coord: (0, 1)) finished execution
[DEBUG] [ActionExecutor] Completed execution of action VoteForMapCoordAction 76561198136285041 act 0 coord (3, 0)->MapVote (gen: 1 coord: (0, 1)), attempting to find new action
[VERYDEBUG] [ActionQueueSet] Attempting to find ready action
[VERYDEBUG] [ActionQueueSet] Queue for player 76561198345121322 is empty
[VERYDEBUG] [ActionQueueSet] Queue for player 76561198136285041 is empty
[VERYDEBUG] [ActionQueueSet] No action is ready
[DEBUG] [NetQualityTracker] Connection statistics at 08:20:24:
[DEBUG] [NetQualityTracker] 	76561198345121322 - Ping: 68.46122. Packet Loss: 4.374503E-12.
[DEBUG] [NetQualityTracker] Connection statistics at 08:20:44:
[DEBUG] [NetQualityTracker] 	76561198345121322 - Ping: 68.73896. Packet Loss: 8.911017E-22.
[DEBUG] [NetQualityTracker] Connection statistics at 08:21:04:
[DEBUG] [NetQualityTracker] 	76561198345121322 - Ping: 58.306484. Packet Loss: 0.026843542.
[DEBUG] [NetQualityTracker] Connection statistics at 08:21:24:
[DEBUG] [NetQualityTracker] 	76561198345121322 - Ping: 66.8946. Packet Loss: 6.835161E-12.
[DEBUG] [NetQualityTracker] Connection statistics at 08:21:44:
[DEBUG] [NetQualityTracker] 	76561198345121322 - Ping: 58.49117. Packet Loss: 1.740433E-21.
[DEBUG] [NetQualityTracker] Connection statistics at 08:22:04:
[DEBUG] [NetQualityTracker] 	76561198345121322 - Ping: 65.57874. Packet Loss: 3.5453248E-31.
[DEBUG] [NetQualityTracker] Connection statistics at 08:22:24:
[DEBUG] [NetQualityTracker] 	76561198345121322 - Ping: 62.835922. Packet Loss: 9.0274E-41.
[DEBUG] [PlayerChoiceSynchronizer] Received choice from 76561198345121322 for choice ID 0: NetPlayerChoiceResult indexes 0,4,6,2,5,8,13,3
[DEBUG] [PlayerChoiceSynchronizer] We are already waiting for the choice, fulfilling the task
[DEBUG] [PlayerChoiceSynchronizer] Finished waiting for remote choice 0 for player 76561198345121322: PlayerChoiceResult indexes 0,4,6,2,5,8,13,3
[INFO] Player 76561198345121322 chose cards [YGODUELIST-THE_LAST_WARRIOR_FROM_ANOTHER_PLANET,YGODUELIST-QUEEN_S_DOUBLE,YGODUELIST-YELLOW_LUSTER_SHIELD,YGODUELIST-RAIGEKI_BREAK,YGODUELIST-ZABORG_THE_THUNDER_MONARCH,YGODUELIST-VERSAGO_THE_DESTROYER,YGODUELIST-KURAMA,YGODUELIST-FIRE_PRINCESS]
[YgoDuelist NeowDraft] (tid=1 mainThread=True) FromSimpleGrid returned chosenCount=8
[INFO] [YgoDuelist] [NeowDraft async tid=1 main=True] FromSimpleGrid returned chosenCount=8
[WARN] Asset not cached: res://images/packed/run_history/skill_portrait.png
[WARN] Asset not cached: res://images/packed/run_history/skill_portrait_shadow.png
[YgoDuelist NeowDraft] (tid=1 mainThread=True) deck +8 (deckCount=13); trunk +11 unchosen; invoked Deck.InvokeCardAddFinished for UI
[INFO] [YgoDuelist] [NeowDraft async tid=1 main=True] deck +8 (deckCount=13); trunk +11 unchosen; invoked Deck.InvokeCardAddFinished for UI
[YgoDuelist NeowDraft] (tid=1 mainThread=True) invoking SetInitialEventState (resume) via reflection…
[INFO] [YgoDuelist] [NeowDraft async tid=1 main=True] invoking SetInitialEventState (resume) via reflection…
[YgoDuelist NeowDraft] SetInitialEventState enter isPreFinished=False ownerNull=False
[INFO] [YgoDuelist] [NeowDraft] SetInitialEventState enter isPreFinished=False ownerNull=False
[YgoDuelist NeowDraft] allow original: resume-after-draft guard cleared
[INFO] [YgoDuelist] [NeowDraft] allow original: resume-after-draft guard cleared
[YgoDuelist NeowDraft] (tid=1 mainThread=True) SetInitialEventState resume finished OK
[INFO] [YgoDuelist] [NeowDraft async tid=1 main=True] SetInitialEventState resume finished OK
[YgoDuelist NeowDraft] (tid=1 mainThread=True) RunDraftThenResumeNeowAsync END
[INFO] [YgoDuelist] [NeowDraft async tid=1 main=True] RunDraftThenResumeNeowAsync END
[DEBUG] [NetQualityTracker] Connection statistics at 08:22:44:
[DEBUG] [NetQualityTracker] 	76561198345121322 - Ping: 57.556732. Packet Loss: 3E-45.
[WARN] Asset not cached: res://scenes/vfx/map_ping_vfx.tscn
[VERYDEBUG] [RunLocationTargetedMessageBuffer] Handling map-targeted message OptionIndexChosenMessage type Event index 2 from 76561198345121322 for location act 0 coord (3, 0)
[DEBUG] [EventSynchronizer] Received OptionIndexChosenMessage from player 76561198345121322 for event option index 2
[DEBUG] [EventSynchronizer] Option index 2 chosen for player 76561198345121322 in event EVENT.NEOW. Choice key: NEOW.pages.INITIAL.options.CURSED_PEARL
[INFO] Wrote 142987 bytes to path=user://steam/76561198136285041/modded/profile1\saves\progress.save save_dir=user://steam/76561198136285041
[INFO] Wrote 142987 bytes to modded/profile1/saves/progress.save in steam remote store
[WARN] Asset not cached: res://images/atlases/ui_atlas.sprites/top_bar/top_bar_map.tres
[DEBUG] [NetMessageBus] Received message ActionEnqueuedMessage PlayerID: 76561198345121322 Action: NetVoteForMapCoordAction act 0 coord (3, 0)->MapVote (gen: 1 coord: (0, 1)) Source Location: act 0 coord (3, 0) , sending to 1 handlers
[VERYDEBUG] [RunLocationTargetedMessageBuffer] Handling map-targeted message ActionEnqueuedMessage PlayerID: 76561198345121322 Action: NetVoteForMapCoordAction act 0 coord (3, 0)->MapVote (gen: 1 coord: (0, 1)) Source Location: act 0 coord (3, 0)  from 76561198345121322 for location act 0 coord (3, 0)
[DEBUG] [ActionQueueSynchronizer] Received handle action enqueued message ActionEnqueuedMessage PlayerID: 76561198345121322 Action: NetVoteForMapCoordAction act 0 coord (3, 0)->MapVote (gen: 1 coord: (0, 1)) Source Location: act 0 coord (3, 0)  at 08:23:03
[DEBUG] [ActionQueueSynchronizer] Enqueueing action VoteForMapCoordAction 76561198345121322 act 0 coord (3, 0)->MapVote (gen: 1 coord: (0, 1)) from owner 76561198345121322
[DEBUG] [ActionQueueSet] Enqueueing action VoteForMapCoordAction 76561198345121322 act 0 coord (3, 0)->MapVote (gen: 1 coord: (0, 1)) to player queue owned by 76561198345121322
[DEBUG] [ActionExecutor] Action queue changed, beginning ExecuteActions
[VERYDEBUG] [ActionQueueSet] Attempting to find ready action
[VERYDEBUG] [ActionQueueSet] Action VoteForMapCoordAction 76561198345121322 act 0 coord (3, 0)->MapVote (gen: 1 coord: (0, 1)) with id 1 belonging to 76561198345121322 becomes new ready action
[VERYDEBUG] [ActionQueueSet] Queue for player 76561198136285041 is empty
[VERYDEBUG] [ActionQueueSet] Got ready action VoteForMapCoordAction 76561198345121322 act 0 coord (3, 0)->MapVote (gen: 1 coord: (0, 1)) (1)
[DEBUG] [ActionExecutor] Executing action: VoteForMapCoordAction 76561198345121322 act 0 coord (3, 0)->MapVote (gen: 1 coord: (0, 1))
[VERYDEBUG] [GameAction] Action VoteForMapCoordAction 76561198345121322 act 0 coord (3, 0)->MapVote (gen: 1 coord: (0, 1)) began executing
[INFO] Player vote changed for 76561198345121322: ->MapVote (gen: 1 coord: (0, 1))
[DEBUG] [MapSelectionSynchronizer] Received vote to move to MapVote (gen: 1 coord: (0, 1)) from player 76561198345121322 (slot 0)
[VERYDEBUG] [GameAction] Action VoteForMapCoordAction 76561198345121322 act 0 coord (3, 0)->MapVote (gen: 1 coord: (0, 1)) finished execution
[DEBUG] [ActionExecutor] Completed execution of action VoteForMapCoordAction 76561198345121322 act 0 coord (3, 0)->MapVote (gen: 1 coord: (0, 1)), attempting to find new action
[VERYDEBUG] [ActionQueueSet] Attempting to find ready action
[VERYDEBUG] [ActionQueueSet] Queue for player 76561198345121322 is empty
[VERYDEBUG] [ActionQueueSet] Queue for player 76561198136285041 is empty
[VERYDEBUG] [ActionQueueSet] No action is ready
[DEBUG] [NetMessageBus] Received message ActionEnqueuedMessage PlayerID: 76561198345121322 Action: MoveToMapCoordAction to MapCoord (0, 1) Source Location: act 0 coord (3, 0) , sending to 1 handlers
[VERYDEBUG] [RunLocationTargetedMessageBuffer] Handling map-targeted message ActionEnqueuedMessage PlayerID: 76561198345121322 Action: MoveToMapCoordAction to MapCoord (0, 1) Source Location: act 0 coord (3, 0)  from 76561198345121322 for location act 0 coord (3, 0)
[DEBUG] [ActionQueueSynchronizer] Received handle action enqueued message ActionEnqueuedMessage PlayerID: 76561198345121322 Action: MoveToMapCoordAction to MapCoord (0, 1) Source Location: act 0 coord (3, 0)  at 08:23:03
[DEBUG] [ActionQueueSynchronizer] Enqueueing action MoveToMapCoordAction 76561198345121322 MapCoord (0, 1) from owner 76561198345121322
[DEBUG] [ActionQueueSet] Enqueueing action MoveToMapCoordAction 76561198345121322 MapCoord (0, 1) to player queue owned by 76561198345121322
[DEBUG] [ActionExecutor] Action queue changed, beginning ExecuteActions
[VERYDEBUG] [ActionQueueSet] Attempting to find ready action
[VERYDEBUG] [ActionQueueSet] Action MoveToMapCoordAction 76561198345121322 MapCoord (0, 1) with id 2 belonging to 76561198345121322 becomes new ready action
[VERYDEBUG] [ActionQueueSet] Queue for player 76561198136285041 is empty
[VERYDEBUG] [ActionQueueSet] Got ready action MoveToMapCoordAction 76561198345121322 MapCoord (0, 1) (2)
[DEBUG] [ActionExecutor] Executing action: MoveToMapCoordAction 76561198345121322 MapCoord (0, 1)
[VERYDEBUG] [GameAction] Action MoveToMapCoordAction 76561198345121322 MapCoord (0, 1) began executing
[VERYDEBUG] [GameAction] Action MoveToMapCoordAction 76561198345121322 MapCoord (0, 1) finished execution
[DEBUG] [ActionExecutor] Completed execution of action MoveToMapCoordAction 76561198345121322 MapCoord (0, 1), attempting to find new action
[VERYDEBUG] [ActionQueueSet] Attempting to find ready action
[VERYDEBUG] [ActionQueueSet] Queue for player 76561198345121322 is empty
[VERYDEBUG] [ActionQueueSet] Queue for player 76561198136285041 is empty
[VERYDEBUG] [ActionQueueSet] No action is ready
[DEBUG] [CombatStateSynchronizer] Received sync player message from 76561198345121322
[DEBUG] [CombatStateSynchronizer] Received sync RNG message from 76561198345121322
[DEBUG] [ChecksumTracker] Generating checksum for context: Exiting event room EVENT.NEOW action:  id: 0
[DEBUG] [CombatStateSynchronizer] Broadcasting combat sync message to all peers
[YgoDuelist][SaveLoad] ToSerializable trailer appended netId=76561198136285041 extra=0 trunk=9 side=0 minDeck=13 owedRare=0 packTagBalance=False deckCount=29
[DEBUG] [CombatStateSynchronizer] Waiting to receive all sync messages from all clients
[YgoDuelist][MP][SyncStrip] trailer parsed netId=76561198345121322 extra=1 trunk=11 side=0 minDeck=13 owedRare=0 remainingMainDeck=14
[YgoDuelist][SaveLoad] RestorePending SyncWithSerializedPlayer netId=76561198345121322 extra=1 trunk=11 side=0 minDeck=13 owedRare=0
[INFO] Wrote 142987 bytes to path=user://steam/76561198136285041/modded/profile1\saves\progress.save save_dir=user://steam/76561198136285041
[INFO] Wrote 142987 bytes to modded/profile1/saves/progress.save in steam remote store
[YgoDuelist][SaveLoad] ToSerializable trailer appended netId=76561198345121322 extra=1 trunk=11 side=0 minDeck=13 owedRare=0 packTagBalance=False deckCount=27
[YgoDuelist][SaveLoad] ToSerializable trailer appended netId=76561198136285041 extra=0 trunk=9 side=0 minDeck=13 owedRare=0 packTagBalance=False deckCount=29
[DEBUG] [ActionExecutor] Pausing queue
[INFO] Preloading 'Combat Room' assets... count=9 vfx=0
[DEBUG] [NetQualityTracker] Connection statistics at 08:23:04:
[DEBUG] [NetQualityTracker] 	76561198345121322 - Ping: 56.257668. Packet Loss: 3E-45.
[INFO] Preloading 'Combat Room' Complete: assets=9 time_elapsed=84ms
[INFO] Creating NCombatRoom with mode=ActiveCombat encounter=TOADPOLES_WEAK.
[WARN] Asset not cached: res://scenes/combat/multiplayer_player_intent.tscn
[WARN] Asset not cached: res://materials/vfx/hsv.tres
[YgoDuelist] YgoCardOptionPile ctor: CustomType=932200518
[YgoDuelist] YgoCardOptionPile ctor: CustomType=932200518
[YgoDuelist][MP] NetCombatCardDb: deterministic combat card IDs (count=34)
[YgoDuelist StarCounter] Initialize postfix
[INFO] [YgoDuelist] [YgoDuelist StarCounter] Initialize postfix
[YgoDuelist StarCounter] OK (Initialize): Icon.Texture set to conduit
[INFO] [YgoDuelist] [YgoDuelist StarCounter] OK (Initialize): Icon.Texture set to conduit
[YgoDuelist StarCounter] OK (Initialize): RotationLayers hidden
[INFO] [YgoDuelist] [YgoDuelist StarCounter] OK (Initialize): RotationLayers hidden
[YgoDuelist StarCounter] OK (Initialize): _hoverTip replaced with CONduit_COUNT
[INFO] [YgoDuelist] [YgoDuelist StarCounter] OK (Initialize): _hoverTip replaced with CONduit_COUNT
[YgoDuelist StarCounter] NCombatUi.Activate postfix (after reparent)
[INFO] [YgoDuelist] [YgoDuelist StarCounter] NCombatUi.Activate postfix (after reparent)
[YgoDuelist StarCounter] OK (Activate): Icon.Texture set to conduit
[INFO] [YgoDuelist] [YgoDuelist StarCounter] OK (Activate): Icon.Texture set to conduit
[YgoDuelist StarCounter] OK (Activate): RotationLayers hidden
[INFO] [YgoDuelist] [YgoDuelist StarCounter] OK (Activate): RotationLayers hidden
[YgoDuelist StarCounter] OK (Activate): _hoverTip replaced with CONduit_COUNT
[INFO] [YgoDuelist] [YgoDuelist StarCounter] OK (Activate): _hoverTip replaced with CONduit_COUNT
[DEBUG] [ActionExecutor] Pausing queue
[DEBUG] [ActionQueueSynchronizer] Combat state was previously NotInCombat. Signaling queues that combat has begun
[DEBUG] [ActionQueueSet] Combat started.
[DEBUG] [ActionQueueSynchronizer] Combat state becomes NotPlayPhase. Pausing all player queues
[DEBUG] [ActionQueueSet] Pausing all player queues
[DEBUG] [ActionExecutor] Action queue changed, beginning ExecuteActions
[VERYDEBUG] [ActionQueueSet] Attempting to find ready action
[VERYDEBUG] [ActionQueueSet] Queue for player 76561198345121322 is empty
[VERYDEBUG] [ActionQueueSet] Queue for player 76561198136285041 is empty
[VERYDEBUG] [ActionQueueSet] No action is ready
[DEBUG] [RunLocationTargetedMessageBuffer] Run location changed to act 0 coord (0, 1) (previously at: act 0 coord (3, 0)), checking if we have enqueued messages
[WARN] [BaseLib] GetRawText: Key 'YGO_ATTRIBUTE_LIGHT.title' not found in table 'static_hover_tips'
[WARN] [BaseLib] GetRawText: Key 'YGO_ATTRIBUTE_LIGHT.description' not found in table 'static_hover_tips'
[WARN] [BaseLib] GetRawText: Key 'YGO_RACE_FAIRY.title' not found in table 'static_hover_tips'
[WARN] [BaseLib] GetRawText: Key 'YGO_RACE_FAIRY.description' not found in table 'static_hover_tips'
[YgoDuelist] YgoSecondHandLayoutPatch ENTER all=1 main=1 opts=0 FocusedHolderId=0 FocusedIsOpt=False
[YgoDuelist] YgoSecondHandLayoutPatch EXIT return false
[YgoDuelist] YgoSecondHandLayoutPatch ENTER all=1 main=1 opts=0 FocusedHolderId=0 FocusedIsOpt=False
[YgoDuelist] YgoSecondHandLayoutPatch EXIT return false
[YgoSetVisualDebug] Id=YGODUELIST-SKELENGEL, YgoCardType=EffectMonster, IsHandEffectFormActive=False, WillSet=True, FaceDown=True, ShouldUseSetVisual=True
[WARN] [BaseLib] GetRawText: Key 'YGO_ATTRIBUTE_LIGHT.title' not found in table 'static_hover_tips'
[WARN] [BaseLib] GetRawText: Key 'YGO_ATTRIBUTE_LIGHT.description' not found in table 'static_hover_tips'
[WARN] [BaseLib] GetRawText: Key 'YGO_RACE_FAIRY.title' not found in table 'static_hover_tips'
[WARN] [BaseLib] GetRawText: Key 'YGO_RACE_FAIRY.description' not found in table 'static_hover_tips'
[YgoSetVisualDebug] Id=YGODUELIST-HOURGLASS_OF_COURAGE, YgoCardType=EffectMonster, IsHandEffectFormActive=False, WillSet=True, FaceDown=True, ShouldUseSetVisual=True
[YgoDuelist] YgoSecondHandLayoutPatch ENTER all=2 main=2 opts=0 FocusedHolderId=0 FocusedIsOpt=False
[YgoDuelist] YgoSecondHandLayoutPatch EXIT return false
[YgoDuelist] YgoSecondHandLayoutPatch ENTER all=2 main=2 opts=0 FocusedHolderId=0 FocusedIsOpt=False
[YgoDuelist] YgoSecondHandLayoutPatch EXIT return false
[YgoDuelist] YgoSecondHandLayoutPatch ENTER all=3 main=3 opts=0 FocusedHolderId=0 FocusedIsOpt=False
[YgoDuelist] YgoSecondHandLayoutPatch EXIT return false
[YgoDuelist] YgoSecondHandLayoutPatch ENTER all=3 main=3 opts=0 FocusedHolderId=0 FocusedIsOpt=False
[YgoDuelist] YgoSecondHandLayoutPatch EXIT return false
[WARN] [BaseLib] GetRawText: Key 'YGO_ATTRIBUTE_EARTH.title' not found in table 'static_hover_tips'
[WARN] [BaseLib] GetRawText: Key 'YGO_ATTRIBUTE_EARTH.description' not found in table 'static_hover_tips'
[WARN] [BaseLib] GetRawText: Key 'YGO_RACE_ROCK.title' not found in table 'static_hover_tips'
[WARN] [BaseLib] GetRawText: Key 'YGO_RACE_ROCK.description' not found in table 'static_hover_tips'
[YgoDuelist] YgoSecondHandLayoutPatch ENTER all=4 main=4 opts=0 FocusedHolderId=0 FocusedIsOpt=False
[YgoDuelist] YgoSecondHandLayoutPatch EXIT return false
[YgoDuelist] YgoSecondHandLayoutPatch ENTER all=4 main=4 opts=0 FocusedHolderId=0 FocusedIsOpt=False
[YgoDuelist] YgoSecondHandLayoutPatch EXIT return false
[YgoDuelist] YgoSecondHandLayoutPatch ENTER all=5 main=5 opts=0 FocusedHolderId=0 FocusedIsOpt=False
[YgoDuelist] YgoSecondHandLayoutPatch EXIT return false
[YgoDuelist] YgoSecondHandLayoutPatch ENTER all=5 main=5 opts=0 FocusedHolderId=0 FocusedIsOpt=False
[YgoDuelist] YgoSecondHandLayoutPatch EXIT return false
[DEBUG] [ChecksumTracker] Generating checksum for context: After player turn start action:  id: 1
[YgoDuelist][MP][Checksum][fp] netId=76561198136285041 | pt=1 n=14:YGODUELIST-ARCANE_ARCHER_OF_THE_FOREST0bYgoDieForYouUserToggleOnFalseiPermanentAtkBonusFromExecutes01010000,20019,20043,YGODUELIST-BURNING_LAND01010009,20024,YGODUELIST-DEFEND_YGO_DUELIST010,YGODUELIST-DEFEND_YGO_DUELIST010,YGODUELIST-DEFEND_YGO_DUELIST010,YGODUELIST-EARTH_EFFIGY0bYgoDieForYouUserToggleOnFalseiPermanentAtkBonusFromExecutes01010000,20015,20043,YGODUELIST-FIRE_SORCERER0bYgoDieForYouUserToggleOnFalseiPermanentAtkBonusFromExecutes01010002,20017,20041,20043,YGODUELIST-GAIA_POWER01010009,20027,YGODUELIST-OUTSTANDING_DOG_MARRON0bYgoDieForYouUserToggleOnFalseiPermanentAtkBonusFromExecutes01010004,20001,YGODUELIST-RECKLESS_GREED01010009,10011,YGODUELIST-STRIKE_YGO_DUELIST010,YGODUELIST-STRIKE_YGO_DUELIST010,YGODUELIST-TOTAL_DEFENSE_SHOGUN0bYgoDieForYouUserToggleOnFalseiPermanentAtkBonusFromExecutes01010005,20019,20034,20043,YGODUELIST-TRAP_OF_BOARD_ERASER01010009,10011 | pt=2 n=5:YGODUELIST-HOURGLASS_OF_COURAGE0bYgoDieForYouUserToggleOnFalseiPermanentAtkBonusFromExecutes01010004,20006,20043,YGODUELIST-OJAMA_TRIO01010009,10011,YGODUELIST-ROCKET_JUMPER0bYgoDieForYouUserToggleOnFalseiPermanentAtkBonusFromExecutes01010000,20015,20043,20045,YGODUELIST-SKELENGEL0bYgoDieForYouUserToggleOnFalseiPermanentAtkBonusFromExecutes01010004,20006,20041,YGODUELIST-STRIKE_YGO_DUELIST010 | pt=3 n=0: | pt=4 n=0: | pt=5 n=0: | pt=932200512 n=0: | pt=932200513 n=0: | pt=932200514 n=0: | pt=932200515 n=0: | pt=932200516 n=0: | pt=932200517 n=0: | pt=932200518 n=0:
[YgoDuelist][MP][Checksum][fp] netId=76561198345121322 | pt=1 n=9:GREED0104,7,YGODUELIST-DEFEND_YGO_DUELIST010,YGODUELIST-FIRE_PRINCESS0bYgoDieForYouUserToggleOnFalseiPermanentAtkBonusFromExecutes01010002,20013,20043,YGODUELIST-QUEEN_S_DOUBLE0bYgoDieForYouUserToggleOnFalseiPermanentAtkBonusFromExecutes01010000,20019,20045,YGODUELIST-RAIGEKI_BREAK01010009,10011,20045,YGODUELIST-STRIKE_YGO_DUELIST010,YGODUELIST-STRIKE_YGO_DUELIST010,YGODUELIST-STRIKE_YGO_DUELIST010,YGODUELIST-YELLOW_LUSTER_SHIELD01010009,20024 | pt=2 n=5:YGODUELIST-DEFEND_YGO_DUELIST010,YGODUELIST-DEFEND_YGO_DUELIST010,YGODUELIST-KURAMA0bYgoDieForYouUserToggleOnFalseiPermanentAtkBonusFromExecutes01010003,20020,20043,YGODUELIST-VERSAGO_THE_DESTROYER0bYgoDieForYouUserToggleOnFalseiPermanentAtkBonusFromExecutes01010005,20007,20043,YGODUELIST-ZABORG_THE_THUNDER_MONARCH0bYgoDieForYouUserToggleOnFalseiPermanentAtkBonusFromExecutes01010004,20018,20034,20043 | pt=3 n=0: | pt=4 n=0: | pt=5 n=0: | pt=932200512 n=0: | pt=932200513 n=1:YGODUELIST-THE_LAST_WARRIOR_FROM_ANOTHER_PLANET0bYgoDieForYouUserToggleOnFalseiPermanentAtkBonusFromExecutes0iSummonAbsorbPrintedDefBonus01010000,20019,20036,20043 | pt=932200514 n=0: | pt=932200515 n=0: | pt=932200516 n=0: | pt=932200517 n=0: | pt=932200518 n=0:
[YgoDuelist][MP] CardKeyword enum wire width: vanillaMax=7 effectiveMax=21000 (YGO custom keywords)
[WARN] Warning: Packet writer is growing from 1024 bytes to 2048 bytes!
[DEBUG] [ActionExecutor] Un-pausing queue
[DEBUG] [ActionQueueSynchronizer] Combat state becomes PlayPhase. Requesting 0 actions and unpausing action queues
[DEBUG] [ActionQueueSet] Unpausing all player queues
[DEBUG] [ActionExecutor] Action queue changed, beginning ExecuteActions
[VERYDEBUG] [ActionQueueSet] Attempting to find ready action
[VERYDEBUG] [ActionQueueSet] Queue for player 76561198345121322 is empty
[VERYDEBUG] [ActionQueueSet] Queue for player 76561198136285041 is empty
[VERYDEBUG] [ActionQueueSet] No action is ready
[YgoStripVisualDebug] Id=YGODUELIST-VERSAGO_THE_DESTROYER, YgoCardType=EffectMonster, Attr=Dark, Race=Fiend, IsHandEffectFormActive=False, WillSet=True, FaceDown=False, UseFaceDownStrip=False
[WARN] [BaseLib] GetRawText: Key 'YGO_ATTRIBUTE_DARK.title' not found in table 'static_hover_tips'
[WARN] [BaseLib] GetRawText: Key 'YGO_ATTRIBUTE_DARK.description' not found in table 'static_hover_tips'
[WARN] [BaseLib] GetRawText: Key 'YGO_RACE_FIEND.title' not found in table 'static_hover_tips'
[WARN] [BaseLib] GetRawText: Key 'YGO_RACE_FIEND.description' not found in table 'static_hover_tips'
[YgoSetVisualDebug] Id=YGODUELIST-VERSAGO_THE_DESTROYER, YgoCardType=EffectMonster, IsHandEffectFormActive=False, WillSet=True, FaceDown=False, ShouldUseSetVisual=False
[YgoStripVisualDebug] Id=YGODUELIST-ZABORG_THE_THUNDER_MONARCH, YgoCardType=EffectMonster, Attr=Light, Race=Thunder, IsHandEffectFormActive=False, WillSet=True, FaceDown=False, UseFaceDownStrip=False
[WARN] [BaseLib] GetRawText: Key 'YGO_ATTRIBUTE_LIGHT.title' not found in table 'static_hover_tips'
[WARN] [BaseLib] GetRawText: Key 'YGO_ATTRIBUTE_LIGHT.description' not found in table 'static_hover_tips'
[WARN] [BaseLib] GetRawText: Key 'YGO_RACE_THUNDER.title' not found in table 'static_hover_tips'
[WARN] [BaseLib] GetRawText: Key 'YGO_RACE_THUNDER.description' not found in table 'static_hover_tips'
[YgoSetVisualDebug] Id=YGODUELIST-ZABORG_THE_THUNDER_MONARCH, YgoCardType=EffectMonster, IsHandEffectFormActive=False, WillSet=True, FaceDown=False, ShouldUseSetVisual=False
[WARN] [BaseLib] GetRawText: Key 'YGO_ATTRIBUTE_DARK.title' not found in table 'static_hover_tips'
[WARN] [BaseLib] GetRawText: Key 'YGO_ATTRIBUTE_DARK.description' not found in table 'static_hover_tips'
[WARN] [BaseLib] GetRawText: Key 'YGO_RACE_FIEND.title' not found in table 'static_hover_tips'
[WARN] [BaseLib] GetRawText: Key 'YGO_RACE_FIEND.description' not found in table 'static_hover_tips'
[WARN] [BaseLib] GetRawText: Key 'YGO_ATTRIBUTE_LIGHT.title' not found in table 'static_hover_tips'
[WARN] [BaseLib] GetRawText: Key 'YGO_ATTRIBUTE_LIGHT.description' not found in table 'static_hover_tips'
[WARN] [BaseLib] GetRawText: Key 'YGO_RACE_THUNDER.title' not found in table 'static_hover_tips'
[WARN] [BaseLib] GetRawText: Key 'YGO_RACE_THUNDER.description' not found in table 'static_hover_tips'
[WARN] [BaseLib] GetRawText: Key 'YGO_ATTRIBUTE_DARK.title' not found in table 'static_hover_tips'
[WARN] [BaseLib] GetRawText: Key 'YGO_ATTRIBUTE_DARK.description' not found in table 'static_hover_tips'
[WARN] [BaseLib] GetRawText: Key 'YGO_RACE_FIEND.title' not found in table 'static_hover_tips'
[WARN] [BaseLib] GetRawText: Key 'YGO_RACE_FIEND.description' not found in table 'static_hover_tips'
[YgoStripVisualDebug] Id=YGODUELIST-KURAMA, YgoCardType=Monster, Attr=Wind, Race=WingedBeast, IsHandEffectFormActive=False, WillSet=True, FaceDown=False, UseFaceDownStrip=False
[WARN] [BaseLib] GetRawText: Key 'YGO_ATTRIBUTE_WIND.title' not found in table 'static_hover_tips'
[WARN] [BaseLib] GetRawText: Key 'YGO_ATTRIBUTE_WIND.description' not found in table 'static_hover_tips'
[WARN] [BaseLib] GetRawText: Key 'YGO_RACE_WINGED_BEAST.title' not found in table 'static_hover_tips'
[WARN] [BaseLib] GetRawText: Key 'YGO_RACE_WINGED_BEAST.description' not found in table 'static_hover_tips'
[YgoSetVisualDebug] Id=YGODUELIST-KURAMA, YgoCardType=Monster, IsHandEffectFormActive=False, WillSet=True, FaceDown=False, ShouldUseSetVisual=False
[WARN] [BaseLib] GetRawText: Key 'YGO_ATTRIBUTE_LIGHT.title' not found in table 'static_hover_tips'
[WARN] [BaseLib] GetRawText: Key 'YGO_ATTRIBUTE_LIGHT.description' not found in table 'static_hover_tips'
[WARN] [BaseLib] GetRawText: Key 'YGO_RACE_THUNDER.title' not found in table 'static_hover_tips'
[WARN] [BaseLib] GetRawText: Key 'YGO_RACE_THUNDER.description' not found in table 'static_hover_tips'
[WARN] [BaseLib] GetRawText: Key 'YGO_ATTRIBUTE_DARK.title' not found in table 'static_hover_tips'
[WARN] [BaseLib] GetRawText: Key 'YGO_ATTRIBUTE_DARK.description' not found in table 'static_hover_tips'
[WARN] [BaseLib] GetRawText: Key 'YGO_RACE_FIEND.title' not found in table 'static_hover_tips'
[WARN] [BaseLib] GetRawText: Key 'YGO_RACE_FIEND.description' not found in table 'static_hover_tips'
[DEBUG] [NetMessageBus] Received message ActionEnqueuedMessage PlayerID: 76561198345121322 Action: NetPlayCardAction (NetCombatCard 3) target: null Source Location: act 0 coord (0, 1) (card: Versago the Destroyer), sending to 1 handlers
[VERYDEBUG] [RunLocationTargetedMessageBuffer] Handling map-targeted message ActionEnqueuedMessage PlayerID: 76561198345121322 Action: NetPlayCardAction (NetCombatCard 3) target: null Source Location: act 0 coord (0, 1) (card: Versago the Destroyer) from 76561198345121322 for location act 0 coord (0, 1)
[DEBUG] [ActionQueueSynchronizer] Received handle action enqueued message ActionEnqueuedMessage PlayerID: 76561198345121322 Action: NetPlayCardAction (NetCombatCard 3) target: null Source Location: act 0 coord (0, 1) (card: Versago the Destroyer) at 08:23:21
[DEBUG] [ActionQueueSynchronizer] Enqueueing action PlayCardAction card: CARD.YGODUELIST-VERSAGO_THE_DESTROYER (13264066) index: 3 targetid:  from owner 76561198345121322
[WARN] [BaseLib] GetRawText: Key 'YGO_ATTRIBUTE_DARK.title' not found in table 'static_hover_tips'
[WARN] [BaseLib] GetRawText: Key 'YGO_ATTRIBUTE_DARK.description' not found in table 'static_hover_tips'
[WARN] [BaseLib] GetRawText: Key 'YGO_RACE_FIEND.title' not found in table 'static_hover_tips'
[WARN] [BaseLib] GetRawText: Key 'YGO_RACE_FIEND.description' not found in table 'static_hover_tips'
[DEBUG] [ActionQueueSet] Enqueueing action PlayCardAction card: CARD.YGODUELIST-VERSAGO_THE_DESTROYER (13264066) index: 3 targetid:  to player queue owned by 76561198345121322
[DEBUG] [ActionExecutor] Action queue changed, beginning ExecuteActions
[VERYDEBUG] [ActionQueueSet] Attempting to find ready action
[VERYDEBUG] [ActionQueueSet] Action PlayCardAction card: CARD.YGODUELIST-VERSAGO_THE_DESTROYER (13264066) index: 3 targetid:  with id 3 belonging to 76561198345121322 becomes new ready action
[VERYDEBUG] [ActionQueueSet] Queue for player 76561198136285041 is empty
[VERYDEBUG] [ActionQueueSet] Got ready action PlayCardAction card: CARD.YGODUELIST-VERSAGO_THE_DESTROYER (13264066) index: 3 targetid:  (3)
[DEBUG] [ActionExecutor] Executing action: PlayCardAction card: CARD.YGODUELIST-VERSAGO_THE_DESTROYER (13264066) index: 3 targetid: 
[VERYDEBUG] [GameAction] Action PlayCardAction card: CARD.YGODUELIST-VERSAGO_THE_DESTROYER (13264066) index: 3 targetid:  began executing
[WARN] [BaseLib] GetRawText: Key 'YGO_ATTRIBUTE_DARK.title' not found in table 'static_hover_tips'
[WARN] [BaseLib] GetRawText: Key 'YGO_ATTRIBUTE_DARK.description' not found in table 'static_hover_tips'
[WARN] [BaseLib] GetRawText: Key 'YGO_RACE_FIEND.title' not found in table 'static_hover_tips'
[WARN] [BaseLib] GetRawText: Key 'YGO_RACE_FIEND.description' not found in table 'static_hover_tips'
[WARN] [BaseLib] GetRawText: Key 'YGO_ATTRIBUTE_DARK.title' not found in table 'static_hover_tips'
[WARN] [BaseLib] GetRawText: Key 'YGO_ATTRIBUTE_DARK.description' not found in table 'static_hover_tips'
[WARN] [BaseLib] GetRawText: Key 'YGO_RACE_FIEND.title' not found in table 'static_hover_tips'
[WARN] [BaseLib] GetRawText: Key 'YGO_RACE_FIEND.description' not found in table 'static_hover_tips'
[YgoDuelist][MP][HandStance] Observer applied wire hand stance atk=False handEffect=False faceDown=True willSet=True netIdx=3 card=YGODUELIST-VERSAGO_THE_DESTROYER
[YgoDuelist][MP][PlayCard] Remote peer: mirrored vanilla ExecuteAction body (owner=76561198345121322 card=YGODUELIST-VERSAGO_THE_DESTROYER)
[INFO] Player 76561198345121322 playing card YGODUELIST-VERSAGO_THE_DESTROYER (no target) [YgoDuelist remote mirror, skipped CanPlay]
[WARN] Asset not cached: res://YgoDuelist/monsters/duel_monster/duel_monster.tscn
[WARN] Asset not cached: res://YgoDuelist/images/powers/big/power.png
[DEBUG] [NetMessageBus] Received message ActionEnqueuedMessage PlayerID: 76561198345121322 Action: NetPlayCardAction (NetCombatCard 1) target: null Source Location: act 0 coord (0, 1) (card: Defend), sending to 1 handlers
[VERYDEBUG] [RunLocationTargetedMessageBuffer] Handling map-targeted message ActionEnqueuedMessage PlayerID: 76561198345121322 Action: NetPlayCardAction (NetCombatCard 1) target: null Source Location: act 0 coord (0, 1) (card: Defend) from 76561198345121322 for location act 0 coord (0, 1)
[DEBUG] [ActionQueueSynchronizer] Received handle action enqueued message ActionEnqueuedMessage PlayerID: 76561198345121322 Action: NetPlayCardAction (NetCombatCard 1) target: null Source Location: act 0 coord (0, 1) (card: Defend) at 08:23:23
[DEBUG] [ActionQueueSynchronizer] Enqueueing action PlayCardAction card: CARD.YGODUELIST-DEFEND_YGO_DUELIST (48217014) index: 1 targetid:  from owner 76561198345121322
[DEBUG] [ActionQueueSet] Enqueueing action PlayCardAction card: CARD.YGODUELIST-DEFEND_YGO_DUELIST (48217014) index: 1 targetid:  to player queue owned by 76561198345121322
[VERYDEBUG] [GameAction] Action PlayCardAction card: CARD.YGODUELIST-VERSAGO_THE_DESTROYER (13264066) index: 3 targetid:  finished execution
[DEBUG] [ChecksumTracker] Generating checksum for context: after executing action PlayCardAction card: CARD.YGODUELIST-VERSAGO_THE_DESTROYER (13264066) index: 3 targetid:  action: PlayCardAction card: CARD.YGODUELIST-VERSAGO_THE_DESTROYER (13264066) index: 3 targetid:  id: 2
[YgoDuelist][MP][Checksum][fp] netId=76561198136285041 | pt=1 n=14:YGODUELIST-ARCANE_ARCHER_OF_THE_FOREST0bYgoDieForYouUserToggleOnFalseiPermanentAtkBonusFromExecutes01010000,20019,20043,YGODUELIST-BURNING_LAND01010009,20024,YGODUELIST-DEFEND_YGO_DUELIST010,YGODUELIST-DEFEND_YGO_DUELIST010,YGODUELIST-DEFEND_YGO_DUELIST010,YGODUELIST-EARTH_EFFIGY0bYgoDieForYouUserToggleOnFalseiPermanentAtkBonusFromExecutes01010000,20015,20043,YGODUELIST-FIRE_SORCERER0bYgoDieForYouUserToggleOnFalseiPermanentAtkBonusFromExecutes01010002,20017,20041,20043,YGODUELIST-GAIA_POWER01010009,20027,YGODUELIST-OUTSTANDING_DOG_MARRON0bYgoDieForYouUserToggleOnFalseiPermanentAtkBonusFromExecutes01010004,20001,YGODUELIST-RECKLESS_GREED01010009,10011,YGODUELIST-STRIKE_YGO_DUELIST010,YGODUELIST-STRIKE_YGO_DUELIST010,YGODUELIST-TOTAL_DEFENSE_SHOGUN0bYgoDieForYouUserToggleOnFalseiPermanentAtkBonusFromExecutes01010005,20019,20034,20043,YGODUELIST-TRAP_OF_BOARD_ERASER01010009,10011 | pt=2 n=5:YGODUELIST-HOURGLASS_OF_COURAGE0bYgoDieForYouUserToggleOnFalseiPermanentAtkBonusFromExecutes01010004,20006,20043,YGODUELIST-OJAMA_TRIO01010009,10011,YGODUELIST-ROCKET_JUMPER0bYgoDieForYouUserToggleOnFalseiPermanentAtkBonusFromExecutes01010000,20015,20043,20045,YGODUELIST-SKELENGEL0bYgoDieForYouUserToggleOnFalseiPermanentAtkBonusFromExecutes01010004,20006,20041,YGODUELIST-STRIKE_YGO_DUELIST010 | pt=3 n=0: | pt=4 n=0: | pt=5 n=0: | pt=932200512 n=0: | pt=932200513 n=0: | pt=932200514 n=0: | pt=932200515 n=0: | pt=932200516 n=0: | pt=932200517 n=0: | pt=932200518 n=0:
[YgoDuelist][MP][Checksum][fp] netId=76561198345121322 | pt=1 n=9:GREED0104,7,YGODUELIST-DEFEND_YGO_DUELIST010,YGODUELIST-FIRE_PRINCESS0bYgoDieForYouUserToggleOnFalseiPermanentAtkBonusFromExecutes01010002,20013,20043,YGODUELIST-QUEEN_S_DOUBLE0bYgoDieForYouUserToggleOnFalseiPermanentAtkBonusFromExecutes01010000,20019,20045,YGODUELIST-RAIGEKI_BREAK01010009,10011,20045,YGODUELIST-STRIKE_YGO_DUELIST010,YGODUELIST-STRIKE_YGO_DUELIST010,YGODUELIST-STRIKE_YGO_DUELIST010,YGODUELIST-YELLOW_LUSTER_SHIELD01010009,20024 | pt=2 n=4:YGODUELIST-DEFEND_YGO_DUELIST010,YGODUELIST-DEFEND_YGO_DUELIST010,YGODUELIST-KURAMA0bYgoDieForYouUserToggleOnFalseiPermanentAtkBonusFromExecutes01010003,20020,20043,YGODUELIST-ZABORG_THE_THUNDER_MONARCH0bYgoDieForYouUserToggleOnFalseiPermanentAtkBonusFromExecutes01010004,20018,20034,20043 | pt=3 n=0: | pt=4 n=0: | pt=5 n=0: | pt=932200512 n=0: | pt=932200513 n=1:YGODUELIST-THE_LAST_WARRIOR_FROM_ANOTHER_PLANET0bYgoDieForYouUserToggleOnFalseiPermanentAtkBonusFromExecutes0iSummonAbsorbPrintedDefBonus01010000,20019,20036,20043 | pt=932200514 n=0: | pt=932200515 n=0: | pt=932200516 n=1:YGODUELIST-VERSAGO_THE_DESTROYER0bYgoDieForYouUserToggleOnFalseiPermanentAtkBonusFromExecutes01010005,20007,20043 | pt=932200517 n=0: | pt=932200518 n=0:
[DEBUG] [ActionExecutor] Completed execution of action PlayCardAction card: CARD.YGODUELIST-VERSAGO_THE_DESTROYER (13264066) index: 3 targetid: , attempting to find new action
[VERYDEBUG] [ActionQueueSet] Attempting to find ready action
[VERYDEBUG] [ActionQueueSet] Action PlayCardAction card: CARD.YGODUELIST-DEFEND_YGO_DUELIST (48217014) index: 1 targetid:  with id 4 belonging to 76561198345121322 becomes new ready action
[VERYDEBUG] [ActionQueueSet] Queue for player 76561198136285041 is empty
[VERYDEBUG] [ActionQueueSet] Got ready action PlayCardAction card: CARD.YGODUELIST-DEFEND_YGO_DUELIST (48217014) index: 1 targetid:  (4)
[DEBUG] [ActionExecutor] Executing action: PlayCardAction card: CARD.YGODUELIST-DEFEND_YGO_DUELIST (48217014) index: 1 targetid: 
[VERYDEBUG] [GameAction] Action PlayCardAction card: CARD.YGODUELIST-DEFEND_YGO_DUELIST (48217014) index: 1 targetid:  began executing
[INFO] Player 76561198345121322 playing card YGODUELIST-DEFEND_YGO_DUELIST (no target)
[VERYDEBUG] [GameAction] Action PlayCardAction card: CARD.YGODUELIST-DEFEND_YGO_DUELIST (48217014) index: 1 targetid:  finished execution
[DEBUG] [ChecksumTracker] Generating checksum for context: after executing action PlayCardAction card: CARD.YGODUELIST-DEFEND_YGO_DUELIST (48217014) index: 1 targetid:  action: PlayCardAction card: CARD.YGODUELIST-DEFEND_YGO_DUELIST (48217014) index: 1 targetid:  id: 3
[YgoDuelist][MP][Checksum][fp] netId=76561198136285041 | pt=1 n=14:YGODUELIST-ARCANE_ARCHER_OF_THE_FOREST0bYgoDieForYouUserToggleOnFalseiPermanentAtkBonusFromExecutes01010000,20019,20043,YGODUELIST-BURNING_LAND01010009,20024,YGODUELIST-DEFEND_YGO_DUELIST010,YGODUELIST-DEFEND_YGO_DUELIST010,YGODUELIST-DEFEND_YGO_DUELIST010,YGODUELIST-EARTH_EFFIGY0bYgoDieForYouUserToggleOnFalseiPermanentAtkBonusFromExecutes01010000,20015,20043,YGODUELIST-FIRE_SORCERER0bYgoDieForYouUserToggleOnFalseiPermanentAtkBonusFromExecutes01010002,20017,20041,20043,YGODUELIST-GAIA_POWER01010009,20027,YGODUELIST-OUTSTANDING_DOG_MARRON0bYgoDieForYouUserToggleOnFalseiPermanentAtkBonusFromExecutes01010004,20001,YGODUELIST-RECKLESS_GREED01010009,10011,YGODUELIST-STRIKE_YGO_DUELIST010,YGODUELIST-STRIKE_YGO_DUELIST010,YGODUELIST-TOTAL_DEFENSE_SHOGUN0bYgoDieForYouUserToggleOnFalseiPermanentAtkBonusFromExecutes01010005,20019,20034,20043,YGODUELIST-TRAP_OF_BOARD_ERASER01010009,10011 | pt=2 n=5:YGODUELIST-HOURGLASS_OF_COURAGE0bYgoDieForYouUserToggleOnFalseiPermanentAtkBonusFromExecutes01010004,20006,20043,YGODUELIST-OJAMA_TRIO01010009,10011,YGODUELIST-ROCKET_JUMPER0bYgoDieForYouUserToggleOnFalseiPermanentAtkBonusFromExecutes01010000,20015,20043,20045,YGODUELIST-SKELENGEL0bYgoDieForYouUserToggleOnFalseiPermanentAtkBonusFromExecutes01010004,20006,20041,YGODUELIST-STRIKE_YGO_DUELIST010 | pt=3 n=0: | pt=4 n=0: | pt=5 n=0: | pt=932200512 n=0: | pt=932200513 n=0: | pt=932200514 n=0: | pt=932200515 n=0: | pt=932200516 n=0: | pt=932200517 n=0: | pt=932200518 n=0:
[YgoDuelist][MP][Checksum][fp] netId=76561198345121322 | pt=1 n=9:GREED0104,7,YGODUELIST-DEFEND_YGO_DUELIST010,YGODUELIST-FIRE_PRINCESS0bYgoDieForYouUserToggleOnFalseiPermanentAtkBonusFromExecutes01010002,20013,20043,YGODUELIST-QUEEN_S_DOUBLE0bYgoDieForYouUserToggleOnFalseiPermanentAtkBonusFromExecutes01010000,20019,20045,YGODUELIST-RAIGEKI_BREAK01010009,10011,20045,YGODUELIST-STRIKE_YGO_DUELIST010,YGODUELIST-STRIKE_YGO_DUELIST010,YGODUELIST-STRIKE_YGO_DUELIST010,YGODUELIST-YELLOW_LUSTER_SHIELD01010009,20024 | pt=2 n=3:YGODUELIST-DEFEND_YGO_DUELIST010,YGODUELIST-KURAMA0bYgoDieForYouUserToggleOnFalseiPermanentAtkBonusFromExecutes01010003,20020,20043,YGODUELIST-ZABORG_THE_THUNDER_MONARCH0bYgoDieForYouUserToggleOnFalseiPermanentAtkBonusFromExecutes01010004,20018,20034,20043 | pt=3 n=1:YGODUELIST-DEFEND_YGO_DUELIST010 | pt=4 n=0: | pt=5 n=0: | pt=932200512 n=0: | pt=932200513 n=1:YGODUELIST-THE_LAST_WARRIOR_FROM_ANOTHER_PLANET0bYgoDieForYouUserToggleOnFalseiPermanentAtkBonusFromExecutes0iSummonAbsorbPrintedDefBonus01010000,20019,20036,20043 | pt=932200514 n=0: | pt=932200515 n=0: | pt=932200516 n=1:YGODUELIST-VERSAGO_THE_DESTROYER0bYgoDieForYouUserToggleOnFalseiPermanentAtkBonusFromExecutes01010005,20007,20043 | pt=932200517 n=0: | pt=932200518 n=0:
[DEBUG] [ActionExecutor] Completed execution of action PlayCardAction card: CARD.YGODUELIST-DEFEND_YGO_DUELIST (48217014) index: 1 targetid: , attempting to find new action
[VERYDEBUG] [ActionQueueSet] Attempting to find ready action
[VERYDEBUG] [ActionQueueSet] Queue for player 76561198345121322 is empty
[VERYDEBUG] [ActionQueueSet] Queue for player 76561198136285041 is empty
[VERYDEBUG] [ActionQueueSet] No action is ready
[DEBUG] [NetQualityTracker] Connection statistics at 08:23:24:
[DEBUG] [NetQualityTracker] 	76561198345121322 - Ping: 65.61419. Packet Loss: 3E-45.
[DEBUG] [NetMessageBus] Received message ActionEnqueuedMessage PlayerID: 76561198345121322 Action: NetEndPlayerTurnAction round: 1 Source Location: act 0 coord (0, 1) , sending to 1 handlers
[VERYDEBUG] [RunLocationTargetedMessageBuffer] Handling map-targeted message ActionEnqueuedMessage PlayerID: 76561198345121322 Action: NetEndPlayerTurnAction round: 1 Source Location: act 0 coord (0, 1)  from 76561198345121322 for location act 0 coord (0, 1)
[DEBUG] [ActionQueueSynchronizer] Received handle action enqueued message ActionEnqueuedMessage PlayerID: 76561198345121322 Action: NetEndPlayerTurnAction round: 1 Source Location: act 0 coord (0, 1)  at 08:23:27
[DEBUG] [ActionQueueSynchronizer] Enqueueing action EndPlayerTurnAction for player 76561198345121322 round 1 from owner 76561198345121322
[DEBUG] [ActionQueueSet] Enqueueing action EndPlayerTurnAction for player 76561198345121322 round 1 to player queue owned by 76561198345121322
[DEBUG] [ActionExecutor] Action queue changed, beginning ExecuteActions
[VERYDEBUG] [ActionQueueSet] Attempting to find ready action
[VERYDEBUG] [ActionQueueSet] Action EndPlayerTurnAction for player 76561198345121322 round 1 with id 5 belonging to 76561198345121322 becomes new ready action
[VERYDEBUG] [ActionQueueSet] Queue for player 76561198136285041 is empty
[VERYDEBUG] [ActionQueueSet] Got ready action EndPlayerTurnAction for player 76561198345121322 round 1 (5)
[DEBUG] [ActionExecutor] Executing action: EndPlayerTurnAction for player 76561198345121322 round 1
[VERYDEBUG] [GameAction] Action EndPlayerTurnAction for player 76561198345121322 round 1 began executing
[VERYDEBUG] [GameAction] Action EndPlayerTurnAction for player 76561198345121322 round 1 finished execution
[DEBUG] [ActionExecutor] Completed execution of action EndPlayerTurnAction for player 76561198345121322 round 1, attempting to find new action
[VERYDEBUG] [ActionQueueSet] Attempting to find ready action
[VERYDEBUG] [ActionQueueSet] Queue for player 76561198345121322 is empty
[VERYDEBUG] [ActionQueueSet] Queue for player 76561198136285041 is empty
[VERYDEBUG] [ActionQueueSet] No action is ready
[YgoDuelist] YgoSecondHandLayoutPatch ENTER all=5 main=5 opts=0 FocusedHolderId=2942136499184 FocusedIsOpt=False
[YgoDuelist] YgoSecondHandLayoutPatch EXIT return false
[YgoDuelist] YgoSecondHandLayoutPatch ENTER all=5 main=5 opts=0 FocusedHolderId=0 FocusedIsOpt=False
[YgoDuelist] YgoSecondHandLayoutPatch EXIT return false
[YgoDuelist] YgoSecondHandLayoutPatch ENTER all=5 main=5 opts=0 FocusedHolderId=2941146637855 FocusedIsOpt=False
[YgoDuelist] YgoSecondHandLayoutPatch EXIT return false
[YgoDuelist] YgoSecondHandLayoutPatch ENTER all=5 main=5 opts=0 FocusedHolderId=0 FocusedIsOpt=False
[YgoDuelist] YgoSecondHandLayoutPatch EXIT return false
[YgoDuelist] YgoSecondHandLayoutPatch ENTER all=5 main=5 opts=0 FocusedHolderId=2939619916659 FocusedIsOpt=False
[YgoDuelist] YgoSecondHandLayoutPatch EXIT return false
[WARN] [BaseLib] GetRawText: Key 'YGODUELIST-SKELENGEL.flip_effect.description' not found in table 'cards'
[YgoDuelist] YgoSecondHandLayoutPatch ENTER all=5 main=5 opts=0 FocusedHolderId=0 FocusedIsOpt=False
[YgoDuelist] YgoSecondHandLayoutPatch EXIT return false
[YgoDuelist] YgoSecondHandLayoutPatch ENTER all=5 main=5 opts=0 FocusedHolderId=2941146637855 FocusedIsOpt=False
[YgoDuelist] YgoSecondHandLayoutPatch EXIT return false
[YgoDuelist] YgoSecondHandLayoutPatch ENTER all=5 main=5 opts=0 FocusedHolderId=0 FocusedIsOpt=False
[YgoDuelist] YgoSecondHandLayoutPatch EXIT return false
[YgoDuelist] YgoSecondHandLayoutPatch ENTER all=5 main=5 opts=0 FocusedHolderId=2942136499184 FocusedIsOpt=False
[YgoDuelist] YgoSecondHandLayoutPatch EXIT return false
[YgoDuelist] YgoSecondHandLayoutPatch ENTER all=5 main=5 opts=0 FocusedHolderId=0 FocusedIsOpt=False
[YgoDuelist] YgoSecondHandLayoutPatch EXIT return false
[YgoDuelist] YgoSecondHandLayoutPatch ENTER all=5 main=5 opts=0 FocusedHolderId=2943596115952 FocusedIsOpt=False
[YgoDuelist] YgoSecondHandLayoutPatch EXIT return false
[YgoDuelist] YgoSecondHandLayoutPatch ENTER all=5 main=5 opts=0 FocusedHolderId=0 FocusedIsOpt=False
[YgoDuelist] YgoSecondHandLayoutPatch EXIT return false
[YgoDuelist] YgoSecondHandLayoutPatch ENTER all=5 main=5 opts=0 FocusedHolderId=2945307392830 FocusedIsOpt=False
[YgoDuelist] YgoSecondHandLayoutPatch EXIT return false
[YgoDuelist] YgoSecondHandLayoutPatch ENTER all=5 main=5 opts=0 FocusedHolderId=0 FocusedIsOpt=False
[YgoDuelist] YgoSecondHandLayoutPatch EXIT return false
[YgoDuelist] YgoSecondHandLayoutPatch ENTER all=5 main=5 opts=0 FocusedHolderId=2943596115952 FocusedIsOpt=False
[YgoDuelist] YgoSecondHandLayoutPatch EXIT return false
[YgoDuelist] YgoSecondHandLayoutPatch ENTER all=5 main=5 opts=0 FocusedHolderId=0 FocusedIsOpt=False
[YgoDuelist] YgoSecondHandLayoutPatch EXIT return false
[YgoDuelist] YgoSecondHandLayoutPatch ENTER all=5 main=5 opts=0 FocusedHolderId=2942136499184 FocusedIsOpt=False
[YgoDuelist] YgoSecondHandLayoutPatch EXIT return false
[YgoDuelist] YgoSecondHandLayoutPatch ENTER all=5 main=5 opts=0 FocusedHolderId=0 FocusedIsOpt=False
[YgoDuelist] YgoSecondHandLayoutPatch EXIT return false
[YgoDuelist] YgoSecondHandLayoutPatch ENTER all=5 main=5 opts=0 FocusedHolderId=2941146637855 FocusedIsOpt=False
[YgoDuelist] YgoSecondHandLayoutPatch EXIT return false
[YgoDuelist] YgoSecondHandLayoutPatch ENTER all=5 main=5 opts=0 FocusedHolderId=0 FocusedIsOpt=False
[YgoDuelist] YgoSecondHandLayoutPatch EXIT return false
[YgoDuelist] YgoSecondHandLayoutPatch ENTER all=5 main=5 opts=0 FocusedHolderId=2939619916659 FocusedIsOpt=False
[YgoDuelist] YgoSecondHandLayoutPatch EXIT return false
[WARN] [BaseLib] GetRawText: Key 'YGODUELIST-SKELENGEL.flip_effect.description' not found in table 'cards'
[YgoDuelist] YgoSecondHandLayoutPatch ENTER all=5 main=5 opts=0 FocusedHolderId=0 FocusedIsOpt=False
[YgoDuelist] YgoSecondHandLayoutPatch EXIT return false
[YgoDuelist] YgoSecondHandLayoutPatch ENTER all=5 main=5 opts=0 FocusedHolderId=2941146637855 FocusedIsOpt=False
[YgoDuelist] YgoSecondHandLayoutPatch EXIT return false
[YgoDuelist] YgoSecondHandLayoutPatch ENTER all=5 main=5 opts=0 FocusedHolderId=0 FocusedIsOpt=False
[YgoDuelist] YgoSecondHandLayoutPatch EXIT return false
[YgoDuelist] YgoSecondHandLayoutPatch ENTER all=4 main=4 opts=0 FocusedHolderId=0 FocusedIsOpt=False
[YgoDuelist] YgoSecondHandLayoutPatch EXIT return false
[DEBUG] [ActionQueueSynchronizer] Sending message to host requesting to enqueue action PlayCardAction card: CARD.YGODUELIST-HOURGLASS_OF_COURAGE (54302151) index: 2049 targetid:  at 08:23:38
[YgoDuelist] YgoSecondHandLayoutPatch ENTER all=4 main=4 opts=0 FocusedHolderId=0 FocusedIsOpt=False
[YgoDuelist] YgoSecondHandLayoutPatch EXIT return false
[DEBUG] [NetMessageBus] Received message ActionEnqueuedMessage PlayerID: 76561198136285041 Action: NetPlayCardAction (NetCombatCard 2049) target: null Source Location: act 0 coord (0, 1) (card: Hourglass of Courage), sending to 1 handlers
[VERYDEBUG] [RunLocationTargetedMessageBuffer] Handling map-targeted message ActionEnqueuedMessage PlayerID: 76561198136285041 Action: NetPlayCardAction (NetCombatCard 2049) target: null Source Location: act 0 coord (0, 1) (card: Hourglass of Courage) from 76561198345121322 for location act 0 coord (0, 1)
[DEBUG] [ActionQueueSynchronizer] Received handle action enqueued message ActionEnqueuedMessage PlayerID: 76561198136285041 Action: NetPlayCardAction (NetCombatCard 2049) target: null Source Location: act 0 coord (0, 1) (card: Hourglass of Courage) at 08:23:38
[DEBUG] [ActionQueueSynchronizer] Enqueueing action PlayCardAction card: CARD.YGODUELIST-HOURGLASS_OF_COURAGE (54302151) index: 2049 targetid:  from owner 76561198136285041
[YgoDuelist] YgoSecondHandLayoutPatch ENTER all=4 main=4 opts=0 FocusedHolderId=0 FocusedIsOpt=False
[YgoDuelist] YgoSecondHandLayoutPatch EXIT return false
[DEBUG] [ActionQueueSet] Enqueueing action PlayCardAction card: CARD.YGODUELIST-HOURGLASS_OF_COURAGE (54302151) index: 2049 targetid:  to player queue owned by 76561198136285041
[DEBUG] [ActionExecutor] Action queue changed, beginning ExecuteActions
[VERYDEBUG] [ActionQueueSet] Attempting to find ready action
[VERYDEBUG] [ActionQueueSet] Queue for player 76561198345121322 is empty
[VERYDEBUG] [ActionQueueSet] Action PlayCardAction card: CARD.YGODUELIST-HOURGLASS_OF_COURAGE (54302151) index: 2049 targetid:  with id 6 belonging to 76561198136285041 becomes new ready action
[VERYDEBUG] [ActionQueueSet] Got ready action PlayCardAction card: CARD.YGODUELIST-HOURGLASS_OF_COURAGE (54302151) index: 2049 targetid:  (6)
[DEBUG] [ActionExecutor] Executing action: PlayCardAction card: CARD.YGODUELIST-HOURGLASS_OF_COURAGE (54302151) index: 2049 targetid: 
[VERYDEBUG] [GameAction] Action PlayCardAction card: CARD.YGODUELIST-HOURGLASS_OF_COURAGE (54302151) index: 2049 targetid:  began executing
[INFO] Player 76561198136285041 playing card YGODUELIST-HOURGLASS_OF_COURAGE (no target)
[YgoDuelist] Hover start on duel pet: DuelMonsterModel
[YgoDuelist] Hover end on duel pet: DuelMonsterModel
[VERYDEBUG] [GameAction] Action PlayCardAction card: CARD.YGODUELIST-HOURGLASS_OF_COURAGE (54302151) index: 2049 targetid:  finished execution
[DEBUG] [ChecksumTracker] Generating checksum for context: after executing action PlayCardAction card: CARD.YGODUELIST-HOURGLASS_OF_COURAGE (54302151) index: 2049 targetid:  action: PlayCardAction card: CARD.YGODUELIST-HOURGLASS_OF_COURAGE (54302151) index: 2049 targetid:  id: 4
[YgoDuelist][MP][Checksum][fp] netId=76561198136285041 | pt=1 n=14:YGODUELIST-ARCANE_ARCHER_OF_THE_FOREST0bYgoDieForYouUserToggleOnFalseiPermanentAtkBonusFromExecutes01010000,20019,20043,YGODUELIST-BURNING_LAND01010009,20024,YGODUELIST-DEFEND_YGO_DUELIST010,YGODUELIST-DEFEND_YGO_DUELIST010,YGODUELIST-DEFEND_YGO_DUELIST010,YGODUELIST-EARTH_EFFIGY0bYgoDieForYouUserToggleOnFalseiPermanentAtkBonusFromExecutes01010000,20015,20043,YGODUELIST-FIRE_SORCERER0bYgoDieForYouUserToggleOnFalseiPermanentAtkBonusFromExecutes01010002,20017,20041,20043,YGODUELIST-GAIA_POWER01010009,20027,YGODUELIST-OUTSTANDING_DOG_MARRON0bYgoDieForYouUserToggleOnFalseiPermanentAtkBonusFromExecutes01010004,20001,YGODUELIST-RECKLESS_GREED01010009,10011,YGODUELIST-STRIKE_YGO_DUELIST010,YGODUELIST-STRIKE_YGO_DUELIST010,YGODUELIST-TOTAL_DEFENSE_SHOGUN0bYgoDieForYouUserToggleOnFalseiPermanentAtkBonusFromExecutes01010005,20019,20034,20043,YGODUELIST-TRAP_OF_BOARD_ERASER01010009,10011 | pt=2 n=4:YGODUELIST-OJAMA_TRIO01010009,10011,YGODUELIST-ROCKET_JUMPER0bYgoDieForYouUserToggleOnFalseiPermanentAtkBonusFromExecutes01010000,20015,20043,20045,YGODUELIST-SKELENGEL0bYgoDieForYouUserToggleOnFalseiPermanentAtkBonusFromExecutes01010004,20006,20041,YGODUELIST-STRIKE_YGO_DUELIST010 | pt=3 n=0: | pt=4 n=0: | pt=5 n=0: | pt=932200512 n=0: | pt=932200513 n=0: | pt=932200514 n=0: | pt=932200515 n=0: | pt=932200516 n=1:YGODUELIST-HOURGLASS_OF_COURAGE0bYgoDieForYouUserToggleOnFalseiPermanentAtkBonusFromExecutes01010004,20006,20043 | pt=932200517 n=0: | pt=932200518 n=0:
[YgoDuelist][MP][Checksum][fp] netId=76561198345121322 | pt=1 n=9:GREED0104,7,YGODUELIST-DEFEND_YGO_DUELIST010,YGODUELIST-FIRE_PRINCESS0bYgoDieForYouUserToggleOnFalseiPermanentAtkBonusFromExecutes01010002,20013,20043,YGODUELIST-QUEEN_S_DOUBLE0bYgoDieForYouUserToggleOnFalseiPermanentAtkBonusFromExecutes01010000,20019,20045,YGODUELIST-RAIGEKI_BREAK01010009,10011,20045,YGODUELIST-STRIKE_YGO_DUELIST010,YGODUELIST-STRIKE_YGO_DUELIST010,YGODUELIST-STRIKE_YGO_DUELIST010,YGODUELIST-YELLOW_LUSTER_SHIELD01010009,20024 | pt=2 n=3:YGODUELIST-DEFEND_YGO_DUELIST010,YGODUELIST-KURAMA0bYgoDieForYouUserToggleOnFalseiPermanentAtkBonusFromExecutes01010003,20020,20043,YGODUELIST-ZABORG_THE_THUNDER_MONARCH0bYgoDieForYouUserToggleOnFalseiPermanentAtkBonusFromExecutes01010004,20018,20034,20043 | pt=3 n=1:YGODUELIST-DEFEND_YGO_DUELIST010 | pt=4 n=0: | pt=5 n=0: | pt=932200512 n=0: | pt=932200513 n=1:YGODUELIST-THE_LAST_WARRIOR_FROM_ANOTHER_PLANET0bYgoDieForYouUserToggleOnFalseiPermanentAtkBonusFromExecutes0iSummonAbsorbPrintedDefBonus01010000,20019,20036,20043 | pt=932200514 n=0: | pt=932200515 n=0: | pt=932200516 n=1:YGODUELIST-VERSAGO_THE_DESTROYER0bYgoDieForYouUserToggleOnFalseiPermanentAtkBonusFromExecutes01010005,20007,20043 | pt=932200517 n=0: | pt=932200518 n=0:
[DEBUG] [ActionExecutor] Completed execution of action PlayCardAction card: CARD.YGODUELIST-HOURGLASS_OF_COURAGE (54302151) index: 2049 targetid: , attempting to find new action
[VERYDEBUG] [ActionQueueSet] Attempting to find ready action
[VERYDEBUG] [ActionQueueSet] Queue for player 76561198345121322 is empty
[VERYDEBUG] [ActionQueueSet] Queue for player 76561198136285041 is empty
[VERYDEBUG] [ActionQueueSet] No action is ready
[YgoDuelist] YgoSecondHandLayoutPatch ENTER all=4 main=4 opts=0 FocusedHolderId=2942136499184 FocusedIsOpt=False
[YgoDuelist] YgoSecondHandLayoutPatch EXIT return false
[YgoDuelist] YgoSecondHandLayoutPatch ENTER all=4 main=4 opts=0 FocusedHolderId=0 FocusedIsOpt=False
[YgoDuelist] YgoSecondHandLayoutPatch EXIT return false
[YgoDuelist] YgoSecondHandLayoutPatch ENTER all=3 main=3 opts=0 FocusedHolderId=0 FocusedIsOpt=False
[YgoDuelist] YgoSecondHandLayoutPatch EXIT return false
[YgoDuelist] StartTargeting ENTER validTargetsType=AnyEnemy secondArgType=NCard
[YgoDuelist] StartTargeting POSTFIX cardPlay=NMouseCardPlay holderIsOption=False
[YgoDuelist] Hover start on duel pet: DuelMonsterModel
[YgoDuelist] Hover end on duel pet: DuelMonsterModel
[DEBUG] [ActionQueueSynchronizer] Sending message to host requesting to enqueue action PlayCardAction card: CARD.YGODUELIST-STRIKE_YGO_DUELIST (18957315) index: 2050 targetid: 3 at 08:23:42
[YgoDuelist] YgoSecondHandLayoutPatch ENTER all=3 main=3 opts=0 FocusedHolderId=0 FocusedIsOpt=False
[YgoDuelist] YgoSecondHandLayoutPatch EXIT return false
[DEBUG] [NetMessageBus] Received message ActionEnqueuedMessage PlayerID: 76561198136285041 Action: NetPlayCardAction (NetCombatCard 2050) target: 3 Source Location: act 0 coord (0, 1) (card: Strike), sending to 1 handlers
[VERYDEBUG] [RunLocationTargetedMessageBuffer] Handling map-targeted message ActionEnqueuedMessage PlayerID: 76561198136285041 Action: NetPlayCardAction (NetCombatCard 2050) target: 3 Source Location: act 0 coord (0, 1) (card: Strike) from 76561198345121322 for location act 0 coord (0, 1)
[DEBUG] [ActionQueueSynchronizer] Received handle action enqueued message ActionEnqueuedMessage PlayerID: 76561198136285041 Action: NetPlayCardAction (NetCombatCard 2050) target: 3 Source Location: act 0 coord (0, 1) (card: Strike) at 08:23:42
[DEBUG] [ActionQueueSynchronizer] Enqueueing action PlayCardAction card: CARD.YGODUELIST-STRIKE_YGO_DUELIST (18957315) index: 2050 targetid: 3 from owner 76561198136285041
[YgoDuelist] YgoSecondHandLayoutPatch ENTER all=3 main=3 opts=0 FocusedHolderId=0 FocusedIsOpt=False
[YgoDuelist] YgoSecondHandLayoutPatch EXIT return false
[DEBUG] [ActionQueueSet] Enqueueing action PlayCardAction card: CARD.YGODUELIST-STRIKE_YGO_DUELIST (18957315) index: 2050 targetid: 3 to player queue owned by 76561198136285041
[DEBUG] [ActionExecutor] Action queue changed, beginning ExecuteActions
[VERYDEBUG] [ActionQueueSet] Attempting to find ready action
[VERYDEBUG] [ActionQueueSet] Queue for player 76561198345121322 is empty
[VERYDEBUG] [ActionQueueSet] Action PlayCardAction card: CARD.YGODUELIST-STRIKE_YGO_DUELIST (18957315) index: 2050 targetid: 3 with id 7 belonging to 76561198136285041 becomes new ready action
[VERYDEBUG] [ActionQueueSet] Got ready action PlayCardAction card: CARD.YGODUELIST-STRIKE_YGO_DUELIST (18957315) index: 2050 targetid: 3 (7)
[DEBUG] [ActionExecutor] Executing action: PlayCardAction card: CARD.YGODUELIST-STRIKE_YGO_DUELIST (18957315) index: 2050 targetid: 3
[VERYDEBUG] [GameAction] Action PlayCardAction card: CARD.YGODUELIST-STRIKE_YGO_DUELIST (18957315) index: 2050 targetid: 3 began executing
[INFO] Player 76561198136285041 playing card YGODUELIST-STRIKE_YGO_DUELIST (targeting Toadpole (index 5))
[VERYDEBUG] [GameAction] Action PlayCardAction card: CARD.YGODUELIST-STRIKE_YGO_DUELIST (18957315) index: 2050 targetid: 3 finished execution
[DEBUG] [ChecksumTracker] Generating checksum for context: after executing action PlayCardAction card: CARD.YGODUELIST-STRIKE_YGO_DUELIST (18957315) index: 2050 targetid: 3 action: PlayCardAction card: CARD.YGODUELIST-STRIKE_YGO_DUELIST (18957315) index: 2050 targetid: 3 id: 5
[YgoDuelist][MP][Checksum][fp] netId=76561198136285041 | pt=1 n=14:YGODUELIST-ARCANE_ARCHER_OF_THE_FOREST0bYgoDieForYouUserToggleOnFalseiPermanentAtkBonusFromExecutes01010000,20019,20043,YGODUELIST-BURNING_LAND01010009,20024,YGODUELIST-DEFEND_YGO_DUELIST010,YGODUELIST-DEFEND_YGO_DUELIST010,YGODUELIST-DEFEND_YGO_DUELIST010,YGODUELIST-EARTH_EFFIGY0bYgoDieForYouUserToggleOnFalseiPermanentAtkBonusFromExecutes01010000,20015,20043,YGODUELIST-FIRE_SORCERER0bYgoDieForYouUserToggleOnFalseiPermanentAtkBonusFromExecutes01010002,20017,20041,20043,YGODUELIST-GAIA_POWER01010009,20027,YGODUELIST-OUTSTANDING_DOG_MARRON0bYgoDieForYouUserToggleOnFalseiPermanentAtkBonusFromExecutes01010004,20001,YGODUELIST-RECKLESS_GREED01010009,10011,YGODUELIST-STRIKE_YGO_DUELIST010,YGODUELIST-STRIKE_YGO_DUELIST010,YGODUELIST-TOTAL_DEFENSE_SHOGUN0bYgoDieForYouUserToggleOnFalseiPermanentAtkBonusFromExecutes01010005,20019,20034,20043,YGODUELIST-TRAP_OF_BOARD_ERASER01010009,10011 | pt=2 n=3:YGODUELIST-OJAMA_TRIO01010009,10011,YGODUELIST-ROCKET_JUMPER0bYgoDieForYouUserToggleOnFalseiPermanentAtkBonusFromExecutes01010000,20015,20043,20045,YGODUELIST-SKELENGEL0bYgoDieForYouUserToggleOnFalseiPermanentAtkBonusFromExecutes01010004,20006,20041 | pt=3 n=1:YGODUELIST-STRIKE_YGO_DUELIST010 | pt=4 n=0: | pt=5 n=0: | pt=932200512 n=0: | pt=932200513 n=0: | pt=932200514 n=0: | pt=932200515 n=0: | pt=932200516 n=1:YGODUELIST-HOURGLASS_OF_COURAGE0bYgoDieForYouUserToggleOnFalseiPermanentAtkBonusFromExecutes01010004,20006,20043 | pt=932200517 n=0: | pt=932200518 n=0:
[YgoDuelist][MP][Checksum][fp] netId=76561198345121322 | pt=1 n=9:GREED0104,7,YGODUELIST-DEFEND_YGO_DUELIST010,YGODUELIST-FIRE_PRINCESS0bYgoDieForYouUserToggleOnFalseiPermanentAtkBonusFromExecutes01010002,20013,20043,YGODUELIST-QUEEN_S_DOUBLE0bYgoDieForYouUserToggleOnFalseiPermanentAtkBonusFromExecutes01010000,20019,20045,YGODUELIST-RAIGEKI_BREAK01010009,10011,20045,YGODUELIST-STRIKE_YGO_DUELIST010,YGODUELIST-STRIKE_YGO_DUELIST010,YGODUELIST-STRIKE_YGO_DUELIST010,YGODUELIST-YELLOW_LUSTER_SHIELD01010009,20024 | pt=2 n=3:YGODUELIST-DEFEND_YGO_DUELIST010,YGODUELIST-KURAMA0bYgoDieForYouUserToggleOnFalseiPermanentAtkBonusFromExecutes01010003,20020,20043,YGODUELIST-ZABORG_THE_THUNDER_MONARCH0bYgoDieForYouUserToggleOnFalseiPermanentAtkBonusFromExecutes01010004,20018,20034,20043 | pt=3 n=1:YGODUELIST-DEFEND_YGO_DUELIST010 | pt=4 n=0: | pt=5 n=0: | pt=932200512 n=0: | pt=932200513 n=1:YGODUELIST-THE_LAST_WARRIOR_FROM_ANOTHER_PLANET0bYgoDieForYouUserToggleOnFalseiPermanentAtkBonusFromExecutes0iSummonAbsorbPrintedDefBonus01010000,20019,20036,20043 | pt=932200514 n=0: | pt=932200515 n=0: | pt=932200516 n=1:YGODUELIST-VERSAGO_THE_DESTROYER0bYgoDieForYouUserToggleOnFalseiPermanentAtkBonusFromExecutes01010005,20007,20043 | pt=932200517 n=0: | pt=932200518 n=0:
[DEBUG] [ActionExecutor] Completed execution of action PlayCardAction card: CARD.YGODUELIST-STRIKE_YGO_DUELIST (18957315) index: 2050 targetid: 3, attempting to find new action
[VERYDEBUG] [ActionQueueSet] Attempting to find ready action
[VERYDEBUG] [ActionQueueSet] Queue for player 76561198345121322 is empty
[VERYDEBUG] [ActionQueueSet] Queue for player 76561198136285041 is empty
[VERYDEBUG] [ActionQueueSet] No action is ready
[DEBUG] [ActionQueueSynchronizer] Sending message to host requesting to enqueue action EndPlayerTurnAction for player 76561198136285041 round 1 at 08:23:44
[DEBUG] [NetMessageBus] Received message ActionEnqueuedMessage PlayerID: 76561198136285041 Action: NetEndPlayerTurnAction round: 1 Source Location: act 0 coord (0, 1) , sending to 1 handlers
[VERYDEBUG] [RunLocationTargetedMessageBuffer] Handling map-targeted message ActionEnqueuedMessage PlayerID: 76561198136285041 Action: NetEndPlayerTurnAction round: 1 Source Location: act 0 coord (0, 1)  from 76561198345121322 for location act 0 coord (0, 1)
[DEBUG] [ActionQueueSynchronizer] Received handle action enqueued message ActionEnqueuedMessage PlayerID: 76561198136285041 Action: NetEndPlayerTurnAction round: 1 Source Location: act 0 coord (0, 1)  at 08:23:44
[DEBUG] [ActionQueueSynchronizer] Enqueueing action EndPlayerTurnAction for player 76561198136285041 round 1 from owner 76561198136285041
[DEBUG] [ActionQueueSet] Enqueueing action EndPlayerTurnAction for player 76561198136285041 round 1 to player queue owned by 76561198136285041
[DEBUG] [ActionExecutor] Action queue changed, beginning ExecuteActions
[VERYDEBUG] [ActionQueueSet] Attempting to find ready action
[VERYDEBUG] [ActionQueueSet] Queue for player 76561198345121322 is empty
[VERYDEBUG] [ActionQueueSet] Action EndPlayerTurnAction for player 76561198136285041 round 1 with id 8 belonging to 76561198136285041 becomes new ready action
[VERYDEBUG] [ActionQueueSet] Got ready action EndPlayerTurnAction for player 76561198136285041 round 1 (8)
[DEBUG] [ActionExecutor] Executing action: EndPlayerTurnAction for player 76561198136285041 round 1
[VERYDEBUG] [GameAction] Action EndPlayerTurnAction for player 76561198136285041 round 1 began executing
[VERYDEBUG] [GameAction] Action EndPlayerTurnAction for player 76561198136285041 round 1 finished execution
[DEBUG] [ActionQueueSynchronizer] Combat state becomes EndTurnPhaseOne (from PlayPhase). Starting to cancel all player-driven actions
[DEBUG] [ActionQueueSet] Setting all player queues to cancel all non-hook actions
[VERYDEBUG] [ActionQueueSet] Attempting to find ready action
[VERYDEBUG] [ActionQueueSet] Queue for player 76561198345121322 is empty
[VERYDEBUG] [ActionQueueSet] Queue for player 76561198136285041 is empty
[VERYDEBUG] [ActionQueueSet] No action is ready
[DEBUG] [ChecksumTracker] Generating checksum for context: After player turn phase one end action:  id: 6
[YgoDuelist][MP][Checksum][fp] netId=76561198136285041 | pt=1 n=14:YGODUELIST-ARCANE_ARCHER_OF_THE_FOREST0bYgoDieForYouUserToggleOnFalseiPermanentAtkBonusFromExecutes01010000,20019,20043,YGODUELIST-BURNING_LAND01010009,20024,YGODUELIST-DEFEND_YGO_DUELIST010,YGODUELIST-DEFEND_YGO_DUELIST010,YGODUELIST-DEFEND_YGO_DUELIST010,YGODUELIST-EARTH_EFFIGY0bYgoDieForYouUserToggleOnFalseiPermanentAtkBonusFromExecutes01010000,20015,20043,YGODUELIST-FIRE_SORCERER0bYgoDieForYouUserToggleOnFalseiPermanentAtkBonusFromExecutes01010002,20017,20041,20043,YGODUELIST-GAIA_POWER01010009,20027,YGODUELIST-OUTSTANDING_DOG_MARRON0bYgoDieForYouUserToggleOnFalseiPermanentAtkBonusFromExecutes01010004,20001,YGODUELIST-RECKLESS_GREED01010009,10011,YGODUELIST-STRIKE_YGO_DUELIST010,YGODUELIST-STRIKE_YGO_DUELIST010,YGODUELIST-TOTAL_DEFENSE_SHOGUN0bYgoDieForYouUserToggleOnFalseiPermanentAtkBonusFromExecutes01010005,20019,20034,20043,YGODUELIST-TRAP_OF_BOARD_ERASER01010009,10011 | pt=2 n=3:YGODUELIST-OJAMA_TRIO01010009,10011,YGODUELIST-ROCKET_JUMPER0bYgoDieForYouUserToggleOnFalseiPermanentAtkBonusFromExecutes01010000,20015,20043,20045,YGODUELIST-SKELENGEL0bYgoDieForYouUserToggleOnFalseiPermanentAtkBonusFromExecutes01010004,20006,20041 | pt=3 n=1:YGODUELIST-STRIKE_YGO_DUELIST010 | pt=4 n=0: | pt=5 n=0: | pt=932200512 n=0: | pt=932200513 n=0: | pt=932200514 n=0: | pt=932200515 n=0: | pt=932200516 n=1:YGODUELIST-HOURGLASS_OF_COURAGE0bYgoDieForYouUserToggleOnFalseiPermanentAtkBonusFromExecutes01010004,20006,20043 | pt=932200517 n=0: | pt=932200518 n=0:
[YgoDuelist][MP][Checksum][fp] netId=76561198345121322 | pt=1 n=9:GREED0104,7,YGODUELIST-DEFEND_YGO_DUELIST010,YGODUELIST-FIRE_PRINCESS0bYgoDieForYouUserToggleOnFalseiPermanentAtkBonusFromExecutes01010002,20013,20043,YGODUELIST-QUEEN_S_DOUBLE0bYgoDieForYouUserToggleOnFalseiPermanentAtkBonusFromExecutes01010000,20019,20045,YGODUELIST-RAIGEKI_BREAK01010009,10011,20045,YGODUELIST-STRIKE_YGO_DUELIST010,YGODUELIST-STRIKE_YGO_DUELIST010,YGODUELIST-STRIKE_YGO_DUELIST010,YGODUELIST-YELLOW_LUSTER_SHIELD01010009,20024 | pt=2 n=3:YGODUELIST-DEFEND_YGO_DUELIST010,YGODUELIST-KURAMA0bYgoDieForYouUserToggleOnFalseiPermanentAtkBonusFromExecutes01010003,20020,20043,YGODUELIST-ZABORG_THE_THUNDER_MONARCH0bYgoDieForYouUserToggleOnFalseiPermanentAtkBonusFromExecutes01010004,20018,20034,20043 | pt=3 n=1:YGODUELIST-DEFEND_YGO_DUELIST010 | pt=4 n=0: | pt=5 n=0: | pt=932200512 n=0: | pt=932200513 n=1:YGODUELIST-THE_LAST_WARRIOR_FROM_ANOTHER_PLANET0bYgoDieForYouUserToggleOnFalseiPermanentAtkBonusFromExecutes0iSummonAbsorbPrintedDefBonus01010000,20019,20036,20043 | pt=932200514 n=0: | pt=932200515 n=0: | pt=932200516 n=1:YGODUELIST-VERSAGO_THE_DESTROYER0bYgoDieForYouUserToggleOnFalseiPermanentAtkBonusFromExecutes01010005,20007,20043 | pt=932200517 n=0: | pt=932200518 n=0:
[DEBUG] [ActionQueueSynchronizer] Sending message to host requesting to enqueue action ReadyToBeginEnemyTurnAction 76561198136285041 at 08:23:44
[DEBUG] [ActionExecutor] Completed execution of action EndPlayerTurnAction for player 76561198136285041 round 1, attempting to find new action
[VERYDEBUG] [ActionQueueSet] Attempting to find ready action
[VERYDEBUG] [ActionQueueSet] Queue for player 76561198345121322 is empty
[VERYDEBUG] [ActionQueueSet] Queue for player 76561198136285041 is empty
[VERYDEBUG] [ActionQueueSet] No action is ready
[DEBUG] [NetMessageBus] Received message ActionEnqueuedMessage PlayerID: 76561198345121322 Action: NetReadyToBeginEnemyTurnAction Source Location: act 0 coord (0, 1) , sending to 1 handlers
[VERYDEBUG] [RunLocationTargetedMessageBuffer] Handling map-targeted message ActionEnqueuedMessage PlayerID: 76561198345121322 Action: NetReadyToBeginEnemyTurnAction Source Location: act 0 coord (0, 1)  from 76561198345121322 for location act 0 coord (0, 1)
[DEBUG] [ActionQueueSynchronizer] Received handle action enqueued message ActionEnqueuedMessage PlayerID: 76561198345121322 Action: NetReadyToBeginEnemyTurnAction Source Location: act 0 coord (0, 1)  at 08:23:44
[DEBUG] [ActionQueueSynchronizer] Enqueueing action ReadyToBeginEnemyTurnAction 76561198345121322 from owner 76561198345121322
[DEBUG] [ActionQueueSet] Enqueueing action ReadyToBeginEnemyTurnAction 76561198345121322 to player queue owned by 76561198345121322
[DEBUG] [ActionExecutor] Action queue changed, beginning ExecuteActions
[VERYDEBUG] [ActionQueueSet] Attempting to find ready action
[VERYDEBUG] [ActionQueueSet] Action ReadyToBeginEnemyTurnAction 76561198345121322 with id 9 belonging to 76561198345121322 becomes new ready action
[VERYDEBUG] [ActionQueueSet] Queue for player 76561198136285041 is empty
[VERYDEBUG] [ActionQueueSet] Got ready action ReadyToBeginEnemyTurnAction 76561198345121322 (9)
[DEBUG] [ActionExecutor] Executing action: ReadyToBeginEnemyTurnAction 76561198345121322
[VERYDEBUG] [GameAction] Action ReadyToBeginEnemyTurnAction 76561198345121322 began executing
[VERYDEBUG] [GameAction] Action ReadyToBeginEnemyTurnAction 76561198345121322 finished execution
[DEBUG] [ActionExecutor] Completed execution of action ReadyToBeginEnemyTurnAction 76561198345121322, attempting to find new action
[VERYDEBUG] [ActionQueueSet] Attempting to find ready action
[VERYDEBUG] [ActionQueueSet] Queue for player 76561198345121322 is empty
[VERYDEBUG] [ActionQueueSet] Queue for player 76561198136285041 is empty
[VERYDEBUG] [ActionQueueSet] No action is ready
[DEBUG] [NetMessageBus] Received message ActionEnqueuedMessage PlayerID: 76561198136285041 Action: NetReadyToBeginEnemyTurnAction Source Location: act 0 coord (0, 1) , sending to 1 handlers
[VERYDEBUG] [RunLocationTargetedMessageBuffer] Handling map-targeted message ActionEnqueuedMessage PlayerID: 76561198136285041 Action: NetReadyToBeginEnemyTurnAction Source Location: act 0 coord (0, 1)  from 76561198345121322 for location act 0 coord (0, 1)
[DEBUG] [ActionQueueSynchronizer] Received handle action enqueued message ActionEnqueuedMessage PlayerID: 76561198136285041 Action: NetReadyToBeginEnemyTurnAction Source Location: act 0 coord (0, 1)  at 08:23:44
[DEBUG] [ActionQueueSynchronizer] Enqueueing action ReadyToBeginEnemyTurnAction 76561198136285041 from owner 76561198136285041
[DEBUG] [ActionQueueSet] Enqueueing action ReadyToBeginEnemyTurnAction 76561198136285041 to player queue owned by 76561198136285041
[DEBUG] [ActionExecutor] Action queue changed, beginning ExecuteActions
[VERYDEBUG] [ActionQueueSet] Attempting to find ready action
[VERYDEBUG] [ActionQueueSet] Queue for player 76561198345121322 is empty
[VERYDEBUG] [ActionQueueSet] Action ReadyToBeginEnemyTurnAction 76561198136285041 with id 10 belonging to 76561198136285041 becomes new ready action
[VERYDEBUG] [ActionQueueSet] Got ready action ReadyToBeginEnemyTurnAction 76561198136285041 (10)
[DEBUG] [ActionExecutor] Executing action: ReadyToBeginEnemyTurnAction 76561198136285041
[VERYDEBUG] [GameAction] Action ReadyToBeginEnemyTurnAction 76561198136285041 began executing
[DEBUG] [ActionQueueSynchronizer] Combat state becomes NotPlayPhase. Pausing all player queues
[DEBUG] [ActionQueueSet] Pausing all player queues
[VERYDEBUG] [GameAction] Action ReadyToBeginEnemyTurnAction 76561198136285041 finished execution
[DEBUG] [ActionExecutor] Completed execution of action ReadyToBeginEnemyTurnAction 76561198136285041, attempting to find new action
[VERYDEBUG] [ActionQueueSet] Attempting to find ready action
[VERYDEBUG] [ActionQueueSet] Queue for player 76561198345121322 is empty
[VERYDEBUG] [ActionQueueSet] Queue for player 76561198136285041 is empty
[VERYDEBUG] [ActionQueueSet] No action is ready
[YgoDuelist] YgoSecondHandLayoutPatch ENTER all=2 main=2 opts=0 FocusedHolderId=0 FocusedIsOpt=False
[YgoDuelist] YgoSecondHandLayoutPatch EXIT return false
[YgoDuelist] YgoSecondHandLayoutPatch ENTER all=1 main=1 opts=0 FocusedHolderId=0 FocusedIsOpt=False
[YgoDuelist] YgoSecondHandLayoutPatch EXIT return false
[YgoDuelist] YgoSecondHandLayoutPatch ENTER all=0 main=0 opts=0 FocusedHolderId=0 FocusedIsOpt=False
[YgoDuelist] YgoSecondHandLayoutPatch EXIT return false
[DEBUG] [ChecksumTracker] Generating checksum for context: after player turn phase two end action:  id: 7
[YgoDuelist][MP][Checksum][fp] netId=76561198136285041 | pt=1 n=14:YGODUELIST-ARCANE_ARCHER_OF_THE_FOREST0bYgoDieForYouUserToggleOnFalseiPermanentAtkBonusFromExecutes01010000,20019,20043,YGODUELIST-BURNING_LAND01010009,20024,YGODUELIST-DEFEND_YGO_DUELIST010,YGODUELIST-DEFEND_YGO_DUELIST010,YGODUELIST-DEFEND_YGO_DUELIST010,YGODUELIST-EARTH_EFFIGY0bYgoDieForYouUserToggleOnFalseiPermanentAtkBonusFromExecutes01010000,20015,20043,YGODUELIST-FIRE_SORCERER0bYgoDieForYouUserToggleOnFalseiPermanentAtkBonusFromExecutes01010002,20017,20041,20043,YGODUELIST-GAIA_POWER01010009,20027,YGODUELIST-OUTSTANDING_DOG_MARRON0bYgoDieForYouUserToggleOnFalseiPermanentAtkBonusFromExecutes01010004,20001,YGODUELIST-RECKLESS_GREED01010009,10011,YGODUELIST-STRIKE_YGO_DUELIST010,YGODUELIST-STRIKE_YGO_DUELIST010,YGODUELIST-TOTAL_DEFENSE_SHOGUN0bYgoDieForYouUserToggleOnFalseiPermanentAtkBonusFromExecutes01010005,20019,20034,20043,YGODUELIST-TRAP_OF_BOARD_ERASER01010009,10011 | pt=2 n=0: | pt=3 n=4:YGODUELIST-OJAMA_TRIO01010009,10011,YGODUELIST-ROCKET_JUMPER0bYgoDieForYouUserToggleOnFalseiPermanentAtkBonusFromExecutes01010000,20015,20043,20045,YGODUELIST-SKELENGEL0bYgoDieForYouUserToggleOnFalseiPermanentAtkBonusFromExecutes01010004,20006,20041,YGODUELIST-STRIKE_YGO_DUELIST010 | pt=4 n=0: | pt=5 n=0: | pt=932200512 n=0: | pt=932200513 n=0: | pt=932200514 n=0: | pt=932200515 n=0: | pt=932200516 n=1:YGODUELIST-HOURGLASS_OF_COURAGE0bYgoDieForYouUserToggleOnFalseiPermanentAtkBonusFromExecutes01010004,20006,20043 | pt=932200517 n=0: | pt=932200518 n=0:
[YgoDuelist][MP][Checksum][fp] netId=76561198345121322 | pt=1 n=9:GREED0104,7,YGODUELIST-DEFEND_YGO_DUELIST010,YGODUELIST-FIRE_PRINCESS0bYgoDieForYouUserToggleOnFalseiPermanentAtkBonusFromExecutes01010002,20013,20043,YGODUELIST-QUEEN_S_DOUBLE0bYgoDieForYouUserToggleOnFalseiPermanentAtkBonusFromExecutes01010000,20019,20045,YGODUELIST-RAIGEKI_BREAK01010009,10011,20045,YGODUELIST-STRIKE_YGO_DUELIST010,YGODUELIST-STRIKE_YGO_DUELIST010,YGODUELIST-STRIKE_YGO_DUELIST010,YGODUELIST-YELLOW_LUSTER_SHIELD01010009,20024 | pt=2 n=0: | pt=3 n=4:YGODUELIST-DEFEND_YGO_DUELIST010,YGODUELIST-DEFEND_YGO_DUELIST010,YGODUELIST-KURAMA0bYgoDieForYouUserToggleOnFalseiPermanentAtkBonusFromExecutes01010003,20020,20043,YGODUELIST-ZABORG_THE_THUNDER_MONARCH0bYgoDieForYouUserToggleOnFalseiPermanentAtkBonusFromExecutes01010004,20018,20034,20043 | pt=4 n=0: | pt=5 n=0: | pt=932200512 n=0: | pt=932200513 n=1:YGODUELIST-THE_LAST_WARRIOR_FROM_ANOTHER_PLANET0bYgoDieForYouUserToggleOnFalseiPermanentAtkBonusFromExecutes0iSummonAbsorbPrintedDefBonus01010000,20019,20036,20043 | pt=932200514 n=0: | pt=932200515 n=0: | pt=932200516 n=1:YGODUELIST-VERSAGO_THE_DESTROYER0bYgoDieForYouUserToggleOnFalseiPermanentAtkBonusFromExecutes01010005,20007,20043 | pt=932200517 n=0: | pt=932200518 n=0:
[DEBUG] [NetQualityTracker] Connection statistics at 08:23:44:
[DEBUG] [NetQualityTracker] 	76561198345121322 - Ping: 63.44735. Packet Loss: 3E-45.
[DEBUG] [ChecksumTracker] Generating checksum for context: After enemy turn start action:  id: 8
[YgoDuelist][MP][Checksum][fp] netId=76561198136285041 | pt=1 n=14:YGODUELIST-ARCANE_ARCHER_OF_THE_FOREST0bYgoDieForYouUserToggleOnFalseiPermanentAtkBonusFromExecutes01010000,20019,20043,YGODUELIST-BURNING_LAND01010009,20024,YGODUELIST-DEFEND_YGO_DUELIST010,YGODUELIST-DEFEND_YGO_DUELIST010,YGODUELIST-DEFEND_YGO_DUELIST010,YGODUELIST-EARTH_EFFIGY0bYgoDieForYouUserToggleOnFalseiPermanentAtkBonusFromExecutes01010000,20015,20043,YGODUELIST-FIRE_SORCERER0bYgoDieForYouUserToggleOnFalseiPermanentAtkBonusFromExecutes01010002,20017,20041,20043,YGODUELIST-GAIA_POWER01010009,20027,YGODUELIST-OUTSTANDING_DOG_MARRON0bYgoDieForYouUserToggleOnFalseiPermanentAtkBonusFromExecutes01010004,20001,YGODUELIST-RECKLESS_GREED01010009,10011,YGODUELIST-STRIKE_YGO_DUELIST010,YGODUELIST-STRIKE_YGO_DUELIST010,YGODUELIST-TOTAL_DEFENSE_SHOGUN0bYgoDieForYouUserToggleOnFalseiPermanentAtkBonusFromExecutes01010005,20019,20034,20043,YGODUELIST-TRAP_OF_BOARD_ERASER01010009,10011 | pt=2 n=0: | pt=3 n=4:YGODUELIST-OJAMA_TRIO01010009,10011,YGODUELIST-ROCKET_JUMPER0bYgoDieForYouUserToggleOnFalseiPermanentAtkBonusFromExecutes01010000,20015,20043,20045,YGODUELIST-SKELENGEL0bYgoDieForYouUserToggleOnFalseiPermanentAtkBonusFromExecutes01010004,20006,20041,YGODUELIST-STRIKE_YGO_DUELIST010 | pt=4 n=0: | pt=5 n=0: | pt=932200512 n=0: | pt=932200513 n=0: | pt=932200514 n=0: | pt=932200515 n=0: | pt=932200516 n=1:YGODUELIST-HOURGLASS_OF_COURAGE0bYgoDieForYouUserToggleOnFalseiPermanentAtkBonusFromExecutes01010004,20006,20043 | pt=932200517 n=0: | pt=932200518 n=0:
[YgoDuelist][MP][Checksum][fp] netId=76561198345121322 | pt=1 n=9:GREED0104,7,YGODUELIST-DEFEND_YGO_DUELIST010,YGODUELIST-FIRE_PRINCESS0bYgoDieForYouUserToggleOnFalseiPermanentAtkBonusFromExecutes01010002,20013,20043,YGODUELIST-QUEEN_S_DOUBLE0bYgoDieForYouUserToggleOnFalseiPermanentAtkBonusFromExecutes01010000,20019,20045,YGODUELIST-RAIGEKI_BREAK01010009,10011,20045,YGODUELIST-STRIKE_YGO_DUELIST010,YGODUELIST-STRIKE_YGO_DUELIST010,YGODUELIST-STRIKE_YGO_DUELIST010,YGODUELIST-YELLOW_LUSTER_SHIELD01010009,20024 | pt=2 n=0: | pt=3 n=4:YGODUELIST-DEFEND_YGO_DUELIST010,YGODUELIST-DEFEND_YGO_DUELIST010,YGODUELIST-KURAMA0bYgoDieForYouUserToggleOnFalseiPermanentAtkBonusFromExecutes01010003,20020,20043,YGODUELIST-ZABORG_THE_THUNDER_MONARCH0bYgoDieForYouUserToggleOnFalseiPermanentAtkBonusFromExecutes01010004,20018,20034,20043 | pt=4 n=0: | pt=5 n=0: | pt=932200512 n=0: | pt=932200513 n=1:YGODUELIST-THE_LAST_WARRIOR_FROM_ANOTHER_PLANET0bYgoDieForYouUserToggleOnFalseiPermanentAtkBonusFromExecutes0iSummonAbsorbPrintedDefBonus01010000,20019,20036,20043 | pt=932200514 n=0: | pt=932200515 n=0: | pt=932200516 n=1:YGODUELIST-VERSAGO_THE_DESTROYER0bYgoDieForYouUserToggleOnFalseiPermanentAtkBonusFromExecutes01010005,20007,20043 | pt=932200517 n=0: | pt=932200518 n=0:
[INFO] Monster TOADPOLE performing move SPIKEN_MOVE
[WARN] Asset not cached: res://images/powers/thorns_power.png
[INFO] Monster TOADPOLE performing move WHIRL_MOVE
[WARN] Asset not cached: res://YgoDuelist/images/card_portraits/hourglass_of_courage.png
[DEBUG] [ChecksumTracker] Generating checksum for context: After enemy turn end action:  id: 9
[YgoDuelist][MP][Checksum][fp] netId=76561198136285041 | pt=1 n=14:YGODUELIST-ARCANE_ARCHER_OF_THE_FOREST0bYgoDieForYouUserToggleOnFalseiPermanentAtkBonusFromExecutes01010000,20019,20043,YGODUELIST-BURNING_LAND01010009,20024,YGODUELIST-DEFEND_YGO_DUELIST010,YGODUELIST-DEFEND_YGO_DUELIST010,YGODUELIST-DEFEND_YGO_DUELIST010,YGODUELIST-EARTH_EFFIGY0bYgoDieForYouUserToggleOnFalseiPermanentAtkBonusFromExecutes01010000,20015,20043,YGODUELIST-FIRE_SORCERER0bYgoDieForYouUserToggleOnFalseiPermanentAtkBonusFromExecutes01010002,20017,20041,20043,YGODUELIST-GAIA_POWER01010009,20027,YGODUELIST-OUTSTANDING_DOG_MARRON0bYgoDieForYouUserToggleOnFalseiPermanentAtkBonusFromExecutes01010004,20001,YGODUELIST-RECKLESS_GREED01010009,10011,YGODUELIST-STRIKE_YGO_DUELIST010,YGODUELIST-STRIKE_YGO_DUELIST010,YGODUELIST-TOTAL_DEFENSE_SHOGUN0bYgoDieForYouUserToggleOnFalseiPermanentAtkBonusFromExecutes01010005,20019,20034,20043,YGODUELIST-TRAP_OF_BOARD_ERASER01010009,10011 | pt=2 n=0: | pt=3 n=4:YGODUELIST-OJAMA_TRIO01010009,10011,YGODUELIST-ROCKET_JUMPER0bYgoDieForYouUserToggleOnFalseiPermanentAtkBonusFromExecutes01010000,20015,20043,20045,YGODUELIST-SKELENGEL0bYgoDieForYouUserToggleOnFalseiPermanentAtkBonusFromExecutes01010004,20006,20041,YGODUELIST-STRIKE_YGO_DUELIST010 | pt=4 n=0: | pt=5 n=0: | pt=932200512 n=0: | pt=932200513 n=0: | pt=932200514 n=0: | pt=932200515 n=0: | pt=932200516 n=1:YGODUELIST-HOURGLASS_OF_COURAGE0bYgoDieForYouUserToggleOnFalseiPermanentAtkBonusFromExecutes01010004,20006,20043 | pt=932200517 n=0: | pt=932200518 n=0:
[YgoDuelist][MP][Checksum][fp] netId=76561198345121322 | pt=1 n=9:GREED0104,7,YGODUELIST-DEFEND_YGO_DUELIST010,YGODUELIST-FIRE_PRINCESS0bYgoDieForYouUserToggleOnFalseiPermanentAtkBonusFromExecutes01010002,20013,20043,YGODUELIST-QUEEN_S_DOUBLE0bYgoDieForYouUserToggleOnFalseiPermanentAtkBonusFromExecutes01010000,20019,20045,YGODUELIST-RAIGEKI_BREAK01010009,10011,20045,YGODUELIST-STRIKE_YGO_DUELIST010,YGODUELIST-STRIKE_YGO_DUELIST010,YGODUELIST-STRIKE_YGO_DUELIST010,YGODUELIST-YELLOW_LUSTER_SHIELD01010009,20024 | pt=2 n=0: | pt=3 n=4:YGODUELIST-DEFEND_YGO_DUELIST010,YGODUELIST-DEFEND_YGO_DUELIST010,YGODUELIST-KURAMA0bYgoDieForYouUserToggleOnFalseiPermanentAtkBonusFromExecutes01010003,20020,20043,YGODUELIST-ZABORG_THE_THUNDER_MONARCH0bYgoDieForYouUserToggleOnFalseiPermanentAtkBonusFromExecutes01010004,20018,20034,20043 | pt=4 n=0: | pt=5 n=0: | pt=932200512 n=0: | pt=932200513 n=1:YGODUELIST-THE_LAST_WARRIOR_FROM_ANOTHER_PLANET0bYgoDieForYouUserToggleOnFalseiPermanentAtkBonusFromExecutes0iSummonAbsorbPrintedDefBonus01010000,20019,20036,20043 | pt=932200514 n=0: | pt=932200515 n=0: | pt=932200516 n=1:YGODUELIST-VERSAGO_THE_DESTROYER0bYgoDieForYouUserToggleOnFalseiPermanentAtkBonusFromExecutes01010005,20007,20043 | pt=932200517 n=0: | pt=932200518 n=0:
[YgoDuelist] YgoSecondHandLayoutPatch ENTER all=1 main=1 opts=0 FocusedHolderId=0 FocusedIsOpt=False
[YgoDuelist] YgoSecondHandLayoutPatch EXIT return false
[YgoDuelist] YgoSecondHandLayoutPatch ENTER all=1 main=1 opts=0 FocusedHolderId=0 FocusedIsOpt=False
[YgoDuelist] YgoSecondHandLayoutPatch EXIT return false
[WARN] [BaseLib] GetRawText: Key 'YGO_ATTRIBUTE_EARTH.title' not found in table 'static_hover_tips'
[WARN] [BaseLib] GetRawText: Key 'YGO_ATTRIBUTE_EARTH.description' not found in table 'static_hover_tips'
[WARN] [BaseLib] GetRawText: Key 'YGO_RACE_WARRIOR.title' not found in table 'static_hover_tips'
[WARN] [BaseLib] GetRawText: Key 'YGO_RACE_WARRIOR.description' not found in table 'static_hover_tips'
[YgoDuelist] YgoSecondHandLayoutPatch ENTER all=2 main=2 opts=0 FocusedHolderId=0 FocusedIsOpt=False
[YgoDuelist] YgoSecondHandLayoutPatch EXIT return false
[YgoDuelist] YgoSecondHandLayoutPatch ENTER all=2 main=2 opts=0 FocusedHolderId=0 FocusedIsOpt=False
[YgoDuelist] YgoSecondHandLayoutPatch EXIT return false
[YgoDuelist] YgoSecondHandLayoutPatch ENTER all=3 main=3 opts=0 FocusedHolderId=0 FocusedIsOpt=False
[YgoDuelist] YgoSecondHandLayoutPatch EXIT return false
[YgoDuelist] YgoSecondHandLayoutPatch ENTER all=3 main=3 opts=0 FocusedHolderId=0 FocusedIsOpt=False
[YgoDuelist] YgoSecondHandLayoutPatch EXIT return false
[WARN] [BaseLib] GetRawText: Key 'YGO_ATTRIBUTE_LIGHT.title' not found in table 'static_hover_tips'
[WARN] [BaseLib] GetRawText: Key 'YGO_ATTRIBUTE_LIGHT.description' not found in table 'static_hover_tips'
[WARN] [BaseLib] GetRawText: Key 'YGO_RACE_BEAST.title' not found in table 'static_hover_tips'
[WARN] [BaseLib] GetRawText: Key 'YGO_RACE_BEAST.description' not found in table 'static_hover_tips'
[YgoDuelist] YgoSecondHandLayoutPatch ENTER all=4 main=4 opts=0 FocusedHolderId=0 FocusedIsOpt=False
[YgoDuelist] YgoSecondHandLayoutPatch EXIT return false
[YgoDuelist] YgoSecondHandLayoutPatch ENTER all=4 main=4 opts=0 FocusedHolderId=0 FocusedIsOpt=False
[YgoDuelist] YgoSecondHandLayoutPatch EXIT return false
[YgoDuelist][MP][MonsterCommandTurnReset] hook cleared command lock powers petCombatId=4 netId=76561198345121322
[WARN] [BaseLib] GetRawText: Key 'YGO_ATTRIBUTE_DARK.title' not found in table 'static_hover_tips'
[WARN] [BaseLib] GetRawText: Key 'YGO_ATTRIBUTE_DARK.description' not found in table 'static_hover_tips'
[WARN] [BaseLib] GetRawText: Key 'YGO_RACE_WARRIOR.title' not found in table 'static_hover_tips'
[WARN] [BaseLib] GetRawText: Key 'YGO_RACE_WARRIOR.description' not found in table 'static_hover_tips'
[YgoSetVisualDebug] Id=YGODUELIST-TOTAL_DEFENSE_SHOGUN, YgoCardType=EffectMonster, IsHandEffectFormActive=False, WillSet=True, FaceDown=True, ShouldUseSetVisual=True
[YgoDuelist] YgoSecondHandLayoutPatch ENTER all=5 main=5 opts=0 FocusedHolderId=0 FocusedIsOpt=False
[YgoDuelist] YgoSecondHandLayoutPatch EXIT return false
[YgoDuelist] YgoSecondHandLayoutPatch ENTER all=5 main=5 opts=0 FocusedHolderId=0 FocusedIsOpt=False
[YgoDuelist] YgoSecondHandLayoutPatch EXIT return false
[YgoDuelist][MP][Checksum][CmdReconcile] cleared stiff/fatigue before snapshot petCombatId=5 netId=76561198136285041
[DEBUG] [ChecksumTracker] Generating checksum for context: After player turn start action:  id: 10
[YgoDuelist][MP][Checksum][fp] netId=76561198136285041 | pt=1 n=9:YGODUELIST-BURNING_LAND01010009,20024,YGODUELIST-DEFEND_YGO_DUELIST010,YGODUELIST-DEFEND_YGO_DUELIST010,YGODUELIST-EARTH_EFFIGY0bYgoDieForYouUserToggleOnFalseiPermanentAtkBonusFromExecutes01010000,20015,20043,YGODUELIST-FIRE_SORCERER0bYgoDieForYouUserToggleOnFalseiPermanentAtkBonusFromExecutes01010002,20017,20041,20043,YGODUELIST-GAIA_POWER01010009,20027,YGODUELIST-RECKLESS_GREED01010009,10011,YGODUELIST-STRIKE_YGO_DUELIST010,YGODUELIST-STRIKE_YGO_DUELIST010 | pt=2 n=5:YGODUELIST-ARCANE_ARCHER_OF_THE_FOREST0bYgoDieForYouUserToggleOnFalseiPermanentAtkBonusFromExecutes01010000,20019,20043,YGODUELIST-DEFEND_YGO_DUELIST010,YGODUELIST-OUTSTANDING_DOG_MARRON0bYgoDieForYouUserToggleOnFalseiPermanentAtkBonusFromExecutes01010004,20001,YGODUELIST-TOTAL_DEFENSE_SHOGUN0bYgoDieForYouUserToggleOnFalseiPermanentAtkBonusFromExecutes01010005,20019,20034,20043,YGODUELIST-TRAP_OF_BOARD_ERASER01010009,10011 | pt=3 n=4:YGODUELIST-OJAMA_TRIO01010009,10011,YGODUELIST-ROCKET_JUMPER0bYgoDieForYouUserToggleOnFalseiPermanentAtkBonusFromExecutes01010000,20015,20043,20045,YGODUELIST-SKELENGEL0bYgoDieForYouUserToggleOnFalseiPermanentAtkBonusFromExecutes01010004,20006,20041,YGODUELIST-STRIKE_YGO_DUELIST010 | pt=4 n=0: | pt=5 n=0: | pt=932200512 n=0: | pt=932200513 n=0: | pt=932200514 n=0: | pt=932200515 n=0: | pt=932200516 n=1:YGODUELIST-HOURGLASS_OF_COURAGE0bYgoDieForYouUserToggleOnFalseiPermanentAtkBonusFromExecutes01010004,20006,20043 | pt=932200517 n=0: | pt=932200518 n=0:
[YgoDuelist][MP][Checksum][fp] netId=76561198345121322 | pt=1 n=4:GREED0104,7,YGODUELIST-DEFEND_YGO_DUELIST010,YGODUELIST-RAIGEKI_BREAK01010009,10011,20045,YGODUELIST-STRIKE_YGO_DUELIST010 | pt=2 n=5:YGODUELIST-FIRE_PRINCESS0bYgoDieForYouUserToggleOnFalseiPermanentAtkBonusFromExecutes01010002,20013,20043,YGODUELIST-QUEEN_S_DOUBLE0bYgoDieForYouUserToggleOnFalseiPermanentAtkBonusFromExecutes01010000,20019,20045,YGODUELIST-STRIKE_YGO_DUELIST010,YGODUELIST-STRIKE_YGO_DUELIST010,YGODUELIST-YELLOW_LUSTER_SHIELD01010009,20024 | pt=3 n=4:YGODUELIST-DEFEND_YGO_DUELIST010,YGODUELIST-DEFEND_YGO_DUELIST010,YGODUELIST-KURAMA0bYgoDieForYouUserToggleOnFalseiPermanentAtkBonusFromExecutes01010003,20020,20043,YGODUELIST-ZABORG_THE_THUNDER_MONARCH0bYgoDieForYouUserToggleOnFalseiPermanentAtkBonusFromExecutes01010004,20018,20034,20043 | pt=4 n=0: | pt=5 n=0: | pt=932200512 n=0: | pt=932200513 n=1:YGODUELIST-THE_LAST_WARRIOR_FROM_ANOTHER_PLANET0bYgoDieForYouUserToggleOnFalseiPermanentAtkBonusFromExecutes0iSummonAbsorbPrintedDefBonus01010000,20019,20036,20043 | pt=932200514 n=0: | pt=932200515 n=0: | pt=932200516 n=1:YGODUELIST-VERSAGO_THE_DESTROYER0bYgoDieForYouUserToggleOnFalseiPermanentAtkBonusFromExecutes01010005,20007,20043 | pt=932200517 n=0: | pt=932200518 n=0:
[DEBUG] [ActionExecutor] Un-pausing queue
[DEBUG] [ActionQueueSynchronizer] Combat state becomes PlayPhase. Requesting 0 actions and unpausing action queues
[DEBUG] [ActionQueueSet] Unpausing all player queues
[DEBUG] [ActionExecutor] Action queue changed, beginning ExecuteActions
[VERYDEBUG] [ActionQueueSet] Attempting to find ready action
[VERYDEBUG] [ActionQueueSet] Queue for player 76561198345121322 is empty
[VERYDEBUG] [ActionQueueSet] Queue for player 76561198136285041 is empty
[VERYDEBUG] [ActionQueueSet] No action is ready
[YgoDuelist][MP][MonsterCommandTurnReset] hook cleared command lock powers petCombatId=5 netId=76561198136285041
[YgoDuelist] YgoSecondHandLayoutPatch ENTER all=5 main=5 opts=0 FocusedHolderId=3095547362026 FocusedIsOpt=False
[YgoDuelist] YgoSecondHandLayoutPatch EXIT return false
[YgoDuelist] YgoSecondHandLayoutPatch ENTER all=5 main=5 opts=0 FocusedHolderId=0 FocusedIsOpt=False
[YgoDuelist] YgoSecondHandLayoutPatch EXIT return false
[YgoDuelist] YgoSecondHandLayoutPatch ENTER all=4 main=4 opts=0 FocusedHolderId=0 FocusedIsOpt=False
[YgoDuelist] YgoSecondHandLayoutPatch EXIT return false
[DEBUG] [ActionQueueSynchronizer] Sending message to host requesting to enqueue action PlayCardAction card: CARD.YGODUELIST-TOTAL_DEFENSE_SHOGUN (58352461) index: 2057 targetid:  at 08:23:58
[YgoDuelist] YgoSecondHandLayoutPatch ENTER all=4 main=4 opts=0 FocusedHolderId=0 FocusedIsOpt=False
[YgoDuelist] YgoSecondHandLayoutPatch EXIT return false
[DEBUG] [NetMessageBus] Received message ActionEnqueuedMessage PlayerID: 76561198136285041 Action: NetPlayCardAction (NetCombatCard 2057) target: null Source Location: act 0 coord (0, 1) (card: Total Defense Shogun), sending to 1 handlers
[VERYDEBUG] [RunLocationTargetedMessageBuffer] Handling map-targeted message ActionEnqueuedMessage PlayerID: 76561198136285041 Action: NetPlayCardAction (NetCombatCard 2057) target: null Source Location: act 0 coord (0, 1) (card: Total Defense Shogun) from 76561198345121322 for location act 0 coord (0, 1)
[DEBUG] [ActionQueueSynchronizer] Received handle action enqueued message ActionEnqueuedMessage PlayerID: 76561198136285041 Action: NetPlayCardAction (NetCombatCard 2057) target: null Source Location: act 0 coord (0, 1) (card: Total Defense Shogun) at 08:23:58
[DEBUG] [ActionQueueSynchronizer] Enqueueing action PlayCardAction card: CARD.YGODUELIST-TOTAL_DEFENSE_SHOGUN (58352461) index: 2057 targetid:  from owner 76561198136285041
[YgoDuelist][Queue][Defer] Skipping OnActionEnqueued until execute after confirm (hand_tribute_normal_summon, player 76561198136285041, card YGODUELIST-TOTAL_DEFENSE_SHOGUN)
[DEBUG] [ActionQueueSet] Enqueueing action PlayCardAction card: CARD.YGODUELIST-TOTAL_DEFENSE_SHOGUN (58352461) index: 2057 targetid:  to player queue owned by 76561198136285041
[DEBUG] [ActionExecutor] Action queue changed, beginning ExecuteActions
[VERYDEBUG] [ActionQueueSet] Attempting to find ready action
[VERYDEBUG] [ActionQueueSet] Queue for player 76561198345121322 is empty
[VERYDEBUG] [ActionQueueSet] Action PlayCardAction card: CARD.YGODUELIST-TOTAL_DEFENSE_SHOGUN (58352461) index: 2057 targetid:  with id 11 belonging to 76561198136285041 becomes new ready action
[VERYDEBUG] [ActionQueueSet] Got ready action PlayCardAction card: CARD.YGODUELIST-TOTAL_DEFENSE_SHOGUN (58352461) index: 2057 targetid:  (11)
[DEBUG] [ActionExecutor] Executing action: PlayCardAction card: CARD.YGODUELIST-TOTAL_DEFENSE_SHOGUN (58352461) index: 2057 targetid: 
[VERYDEBUG] [GameAction] Action PlayCardAction card: CARD.YGODUELIST-TOTAL_DEFENSE_SHOGUN (58352461) index: 2057 targetid:  began executing
[YgoDuelist][MP][Tribute] TrySelectVariableTribute owner=76561198136285041 summon=YGODUELIST-TOTAL_DEFENSE_SHOGUN need=1 combatWire=True candidates=1
[VERYDEBUG] [PlayerChoiceSynchronizer] Reserved choice id 2 for player 76561198136285041, next is 3
[WARN] [BaseLib] GetRawText: Key 'YGO_ATTRIBUTE_LIGHT.title' not found in table 'static_hover_tips'
[WARN] [BaseLib] GetRawText: Key 'YGO_ATTRIBUTE_LIGHT.description' not found in table 'static_hover_tips'
[WARN] [BaseLib] GetRawText: Key 'YGO_RACE_FAIRY.title' not found in table 'static_hover_tips'
[WARN] [BaseLib] GetRawText: Key 'YGO_RACE_FAIRY.description' not found in table 'static_hover_tips'
[WARN] Asset not cached: res://scenes/ui/back_button.tscn
[DEBUG] [PlayerChoiceSynchronizer] Sending player choice id 2 for player 76561198136285041, result PlayerChoiceResult combat CARD.YGODUELIST-HOURGLASS_OF_COURAGE (54302151)
[YgoDuelist][MP][Tribute] SetPending netCardIdx=2057 owner=76561198136285041 pets=1 card=YGODUELIST-TOTAL_DEFENSE_SHOGUN
[YgoDuelist][Queue][Defer] Execute body: UpdateCardBeforeExecution after tribute confirm (player 76561198136285041, card YGODUELIST-TOTAL_DEFENSE_SHOGUN)
[YgoDuelist] YgoSecondHandLayoutPatch ENTER all=4 main=4 opts=0 FocusedHolderId=0 FocusedIsOpt=False
[YgoDuelist] YgoSecondHandLayoutPatch EXIT return false
[YgoDuelist][MP][Tribute] TryTake ok (PlayCardAction): owner=76561198136285041 netIdx=2057 pets=1
[ZGO] DuelMonsterPetDeathPatch: pet died: Hourglass of Courage
[YgoDuelist][MP][DuelDeath] card=YGODUELIST-HOURGLASS_OF_COURAGE combatCardIdx=2049 ownerNet=76561198136285041 petCombatId=5
[ZGO] DuelMonsterPetDeathPatch: moving YGODUELIST-HOURGLASS_OF_COURAGE (and equips) toward Graveyard.
[INFO] [BaseLib] Looking for NCard in Custom Pile!
[INFO] [BaseLib] Looking for NCard in Custom Pile!
[ZGO] DuelMonsterPetDeathPatch: unregistered pet and cleared command state.
[ZGO] DuelMonsterPetDeathPatch: removing NCreature node for dead duel monster.
[VERYDEBUG] [GameAction] Action PlayCardAction card: CARD.YGODUELIST-TOTAL_DEFENSE_SHOGUN (58352461) index: 2057 targetid:  finished execution
[DEBUG] [ChecksumTracker] Generating checksum for context: after executing action PlayCardAction card: CARD.YGODUELIST-TOTAL_DEFENSE_SHOGUN (58352461) index: 2057 targetid:  action: PlayCardAction card: CARD.YGODUELIST-TOTAL_DEFENSE_SHOGUN (58352461) index: 2057 targetid:  id: 11
[YgoDuelist][MP][Checksum][fp] netId=76561198136285041 | pt=1 n=9:YGODUELIST-BURNING_LAND01010009,20024,YGODUELIST-DEFEND_YGO_DUELIST010,YGODUELIST-DEFEND_YGO_DUELIST010,YGODUELIST-EARTH_EFFIGY0bYgoDieForYouUserToggleOnFalseiPermanentAtkBonusFromExecutes01010000,20015,20043,YGODUELIST-FIRE_SORCERER0bYgoDieForYouUserToggleOnFalseiPermanentAtkBonusFromExecutes01010002,20017,20041,20043,YGODUELIST-GAIA_POWER01010009,20027,YGODUELIST-RECKLESS_GREED01010009,10011,YGODUELIST-STRIKE_YGO_DUELIST010,YGODUELIST-STRIKE_YGO_DUELIST010 | pt=2 n=4:YGODUELIST-ARCANE_ARCHER_OF_THE_FOREST0bYgoDieForYouUserToggleOnFalseiPermanentAtkBonusFromExecutes01010000,20019,20043,YGODUELIST-DEFEND_YGO_DUELIST010,YGODUELIST-OUTSTANDING_DOG_MARRON0bYgoDieForYouUserToggleOnFalseiPermanentAtkBonusFromExecutes01010004,20001,YGODUELIST-TRAP_OF_BOARD_ERASER01010009,10011 | pt=3 n=4:YGODUELIST-OJAMA_TRIO01010009,10011,YGODUELIST-ROCKET_JUMPER0bYgoDieForYouUserToggleOnFalseiPermanentAtkBonusFromExecutes01010000,20015,20043,20045,YGODUELIST-SKELENGEL0bYgoDieForYouUserToggleOnFalseiPermanentAtkBonusFromExecutes01010004,20006,20041,YGODUELIST-STRIKE_YGO_DUELIST010 | pt=4 n=0: | pt=5 n=0: | pt=932200512 n=0: | pt=932200513 n=0: | pt=932200514 n=0: | pt=932200515 n=1:YGODUELIST-HOURGLASS_OF_COURAGE0bYgoDieForYouUserToggleOnFalseiPermanentAtkBonusFromExecutes01010004,20006,20043 | pt=932200516 n=1:YGODUELIST-TOTAL_DEFENSE_SHOGUN0bYgoDieForYouUserToggleOnFalseiPermanentAtkBonusFromExecutes01010005,20019,20034,20043 | pt=932200517 n=0: | pt=932200518 n=0:
[YgoDuelist][MP][Checksum][fp] netId=76561198345121322 | pt=1 n=4:GREED0104,7,YGODUELIST-DEFEND_YGO_DUELIST010,YGODUELIST-RAIGEKI_BREAK01010009,10011,20045,YGODUELIST-STRIKE_YGO_DUELIST010 | pt=2 n=5:YGODUELIST-FIRE_PRINCESS0bYgoDieForYouUserToggleOnFalseiPermanentAtkBonusFromExecutes01010002,20013,20043,YGODUELIST-QUEEN_S_DOUBLE0bYgoDieForYouUserToggleOnFalseiPermanentAtkBonusFromExecutes01010000,20019,20045,YGODUELIST-STRIKE_YGO_DUELIST010,YGODUELIST-STRIKE_YGO_DUELIST010,YGODUELIST-YELLOW_LUSTER_SHIELD01010009,20024 | pt=3 n=4:YGODUELIST-DEFEND_YGO_DUELIST010,YGODUELIST-DEFEND_YGO_DUELIST010,YGODUELIST-KURAMA0bYgoDieForYouUserToggleOnFalseiPermanentAtkBonusFromExecutes01010003,20020,20043,YGODUELIST-ZABORG_THE_THUNDER_MONARCH0bYgoDieForYouUserToggleOnFalseiPermanentAtkBonusFromExecutes01010004,20018,20034,20043 | pt=4 n=0: | pt=5 n=0: | pt=932200512 n=0: | pt=932200513 n=1:YGODUELIST-THE_LAST_WARRIOR_FROM_ANOTHER_PLANET0bYgoDieForYouUserToggleOnFalseiPermanentAtkBonusFromExecutes0iSummonAbsorbPrintedDefBonus01010000,20019,20036,20043 | pt=932200514 n=0: | pt=932200515 n=0: | pt=932200516 n=1:YGODUELIST-VERSAGO_THE_DESTROYER0bYgoDieForYouUserToggleOnFalseiPermanentAtkBonusFromExecutes01010005,20007,20043 | pt=932200517 n=0: | pt=932200518 n=0:
[DEBUG] [ActionExecutor] Completed execution of action PlayCardAction card: CARD.YGODUELIST-TOTAL_DEFENSE_SHOGUN (58352461) index: 2057 targetid: , attempting to find new action
[VERYDEBUG] [ActionQueueSet] Attempting to find ready action
[VERYDEBUG] [ActionQueueSet] Queue for player 76561198345121322 is empty
[VERYDEBUG] [ActionQueueSet] Queue for player 76561198136285041 is empty
[VERYDEBUG] [ActionQueueSet] No action is ready
[DEBUG] [NetQualityTracker] Connection statistics at 08:24:04:
[DEBUG] [NetQualityTracker] 	76561198345121322 - Ping: 64.80918. Packet Loss: 3E-45.
[YgoDuelist] Hover start on duel pet: DuelMonsterModel
[YgoDuelist] Hover end on duel pet: DuelMonsterModel
[YgoDuelist] Hover start on duel pet: DuelMonsterModel
[YgoDuelist] Hover end on duel pet: DuelMonsterModel
[YgoDuelist] YgoSecondHandLayoutPatch ENTER all=4 main=4 opts=0 FocusedHolderId=3092259027934 FocusedIsOpt=False
[YgoDuelist] YgoSecondHandLayoutPatch EXIT return false
[YgoDuelist] YgoSecondHandLayoutPatch ENTER all=4 main=4 opts=0 FocusedHolderId=0 FocusedIsOpt=False
[YgoDuelist] YgoSecondHandLayoutPatch EXIT return false
[YgoDuelist] YgoSecondHandLayoutPatch ENTER all=3 main=3 opts=0 FocusedHolderId=0 FocusedIsOpt=False
[YgoDuelist] YgoSecondHandLayoutPatch EXIT return false
[DEBUG] [ActionQueueSynchronizer] Sending message to host requesting to enqueue action PlayCardAction card: CARD.YGODUELIST-DEFEND_YGO_DUELIST (34689085) index: 2055 targetid:  at 08:24:10
[YgoDuelist] YgoSecondHandLayoutPatch ENTER all=3 main=3 opts=0 FocusedHolderId=0 FocusedIsOpt=False
[YgoDuelist] YgoSecondHandLayoutPatch EXIT return false
[DEBUG] [NetMessageBus] Received message ActionEnqueuedMessage PlayerID: 76561198136285041 Action: NetPlayCardAction (NetCombatCard 2055) target: null Source Location: act 0 coord (0, 1) (card: Defend), sending to 1 handlers
[VERYDEBUG] [RunLocationTargetedMessageBuffer] Handling map-targeted message ActionEnqueuedMessage PlayerID: 76561198136285041 Action: NetPlayCardAction (NetCombatCard 2055) target: null Source Location: act 0 coord (0, 1) (card: Defend) from 76561198345121322 for location act 0 coord (0, 1)
[DEBUG] [ActionQueueSynchronizer] Received handle action enqueued message ActionEnqueuedMessage PlayerID: 76561198136285041 Action: NetPlayCardAction (NetCombatCard 2055) target: null Source Location: act 0 coord (0, 1) (card: Defend) at 08:24:10
[DEBUG] [ActionQueueSynchronizer] Enqueueing action PlayCardAction card: CARD.YGODUELIST-DEFEND_YGO_DUELIST (34689085) index: 2055 targetid:  from owner 76561198136285041
[YgoDuelist] YgoSecondHandLayoutPatch ENTER all=3 main=3 opts=0 FocusedHolderId=0 FocusedIsOpt=False
[YgoDuelist] YgoSecondHandLayoutPatch EXIT return false
[DEBUG] [ActionQueueSet] Enqueueing action PlayCardAction card: CARD.YGODUELIST-DEFEND_YGO_DUELIST (34689085) index: 2055 targetid:  to player queue owned by 76561198136285041
[DEBUG] [ActionExecutor] Action queue changed, beginning ExecuteActions
[VERYDEBUG] [ActionQueueSet] Attempting to find ready action
[VERYDEBUG] [ActionQueueSet] Queue for player 76561198345121322 is empty
[VERYDEBUG] [ActionQueueSet] Action PlayCardAction card: CARD.YGODUELIST-DEFEND_YGO_DUELIST (34689085) index: 2055 targetid:  with id 12 belonging to 76561198136285041 becomes new ready action
[VERYDEBUG] [ActionQueueSet] Got ready action PlayCardAction card: CARD.YGODUELIST-DEFEND_YGO_DUELIST (34689085) index: 2055 targetid:  (12)
[DEBUG] [ActionExecutor] Executing action: PlayCardAction card: CARD.YGODUELIST-DEFEND_YGO_DUELIST (34689085) index: 2055 targetid: 
[VERYDEBUG] [GameAction] Action PlayCardAction card: CARD.YGODUELIST-DEFEND_YGO_DUELIST (34689085) index: 2055 targetid:  began executing
[INFO] Player 76561198136285041 playing card YGODUELIST-DEFEND_YGO_DUELIST (no target)
[YgoDuelist] Hover start on duel pet: DuelMonsterModel
[VERYDEBUG] [GameAction] Action PlayCardAction card: CARD.YGODUELIST-DEFEND_YGO_DUELIST (34689085) index: 2055 targetid:  finished execution
[DEBUG] [ChecksumTracker] Generating checksum for context: after executing action PlayCardAction card: CARD.YGODUELIST-DEFEND_YGO_DUELIST (34689085) index: 2055 targetid:  action: PlayCardAction card: CARD.YGODUELIST-DEFEND_YGO_DUELIST (34689085) index: 2055 targetid:  id: 12
[YgoDuelist][MP][Checksum][fp] netId=76561198136285041 | pt=1 n=9:YGODUELIST-BURNING_LAND01010009,20024,YGODUELIST-DEFEND_YGO_DUELIST010,YGODUELIST-DEFEND_YGO_DUELIST010,YGODUELIST-EARTH_EFFIGY0bYgoDieForYouUserToggleOnFalseiPermanentAtkBonusFromExecutes01010000,20015,20043,YGODUELIST-FIRE_SORCERER0bYgoDieForYouUserToggleOnFalseiPermanentAtkBonusFromExecutes01010002,20017,20041,20043,YGODUELIST-GAIA_POWER01010009,20027,YGODUELIST-RECKLESS_GREED01010009,10011,YGODUELIST-STRIKE_YGO_DUELIST010,YGODUELIST-STRIKE_YGO_DUELIST010 | pt=2 n=3:YGODUELIST-ARCANE_ARCHER_OF_THE_FOREST0bYgoDieForYouUserToggleOnFalseiPermanentAtkBonusFromExecutes01010000,20019,20043,YGODUELIST-OUTSTANDING_DOG_MARRON0bYgoDieForYouUserToggleOnFalseiPermanentAtkBonusFromExecutes01010004,20001,YGODUELIST-TRAP_OF_BOARD_ERASER01010009,10011 | pt=3 n=5:YGODUELIST-DEFEND_YGO_DUELIST010,YGODUELIST-OJAMA_TRIO01010009,10011,YGODUELIST-ROCKET_JUMPER0bYgoDieForYouUserToggleOnFalseiPermanentAtkBonusFromExecutes01010000,20015,20043,20045,YGODUELIST-SKELENGEL0bYgoDieForYouUserToggleOnFalseiPermanentAtkBonusFromExecutes01010004,20006,20041,YGODUELIST-STRIKE_YGO_DUELIST010 | pt=4 n=0: | pt=5 n=0: | pt=932200512 n=0: | pt=932200513 n=0: | pt=932200514 n=0: | pt=932200515 n=1:YGODUELIST-HOURGLASS_OF_COURAGE0bYgoDieForYouUserToggleOnFalseiPermanentAtkBonusFromExecutes01010004,20006,20043 | pt=932200516 n=1:YGODUELIST-TOTAL_DEFENSE_SHOGUN0bYgoDieForYouUserToggleOnFalseiPermanentAtkBonusFromExecutes01010005,20019,20034,20043 | pt=932200517 n=0: | pt=932200518 n=0:
[YgoDuelist][MP][Checksum][fp] netId=76561198345121322 | pt=1 n=4:GREED0104,7,YGODUELIST-DEFEND_YGO_DUELIST010,YGODUELIST-RAIGEKI_BREAK01010009,10011,20045,YGODUELIST-STRIKE_YGO_DUELIST010 | pt=2 n=5:YGODUELIST-FIRE_PRINCESS0bYgoDieForYouUserToggleOnFalseiPermanentAtkBonusFromExecutes01010002,20013,20043,YGODUELIST-QUEEN_S_DOUBLE0bYgoDieForYouUserToggleOnFalseiPermanentAtkBonusFromExecutes01010000,20019,20045,YGODUELIST-STRIKE_YGO_DUELIST010,YGODUELIST-STRIKE_YGO_DUELIST010,YGODUELIST-YELLOW_LUSTER_SHIELD01010009,20024 | pt=3 n=4:YGODUELIST-DEFEND_YGO_DUELIST010,YGODUELIST-DEFEND_YGO_DUELIST010,YGODUELIST-KURAMA0bYgoDieForYouUserToggleOnFalseiPermanentAtkBonusFromExecutes01010003,20020,20043,YGODUELIST-ZABORG_THE_THUNDER_MONARCH0bYgoDieForYouUserToggleOnFalseiPermanentAtkBonusFromExecutes01010004,20018,20034,20043 | pt=4 n=0: | pt=5 n=0: | pt=932200512 n=0: | pt=932200513 n=1:YGODUELIST-THE_LAST_WARRIOR_FROM_ANOTHER_PLANET0bYgoDieForYouUserToggleOnFalseiPermanentAtkBonusFromExecutes0iSummonAbsorbPrintedDefBonus01010000,20019,20036,20043 | pt=932200514 n=0: | pt=932200515 n=0: | pt=932200516 n=1:YGODUELIST-VERSAGO_THE_DESTROYER0bYgoDieForYouUserToggleOnFalseiPermanentAtkBonusFromExecutes01010005,20007,20043 | pt=932200517 n=0: | pt=932200518 n=0:
[DEBUG] [ActionExecutor] Completed execution of action PlayCardAction card: CARD.YGODUELIST-DEFEND_YGO_DUELIST (34689085) index: 2055 targetid: , attempting to find new action
[VERYDEBUG] [ActionQueueSet] Attempting to find ready action
[VERYDEBUG] [ActionQueueSet] Queue for player 76561198345121322 is empty
[VERYDEBUG] [ActionQueueSet] Queue for player 76561198136285041 is empty
[VERYDEBUG] [ActionQueueSet] No action is ready
[YgoDuelist] Hover end on duel pet: DuelMonsterModel
[WARN] [BaseLib] GetRawText: Key 'YGO_RACE_SPELL_CONTINUOUS.title' not found in table 'static_hover_tips'
[WARN] [BaseLib] GetRawText: Key 'YGO_RACE_SPELL_CONTINUOUS.description' not found in table 'static_hover_tips'
[DEBUG] [NetMessageBus] Received message ActionEnqueuedMessage PlayerID: 76561198345121322 Action: NetPlayCardAction (NetCombatCard 9) target: null Source Location: act 0 coord (0, 1) (card: Yellow Luster Shield), sending to 1 handlers
[VERYDEBUG] [RunLocationTargetedMessageBuffer] Handling map-targeted message ActionEnqueuedMessage PlayerID: 76561198345121322 Action: NetPlayCardAction (NetCombatCard 9) target: null Source Location: act 0 coord (0, 1) (card: Yellow Luster Shield) from 76561198345121322 for location act 0 coord (0, 1)
[DEBUG] [ActionQueueSynchronizer] Received handle action enqueued message ActionEnqueuedMessage PlayerID: 76561198345121322 Action: NetPlayCardAction (NetCombatCard 9) target: null Source Location: act 0 coord (0, 1) (card: Yellow Luster Shield) at 08:24:16
[DEBUG] [ActionQueueSynchronizer] Enqueueing action PlayCardAction card: CARD.YGODUELIST-YELLOW_LUSTER_SHIELD (20775257) index: 9 targetid:  from owner 76561198345121322
[WARN] [BaseLib] GetRawText: Key 'YGO_RACE_SPELL_CONTINUOUS.title' not found in table 'static_hover_tips'
[WARN] [BaseLib] GetRawText: Key 'YGO_RACE_SPELL_CONTINUOUS.description' not found in table 'static_hover_tips'
[DEBUG] [ActionQueueSet] Enqueueing action PlayCardAction card: CARD.YGODUELIST-YELLOW_LUSTER_SHIELD (20775257) index: 9 targetid:  to player queue owned by 76561198345121322
[DEBUG] [ActionExecutor] Action queue changed, beginning ExecuteActions
[VERYDEBUG] [ActionQueueSet] Attempting to find ready action
[VERYDEBUG] [ActionQueueSet] Action PlayCardAction card: CARD.YGODUELIST-YELLOW_LUSTER_SHIELD (20775257) index: 9 targetid:  with id 13 belonging to 76561198345121322 becomes new ready action
[VERYDEBUG] [ActionQueueSet] Queue for player 76561198136285041 is empty
[VERYDEBUG] [ActionQueueSet] Got ready action PlayCardAction card: CARD.YGODUELIST-YELLOW_LUSTER_SHIELD (20775257) index: 9 targetid:  (13)
[DEBUG] [ActionExecutor] Executing action: PlayCardAction card: CARD.YGODUELIST-YELLOW_LUSTER_SHIELD (20775257) index: 9 targetid: 
[VERYDEBUG] [GameAction] Action PlayCardAction card: CARD.YGODUELIST-YELLOW_LUSTER_SHIELD (20775257) index: 9 targetid:  began executing
[INFO] Player 76561198345121322 playing card YGODUELIST-YELLOW_LUSTER_SHIELD (no target)
[VERYDEBUG] [GameAction] Action PlayCardAction card: CARD.YGODUELIST-YELLOW_LUSTER_SHIELD (20775257) index: 9 targetid:  finished execution
[DEBUG] [ChecksumTracker] Generating checksum for context: after executing action PlayCardAction card: CARD.YGODUELIST-YELLOW_LUSTER_SHIELD (20775257) index: 9 targetid:  action: PlayCardAction card: CARD.YGODUELIST-YELLOW_LUSTER_SHIELD (20775257) index: 9 targetid:  id: 13
[YgoDuelist][MP][Checksum][fp] netId=76561198136285041 | pt=1 n=9:YGODUELIST-BURNING_LAND01010009,20024,YGODUELIST-DEFEND_YGO_DUELIST010,YGODUELIST-DEFEND_YGO_DUELIST010,YGODUELIST-EARTH_EFFIGY0bYgoDieForYouUserToggleOnFalseiPermanentAtkBonusFromExecutes01010000,20015,20043,YGODUELIST-FIRE_SORCERER0bYgoDieForYouUserToggleOnFalseiPermanentAtkBonusFromExecutes01010002,20017,20041,20043,YGODUELIST-GAIA_POWER01010009,20027,YGODUELIST-RECKLESS_GREED01010009,10011,YGODUELIST-STRIKE_YGO_DUELIST010,YGODUELIST-STRIKE_YGO_DUELIST010 | pt=2 n=3:YGODUELIST-ARCANE_ARCHER_OF_THE_FOREST0bYgoDieForYouUserToggleOnFalseiPermanentAtkBonusFromExecutes01010000,20019,20043,YGODUELIST-OUTSTANDING_DOG_MARRON0bYgoDieForYouUserToggleOnFalseiPermanentAtkBonusFromExecutes01010004,20001,YGODUELIST-TRAP_OF_BOARD_ERASER01010009,10011 | pt=3 n=5:YGODUELIST-DEFEND_YGO_DUELIST010,YGODUELIST-OJAMA_TRIO01010009,10011,YGODUELIST-ROCKET_JUMPER0bYgoDieForYouUserToggleOnFalseiPermanentAtkBonusFromExecutes01010000,20015,20043,20045,YGODUELIST-SKELENGEL0bYgoDieForYouUserToggleOnFalseiPermanentAtkBonusFromExecutes01010004,20006,20041,YGODUELIST-STRIKE_YGO_DUELIST010 | pt=4 n=0: | pt=5 n=0: | pt=932200512 n=0: | pt=932200513 n=0: | pt=932200514 n=0: | pt=932200515 n=1:YGODUELIST-HOURGLASS_OF_COURAGE0bYgoDieForYouUserToggleOnFalseiPermanentAtkBonusFromExecutes01010004,20006,20043 | pt=932200516 n=1:YGODUELIST-TOTAL_DEFENSE_SHOGUN0bYgoDieForYouUserToggleOnFalseiPermanentAtkBonusFromExecutes01010005,20019,20034,20043 | pt=932200517 n=0: | pt=932200518 n=0:
[YgoDuelist][MP][Checksum][fp] netId=76561198345121322 | pt=1 n=4:GREED0104,7,YGODUELIST-DEFEND_YGO_DUELIST010,YGODUELIST-RAIGEKI_BREAK01010009,10011,20045,YGODUELIST-STRIKE_YGO_DUELIST010 | pt=2 n=4:YGODUELIST-FIRE_PRINCESS0bYgoDieForYouUserToggleOnFalseiPermanentAtkBonusFromExecutes01010002,20013,20043,YGODUELIST-QUEEN_S_DOUBLE0bYgoDieForYouUserToggleOnFalseiPermanentAtkBonusFromExecutes01010000,20019,20045,YGODUELIST-STRIKE_YGO_DUELIST010,YGODUELIST-STRIKE_YGO_DUELIST010 | pt=3 n=4:YGODUELIST-DEFEND_YGO_DUELIST010,YGODUELIST-DEFEND_YGO_DUELIST010,YGODUELIST-KURAMA0bYgoDieForYouUserToggleOnFalseiPermanentAtkBonusFromExecutes01010003,20020,20043,YGODUELIST-ZABORG_THE_THUNDER_MONARCH0bYgoDieForYouUserToggleOnFalseiPermanentAtkBonusFromExecutes01010004,20018,20034,20043 | pt=4 n=0: | pt=5 n=0: | pt=932200512 n=0: | pt=932200513 n=1:YGODUELIST-THE_LAST_WARRIOR_FROM_ANOTHER_PLANET0bYgoDieForYouUserToggleOnFalseiPermanentAtkBonusFromExecutes0iSummonAbsorbPrintedDefBonus01010000,20019,20036,20043 | pt=932200514 n=0: | pt=932200515 n=0: | pt=932200516 n=1:YGODUELIST-VERSAGO_THE_DESTROYER0bYgoDieForYouUserToggleOnFalseiPermanentAtkBonusFromExecutes01010005,20007,20043 | pt=932200517 n=1:YGODUELIST-YELLOW_LUSTER_SHIELD01010009,20024 | pt=932200518 n=0:
[DEBUG] [ActionExecutor] Completed execution of action PlayCardAction card: CARD.YGODUELIST-YELLOW_LUSTER_SHIELD (20775257) index: 9 targetid: , attempting to find new action
[VERYDEBUG] [ActionQueueSet] Attempting to find ready action
[VERYDEBUG] [ActionQueueSet] Queue for player 76561198345121322 is empty
[VERYDEBUG] [ActionQueueSet] Queue for player 76561198136285041 is empty
[VERYDEBUG] [ActionQueueSet] No action is ready
[YgoDuelist] OnSecondHandCardsChanged ENTER player=10464625 cardsCount=1
[YgoDuelist]   cards[0]=Yellow_Luster_Shield id=20775257
[YgoDuelist] OnSecondHandCardsChanged EXIT me != player
[DEBUG] [NetMessageBus] Received message ActionEnqueuedMessage PlayerID: 76561198345121322 Action: YgoDuelist.YgoDuelistCode.GameActions.NetYgoMonsterMenuCommandAction Source Location: act 0 coord (0, 1) , sending to 1 handlers
[VERYDEBUG] [RunLocationTargetedMessageBuffer] Handling map-targeted message ActionEnqueuedMessage PlayerID: 76561198345121322 Action: YgoDuelist.YgoDuelistCode.GameActions.NetYgoMonsterMenuCommandAction Source Location: act 0 coord (0, 1)  from 76561198345121322 for location act 0 coord (0, 1)
[DEBUG] [ActionQueueSynchronizer] Received handle action enqueued message ActionEnqueuedMessage PlayerID: 76561198345121322 Action: YgoDuelist.YgoDuelistCode.GameActions.NetYgoMonsterMenuCommandAction Source Location: act 0 coord (0, 1)  at 08:24:18
[DEBUG] [ActionQueueSynchronizer] Enqueueing action YgoMonsterMenuCommandGameAction owner=76561198345121322 OpenMonsterOptions pet=4 from owner 76561198345121322
[DEBUG] [ActionQueueSet] Enqueueing action YgoMonsterMenuCommandGameAction owner=76561198345121322 OpenMonsterOptions pet=4 to player queue owned by 76561198345121322
[DEBUG] [ActionExecutor] Action queue changed, beginning ExecuteActions
[VERYDEBUG] [ActionQueueSet] Attempting to find ready action
[VERYDEBUG] [ActionQueueSet] Action YgoMonsterMenuCommandGameAction owner=76561198345121322 OpenMonsterOptions pet=4 with id 14 belonging to 76561198345121322 becomes new ready action
[VERYDEBUG] [ActionQueueSet] Queue for player 76561198136285041 is empty
[VERYDEBUG] [ActionQueueSet] Got ready action YgoMonsterMenuCommandGameAction owner=76561198345121322 OpenMonsterOptions pet=4 (14)
[DEBUG] [ActionExecutor] Executing action: YgoMonsterMenuCommandGameAction owner=76561198345121322 OpenMonsterOptions pet=4
[VERYDEBUG] [GameAction] Action YgoMonsterMenuCommandGameAction owner=76561198345121322 OpenMonsterOptions pet=4 began executing
[YgoDuelist][MP] YgoMonsterMenuCommandGameAction: kind=OpenMonsterOptions ownerNetId=76561198345121322 petCombatId=4 hasEnemy=False
[YgoDuelist] OnSecondHandCardsChanged ENTER player=10464625 cardsCount=5
[YgoDuelist]   cards[0]=Command_Defend id=34254019
[YgoDuelist]   cards[1]=Command_Attack id=39850720
[YgoDuelist]   cards[2]=Command_Change_Battle_Position id=23112165
[YgoDuelist]   cards[3]=Toggle_Die_For_You id=6682900
[YgoDuelist]   cards[4]=Exit_Monster_Options id=60146100
[YgoDuelist] OnSecondHandCardsChanged EXIT me != player
[YgoDuelist][MP][OptionPile] OpenMonsterOptions: player=76561198345121322 count=5 ids=[YGODUELIST-EXIT_MONSTER_OPTIONS=19, YGODUELIST-TOGGLE_DIE_FOR_YOU=18, YGODUELIST-COMMAND_CHANGE_BATTLE_POSITION=17, YGODUELIST-COMMAND_ATTACK=16, YGODUELIST-COMMAND_DEFEND=15]
[VERYDEBUG] [GameAction] Action YgoMonsterMenuCommandGameAction owner=76561198345121322 OpenMonsterOptions pet=4 finished execution
[DEBUG] [ChecksumTracker] Generating checksum for context: after executing action YgoMonsterMenuCommandGameAction owner=76561198345121322 OpenMonsterOptions pet=4 action: YgoMonsterMenuCommandGameAction owner=76561198345121322 OpenMonsterOptions pet=4 id: 14
[YgoDuelist][MP][Checksum][fp] netId=76561198136285041 | pt=1 n=9:YGODUELIST-BURNING_LAND01010009,20024,YGODUELIST-DEFEND_YGO_DUELIST010,YGODUELIST-DEFEND_YGO_DUELIST010,YGODUELIST-EARTH_EFFIGY0bYgoDieForYouUserToggleOnFalseiPermanentAtkBonusFromExecutes01010000,20015,20043,YGODUELIST-FIRE_SORCERER0bYgoDieForYouUserToggleOnFalseiPermanentAtkBonusFromExecutes01010002,20017,20041,20043,YGODUELIST-GAIA_POWER01010009,20027,YGODUELIST-RECKLESS_GREED01010009,10011,YGODUELIST-STRIKE_YGO_DUELIST010,YGODUELIST-STRIKE_YGO_DUELIST010 | pt=2 n=3:YGODUELIST-ARCANE_ARCHER_OF_THE_FOREST0bYgoDieForYouUserToggleOnFalseiPermanentAtkBonusFromExecutes01010000,20019,20043,YGODUELIST-OUTSTANDING_DOG_MARRON0bYgoDieForYouUserToggleOnFalseiPermanentAtkBonusFromExecutes01010004,20001,YGODUELIST-TRAP_OF_BOARD_ERASER01010009,10011 | pt=3 n=5:YGODUELIST-DEFEND_YGO_DUELIST010,YGODUELIST-OJAMA_TRIO01010009,10011,YGODUELIST-ROCKET_JUMPER0bYgoDieForYouUserToggleOnFalseiPermanentAtkBonusFromExecutes01010000,20015,20043,20045,YGODUELIST-SKELENGEL0bYgoDieForYouUserToggleOnFalseiPermanentAtkBonusFromExecutes01010004,20006,20041,YGODUELIST-STRIKE_YGO_DUELIST010 | pt=4 n=0: | pt=5 n=0: | pt=932200512 n=0: | pt=932200513 n=0: | pt=932200514 n=0: | pt=932200515 n=1:YGODUELIST-HOURGLASS_OF_COURAGE0bYgoDieForYouUserToggleOnFalseiPermanentAtkBonusFromExecutes01010004,20006,20043 | pt=932200516 n=1:YGODUELIST-TOTAL_DEFENSE_SHOGUN0bYgoDieForYouUserToggleOnFalseiPermanentAtkBonusFromExecutes01010005,20019,20034,20043 | pt=932200517 n=0: | pt=932200518 n=0:
[YgoDuelist][MP][Checksum][fp] netId=76561198345121322 | pt=1 n=4:GREED0104,7,YGODUELIST-DEFEND_YGO_DUELIST010,YGODUELIST-RAIGEKI_BREAK01010009,10011,20045,YGODUELIST-STRIKE_YGO_DUELIST010 | pt=2 n=4:YGODUELIST-FIRE_PRINCESS0bYgoDieForYouUserToggleOnFalseiPermanentAtkBonusFromExecutes01010002,20013,20043,YGODUELIST-QUEEN_S_DOUBLE0bYgoDieForYouUserToggleOnFalseiPermanentAtkBonusFromExecutes01010000,20019,20045,YGODUELIST-STRIKE_YGO_DUELIST010,YGODUELIST-STRIKE_YGO_DUELIST010 | pt=3 n=4:YGODUELIST-DEFEND_YGO_DUELIST010,YGODUELIST-DEFEND_YGO_DUELIST010,YGODUELIST-KURAMA0bYgoDieForYouUserToggleOnFalseiPermanentAtkBonusFromExecutes01010003,20020,20043,YGODUELIST-ZABORG_THE_THUNDER_MONARCH0bYgoDieForYouUserToggleOnFalseiPermanentAtkBonusFromExecutes01010004,20018,20034,20043 | pt=4 n=0: | pt=5 n=0: | pt=932200512 n=0: | pt=932200513 n=1:YGODUELIST-THE_LAST_WARRIOR_FROM_ANOTHER_PLANET0bYgoDieForYouUserToggleOnFalseiPermanentAtkBonusFromExecutes0iSummonAbsorbPrintedDefBonus01010000,20019,20036,20043 | pt=932200514 n=0: | pt=932200515 n=0: | pt=932200516 n=1:YGODUELIST-VERSAGO_THE_DESTROYER0bYgoDieForYouUserToggleOnFalseiPermanentAtkBonusFromExecutes01010005,20007,20043 | pt=932200517 n=1:YGODUELIST-YELLOW_LUSTER_SHIELD01010009,20024 | pt=932200518 n=0:
[DEBUG] [ActionExecutor] Completed execution of action YgoMonsterMenuCommandGameAction owner=76561198345121322 OpenMonsterOptions pet=4, attempting to find new action
[VERYDEBUG] [ActionQueueSet] Attempting to find ready action
[VERYDEBUG] [ActionQueueSet] Queue for player 76561198345121322 is empty
[VERYDEBUG] [ActionQueueSet] Queue for player 76561198136285041 is empty
[VERYDEBUG] [ActionQueueSet] No action is ready
[WARN] [BaseLib] GetRawText: Key 'YGO_ATTRIBUTE_DARK.title' not found in table 'static_hover_tips'
[WARN] [BaseLib] GetRawText: Key 'YGO_ATTRIBUTE_DARK.description' not found in table 'static_hover_tips'
[WARN] [BaseLib] GetRawText: Key 'YGO_RACE_FIEND.title' not found in table 'static_hover_tips'
[WARN] [BaseLib] GetRawText: Key 'YGO_RACE_FIEND.description' not found in table 'static_hover_tips'
[WARN] [BaseLib] GetRawText: Key 'YGO_RACE_FIEND.title' not found in table 'static_hover_tips'
[WARN] [BaseLib] GetRawText: Key 'YGO_RACE_FIEND.description' not found in table 'static_hover_tips'
[WARN] [BaseLib] GetRawText: Key 'YGO_ATTRIBUTE_DARK.title' not found in table 'static_hover_tips'
[WARN] [BaseLib] GetRawText: Key 'YGO_ATTRIBUTE_DARK.description' not found in table 'static_hover_tips'
[WARN] [BaseLib] GetRawText: Key 'YGO_RACE_FIEND.title' not found in table 'static_hover_tips'
[WARN] [BaseLib] GetRawText: Key 'YGO_RACE_FIEND.description' not found in table 'static_hover_tips'
[WARN] [BaseLib] GetRawText: Key 'YGO_RACE_FIEND.title' not found in table 'static_hover_tips'
[WARN] [BaseLib] GetRawText: Key 'YGO_RACE_FIEND.description' not found in table 'static_hover_tips'
[WARN] [BaseLib] GetRawText: Key 'YGO_ATTRIBUTE_DARK.title' not found in table 'static_hover_tips'
[WARN] [BaseLib] GetRawText: Key 'YGO_ATTRIBUTE_DARK.description' not found in table 'static_hover_tips'
[WARN] [BaseLib] GetRawText: Key 'YGO_RACE_FIEND.title' not found in table 'static_hover_tips'
[WARN] [BaseLib] GetRawText: Key 'YGO_RACE_FIEND.description' not found in table 'static_hover_tips'
[WARN] [BaseLib] GetRawText: Key 'YGO_RACE_FIEND.title' not found in table 'static_hover_tips'
[WARN] [BaseLib] GetRawText: Key 'YGO_RACE_FIEND.description' not found in table 'static_hover_tips'
[WARN] [BaseLib] GetRawText: Key 'YGO_ATTRIBUTE_DARK.title' not found in table 'static_hover_tips'
[WARN] [BaseLib] GetRawText: Key 'YGO_ATTRIBUTE_DARK.description' not found in table 'static_hover_tips'
[WARN] [BaseLib] GetRawText: Key 'YGO_RACE_FIEND.title' not found in table 'static_hover_tips'
[WARN] [BaseLib] GetRawText: Key 'YGO_RACE_FIEND.description' not found in table 'static_hover_tips'
[WARN] [BaseLib] GetRawText: Key 'YGO_RACE_FIEND.title' not found in table 'static_hover_tips'
[WARN] [BaseLib] GetRawText: Key 'YGO_RACE_FIEND.description' not found in table 'static_hover_tips'
[DEBUG] [NetQualityTracker] Connection statistics at 08:24:24:
[DEBUG] [NetQualityTracker] 	76561198345121322 - Ping: 60.85974. Packet Loss: 3E-45.
[DEBUG] [NetMessageBus] Received message ActionEnqueuedMessage PlayerID: 76561198345121322 Action: NetPlayCardAction (NetCombatCard 15) target: null Source Location: act 0 coord (0, 1) (card: Command Defend), sending to 1 handlers
[VERYDEBUG] [RunLocationTargetedMessageBuffer] Handling map-targeted message ActionEnqueuedMessage PlayerID: 76561198345121322 Action: NetPlayCardAction (NetCombatCard 15) target: null Source Location: act 0 coord (0, 1) (card: Command Defend) from 76561198345121322 for location act 0 coord (0, 1)
[DEBUG] [ActionQueueSynchronizer] Received handle action enqueued message ActionEnqueuedMessage PlayerID: 76561198345121322 Action: NetPlayCardAction (NetCombatCard 15) target: null Source Location: act 0 coord (0, 1) (card: Command Defend) at 08:24:25
[DEBUG] [ActionQueueSynchronizer] Enqueueing action PlayCardAction card: CARD.YGODUELIST-COMMAND_DEFEND (34254019) index: 15 targetid:  from owner 76561198345121322
[WARN] [BaseLib] GetRawText: Key 'YGO_ATTRIBUTE_DARK.title' not found in table 'static_hover_tips'
[WARN] [BaseLib] GetRawText: Key 'YGO_ATTRIBUTE_DARK.description' not found in table 'static_hover_tips'
[WARN] [BaseLib] GetRawText: Key 'YGO_RACE_FIEND.title' not found in table 'static_hover_tips'
[WARN] [BaseLib] GetRawText: Key 'YGO_RACE_FIEND.description' not found in table 'static_hover_tips'
[WARN] [BaseLib] GetRawText: Key 'YGO_RACE_FIEND.title' not found in table 'static_hover_tips'
[WARN] [BaseLib] GetRawText: Key 'YGO_RACE_FIEND.description' not found in table 'static_hover_tips'
[DEBUG] [ActionQueueSet] Enqueueing action PlayCardAction card: CARD.YGODUELIST-COMMAND_DEFEND (34254019) index: 15 targetid:  to player queue owned by 76561198345121322
[DEBUG] [ActionExecutor] Action queue changed, beginning ExecuteActions
[VERYDEBUG] [ActionQueueSet] Attempting to find ready action
[VERYDEBUG] [ActionQueueSet] Action PlayCardAction card: CARD.YGODUELIST-COMMAND_DEFEND (34254019) index: 15 targetid:  with id 15 belonging to 76561198345121322 becomes new ready action
[VERYDEBUG] [ActionQueueSet] Queue for player 76561198136285041 is empty
[VERYDEBUG] [ActionQueueSet] Got ready action PlayCardAction card: CARD.YGODUELIST-COMMAND_DEFEND (34254019) index: 15 targetid:  (15)
[DEBUG] [ActionExecutor] Executing action: PlayCardAction card: CARD.YGODUELIST-COMMAND_DEFEND (34254019) index: 15 targetid: 
[VERYDEBUG] [GameAction] Action PlayCardAction card: CARD.YGODUELIST-COMMAND_DEFEND (34254019) index: 15 targetid:  began executing
[YgoDuelist] PlayCardFromOptionPile: ExecutePlayFromOptionPileAsync START
[YgoDuelist] PlayCardFromOptionPile: card=YGODUELIST-COMMAND_DEFEND type=Command_Defend TargetType=Self
[YgoDuelist][MP][OptionPile] post-target-resolve card=YGODUELIST-COMMAND_DEFEND source=YGODUELIST-VERSAGO_THE_DESTROYER sourcePetId=4 actionTargetId= resolvedTargetCombatId=
[WARN] [BaseLib] GetRawText: Key 'YGO_ATTRIBUTE_DARK.title' not found in table 'static_hover_tips'
[WARN] [BaseLib] GetRawText: Key 'YGO_ATTRIBUTE_DARK.description' not found in table 'static_hover_tips'
[WARN] [BaseLib] GetRawText: Key 'YGO_RACE_FIEND.title' not found in table 'static_hover_tips'
[WARN] [BaseLib] GetRawText: Key 'YGO_RACE_FIEND.description' not found in table 'static_hover_tips'
[WARN] [BaseLib] GetRawText: Key 'YGO_RACE_FIEND.title' not found in table 'static_hover_tips'
[WARN] [BaseLib] GetRawText: Key 'YGO_RACE_FIEND.description' not found in table 'static_hover_tips'
[WARN] [BaseLib] GetRawText: Key 'YGO_ATTRIBUTE_DARK.title' not found in table 'static_hover_tips'
[WARN] [BaseLib] GetRawText: Key 'YGO_ATTRIBUTE_DARK.description' not found in table 'static_hover_tips'
[WARN] [BaseLib] GetRawText: Key 'YGO_RACE_FIEND.title' not found in table 'static_hover_tips'
[WARN] [BaseLib] GetRawText: Key 'YGO_RACE_FIEND.description' not found in table 'static_hover_tips'
[WARN] [BaseLib] GetRawText: Key 'YGO_RACE_FIEND.title' not found in table 'static_hover_tips'
[WARN] [BaseLib] GetRawText: Key 'YGO_RACE_FIEND.description' not found in table 'static_hover_tips'
[YgoStripVisualDebug] Id=YGODUELIST-QUEEN_S_DOUBLE, YgoCardType=EffectMonster, Attr=Earth, Race=Warrior, IsHandEffectFormActive=False, WillSet=True, FaceDown=False, UseFaceDownStrip=False
[WARN] [BaseLib] GetRawText: Key 'YGO_ATTRIBUTE_EARTH.title' not found in table 'static_hover_tips'
[WARN] [BaseLib] GetRawText: Key 'YGO_ATTRIBUTE_EARTH.description' not found in table 'static_hover_tips'
[WARN] [BaseLib] GetRawText: Key 'YGO_RACE_WARRIOR.title' not found in table 'static_hover_tips'
[WARN] [BaseLib] GetRawText: Key 'YGO_RACE_WARRIOR.description' not found in table 'static_hover_tips'
[YgoSetVisualDebug] Id=YGODUELIST-QUEEN_S_DOUBLE, YgoCardType=EffectMonster, IsHandEffectFormActive=False, WillSet=True, FaceDown=False, ShouldUseSetVisual=False
[YgoDuelist] PlayCardFromOptionPile: ExecutePlayFromOptionPileAsync END
[VERYDEBUG] [GameAction] Action PlayCardAction card: CARD.YGODUELIST-COMMAND_DEFEND (34254019) index: 15 targetid:  finished execution
[DEBUG] [ChecksumTracker] Generating checksum for context: after executing action PlayCardAction card: CARD.YGODUELIST-COMMAND_DEFEND (34254019) index: 15 targetid:  action: PlayCardAction card: CARD.YGODUELIST-COMMAND_DEFEND (34254019) index: 15 targetid:  id: 15
[YgoDuelist][MP][Checksum][fp] netId=76561198136285041 | pt=1 n=9:YGODUELIST-BURNING_LAND01010009,20024,YGODUELIST-DEFEND_YGO_DUELIST010,YGODUELIST-DEFEND_YGO_DUELIST010,YGODUELIST-EARTH_EFFIGY0bYgoDieForYouUserToggleOnFalseiPermanentAtkBonusFromExecutes01010000,20015,20043,YGODUELIST-FIRE_SORCERER0bYgoDieForYouUserToggleOnFalseiPermanentAtkBonusFromExecutes01010002,20017,20041,20043,YGODUELIST-GAIA_POWER01010009,20027,YGODUELIST-RECKLESS_GREED01010009,10011,YGODUELIST-STRIKE_YGO_DUELIST010,YGODUELIST-STRIKE_YGO_DUELIST010 | pt=2 n=3:YGODUELIST-ARCANE_ARCHER_OF_THE_FOREST0bYgoDieForYouUserToggleOnFalseiPermanentAtkBonusFromExecutes01010000,20019,20043,YGODUELIST-OUTSTANDING_DOG_MARRON0bYgoDieForYouUserToggleOnFalseiPermanentAtkBonusFromExecutes01010004,20001,YGODUELIST-TRAP_OF_BOARD_ERASER01010009,10011 | pt=3 n=5:YGODUELIST-DEFEND_YGO_DUELIST010,YGODUELIST-OJAMA_TRIO01010009,10011,YGODUELIST-ROCKET_JUMPER0bYgoDieForYouUserToggleOnFalseiPermanentAtkBonusFromExecutes01010000,20015,20043,20045,YGODUELIST-SKELENGEL0bYgoDieForYouUserToggleOnFalseiPermanentAtkBonusFromExecutes01010004,20006,20041,YGODUELIST-STRIKE_YGO_DUELIST010 | pt=4 n=0: | pt=5 n=0: | pt=932200512 n=0: | pt=932200513 n=0: | pt=932200514 n=0: | pt=932200515 n=1:YGODUELIST-HOURGLASS_OF_COURAGE0bYgoDieForYouUserToggleOnFalseiPermanentAtkBonusFromExecutes01010004,20006,20043 | pt=932200516 n=1:YGODUELIST-TOTAL_DEFENSE_SHOGUN0bYgoDieForYouUserToggleOnFalseiPermanentAtkBonusFromExecutes01010005,20019,20034,20043 | pt=932200517 n=0: | pt=932200518 n=0:
[YgoDuelist][MP][Checksum][fp] netId=76561198345121322 | pt=1 n=4:GREED0104,7,YGODUELIST-DEFEND_YGO_DUELIST010,YGODUELIST-RAIGEKI_BREAK01010009,10011,20045,YGODUELIST-STRIKE_YGO_DUELIST010 | pt=2 n=4:YGODUELIST-FIRE_PRINCESS0bYgoDieForYouUserToggleOnFalseiPermanentAtkBonusFromExecutes01010002,20013,20043,YGODUELIST-QUEEN_S_DOUBLE0bYgoDieForYouUserToggleOnFalseiPermanentAtkBonusFromExecutes01010000,20019,20045,YGODUELIST-STRIKE_YGO_DUELIST010,YGODUELIST-STRIKE_YGO_DUELIST010 | pt=3 n=4:YGODUELIST-DEFEND_YGO_DUELIST010,YGODUELIST-DEFEND_YGO_DUELIST010,YGODUELIST-KURAMA0bYgoDieForYouUserToggleOnFalseiPermanentAtkBonusFromExecutes01010003,20020,20043,YGODUELIST-ZABORG_THE_THUNDER_MONARCH0bYgoDieForYouUserToggleOnFalseiPermanentAtkBonusFromExecutes01010004,20018,20034,20043 | pt=4 n=0: | pt=5 n=0: | pt=932200512 n=0: | pt=932200513 n=1:YGODUELIST-THE_LAST_WARRIOR_FROM_ANOTHER_PLANET0bYgoDieForYouUserToggleOnFalseiPermanentAtkBonusFromExecutes0iSummonAbsorbPrintedDefBonus01010000,20019,20036,20043 | pt=932200514 n=0: | pt=932200515 n=0: | pt=932200516 n=1:YGODUELIST-VERSAGO_THE_DESTROYER0bYgoDieForYouUserToggleOnFalseiPermanentAtkBonusFromExecutes01010005,20007,20043 | pt=932200517 n=1:YGODUELIST-YELLOW_LUSTER_SHIELD01010009,20024 | pt=932200518 n=0:
[DEBUG] [ActionExecutor] Completed execution of action PlayCardAction card: CARD.YGODUELIST-COMMAND_DEFEND (34254019) index: 15 targetid: , attempting to find new action
[VERYDEBUG] [ActionQueueSet] Attempting to find ready action
[VERYDEBUG] [ActionQueueSet] Queue for player 76561198345121322 is empty
[VERYDEBUG] [ActionQueueSet] Queue for player 76561198136285041 is empty
[VERYDEBUG] [ActionQueueSet] No action is ready
[YgoDuelist] OnSecondHandCardsChanged ENTER player=10464625 cardsCount=5
[YgoDuelist]   cards[0]=Command_Defend id=34254019
[YgoDuelist]   cards[1]=Command_Attack id=39850720
[YgoDuelist]   cards[2]=Command_Change_Battle_Position id=23112165
[YgoDuelist]   cards[3]=Toggle_Die_For_You id=6682900
[YgoDuelist]   cards[4]=Exit_Monster_Options id=60146100
[YgoDuelist] OnSecondHandCardsChanged EXIT me != player
[DEBUG] [NetMessageBus] Received message ActionEnqueuedMessage PlayerID: 76561198345121322 Action: NetPlayCardAction (NetCombatCard 8) target: 3 Source Location: act 0 coord (0, 1) (card: Queen s Double), sending to 1 handlers
[VERYDEBUG] [RunLocationTargetedMessageBuffer] Handling map-targeted message ActionEnqueuedMessage PlayerID: 76561198345121322 Action: NetPlayCardAction (NetCombatCard 8) target: 3 Source Location: act 0 coord (0, 1) (card: Queen s Double) from 76561198345121322 for location act 0 coord (0, 1)
[DEBUG] [ActionQueueSynchronizer] Received handle action enqueued message ActionEnqueuedMessage PlayerID: 76561198345121322 Action: NetPlayCardAction (NetCombatCard 8) target: 3 Source Location: act 0 coord (0, 1) (card: Queen s Double) at 08:24:28
[DEBUG] [ActionQueueSynchronizer] Enqueueing action PlayCardAction card: CARD.YGODUELIST-QUEEN_S_DOUBLE (2308361) index: 8 targetid: 3 from owner 76561198345121322
[WARN] [BaseLib] GetRawText: Key 'YGO_ATTRIBUTE_EARTH.title' not found in table 'static_hover_tips'
[WARN] [BaseLib] GetRawText: Key 'YGO_ATTRIBUTE_EARTH.description' not found in table 'static_hover_tips'
[WARN] [BaseLib] GetRawText: Key 'YGO_RACE_WARRIOR.title' not found in table 'static_hover_tips'
[WARN] [BaseLib] GetRawText: Key 'YGO_RACE_WARRIOR.description' not found in table 'static_hover_tips'
[DEBUG] [ActionQueueSet] Enqueueing action PlayCardAction card: CARD.YGODUELIST-QUEEN_S_DOUBLE (2308361) index: 8 targetid: 3 to player queue owned by 76561198345121322
[DEBUG] [ActionExecutor] Action queue changed, beginning ExecuteActions
[VERYDEBUG] [ActionQueueSet] Attempting to find ready action
[VERYDEBUG] [ActionQueueSet] Action PlayCardAction card: CARD.YGODUELIST-QUEEN_S_DOUBLE (2308361) index: 8 targetid: 3 with id 16 belonging to 76561198345121322 becomes new ready action
[VERYDEBUG] [ActionQueueSet] Queue for player 76561198136285041 is empty
[VERYDEBUG] [ActionQueueSet] Got ready action PlayCardAction card: CARD.YGODUELIST-QUEEN_S_DOUBLE (2308361) index: 8 targetid: 3 (16)
[DEBUG] [ActionExecutor] Executing action: PlayCardAction card: CARD.YGODUELIST-QUEEN_S_DOUBLE (2308361) index: 8 targetid: 3
[VERYDEBUG] [GameAction] Action PlayCardAction card: CARD.YGODUELIST-QUEEN_S_DOUBLE (2308361) index: 8 targetid: 3 began executing
[WARN] [BaseLib] GetRawText: Key 'YGO_ATTRIBUTE_EARTH.title' not found in table 'static_hover_tips'
[WARN] [BaseLib] GetRawText: Key 'YGO_ATTRIBUTE_EARTH.description' not found in table 'static_hover_tips'
[WARN] [BaseLib] GetRawText: Key 'YGO_RACE_WARRIOR.title' not found in table 'static_hover_tips'
[WARN] [BaseLib] GetRawText: Key 'YGO_RACE_WARRIOR.description' not found in table 'static_hover_tips'
[WARN] [BaseLib] GetRawText: Key 'YGO_ATTRIBUTE_EARTH.title' not found in table 'static_hover_tips'
[WARN] [BaseLib] GetRawText: Key 'YGO_ATTRIBUTE_EARTH.description' not found in table 'static_hover_tips'
[WARN] [BaseLib] GetRawText: Key 'YGO_RACE_WARRIOR.title' not found in table 'static_hover_tips'
[WARN] [BaseLib] GetRawText: Key 'YGO_RACE_WARRIOR.description' not found in table 'static_hover_tips'
[YgoDuelist][MP][HandStance] Observer applied wire hand stance atk=True handEffect=False faceDown=False willSet=True netIdx=8 card=YGODUELIST-QUEEN_S_DOUBLE
[YgoDuelist][MP][PlayCard] Remote peer: mirrored vanilla ExecuteAction body (owner=76561198345121322 card=YGODUELIST-QUEEN_S_DOUBLE)
[INFO] Player 76561198345121322 playing card YGODUELIST-QUEEN_S_DOUBLE (targeting Toadpole (combatId 3)) [YgoDuelist remote mirror, skipped CanPlay]
[WARN] [BaseLib] GetRawText: Key 'YGO_ATTRIBUTE_DARK.title' not found in table 'static_hover_tips'
[WARN] [BaseLib] GetRawText: Key 'YGO_ATTRIBUTE_DARK.description' not found in table 'static_hover_tips'
[WARN] [BaseLib] GetRawText: Key 'YGO_RACE_FIEND.title' not found in table 'static_hover_tips'
[WARN] [BaseLib] GetRawText: Key 'YGO_RACE_FIEND.description' not found in table 'static_hover_tips'
[WARN] [BaseLib] GetRawText: Key 'YGO_RACE_FIEND.title' not found in table 'static_hover_tips'
[WARN] [BaseLib] GetRawText: Key 'YGO_RACE_FIEND.description' not found in table 'static_hover_tips'
[DEBUG] [NetMessageBus] Received message ActionEnqueuedMessage PlayerID: 76561198345121322 Action: YgoDuelist.YgoDuelistCode.GameActions.NetYgoMonsterMenuCommandAction Source Location: act 0 coord (0, 1) , sending to 1 handlers
[VERYDEBUG] [RunLocationTargetedMessageBuffer] Handling map-targeted message ActionEnqueuedMessage PlayerID: 76561198345121322 Action: YgoDuelist.YgoDuelistCode.GameActions.NetYgoMonsterMenuCommandAction Source Location: act 0 coord (0, 1)  from 76561198345121322 for location act 0 coord (0, 1)
[DEBUG] [ActionQueueSynchronizer] Received handle action enqueued message ActionEnqueuedMessage PlayerID: 76561198345121322 Action: YgoDuelist.YgoDuelistCode.GameActions.NetYgoMonsterMenuCommandAction Source Location: act 0 coord (0, 1)  at 08:24:29
[DEBUG] [ActionQueueSynchronizer] Enqueueing action YgoMonsterMenuCommandGameAction owner=76561198345121322 ExitMonsterOptions pet=0 from owner 76561198345121322
[DEBUG] [ActionQueueSet] Enqueueing action YgoMonsterMenuCommandGameAction owner=76561198345121322 ExitMonsterOptions pet=0 to player queue owned by 76561198345121322
[VERYDEBUG] [GameAction] Action PlayCardAction card: CARD.YGODUELIST-QUEEN_S_DOUBLE (2308361) index: 8 targetid: 3 finished execution
[DEBUG] [ChecksumTracker] Generating checksum for context: after executing action PlayCardAction card: CARD.YGODUELIST-QUEEN_S_DOUBLE (2308361) index: 8 targetid: 3 action: PlayCardAction card: CARD.YGODUELIST-QUEEN_S_DOUBLE (2308361) index: 8 targetid: 3 id: 16
[YgoDuelist][MP][Checksum][fp] netId=76561198136285041 | pt=1 n=9:YGODUELIST-BURNING_LAND01010009,20024,YGODUELIST-DEFEND_YGO_DUELIST010,YGODUELIST-DEFEND_YGO_DUELIST010,YGODUELIST-EARTH_EFFIGY0bYgoDieForYouUserToggleOnFalseiPermanentAtkBonusFromExecutes01010000,20015,20043,YGODUELIST-FIRE_SORCERER0bYgoDieForYouUserToggleOnFalseiPermanentAtkBonusFromExecutes01010002,20017,20041,20043,YGODUELIST-GAIA_POWER01010009,20027,YGODUELIST-RECKLESS_GREED01010009,10011,YGODUELIST-STRIKE_YGO_DUELIST010,YGODUELIST-STRIKE_YGO_DUELIST010 | pt=2 n=3:YGODUELIST-ARCANE_ARCHER_OF_THE_FOREST0bYgoDieForYouUserToggleOnFalseiPermanentAtkBonusFromExecutes01010000,20019,20043,YGODUELIST-OUTSTANDING_DOG_MARRON0bYgoDieForYouUserToggleOnFalseiPermanentAtkBonusFromExecutes01010004,20001,YGODUELIST-TRAP_OF_BOARD_ERASER01010009,10011 | pt=3 n=5:YGODUELIST-DEFEND_YGO_DUELIST010,YGODUELIST-OJAMA_TRIO01010009,10011,YGODUELIST-ROCKET_JUMPER0bYgoDieForYouUserToggleOnFalseiPermanentAtkBonusFromExecutes01010000,20015,20043,20045,YGODUELIST-SKELENGEL0bYgoDieForYouUserToggleOnFalseiPermanentAtkBonusFromExecutes01010004,20006,20041,YGODUELIST-STRIKE_YGO_DUELIST010 | pt=4 n=0: | pt=5 n=0: | pt=932200512 n=0: | pt=932200513 n=0: | pt=932200514 n=0: | pt=932200515 n=1:YGODUELIST-HOURGLASS_OF_COURAGE0bYgoDieForYouUserToggleOnFalseiPermanentAtkBonusFromExecutes01010004,20006,20043 | pt=932200516 n=1:YGODUELIST-TOTAL_DEFENSE_SHOGUN0bYgoDieForYouUserToggleOnFalseiPermanentAtkBonusFromExecutes01010005,20019,20034,20043 | pt=932200517 n=0: | pt=932200518 n=0:
[YgoDuelist][MP][Checksum][fp] netId=76561198345121322 | pt=1 n=4:GREED0104,7,YGODUELIST-DEFEND_YGO_DUELIST010,YGODUELIST-RAIGEKI_BREAK01010009,10011,20045,YGODUELIST-STRIKE_YGO_DUELIST010 | pt=2 n=3:YGODUELIST-FIRE_PRINCESS0bYgoDieForYouUserToggleOnFalseiPermanentAtkBonusFromExecutes01010002,20013,20043,YGODUELIST-STRIKE_YGO_DUELIST010,YGODUELIST-STRIKE_YGO_DUELIST010 | pt=3 n=4:YGODUELIST-DEFEND_YGO_DUELIST010,YGODUELIST-DEFEND_YGO_DUELIST010,YGODUELIST-KURAMA0bYgoDieForYouUserToggleOnFalseiPermanentAtkBonusFromExecutes01010003,20020,20043,YGODUELIST-ZABORG_THE_THUNDER_MONARCH0bYgoDieForYouUserToggleOnFalseiPermanentAtkBonusFromExecutes01010004,20018,20034,20043 | pt=4 n=0: | pt=5 n=0: | pt=932200512 n=0: | pt=932200513 n=1:YGODUELIST-THE_LAST_WARRIOR_FROM_ANOTHER_PLANET0bYgoDieForYouUserToggleOnFalseiPermanentAtkBonusFromExecutes0iSummonAbsorbPrintedDefBonus01010000,20019,20036,20043 | pt=932200514 n=0: | pt=932200515 n=0: | pt=932200516 n=2:YGODUELIST-QUEEN_S_DOUBLE0bYgoDieForYouUserToggleOnFalseiPermanentAtkBonusFromExecutes01010000,20019,20045,YGODUELIST-VERSAGO_THE_DESTROYER0bYgoDieForYouUserToggleOnFalseiPermanentAtkBonusFromExecutes01010005,20007,20043 | pt=932200517 n=1:YGODUELIST-YELLOW_LUSTER_SHIELD01010009,20024 | pt=932200518 n=0:
[DEBUG] [ActionExecutor] Completed execution of action PlayCardAction card: CARD.YGODUELIST-QUEEN_S_DOUBLE (2308361) index: 8 targetid: 3, attempting to find new action
[VERYDEBUG] [ActionQueueSet] Attempting to find ready action
[VERYDEBUG] [ActionQueueSet] Action YgoMonsterMenuCommandGameAction owner=76561198345121322 ExitMonsterOptions pet=0 with id 17 belonging to 76561198345121322 becomes new ready action
[VERYDEBUG] [ActionQueueSet] Queue for player 76561198136285041 is empty
[VERYDEBUG] [ActionQueueSet] Got ready action YgoMonsterMenuCommandGameAction owner=76561198345121322 ExitMonsterOptions pet=0 (17)
[DEBUG] [ActionExecutor] Executing action: YgoMonsterMenuCommandGameAction owner=76561198345121322 ExitMonsterOptions pet=0
[VERYDEBUG] [GameAction] Action YgoMonsterMenuCommandGameAction owner=76561198345121322 ExitMonsterOptions pet=0 began executing
[YgoDuelist][MP] YgoMonsterMenuCommandGameAction: kind=ExitMonsterOptions ownerNetId=76561198345121322 petCombatId=0 hasEnemy=False
[ZGO] Exit_Monster_Options.ExecuteExitAsync() entered
[ZGO] Exit_Monster_Options: Clearing YgoCardOptionPile. Previous count=5
[YgoDuelist] OnSecondHandCardsChanged ENTER player=10464625 cardsCount=0
[YgoDuelist] OnSecondHandCardsChanged EXIT me != player
[ZGO] Exit_Monster_Options.ExecuteExitAsync() done
[VERYDEBUG] [GameAction] Action YgoMonsterMenuCommandGameAction owner=76561198345121322 ExitMonsterOptions pet=0 finished execution
[DEBUG] [ChecksumTracker] Generating checksum for context: after executing action YgoMonsterMenuCommandGameAction owner=76561198345121322 ExitMonsterOptions pet=0 action: YgoMonsterMenuCommandGameAction owner=76561198345121322 ExitMonsterOptions pet=0 id: 17
[YgoDuelist][MP][Checksum][fp] netId=76561198136285041 | pt=1 n=9:YGODUELIST-BURNING_LAND01010009,20024,YGODUELIST-DEFEND_YGO_DUELIST010,YGODUELIST-DEFEND_YGO_DUELIST010,YGODUELIST-EARTH_EFFIGY0bYgoDieForYouUserToggleOnFalseiPermanentAtkBonusFromExecutes01010000,20015,20043,YGODUELIST-FIRE_SORCERER0bYgoDieForYouUserToggleOnFalseiPermanentAtkBonusFromExecutes01010002,20017,20041,20043,YGODUELIST-GAIA_POWER01010009,20027,YGODUELIST-RECKLESS_GREED01010009,10011,YGODUELIST-STRIKE_YGO_DUELIST010,YGODUELIST-STRIKE_YGO_DUELIST010 | pt=2 n=3:YGODUELIST-ARCANE_ARCHER_OF_THE_FOREST0bYgoDieForYouUserToggleOnFalseiPermanentAtkBonusFromExecutes01010000,20019,20043,YGODUELIST-OUTSTANDING_DOG_MARRON0bYgoDieForYouUserToggleOnFalseiPermanentAtkBonusFromExecutes01010004,20001,YGODUELIST-TRAP_OF_BOARD_ERASER01010009,10011 | pt=3 n=5:YGODUELIST-DEFEND_YGO_DUELIST010,YGODUELIST-OJAMA_TRIO01010009,10011,YGODUELIST-ROCKET_JUMPER0bYgoDieForYouUserToggleOnFalseiPermanentAtkBonusFromExecutes01010000,20015,20043,20045,YGODUELIST-SKELENGEL0bYgoDieForYouUserToggleOnFalseiPermanentAtkBonusFromExecutes01010004,20006,20041,YGODUELIST-STRIKE_YGO_DUELIST010 | pt=4 n=0: | pt=5 n=0: | pt=932200512 n=0: | pt=932200513 n=0: | pt=932200514 n=0: | pt=932200515 n=1:YGODUELIST-HOURGLASS_OF_COURAGE0bYgoDieForYouUserToggleOnFalseiPermanentAtkBonusFromExecutes01010004,20006,20043 | pt=932200516 n=1:YGODUELIST-TOTAL_DEFENSE_SHOGUN0bYgoDieForYouUserToggleOnFalseiPermanentAtkBonusFromExecutes01010005,20019,20034,20043 | pt=932200517 n=0: | pt=932200518 n=0:
[YgoDuelist][MP][Checksum][fp] netId=76561198345121322 | pt=1 n=4:GREED0104,7,YGODUELIST-DEFEND_YGO_DUELIST010,YGODUELIST-RAIGEKI_BREAK01010009,10011,20045,YGODUELIST-STRIKE_YGO_DUELIST010 | pt=2 n=3:YGODUELIST-FIRE_PRINCESS0bYgoDieForYouUserToggleOnFalseiPermanentAtkBonusFromExecutes01010002,20013,20043,YGODUELIST-STRIKE_YGO_DUELIST010,YGODUELIST-STRIKE_YGO_DUELIST010 | pt=3 n=4:YGODUELIST-DEFEND_YGO_DUELIST010,YGODUELIST-DEFEND_YGO_DUELIST010,YGODUELIST-KURAMA0bYgoDieForYouUserToggleOnFalseiPermanentAtkBonusFromExecutes01010003,20020,20043,YGODUELIST-ZABORG_THE_THUNDER_MONARCH0bYgoDieForYouUserToggleOnFalseiPermanentAtkBonusFromExecutes01010004,20018,20034,20043 | pt=4 n=0: | pt=5 n=0: | pt=932200512 n=0: | pt=932200513 n=1:YGODUELIST-THE_LAST_WARRIOR_FROM_ANOTHER_PLANET0bYgoDieForYouUserToggleOnFalseiPermanentAtkBonusFromExecutes0iSummonAbsorbPrintedDefBonus01010000,20019,20036,20043 | pt=932200514 n=0: | pt=932200515 n=0: | pt=932200516 n=2:YGODUELIST-QUEEN_S_DOUBLE0bYgoDieForYouUserToggleOnFalseiPermanentAtkBonusFromExecutes01010000,20019,20045,YGODUELIST-VERSAGO_THE_DESTROYER0bYgoDieForYouUserToggleOnFalseiPermanentAtkBonusFromExecutes01010005,20007,20043 | pt=932200517 n=1:YGODUELIST-YELLOW_LUSTER_SHIELD01010009,20024 | pt=932200518 n=0:
[DEBUG] [ActionExecutor] Completed execution of action YgoMonsterMenuCommandGameAction owner=76561198345121322 ExitMonsterOptions pet=0, attempting to find new action
[VERYDEBUG] [ActionQueueSet] Attempting to find ready action
[VERYDEBUG] [ActionQueueSet] Queue for player 76561198345121322 is empty
[VERYDEBUG] [ActionQueueSet] Queue for player 76561198136285041 is empty
[VERYDEBUG] [ActionQueueSet] No action is ready
[DEBUG] [NetMessageBus] Received message ActionEnqueuedMessage PlayerID: 76561198345121322 Action: NetEndPlayerTurnAction round: 2 Source Location: act 0 coord (0, 1) , sending to 1 handlers
[VERYDEBUG] [RunLocationTargetedMessageBuffer] Handling map-targeted message ActionEnqueuedMessage PlayerID: 76561198345121322 Action: NetEndPlayerTurnAction round: 2 Source Location: act 0 coord (0, 1)  from 76561198345121322 for location act 0 coord (0, 1)
[DEBUG] [ActionQueueSynchronizer] Received handle action enqueued message ActionEnqueuedMessage PlayerID: 76561198345121322 Action: NetEndPlayerTurnAction round: 2 Source Location: act 0 coord (0, 1)  at 08:24:31
[DEBUG] [ActionQueueSynchronizer] Enqueueing action EndPlayerTurnAction for player 76561198345121322 round 2 from owner 76561198345121322
[DEBUG] [ActionQueueSet] Enqueueing action EndPlayerTurnAction for player 76561198345121322 round 2 to player queue owned by 76561198345121322
[DEBUG] [ActionExecutor] Action queue changed, beginning ExecuteActions
[VERYDEBUG] [ActionQueueSet] Attempting to find ready action
[VERYDEBUG] [ActionQueueSet] Action EndPlayerTurnAction for player 76561198345121322 round 2 with id 18 belonging to 76561198345121322 becomes new ready action
[VERYDEBUG] [ActionQueueSet] Queue for player 76561198136285041 is empty
[VERYDEBUG] [ActionQueueSet] Got ready action EndPlayerTurnAction for player 76561198345121322 round 2 (18)
[DEBUG] [ActionExecutor] Executing action: EndPlayerTurnAction for player 76561198345121322 round 2
[VERYDEBUG] [GameAction] Action EndPlayerTurnAction for player 76561198345121322 round 2 began executing
[VERYDEBUG] [GameAction] Action EndPlayerTurnAction for player 76561198345121322 round 2 finished execution
[DEBUG] [ActionExecutor] Completed execution of action EndPlayerTurnAction for player 76561198345121322 round 2, attempting to find new action
[VERYDEBUG] [ActionQueueSet] Attempting to find ready action
[VERYDEBUG] [ActionQueueSet] Queue for player 76561198345121322 is empty
[VERYDEBUG] [ActionQueueSet] Queue for player 76561198136285041 is empty
[VERYDEBUG] [ActionQueueSet] No action is ready
[DEBUG] [ActionQueueSynchronizer] Sending message to host requesting to enqueue action EndPlayerTurnAction for player 76561198136285041 round 2 at 08:24:34
[DEBUG] [NetMessageBus] Received message ActionEnqueuedMessage PlayerID: 76561198136285041 Action: NetEndPlayerTurnAction round: 2 Source Location: act 0 coord (0, 1) , sending to 1 handlers
[VERYDEBUG] [RunLocationTargetedMessageBuffer] Handling map-targeted message ActionEnqueuedMessage PlayerID: 76561198136285041 Action: NetEndPlayerTurnAction round: 2 Source Location: act 0 coord (0, 1)  from 76561198345121322 for location act 0 coord (0, 1)
[DEBUG] [ActionQueueSynchronizer] Received handle action enqueued message ActionEnqueuedMessage PlayerID: 76561198136285041 Action: NetEndPlayerTurnAction round: 2 Source Location: act 0 coord (0, 1)  at 08:24:34
[DEBUG] [ActionQueueSynchronizer] Enqueueing action EndPlayerTurnAction for player 76561198136285041 round 2 from owner 76561198136285041
[DEBUG] [ActionQueueSet] Enqueueing action EndPlayerTurnAction for player 76561198136285041 round 2 to player queue owned by 76561198136285041
[DEBUG] [ActionExecutor] Action queue changed, beginning ExecuteActions
[VERYDEBUG] [ActionQueueSet] Attempting to find ready action
[VERYDEBUG] [ActionQueueSet] Queue for player 76561198345121322 is empty
[VERYDEBUG] [ActionQueueSet] Action EndPlayerTurnAction for player 76561198136285041 round 2 with id 19 belonging to 76561198136285041 becomes new ready action
[VERYDEBUG] [ActionQueueSet] Got ready action EndPlayerTurnAction for player 76561198136285041 round 2 (19)
[DEBUG] [ActionExecutor] Executing action: EndPlayerTurnAction for player 76561198136285041 round 2
[VERYDEBUG] [GameAction] Action EndPlayerTurnAction for player 76561198136285041 round 2 began executing
[VERYDEBUG] [GameAction] Action EndPlayerTurnAction for player 76561198136285041 round 2 finished execution
[DEBUG] [ActionQueueSynchronizer] Combat state becomes EndTurnPhaseOne (from PlayPhase). Starting to cancel all player-driven actions
[DEBUG] [ActionQueueSet] Setting all player queues to cancel all non-hook actions
[VERYDEBUG] [ActionQueueSet] Attempting to find ready action
[VERYDEBUG] [ActionQueueSet] Queue for player 76561198345121322 is empty
[VERYDEBUG] [ActionQueueSet] Queue for player 76561198136285041 is empty
[VERYDEBUG] [ActionQueueSet] No action is ready
[DEBUG] [ChecksumTracker] Generating checksum for context: After player turn phase one end action:  id: 18
[YgoDuelist][MP][Checksum][fp] netId=76561198136285041 | pt=1 n=9:YGODUELIST-BURNING_LAND01010009,20024,YGODUELIST-DEFEND_YGO_DUELIST010,YGODUELIST-DEFEND_YGO_DUELIST010,YGODUELIST-EARTH_EFFIGY0bYgoDieForYouUserToggleOnFalseiPermanentAtkBonusFromExecutes01010000,20015,20043,YGODUELIST-FIRE_SORCERER0bYgoDieForYouUserToggleOnFalseiPermanentAtkBonusFromExecutes01010002,20017,20041,20043,YGODUELIST-GAIA_POWER01010009,20027,YGODUELIST-RECKLESS_GREED01010009,10011,YGODUELIST-STRIKE_YGO_DUELIST010,YGODUELIST-STRIKE_YGO_DUELIST010 | pt=2 n=3:YGODUELIST-ARCANE_ARCHER_OF_THE_FOREST0bYgoDieForYouUserToggleOnFalseiPermanentAtkBonusFromExecutes01010000,20019,20043,YGODUELIST-OUTSTANDING_DOG_MARRON0bYgoDieForYouUserToggleOnFalseiPermanentAtkBonusFromExecutes01010004,20001,YGODUELIST-TRAP_OF_BOARD_ERASER01010009,10011 | pt=3 n=5:YGODUELIST-DEFEND_YGO_DUELIST010,YGODUELIST-OJAMA_TRIO01010009,10011,YGODUELIST-ROCKET_JUMPER0bYgoDieForYouUserToggleOnFalseiPermanentAtkBonusFromExecutes01010000,20015,20043,20045,YGODUELIST-SKELENGEL0bYgoDieForYouUserToggleOnFalseiPermanentAtkBonusFromExecutes01010004,20006,20041,YGODUELIST-STRIKE_YGO_DUELIST010 | pt=4 n=0: | pt=5 n=0: | pt=932200512 n=0: | pt=932200513 n=0: | pt=932200514 n=0: | pt=932200515 n=1:YGODUELIST-HOURGLASS_OF_COURAGE0bYgoDieForYouUserToggleOnFalseiPermanentAtkBonusFromExecutes01010004,20006,20043 | pt=932200516 n=1:YGODUELIST-TOTAL_DEFENSE_SHOGUN0bYgoDieForYouUserToggleOnFalseiPermanentAtkBonusFromExecutes01010005,20019,20034,20043 | pt=932200517 n=0: | pt=932200518 n=0:
[YgoDuelist][MP][Checksum][fp] netId=76561198345121322 | pt=1 n=4:GREED0104,7,YGODUELIST-DEFEND_YGO_DUELIST010,YGODUELIST-RAIGEKI_BREAK01010009,10011,20045,YGODUELIST-STRIKE_YGO_DUELIST010 | pt=2 n=3:YGODUELIST-FIRE_PRINCESS0bYgoDieForYouUserToggleOnFalseiPermanentAtkBonusFromExecutes01010002,20013,20043,YGODUELIST-STRIKE_YGO_DUELIST010,YGODUELIST-STRIKE_YGO_DUELIST010 | pt=3 n=4:YGODUELIST-DEFEND_YGO_DUELIST010,YGODUELIST-DEFEND_YGO_DUELIST010,YGODUELIST-KURAMA0bYgoDieForYouUserToggleOnFalseiPermanentAtkBonusFromExecutes01010003,20020,20043,YGODUELIST-ZABORG_THE_THUNDER_MONARCH0bYgoDieForYouUserToggleOnFalseiPermanentAtkBonusFromExecutes01010004,20018,20034,20043 | pt=4 n=0: | pt=5 n=0: | pt=932200512 n=0: | pt=932200513 n=1:YGODUELIST-THE_LAST_WARRIOR_FROM_ANOTHER_PLANET0bYgoDieForYouUserToggleOnFalseiPermanentAtkBonusFromExecutes0iSummonAbsorbPrintedDefBonus01010000,20019,20036,20043 | pt=932200514 n=0: | pt=932200515 n=0: | pt=932200516 n=2:YGODUELIST-QUEEN_S_DOUBLE0bYgoDieForYouUserToggleOnFalseiPermanentAtkBonusFromExecutes01010000,20019,20045,YGODUELIST-VERSAGO_THE_DESTROYER0bYgoDieForYouUserToggleOnFalseiPermanentAtkBonusFromExecutes01010005,20007,20043 | pt=932200517 n=1:YGODUELIST-YELLOW_LUSTER_SHIELD01010009,20024 | pt=932200518 n=0:
[DEBUG] [ActionQueueSynchronizer] Sending message to host requesting to enqueue action ReadyToBeginEnemyTurnAction 76561198136285041 at 08:24:34
[DEBUG] [ActionExecutor] Completed execution of action EndPlayerTurnAction for player 76561198136285041 round 2, attempting to find new action
[VERYDEBUG] [ActionQueueSet] Attempting to find ready action
[VERYDEBUG] [ActionQueueSet] Queue for player 76561198345121322 is empty
[VERYDEBUG] [ActionQueueSet] Queue for player 76561198136285041 is empty
[VERYDEBUG] [ActionQueueSet] No action is ready
[DEBUG] [NetMessageBus] Received message ActionEnqueuedMessage PlayerID: 76561198345121322 Action: NetReadyToBeginEnemyTurnAction Source Location: act 0 coord (0, 1) , sending to 1 handlers
[VERYDEBUG] [RunLocationTargetedMessageBuffer] Handling map-targeted message ActionEnqueuedMessage PlayerID: 76561198345121322 Action: NetReadyToBeginEnemyTurnAction Source Location: act 0 coord (0, 1)  from 76561198345121322 for location act 0 coord (0, 1)
[DEBUG] [ActionQueueSynchronizer] Received handle action enqueued message ActionEnqueuedMessage PlayerID: 76561198345121322 Action: NetReadyToBeginEnemyTurnAction Source Location: act 0 coord (0, 1)  at 08:24:34
[DEBUG] [ActionQueueSynchronizer] Enqueueing action ReadyToBeginEnemyTurnAction 76561198345121322 from owner 76561198345121322
[DEBUG] [ActionQueueSet] Enqueueing action ReadyToBeginEnemyTurnAction 76561198345121322 to player queue owned by 76561198345121322
[DEBUG] [ActionExecutor] Action queue changed, beginning ExecuteActions
[VERYDEBUG] [ActionQueueSet] Attempting to find ready action
[VERYDEBUG] [ActionQueueSet] Action ReadyToBeginEnemyTurnAction 76561198345121322 with id 20 belonging to 76561198345121322 becomes new ready action
[VERYDEBUG] [ActionQueueSet] Queue for player 76561198136285041 is empty
[VERYDEBUG] [ActionQueueSet] Got ready action ReadyToBeginEnemyTurnAction 76561198345121322 (20)
[DEBUG] [ActionExecutor] Executing action: ReadyToBeginEnemyTurnAction 76561198345121322
[VERYDEBUG] [GameAction] Action ReadyToBeginEnemyTurnAction 76561198345121322 began executing
[VERYDEBUG] [GameAction] Action ReadyToBeginEnemyTurnAction 76561198345121322 finished execution
[DEBUG] [ActionExecutor] Completed execution of action ReadyToBeginEnemyTurnAction 76561198345121322, attempting to find new action
[VERYDEBUG] [ActionQueueSet] Attempting to find ready action
[VERYDEBUG] [ActionQueueSet] Queue for player 76561198345121322 is empty
[VERYDEBUG] [ActionQueueSet] Queue for player 76561198136285041 is empty
[VERYDEBUG] [ActionQueueSet] No action is ready
[DEBUG] [NetMessageBus] Received message ActionEnqueuedMessage PlayerID: 76561198136285041 Action: NetReadyToBeginEnemyTurnAction Source Location: act 0 coord (0, 1) , sending to 1 handlers
[VERYDEBUG] [RunLocationTargetedMessageBuffer] Handling map-targeted message ActionEnqueuedMessage PlayerID: 76561198136285041 Action: NetReadyToBeginEnemyTurnAction Source Location: act 0 coord (0, 1)  from 76561198345121322 for location act 0 coord (0, 1)
[DEBUG] [ActionQueueSynchronizer] Received handle action enqueued message ActionEnqueuedMessage PlayerID: 76561198136285041 Action: NetReadyToBeginEnemyTurnAction Source Location: act 0 coord (0, 1)  at 08:24:34
[DEBUG] [ActionQueueSynchronizer] Enqueueing action ReadyToBeginEnemyTurnAction 76561198136285041 from owner 76561198136285041
[DEBUG] [ActionQueueSet] Enqueueing action ReadyToBeginEnemyTurnAction 76561198136285041 to player queue owned by 76561198136285041
[DEBUG] [ActionExecutor] Action queue changed, beginning ExecuteActions
[VERYDEBUG] [ActionQueueSet] Attempting to find ready action
[VERYDEBUG] [ActionQueueSet] Queue for player 76561198345121322 is empty
[VERYDEBUG] [ActionQueueSet] Action ReadyToBeginEnemyTurnAction 76561198136285041 with id 21 belonging to 76561198136285041 becomes new ready action
[VERYDEBUG] [ActionQueueSet] Got ready action ReadyToBeginEnemyTurnAction 76561198136285041 (21)
[DEBUG] [ActionExecutor] Executing action: ReadyToBeginEnemyTurnAction 76561198136285041
[VERYDEBUG] [GameAction] Action ReadyToBeginEnemyTurnAction 76561198136285041 began executing
[DEBUG] [ActionQueueSynchronizer] Combat state becomes NotPlayPhase. Pausing all player queues
[DEBUG] [ActionQueueSet] Pausing all player queues
[VERYDEBUG] [GameAction] Action ReadyToBeginEnemyTurnAction 76561198136285041 finished execution
[DEBUG] [ActionExecutor] Completed execution of action ReadyToBeginEnemyTurnAction 76561198136285041, attempting to find new action
[VERYDEBUG] [ActionQueueSet] Attempting to find ready action
[VERYDEBUG] [ActionQueueSet] Queue for player 76561198345121322 is empty
[VERYDEBUG] [ActionQueueSet] Queue for player 76561198136285041 is empty
[VERYDEBUG] [ActionQueueSet] No action is ready
[YgoDuelist] YgoSecondHandLayoutPatch ENTER all=2 main=2 opts=0 FocusedHolderId=0 FocusedIsOpt=False
[YgoDuelist] YgoSecondHandLayoutPatch EXIT return false
[YgoDuelist] YgoSecondHandLayoutPatch ENTER all=1 main=1 opts=0 FocusedHolderId=0 FocusedIsOpt=False
[YgoDuelist] YgoSecondHandLayoutPatch EXIT return false
[YgoDuelist] YgoSecondHandLayoutPatch ENTER all=0 main=0 opts=0 FocusedHolderId=0 FocusedIsOpt=False
[YgoDuelist] YgoSecondHandLayoutPatch EXIT return false
[WARN] No player or pet creature found in creatures list! If you're calling a developer console command or you're in a test, this is okay, but it's probably a bug outside of tests. Falling back to null run state.
[DEBUG] [ChecksumTracker] Generating checksum for context: after player turn phase two end action:  id: 19
[YgoDuelist][MP][Checksum][fp] netId=76561198136285041 | pt=1 n=9:YGODUELIST-BURNING_LAND01010009,20024,YGODUELIST-DEFEND_YGO_DUELIST010,YGODUELIST-DEFEND_YGO_DUELIST010,YGODUELIST-EARTH_EFFIGY0bYgoDieForYouUserToggleOnFalseiPermanentAtkBonusFromExecutes01010000,20015,20043,YGODUELIST-FIRE_SORCERER0bYgoDieForYouUserToggleOnFalseiPermanentAtkBonusFromExecutes01010002,20017,20041,20043,YGODUELIST-GAIA_POWER01010009,20027,YGODUELIST-RECKLESS_GREED01010009,10011,YGODUELIST-STRIKE_YGO_DUELIST010,YGODUELIST-STRIKE_YGO_DUELIST010 | pt=2 n=0: | pt=3 n=8:YGODUELIST-ARCANE_ARCHER_OF_THE_FOREST0bYgoDieForYouUserToggleOnFalseiPermanentAtkBonusFromExecutes01010000,20019,20043,YGODUELIST-DEFEND_YGO_DUELIST010,YGODUELIST-OJAMA_TRIO01010009,10011,YGODUELIST-OUTSTANDING_DOG_MARRON0bYgoDieForYouUserToggleOnFalseiPermanentAtkBonusFromExecutes01010004,20001,YGODUELIST-ROCKET_JUMPER0bYgoDieForYouUserToggleOnFalseiPermanentAtkBonusFromExecutes01010000,20015,20043,20045,YGODUELIST-SKELENGEL0bYgoDieForYouUserToggleOnFalseiPermanentAtkBonusFromExecutes01010004,20006,20041,YGODUELIST-STRIKE_YGO_DUELIST010,YGODUELIST-TRAP_OF_BOARD_ERASER01010009,10011 | pt=4 n=0: | pt=5 n=0: | pt=932200512 n=0: | pt=932200513 n=0: | pt=932200514 n=0: | pt=932200515 n=1:YGODUELIST-HOURGLASS_OF_COURAGE0bYgoDieForYouUserToggleOnFalseiPermanentAtkBonusFromExecutes01010004,20006,20043 | pt=932200516 n=1:YGODUELIST-TOTAL_DEFENSE_SHOGUN0bYgoDieForYouUserToggleOnFalseiPermanentAtkBonusFromExecutes01010005,20019,20034,20043 | pt=932200517 n=0: | pt=932200518 n=0:
[YgoDuelist][MP][Checksum][fp] netId=76561198345121322 | pt=1 n=4:GREED0104,7,YGODUELIST-DEFEND_YGO_DUELIST010,YGODUELIST-RAIGEKI_BREAK01010009,10011,20045,YGODUELIST-STRIKE_YGO_DUELIST010 | pt=2 n=0: | pt=3 n=7:YGODUELIST-DEFEND_YGO_DUELIST010,YGODUELIST-DEFEND_YGO_DUELIST010,YGODUELIST-FIRE_PRINCESS0bYgoDieForYouUserToggleOnFalseiPermanentAtkBonusFromExecutes01010002,20013,20043,YGODUELIST-KURAMA0bYgoDieForYouUserToggleOnFalseiPermanentAtkBonusFromExecutes01010003,20020,20043,YGODUELIST-STRIKE_YGO_DUELIST010,YGODUELIST-STRIKE_YGO_DUELIST010,YGODUELIST-ZABORG_THE_THUNDER_MONARCH0bYgoDieForYouUserToggleOnFalseiPermanentAtkBonusFromExecutes01010004,20018,20034,20043 | pt=4 n=0: | pt=5 n=0: | pt=932200512 n=0: | pt=932200513 n=1:YGODUELIST-THE_LAST_WARRIOR_FROM_ANOTHER_PLANET0bYgoDieForYouUserToggleOnFalseiPermanentAtkBonusFromExecutes0iSummonAbsorbPrintedDefBonus01010000,20019,20036,20043 | pt=932200514 n=0: | pt=932200515 n=0: | pt=932200516 n=2:YGODUELIST-QUEEN_S_DOUBLE0bYgoDieForYouUserToggleOnFalseiPermanentAtkBonusFromExecutes01010000,20019,20045,YGODUELIST-VERSAGO_THE_DESTROYER0bYgoDieForYouUserToggleOnFalseiPermanentAtkBonusFromExecutes01010005,20007,20043 | pt=932200517 n=1:YGODUELIST-YELLOW_LUSTER_SHIELD01010009,20024 | pt=932200518 n=0:
[DEBUG] [ChecksumTracker] Generating checksum for context: After enemy turn start action:  id: 20
[YgoDuelist][MP][Checksum][fp] netId=76561198136285041 | pt=1 n=9:YGODUELIST-BURNING_LAND01010009,20024,YGODUELIST-DEFEND_YGO_DUELIST010,YGODUELIST-DEFEND_YGO_DUELIST010,YGODUELIST-EARTH_EFFIGY0bYgoDieForYouUserToggleOnFalseiPermanentAtkBonusFromExecutes01010000,20015,20043,YGODUELIST-FIRE_SORCERER0bYgoDieForYouUserToggleOnFalseiPermanentAtkBonusFromExecutes01010002,20017,20041,20043,YGODUELIST-GAIA_POWER01010009,20027,YGODUELIST-RECKLESS_GREED01010009,10011,YGODUELIST-STRIKE_YGO_DUELIST010,YGODUELIST-STRIKE_YGO_DUELIST010 | pt=2 n=0: | pt=3 n=8:YGODUELIST-ARCANE_ARCHER_OF_THE_FOREST0bYgoDieForYouUserToggleOnFalseiPermanentAtkBonusFromExecutes01010000,20019,20043,YGODUELIST-DEFEND_YGO_DUELIST010,YGODUELIST-OJAMA_TRIO01010009,10011,YGODUELIST-OUTSTANDING_DOG_MARRON0bYgoDieForYouUserToggleOnFalseiPermanentAtkBonusFromExecutes01010004,20001,YGODUELIST-ROCKET_JUMPER0bYgoDieForYouUserToggleOnFalseiPermanentAtkBonusFromExecutes01010000,20015,20043,20045,YGODUELIST-SKELENGEL0bYgoDieForYouUserToggleOnFalseiPermanentAtkBonusFromExecutes01010004,20006,20041,YGODUELIST-STRIKE_YGO_DUELIST010,YGODUELIST-TRAP_OF_BOARD_ERASER01010009,10011 | pt=4 n=0: | pt=5 n=0: | pt=932200512 n=0: | pt=932200513 n=0: | pt=932200514 n=0: | pt=932200515 n=1:YGODUELIST-HOURGLASS_OF_COURAGE0bYgoDieForYouUserToggleOnFalseiPermanentAtkBonusFromExecutes01010004,20006,20043 | pt=932200516 n=1:YGODUELIST-TOTAL_DEFENSE_SHOGUN0bYgoDieForYouUserToggleOnFalseiPermanentAtkBonusFromExecutes01010005,20019,20034,20043 | pt=932200517 n=0: | pt=932200518 n=0:
[YgoDuelist][MP][Checksum][fp] netId=76561198345121322 | pt=1 n=4:GREED0104,7,YGODUELIST-DEFEND_YGO_DUELIST010,YGODUELIST-RAIGEKI_BREAK01010009,10011,20045,YGODUELIST-STRIKE_YGO_DUELIST010 | pt=2 n=0: | pt=3 n=7:YGODUELIST-DEFEND_YGO_DUELIST010,YGODUELIST-DEFEND_YGO_DUELIST010,YGODUELIST-FIRE_PRINCESS0bYgoDieForYouUserToggleOnFalseiPermanentAtkBonusFromExecutes01010002,20013,20043,YGODUELIST-KURAMA0bYgoDieForYouUserToggleOnFalseiPermanentAtkBonusFromExecutes01010003,20020,20043,YGODUELIST-STRIKE_YGO_DUELIST010,YGODUELIST-STRIKE_YGO_DUELIST010,YGODUELIST-ZABORG_THE_THUNDER_MONARCH0bYgoDieForYouUserToggleOnFalseiPermanentAtkBonusFromExecutes01010004,20018,20034,20043 | pt=4 n=0: | pt=5 n=0: | pt=932200512 n=0: | pt=932200513 n=1:YGODUELIST-THE_LAST_WARRIOR_FROM_ANOTHER_PLANET0bYgoDieForYouUserToggleOnFalseiPermanentAtkBonusFromExecutes0iSummonAbsorbPrintedDefBonus01010000,20019,20036,20043 | pt=932200514 n=0: | pt=932200515 n=0: | pt=932200516 n=2:YGODUELIST-QUEEN_S_DOUBLE0bYgoDieForYouUserToggleOnFalseiPermanentAtkBonusFromExecutes01010000,20019,20045,YGODUELIST-VERSAGO_THE_DESTROYER0bYgoDieForYouUserToggleOnFalseiPermanentAtkBonusFromExecutes01010005,20007,20043 | pt=932200517 n=1:YGODUELIST-YELLOW_LUSTER_SHIELD01010009,20024 | pt=932200518 n=0:
[INFO] Monster TOADPOLE performing move SPIKE_SPIT_MOVE
[INFO] Monster TOADPOLE performing move SPIKEN_MOVE
[DEBUG] [ChecksumTracker] Generating checksum for context: After enemy turn end action:  id: 21
[YgoDuelist][MP][Checksum][fp] netId=76561198136285041 | pt=1 n=9:YGODUELIST-BURNING_LAND01010009,20024,YGODUELIST-DEFEND_YGO_DUELIST010,YGODUELIST-DEFEND_YGO_DUELIST010,YGODUELIST-EARTH_EFFIGY0bYgoDieForYouUserToggleOnFalseiPermanentAtkBonusFromExecutes01010000,20015,20043,YGODUELIST-FIRE_SORCERER0bYgoDieForYouUserToggleOnFalseiPermanentAtkBonusFromExecutes01010002,20017,20041,20043,YGODUELIST-GAIA_POWER01010009,20027,YGODUELIST-RECKLESS_GREED01010009,10011,YGODUELIST-STRIKE_YGO_DUELIST010,YGODUELIST-STRIKE_YGO_DUELIST010 | pt=2 n=0: | pt=3 n=8:YGODUELIST-ARCANE_ARCHER_OF_THE_FOREST0bYgoDieForYouUserToggleOnFalseiPermanentAtkBonusFromExecutes01010000,20019,20043,YGODUELIST-DEFEND_YGO_DUELIST010,YGODUELIST-OJAMA_TRIO01010009,10011,YGODUELIST-OUTSTANDING_DOG_MARRON0bYgoDieForYouUserToggleOnFalseiPermanentAtkBonusFromExecutes01010004,20001,YGODUELIST-ROCKET_JUMPER0bYgoDieForYouUserToggleOnFalseiPermanentAtkBonusFromExecutes01010000,20015,20043,20045,YGODUELIST-SKELENGEL0bYgoDieForYouUserToggleOnFalseiPermanentAtkBonusFromExecutes01010004,20006,20041,YGODUELIST-STRIKE_YGO_DUELIST010,YGODUELIST-TRAP_OF_BOARD_ERASER01010009,10011 | pt=4 n=0: | pt=5 n=0: | pt=932200512 n=0: | pt=932200513 n=0: | pt=932200514 n=0: | pt=932200515 n=1:YGODUELIST-HOURGLASS_OF_COURAGE0bYgoDieForYouUserToggleOnFalseiPermanentAtkBonusFromExecutes01010004,20006,20043 | pt=932200516 n=1:YGODUELIST-TOTAL_DEFENSE_SHOGUN0bYgoDieForYouUserToggleOnFalseiPermanentAtkBonusFromExecutes01010005,20019,20034,20043 | pt=932200517 n=0: | pt=932200518 n=0:
[YgoDuelist][MP][Checksum][fp] netId=76561198345121322 | pt=1 n=4:GREED0104,7,YGODUELIST-DEFEND_YGO_DUELIST010,YGODUELIST-RAIGEKI_BREAK01010009,10011,20045,YGODUELIST-STRIKE_YGO_DUELIST010 | pt=2 n=0: | pt=3 n=7:YGODUELIST-DEFEND_YGO_DUELIST010,YGODUELIST-DEFEND_YGO_DUELIST010,YGODUELIST-FIRE_PRINCESS0bYgoDieForYouUserToggleOnFalseiPermanentAtkBonusFromExecutes01010002,20013,20043,YGODUELIST-KURAMA0bYgoDieForYouUserToggleOnFalseiPermanentAtkBonusFromExecutes01010003,20020,20043,YGODUELIST-STRIKE_YGO_DUELIST010,YGODUELIST-STRIKE_YGO_DUELIST010,YGODUELIST-ZABORG_THE_THUNDER_MONARCH0bYgoDieForYouUserToggleOnFalseiPermanentAtkBonusFromExecutes01010004,20018,20034,20043 | pt=4 n=0: | pt=5 n=0: | pt=932200512 n=0: | pt=932200513 n=1:YGODUELIST-THE_LAST_WARRIOR_FROM_ANOTHER_PLANET0bYgoDieForYouUserToggleOnFalseiPermanentAtkBonusFromExecutes0iSummonAbsorbPrintedDefBonus01010000,20019,20036,20043 | pt=932200514 n=0: | pt=932200515 n=0: | pt=932200516 n=2:YGODUELIST-QUEEN_S_DOUBLE0bYgoDieForYouUserToggleOnFalseiPermanentAtkBonusFromExecutes01010000,20019,20045,YGODUELIST-VERSAGO_THE_DESTROYER0bYgoDieForYouUserToggleOnFalseiPermanentAtkBonusFromExecutes01010005,20007,20043 | pt=932200517 n=1:YGODUELIST-YELLOW_LUSTER_SHIELD01010009,20024 | pt=932200518 n=0:
[WARN] [BaseLib] GetRawText: Key 'YGO_ATTRIBUTE_EARTH.title' not found in table 'static_hover_tips'
[WARN] [BaseLib] GetRawText: Key 'YGO_ATTRIBUTE_EARTH.description' not found in table 'static_hover_tips'
[WARN] [BaseLib] GetRawText: Key 'YGO_RACE_ROCK.title' not found in table 'static_hover_tips'
[WARN] [BaseLib] GetRawText: Key 'YGO_RACE_ROCK.description' not found in table 'static_hover_tips'
[YgoDuelist] YgoSecondHandLayoutPatch ENTER all=1 main=1 opts=0 FocusedHolderId=0 FocusedIsOpt=False
[YgoDuelist] YgoSecondHandLayoutPatch EXIT return false
[YgoDuelist] YgoSecondHandLayoutPatch ENTER all=1 main=1 opts=0 FocusedHolderId=0 FocusedIsOpt=False
[YgoDuelist] YgoSecondHandLayoutPatch EXIT return false
[YgoDuelist] YgoSecondHandLayoutPatch ENTER all=2 main=2 opts=0 FocusedHolderId=0 FocusedIsOpt=False
[YgoDuelist] YgoSecondHandLayoutPatch EXIT return false
[YgoDuelist] YgoSecondHandLayoutPatch ENTER all=2 main=2 opts=0 FocusedHolderId=0 FocusedIsOpt=False
[YgoDuelist] YgoSecondHandLayoutPatch EXIT return false
[YgoDuelist] YgoSecondHandLayoutPatch ENTER all=3 main=3 opts=0 FocusedHolderId=0 FocusedIsOpt=False
[YgoDuelist] YgoSecondHandLayoutPatch EXIT return false
[YgoDuelist] YgoSecondHandLayoutPatch ENTER all=3 main=3 opts=0 FocusedHolderId=0 FocusedIsOpt=False
[YgoDuelist] YgoSecondHandLayoutPatch EXIT return false
[WARN] [BaseLib] GetRawText: Key 'YGO_RACE_SPELL_FIELD.title' not found in table 'static_hover_tips'
[WARN] [BaseLib] GetRawText: Key 'YGO_RACE_SPELL_FIELD.description' not found in table 'static_hover_tips'
[YgoDuelist] YgoSecondHandLayoutPatch ENTER all=4 main=4 opts=0 FocusedHolderId=0 FocusedIsOpt=False
[YgoDuelist] YgoSecondHandLayoutPatch EXIT return false
[YgoDuelist] YgoSecondHandLayoutPatch ENTER all=4 main=4 opts=0 FocusedHolderId=0 FocusedIsOpt=False
[YgoDuelist] YgoSecondHandLayoutPatch EXIT return false
[YgoDuelist][MP][MonsterCommandTurnReset] hook cleared command lock powers petCombatId=4 netId=76561198345121322
[WARN] [BaseLib] GetRawText: Key 'YGO_RACE_SPELL_CONTINUOUS.title' not found in table 'static_hover_tips'
[WARN] [BaseLib] GetRawText: Key 'YGO_RACE_SPELL_CONTINUOUS.description' not found in table 'static_hover_tips'
[YgoDuelist] YgoSecondHandLayoutPatch ENTER all=5 main=5 opts=0 FocusedHolderId=0 FocusedIsOpt=False
[YgoDuelist] YgoSecondHandLayoutPatch EXIT return false
[YgoDuelist] YgoSecondHandLayoutPatch ENTER all=5 main=5 opts=0 FocusedHolderId=0 FocusedIsOpt=False
[YgoDuelist] YgoSecondHandLayoutPatch EXIT return false
[YgoDuelist][MP][Checksum][CmdReconcile] cleared stiff/fatigue before snapshot petCombatId=6 netId=76561198136285041
[DEBUG] [ChecksumTracker] Generating checksum for context: After player turn start action:  id: 22
[YgoDuelist][MP][Checksum][fp] netId=76561198136285041 | pt=1 n=4:YGODUELIST-DEFEND_YGO_DUELIST010,YGODUELIST-FIRE_SORCERER0bYgoDieForYouUserToggleOnFalseiPermanentAtkBonusFromExecutes01010002,20017,20041,20043,YGODUELIST-RECKLESS_GREED01010009,10011,YGODUELIST-STRIKE_YGO_DUELIST010 | pt=2 n=5:YGODUELIST-BURNING_LAND01010009,20024,YGODUELIST-DEFEND_YGO_DUELIST010,YGODUELIST-EARTH_EFFIGY0bYgoDieForYouUserToggleOnFalseiPermanentAtkBonusFromExecutes01010000,20015,20043,YGODUELIST-GAIA_POWER01010009,20027,YGODUELIST-STRIKE_YGO_DUELIST010 | pt=3 n=8:YGODUELIST-ARCANE_ARCHER_OF_THE_FOREST0bYgoDieForYouUserToggleOnFalseiPermanentAtkBonusFromExecutes01010000,20019,20043,YGODUELIST-DEFEND_YGO_DUELIST010,YGODUELIST-OJAMA_TRIO01010009,10011,YGODUELIST-OUTSTANDING_DOG_MARRON0bYgoDieForYouUserToggleOnFalseiPermanentAtkBonusFromExecutes01010004,20001,YGODUELIST-ROCKET_JUMPER0bYgoDieForYouUserToggleOnFalseiPermanentAtkBonusFromExecutes01010000,20015,20043,20045,YGODUELIST-SKELENGEL0bYgoDieForYouUserToggleOnFalseiPermanentAtkBonusFromExecutes01010004,20006,20041,YGODUELIST-STRIKE_YGO_DUELIST010,YGODUELIST-TRAP_OF_BOARD_ERASER01010009,10011 | pt=4 n=0: | pt=5 n=0: | pt=932200512 n=0: | pt=932200513 n=0: | pt=932200514 n=0: | pt=932200515 n=1:YGODUELIST-HOURGLASS_OF_COURAGE0bYgoDieForYouUserToggleOnFalseiPermanentAtkBonusFromExecutes01010004,20006,20043 | pt=932200516 n=1:YGODUELIST-TOTAL_DEFENSE_SHOGUN0bYgoDieForYouUserToggleOnFalseiPermanentAtkBonusFromExecutes01010005,20019,20034,20043 | pt=932200517 n=0: | pt=932200518 n=0:
[YgoDuelist][MP][Checksum][fp] netId=76561198345121322 | pt=1 n=6:YGODUELIST-DEFEND_YGO_DUELIST010,YGODUELIST-DEFEND_YGO_DUELIST010,YGODUELIST-FIRE_PRINCESS0bYgoDieForYouUserToggleOnFalseiPermanentAtkBonusFromExecutes01010002,20013,20043,YGODUELIST-KURAMA0bYgoDieForYouUserToggleOnFalseiPermanentAtkBonusFromExecutes01010003,20020,20043,YGODUELIST-STRIKE_YGO_DUELIST010,YGODUELIST-ZABORG_THE_THUNDER_MONARCH0bYgoDieForYouUserToggleOnFalseiPermanentAtkBonusFromExecutes01010004,20018,20034,20043 | pt=2 n=5:GREED0104,7,YGODUELIST-DEFEND_YGO_DUELIST010,YGODUELIST-RAIGEKI_BREAK01010009,10011,20045,YGODUELIST-STRIKE_YGO_DUELIST010,YGODUELIST-STRIKE_YGO_DUELIST010 | pt=3 n=0: | pt=4 n=0: | pt=5 n=0: | pt=932200512 n=0: | pt=932200513 n=1:YGODUELIST-THE_LAST_WARRIOR_FROM_ANOTHER_PLANET0bYgoDieForYouUserToggleOnFalseiPermanentAtkBonusFromExecutes0iSummonAbsorbPrintedDefBonus01010000,20019,20036,20043 | pt=932200514 n=0: | pt=932200515 n=0: | pt=932200516 n=2:YGODUELIST-QUEEN_S_DOUBLE0bYgoDieForYouUserToggleOnFalseiPermanentAtkBonusFromExecutes01010000,20019,20045,YGODUELIST-VERSAGO_THE_DESTROYER0bYgoDieForYouUserToggleOnFalseiPermanentAtkBonusFromExecutes01010005,20007,20043 | pt=932200517 n=1:YGODUELIST-YELLOW_LUSTER_SHIELD01010009,20024 | pt=932200518 n=0:
[DEBUG] [ActionExecutor] Un-pausing queue
[DEBUG] [ActionQueueSynchronizer] Combat state becomes PlayPhase. Requesting 0 actions and unpausing action queues
[DEBUG] [ActionQueueSet] Unpausing all player queues
[DEBUG] [ActionExecutor] Action queue changed, beginning ExecuteActions
[VERYDEBUG] [ActionQueueSet] Attempting to find ready action
[VERYDEBUG] [ActionQueueSet] Queue for player 76561198345121322 is empty
[VERYDEBUG] [ActionQueueSet] Queue for player 76561198136285041 is empty
[VERYDEBUG] [ActionQueueSet] No action is ready
[YgoDuelist][MP][MonsterCommandTurnReset] hook cleared command lock powers petCombatId=7 netId=76561198345121322
[YgoDuelist][MP][MonsterCommandTurnReset] hook cleared command lock powers petCombatId=6 netId=76561198136285041
[DEBUG] [NetQualityTracker] Connection statistics at 08:24:44:
[DEBUG] [NetQualityTracker] 	76561198345121322 - Ping: 66.53868. Packet Loss: 3E-45.
[YgoDuelist] Hover start on duel pet: DuelMonsterModel
[YgoDuelist] Right mouse button pressed.
[YgoDuelist] Right-click on duel pet: DuelMonsterModel
[DEBUG] [ActionQueueSynchronizer] Sending message to host requesting to enqueue action YgoMonsterMenuCommandGameAction owner=76561198136285041 OpenMonsterOptions pet=6 at 08:24:46
[YgoDuelist][MP][Queue] OpenMonsterOptions -> YgoMonsterMenuCommandGameAction owner=76561198136285041 OpenMonsterOptions pet=6
[YgoDuelist][MP] OpenMonsterOptions enqueued ownerNetId=76561198136285041 petCombatId=6
[DEBUG] [NetMessageBus] Received message ActionEnqueuedMessage PlayerID: 76561198136285041 Action: YgoDuelist.YgoDuelistCode.GameActions.NetYgoMonsterMenuCommandAction Source Location: act 0 coord (0, 1) , sending to 1 handlers
[VERYDEBUG] [RunLocationTargetedMessageBuffer] Handling map-targeted message ActionEnqueuedMessage PlayerID: 76561198136285041 Action: YgoDuelist.YgoDuelistCode.GameActions.NetYgoMonsterMenuCommandAction Source Location: act 0 coord (0, 1)  from 76561198345121322 for location act 0 coord (0, 1)
[DEBUG] [ActionQueueSynchronizer] Received handle action enqueued message ActionEnqueuedMessage PlayerID: 76561198136285041 Action: YgoDuelist.YgoDuelistCode.GameActions.NetYgoMonsterMenuCommandAction Source Location: act 0 coord (0, 1)  at 08:24:46
[DEBUG] [ActionQueueSynchronizer] Enqueueing action YgoMonsterMenuCommandGameAction owner=76561198136285041 OpenMonsterOptions pet=6 from owner 76561198136285041
[DEBUG] [ActionQueueSet] Enqueueing action YgoMonsterMenuCommandGameAction owner=76561198136285041 OpenMonsterOptions pet=6 to player queue owned by 76561198136285041
[DEBUG] [ActionExecutor] Action queue changed, beginning ExecuteActions
[VERYDEBUG] [ActionQueueSet] Attempting to find ready action
[VERYDEBUG] [ActionQueueSet] Queue for player 76561198345121322 is empty
[VERYDEBUG] [ActionQueueSet] Action YgoMonsterMenuCommandGameAction owner=76561198136285041 OpenMonsterOptions pet=6 with id 22 belonging to 76561198136285041 becomes new ready action
[VERYDEBUG] [ActionQueueSet] Got ready action YgoMonsterMenuCommandGameAction owner=76561198136285041 OpenMonsterOptions pet=6 (22)
[DEBUG] [ActionExecutor] Executing action: YgoMonsterMenuCommandGameAction owner=76561198136285041 OpenMonsterOptions pet=6
[VERYDEBUG] [GameAction] Action YgoMonsterMenuCommandGameAction owner=76561198136285041 OpenMonsterOptions pet=6 began executing
[YgoDuelist][MP] YgoMonsterMenuCommandGameAction: kind=OpenMonsterOptions ownerNetId=76561198136285041 petCombatId=6 hasEnemy=False
[YgoDuelist] OnSecondHandCardsChanged ENTER player=27072766 cardsCount=5
[YgoDuelist]   cards[0]=Command_Defend id=9881137
[YgoDuelist]   cards[1]=Command_Attack id=21821376
[YgoDuelist]   cards[2]=Command_Change_Battle_Position id=62174656
[YgoDuelist]   cards[3]=Toggle_Die_For_You id=22700995
[YgoDuelist]   cards[4]=Exit_Monster_Options id=2982371
[YgoDuelist] RebuildForPlayer START handId=2911551624445 cardsCount=5
[YgoDuelist] RebuildForPlayer new holder list for player
[YgoDuelist] RebuildForPlayer ADDING 5 holders
[YgoDuelist]   add[0] CREATE holderId=98616479946 model=Command_Defend
[YgoDuelist] RegisterOptionHolder ENTER handId=2911551624445 holderId=98616479946 index=-1 handChildCountBefore=7
[YgoDuelist] YgoSecondHandLayoutPatch ENTER all=6 main=5 opts=1 FocusedHolderId=0 FocusedIsOpt=False
[YgoDuelist]   opts[0] holderId=98616479946 model=?
[YgoDuelist] YgoSecondHandLayoutPatch: AFTER holder.Position.Y = -86.91667
[YgoDuelist] YgoSecondHandLayoutPatch: AFTER holder.TargetPosition.Y = -745
[YgoDuelist] YgoSecondHandLayoutPatch: AFTER holder.Hitbox.Position.Y = -132
[YgoDuelist] YgoSecondHandLayoutPatch EXIT return false
[YgoDuelist] RegisterOptionHolder EXIT handId=2911551624445 holderId=98616479946 handChildCountAfter=7 holderIsInsideTree=True
[YgoDuelist]   add[0] after RegisterOptionHolder holderId=98616479946 IsInsideTree=True ChildCount=7
[WARN] [BaseLib] GetRawText: Key 'YGO_ATTRIBUTE_DARK.title' not found in table 'static_hover_tips'
[WARN] [BaseLib] GetRawText: Key 'YGO_ATTRIBUTE_DARK.description' not found in table 'static_hover_tips'
[WARN] [BaseLib] GetRawText: Key 'YGO_RACE_WARRIOR.title' not found in table 'static_hover_tips'
[WARN] [BaseLib] GetRawText: Key 'YGO_RACE_WARRIOR.description' not found in table 'static_hover_tips'
[YgoDuelist]   add[0] after Initialize holderId=98616479946 CardNode=86302002739 CardModel=Command_Defend
[YgoDuelist]   add[1] CREATE holderId=98482262210 model=Command_Attack
[YgoDuelist] RegisterOptionHolder ENTER handId=2911551624445 holderId=98482262210 index=-1 handChildCountBefore=7
[YgoDuelist] YgoSecondHandLayoutPatch ENTER all=7 main=5 opts=2 FocusedHolderId=0 FocusedIsOpt=False
[YgoDuelist]   opts[0] holderId=98616479946 model=Command_Defend
[YgoDuelist]   opts[1] holderId=98482262210 model=?
[YgoDuelist] YgoSecondHandLayoutPatch: AFTER holder.Position.Y = -163.69305
[YgoDuelist] YgoSecondHandLayoutPatch: AFTER holder.TargetPosition.Y = -745
[YgoDuelist] YgoSecondHandLayoutPatch: AFTER holder.Hitbox.Position.Y = -132
[YgoDuelist] YgoSecondHandLayoutPatch: AFTER holder.Position.Y = -86.91667
[YgoDuelist] YgoSecondHandLayoutPatch: AFTER holder.TargetPosition.Y = -745
[YgoDuelist] YgoSecondHandLayoutPatch: AFTER holder.Hitbox.Position.Y = -132
[YgoDuelist] YgoSecondHandLayoutPatch EXIT return false
[YgoDuelist] RegisterOptionHolder EXIT handId=2911551624445 holderId=98482262210 handChildCountAfter=7 holderIsInsideTree=True
[YgoDuelist]   add[1] after RegisterOptionHolder holderId=98482262210 IsInsideTree=True ChildCount=7
[WARN] [BaseLib] GetRawText: Key 'YGO_ATTRIBUTE_DARK.title' not found in table 'static_hover_tips'
[WARN] [BaseLib] GetRawText: Key 'YGO_ATTRIBUTE_DARK.description' not found in table 'static_hover_tips'
[WARN] [BaseLib] GetRawText: Key 'YGO_RACE_WARRIOR.title' not found in table 'static_hover_tips'
[WARN] [BaseLib] GetRawText: Key 'YGO_RACE_WARRIOR.description' not found in table 'static_hover_tips'
[YgoDuelist]   add[1] after Initialize holderId=98482262210 CardNode=85127597551 CardModel=Command_Attack
[YgoDuelist]   add[2] CREATE holderId=98348044474 model=Command_Change_Battle_Position
[YgoDuelist] RegisterOptionHolder ENTER handId=2911551624445 holderId=98348044474 index=-1 handChildCountBefore=7
[YgoDuelist] YgoSecondHandLayoutPatch ENTER all=8 main=5 opts=3 FocusedHolderId=0 FocusedIsOpt=False
[YgoDuelist]   opts[0] holderId=98616479946 model=Command_Defend
[YgoDuelist]   opts[1] holderId=98482262210 model=Command_Attack
[YgoDuelist]   opts[2] holderId=98348044474 model=?
[YgoDuelist] YgoSecondHandLayoutPatch: AFTER holder.Position.Y = -231.5122
[YgoDuelist] YgoSecondHandLayoutPatch: AFTER holder.TargetPosition.Y = -745
[YgoDuelist] YgoSecondHandLayoutPatch: AFTER holder.Hitbox.Position.Y = -132
[YgoDuelist] YgoSecondHandLayoutPatch: AFTER holder.Position.Y = -163.69305
[YgoDuelist] YgoSecondHandLayoutPatch: AFTER holder.TargetPosition.Y = -745
[YgoDuelist] YgoSecondHandLayoutPatch: AFTER holder.Hitbox.Position.Y = -132
[YgoDuelist] YgoSecondHandLayoutPatch: AFTER holder.Position.Y = -86.91667
[YgoDuelist] YgoSecondHandLayoutPatch: AFTER holder.TargetPosition.Y = -745
[YgoDuelist] YgoSecondHandLayoutPatch: AFTER holder.Hitbox.Position.Y = -132
[YgoDuelist] YgoSecondHandLayoutPatch EXIT return false
[YgoDuelist] RegisterOptionHolder EXIT handId=2911551624445 holderId=98348044474 handChildCountAfter=7 holderIsInsideTree=True
[YgoDuelist]   add[2] after RegisterOptionHolder holderId=98348044474 IsInsideTree=True ChildCount=7
[WARN] [BaseLib] GetRawText: Key 'YGO_ATTRIBUTE_DARK.title' not found in table 'static_hover_tips'
[WARN] [BaseLib] GetRawText: Key 'YGO_ATTRIBUTE_DARK.description' not found in table 'static_hover_tips'
[WARN] [BaseLib] GetRawText: Key 'YGO_RACE_WARRIOR.title' not found in table 'static_hover_tips'
[WARN] [BaseLib] GetRawText: Key 'YGO_RACE_WARRIOR.description' not found in table 'static_hover_tips'
[YgoDuelist]   add[2] after Initialize holderId=98348044474 CardNode=83953192363 CardModel=Command_Change_Battle_Position
[YgoDuelist]   add[3] CREATE holderId=98213826738 model=Toggle_Die_For_You
[YgoDuelist] RegisterOptionHolder ENTER handId=2911551624445 holderId=98213826738 index=-1 handChildCountBefore=7
[YgoDuelist] YgoSecondHandLayoutPatch ENTER all=9 main=5 opts=4 FocusedHolderId=0 FocusedIsOpt=False
[YgoDuelist]   opts[0] holderId=98616479946 model=Command_Defend
[YgoDuelist]   opts[1] holderId=98482262210 model=Command_Attack
[YgoDuelist]   opts[2] holderId=98348044474 model=Command_Change_Battle_Position
[YgoDuelist]   opts[3] holderId=98213826738 model=?
[YgoDuelist] YgoSecondHandLayoutPatch: AFTER holder.Position.Y = -291.41913
[YgoDuelist] YgoSecondHandLayoutPatch: AFTER holder.TargetPosition.Y = -745
[YgoDuelist] YgoSecondHandLayoutPatch: AFTER holder.Hitbox.Position.Y = -132
[YgoDuelist] YgoSecondHandLayoutPatch: AFTER holder.Position.Y = -231.5122
[YgoDuelist] YgoSecondHandLayoutPatch: AFTER holder.TargetPosition.Y = -745
[YgoDuelist] YgoSecondHandLayoutPatch: AFTER holder.Hitbox.Position.Y = -132
[YgoDuelist] YgoSecondHandLayoutPatch: AFTER holder.Position.Y = -163.69305
[YgoDuelist] YgoSecondHandLayoutPatch: AFTER holder.TargetPosition.Y = -745
[YgoDuelist] YgoSecondHandLayoutPatch: AFTER holder.Hitbox.Position.Y = -132
[YgoDuelist] YgoSecondHandLayoutPatch: AFTER holder.Position.Y = -86.91667
[YgoDuelist] YgoSecondHandLayoutPatch: AFTER holder.TargetPosition.Y = -745
[YgoDuelist] YgoSecondHandLayoutPatch: AFTER holder.Hitbox.Position.Y = -132
[YgoDuelist] YgoSecondHandLayoutPatch EXIT return false
[YgoDuelist] RegisterOptionHolder EXIT handId=2911551624445 holderId=98213826738 handChildCountAfter=7 holderIsInsideTree=True
[YgoDuelist]   add[3] after RegisterOptionHolder holderId=98213826738 IsInsideTree=True ChildCount=7
[WARN] [BaseLib] GetRawText: Key 'YGO_ATTRIBUTE_DARK.title' not found in table 'static_hover_tips'
[WARN] [BaseLib] GetRawText: Key 'YGO_ATTRIBUTE_DARK.description' not found in table 'static_hover_tips'
[WARN] [BaseLib] GetRawText: Key 'YGO_RACE_WARRIOR.title' not found in table 'static_hover_tips'
[WARN] [BaseLib] GetRawText: Key 'YGO_RACE_WARRIOR.description' not found in table 'static_hover_tips'
[YgoDuelist]   add[3] after Initialize holderId=98213826738 CardNode=82778787175 CardModel=Toggle_Die_For_You
[YgoDuelist]   add[4] CREATE holderId=98079609002 model=Exit_Monster_Options
[YgoDuelist] RegisterOptionHolder ENTER handId=2911551624445 holderId=98079609002 index=-1 handChildCountBefore=7
[YgoDuelist] YgoSecondHandLayoutPatch ENTER all=10 main=5 opts=5 FocusedHolderId=0 FocusedIsOpt=False
[YgoDuelist]   opts[0] holderId=98616479946 model=Command_Defend
[YgoDuelist]   opts[1] holderId=98482262210 model=Command_Attack
[YgoDuelist]   opts[2] holderId=98348044474 model=Command_Change_Battle_Position
[YgoDuelist]   opts[3] holderId=98213826738 model=Toggle_Die_For_You
[YgoDuelist]   opts[4] holderId=98079609002 model=?
[YgoDuelist] YgoSecondHandLayoutPatch: AFTER holder.Position.Y = -344.3369
[YgoDuelist] YgoSecondHandLayoutPatch: AFTER holder.TargetPosition.Y = -745
[YgoDuelist] YgoSecondHandLayoutPatch: AFTER holder.Hitbox.Position.Y = -132
[YgoDuelist] YgoSecondHandLayoutPatch: AFTER holder.Position.Y = -291.41913
[YgoDuelist] YgoSecondHandLayoutPatch: AFTER holder.TargetPosition.Y = -745
[YgoDuelist] YgoSecondHandLayoutPatch: AFTER holder.Hitbox.Position.Y = -132
[YgoDuelist] YgoSecondHandLayoutPatch: AFTER holder.Position.Y = -231.5122
[YgoDuelist] YgoSecondHandLayoutPatch: AFTER holder.TargetPosition.Y = -745
[YgoDuelist] YgoSecondHandLayoutPatch: AFTER holder.Hitbox.Position.Y = -132
[YgoDuelist] YgoSecondHandLayoutPatch: AFTER holder.Position.Y = -163.69305
[YgoDuelist] YgoSecondHandLayoutPatch: AFTER holder.TargetPosition.Y = -745
[YgoDuelist] YgoSecondHandLayoutPatch: AFTER holder.Hitbox.Position.Y = -132
[YgoDuelist] YgoSecondHandLayoutPatch: AFTER holder.Position.Y = -86.91667
[YgoDuelist] YgoSecondHandLayoutPatch: AFTER holder.TargetPosition.Y = -745
[YgoDuelist] YgoSecondHandLayoutPatch: AFTER holder.Hitbox.Position.Y = -132
[YgoDuelist] YgoSecondHandLayoutPatch EXIT return false
[YgoDuelist] RegisterOptionHolder EXIT handId=2911551624445 holderId=98079609002 handChildCountAfter=7 holderIsInsideTree=True
[YgoDuelist]   add[4] after RegisterOptionHolder holderId=98079609002 IsInsideTree=True ChildCount=7
[WARN] [BaseLib] GetRawText: Key 'YGO_ATTRIBUTE_DARK.title' not found in table 'static_hover_tips'
[WARN] [BaseLib] GetRawText: Key 'YGO_ATTRIBUTE_DARK.description' not found in table 'static_hover_tips'
[WARN] [BaseLib] GetRawText: Key 'YGO_RACE_WARRIOR.title' not found in table 'static_hover_tips'
[WARN] [BaseLib] GetRawText: Key 'YGO_RACE_WARRIOR.description' not found in table 'static_hover_tips'
[YgoDuelist]   add[4] after Initialize holderId=98079609002 CardNode=81604381987 CardModel=Exit_Monster_Options
[YgoDuelist] RebuildForPlayer END totalHolders=5 handActiveHoldersCount=10
[YgoDuelist] OnSecondHandCardsChanged EXIT RebuildForPlayer done
[YgoDuelist][MP][OptionPile] OpenMonsterOptions: player=76561198136285041 count=5 ids=[YGODUELIST-EXIT_MONSTER_OPTIONS=2071, YGODUELIST-TOGGLE_DIE_FOR_YOU=2070, YGODUELIST-COMMAND_CHANGE_BATTLE_POSITION=2069, YGODUELIST-COMMAND_ATTACK=2068, YGODUELIST-COMMAND_DEFEND=2067]
[VERYDEBUG] [GameAction] Action YgoMonsterMenuCommandGameAction owner=76561198136285041 OpenMonsterOptions pet=6 finished execution
[DEBUG] [ChecksumTracker] Generating checksum for context: after executing action YgoMonsterMenuCommandGameAction owner=76561198136285041 OpenMonsterOptions pet=6 action: YgoMonsterMenuCommandGameAction owner=76561198136285041 OpenMonsterOptions pet=6 id: 23
[YgoDuelist][MP][Checksum][fp] netId=76561198136285041 | pt=1 n=4:YGODUELIST-DEFEND_YGO_DUELIST010,YGODUELIST-FIRE_SORCERER0bYgoDieForYouUserToggleOnFalseiPermanentAtkBonusFromExecutes01010002,20017,20041,20043,YGODUELIST-RECKLESS_GREED01010009,10011,YGODUELIST-STRIKE_YGO_DUELIST010 | pt=2 n=5:YGODUELIST-BURNING_LAND01010009,20024,YGODUELIST-DEFEND_YGO_DUELIST010,YGODUELIST-EARTH_EFFIGY0bYgoDieForYouUserToggleOnFalseiPermanentAtkBonusFromExecutes01010000,20015,20043,YGODUELIST-GAIA_POWER01010009,20027,YGODUELIST-STRIKE_YGO_DUELIST010 | pt=3 n=8:YGODUELIST-ARCANE_ARCHER_OF_THE_FOREST0bYgoDieForYouUserToggleOnFalseiPermanentAtkBonusFromExecutes01010000,20019,20043,YGODUELIST-DEFEND_YGO_DUELIST010,YGODUELIST-OJAMA_TRIO01010009,10011,YGODUELIST-OUTSTANDING_DOG_MARRON0bYgoDieForYouUserToggleOnFalseiPermanentAtkBonusFromExecutes01010004,20001,YGODUELIST-ROCKET_JUMPER0bYgoDieForYouUserToggleOnFalseiPermanentAtkBonusFromExecutes01010000,20015,20043,20045,YGODUELIST-SKELENGEL0bYgoDieForYouUserToggleOnFalseiPermanentAtkBonusFromExecutes01010004,20006,20041,YGODUELIST-STRIKE_YGO_DUELIST010,YGODUELIST-TRAP_OF_BOARD_ERASER01010009,10011 | pt=4 n=0: | pt=5 n=0: | pt=932200512 n=0: | pt=932200513 n=0: | pt=932200514 n=0: | pt=932200515 n=1:YGODUELIST-HOURGLASS_OF_COURAGE0bYgoDieForYouUserToggleOnFalseiPermanentAtkBonusFromExecutes01010004,20006,20043 | pt=932200516 n=1:YGODUELIST-TOTAL_DEFENSE_SHOGUN0bYgoDieForYouUserToggleOnFalseiPermanentAtkBonusFromExecutes01010005,20019,20034,20043 | pt=932200517 n=0: | pt=932200518 n=0:
[YgoDuelist][MP][Checksum][fp] netId=76561198345121322 | pt=1 n=6:YGODUELIST-DEFEND_YGO_DUELIST010,YGODUELIST-DEFEND_YGO_DUELIST010,YGODUELIST-FIRE_PRINCESS0bYgoDieForYouUserToggleOnFalseiPermanentAtkBonusFromExecutes01010002,20013,20043,YGODUELIST-KURAMA0bYgoDieForYouUserToggleOnFalseiPermanentAtkBonusFromExecutes01010003,20020,20043,YGODUELIST-STRIKE_YGO_DUELIST010,YGODUELIST-ZABORG_THE_THUNDER_MONARCH0bYgoDieForYouUserToggleOnFalseiPermanentAtkBonusFromExecutes01010004,20018,20034,20043 | pt=2 n=5:GREED0104,7,YGODUELIST-DEFEND_YGO_DUELIST010,YGODUELIST-RAIGEKI_BREAK01010009,10011,20045,YGODUELIST-STRIKE_YGO_DUELIST010,YGODUELIST-STRIKE_YGO_DUELIST010 | pt=3 n=0: | pt=4 n=0: | pt=5 n=0: | pt=932200512 n=0: | pt=932200513 n=1:YGODUELIST-THE_LAST_WARRIOR_FROM_ANOTHER_PLANET0bYgoDieForYouUserToggleOnFalseiPermanentAtkBonusFromExecutes0iSummonAbsorbPrintedDefBonus01010000,20019,20036,20043 | pt=932200514 n=0: | pt=932200515 n=0: | pt=932200516 n=2:YGODUELIST-QUEEN_S_DOUBLE0bYgoDieForYouUserToggleOnFalseiPermanentAtkBonusFromExecutes01010000,20019,20045,YGODUELIST-VERSAGO_THE_DESTROYER0bYgoDieForYouUserToggleOnFalseiPermanentAtkBonusFromExecutes01010005,20007,20043 | pt=932200517 n=1:YGODUELIST-YELLOW_LUSTER_SHIELD01010009,20024 | pt=932200518 n=0:
[DEBUG] [ActionExecutor] Completed execution of action YgoMonsterMenuCommandGameAction owner=76561198136285041 OpenMonsterOptions pet=6, attempting to find new action
[VERYDEBUG] [ActionQueueSet] Attempting to find ready action
[VERYDEBUG] [ActionQueueSet] Queue for player 76561198345121322 is empty
[VERYDEBUG] [ActionQueueSet] Queue for player 76561198136285041 is empty
[VERYDEBUG] [ActionQueueSet] No action is ready
[YgoDuelist] Hover end on duel pet: DuelMonsterModel
[YgoDuelist] YgoSecondHandLayoutPatch ENTER all=10 main=5 opts=5 FocusedHolderId=98079609002 FocusedIsOpt=True
[YgoDuelist]   opts[0] holderId=98616479946 model=Command_Defend
[YgoDuelist]   opts[1] holderId=98482262210 model=Command_Attack
[YgoDuelist]   opts[2] holderId=98348044474 model=Command_Change_Battle_Position
[YgoDuelist]   opts[3] holderId=98213826738 model=Toggle_Die_For_You
[YgoDuelist]   opts[4] holderId=98079609002 model=Exit_Monster_Options
[YgoDuelist] YgoSecondHandLayoutPatch: AFTER holder.Position.Y = -745
[YgoDuelist] YgoSecondHandLayoutPatch: AFTER holder.TargetPosition.Y = -745
[YgoDuelist] YgoSecondHandLayoutPatch: AFTER holder.Hitbox.Position.Y = -132
[YgoDuelist] YgoSecondHandLayoutPatch: AFTER holder.Position.Y = -745
[YgoDuelist] YgoSecondHandLayoutPatch: AFTER holder.TargetPosition.Y = -745
[YgoDuelist] YgoSecondHandLayoutPatch: AFTER holder.Hitbox.Position.Y = -132
[YgoDuelist] YgoSecondHandLayoutPatch: AFTER holder.Position.Y = -745
[YgoDuelist] YgoSecondHandLayoutPatch: AFTER holder.TargetPosition.Y = -745
[YgoDuelist] YgoSecondHandLayoutPatch: AFTER holder.Hitbox.Position.Y = -132
[YgoDuelist] YgoSecondHandLayoutPatch: AFTER holder.Position.Y = -745
[YgoDuelist] YgoSecondHandLayoutPatch: AFTER holder.TargetPosition.Y = -745
[YgoDuelist] YgoSecondHandLayoutPatch: AFTER holder.Hitbox.Position.Y = -132
[YgoDuelist] YgoSecondHandLayoutPatch: AFTER holder.Position.Y = -745
[YgoDuelist] YgoSecondHandLayoutPatch: AFTER holder.TargetPosition.Y = -745
[YgoDuelist] YgoSecondHandLayoutPatch: AFTER holder.Hitbox.Position.Y = -132
[YgoDuelist] YgoSecondHandLayoutPatch EXIT return false
[YgoDuelist] YgoSecondHandLayoutPatch ENTER all=10 main=5 opts=5 FocusedHolderId=0 FocusedIsOpt=False
[YgoDuelist]   opts[0] holderId=98616479946 model=Command_Defend
[YgoDuelist]   opts[1] holderId=98482262210 model=Command_Attack
[YgoDuelist]   opts[2] holderId=98348044474 model=Command_Change_Battle_Position
[YgoDuelist]   opts[3] holderId=98213826738 model=Toggle_Die_For_You
[YgoDuelist]   opts[4] holderId=98079609002 model=Exit_Monster_Options
[YgoDuelist] YgoSecondHandLayoutPatch: AFTER holder.Position.Y = -745
[YgoDuelist] YgoSecondHandLayoutPatch: AFTER holder.TargetPosition.Y = -745
[YgoDuelist] YgoSecondHandLayoutPatch: AFTER holder.Hitbox.Position.Y = -132
[YgoDuelist] YgoSecondHandLayoutPatch: AFTER holder.Position.Y = -745
[YgoDuelist] YgoSecondHandLayoutPatch: AFTER holder.TargetPosition.Y = -745
[YgoDuelist] YgoSecondHandLayoutPatch: AFTER holder.Hitbox.Position.Y = -132
[YgoDuelist] YgoSecondHandLayoutPatch: AFTER holder.Position.Y = -745
[YgoDuelist] YgoSecondHandLayoutPatch: AFTER holder.TargetPosition.Y = -745
[YgoDuelist] YgoSecondHandLayoutPatch: AFTER holder.Hitbox.Position.Y = -132
[YgoDuelist] YgoSecondHandLayoutPatch: AFTER holder.Position.Y = -745
[YgoDuelist] YgoSecondHandLayoutPatch: AFTER holder.TargetPosition.Y = -745
[YgoDuelist] YgoSecondHandLayoutPatch: AFTER holder.Hitbox.Position.Y = -132
[YgoDuelist] YgoSecondHandLayoutPatch: AFTER holder.Position.Y = -745
[YgoDuelist] YgoSecondHandLayoutPatch: AFTER holder.TargetPosition.Y = -745
[YgoDuelist] YgoSecondHandLayoutPatch: AFTER holder.Hitbox.Position.Y = -132
[YgoDuelist] YgoSecondHandLayoutPatch EXIT return false
[YgoDuelist] YgoSecondHandLayoutPatch ENTER all=10 main=5 opts=5 FocusedHolderId=98213826738 FocusedIsOpt=True
[YgoDuelist]   opts[0] holderId=98616479946 model=Command_Defend
[YgoDuelist]   opts[1] holderId=98482262210 model=Command_Attack
[YgoDuelist]   opts[2] holderId=98348044474 model=Command_Change_Battle_Position
[YgoDuelist]   opts[3] holderId=98213826738 model=Toggle_Die_For_You
[YgoDuelist]   opts[4] holderId=98079609002 model=Exit_Monster_Options
[YgoDuelist] YgoSecondHandLayoutPatch: AFTER holder.Position.Y = -745
[YgoDuelist] YgoSecondHandLayoutPatch: AFTER holder.TargetPosition.Y = -745
[YgoDuelist] YgoSecondHandLayoutPatch: AFTER holder.Hitbox.Position.Y = -132
[YgoDuelist] YgoSecondHandLayoutPatch: AFTER holder.Position.Y = -745
[YgoDuelist] YgoSecondHandLayoutPatch: AFTER holder.TargetPosition.Y = -745
[YgoDuelist] YgoSecondHandLayoutPatch: AFTER holder.Hitbox.Position.Y = -132
[YgoDuelist] YgoSecondHandLayoutPatch: AFTER holder.Position.Y = -745
[YgoDuelist] YgoSecondHandLayoutPatch: AFTER holder.TargetPosition.Y = -745
[YgoDuelist] YgoSecondHandLayoutPatch: AFTER holder.Hitbox.Position.Y = -132
[YgoDuelist] YgoSecondHandLayoutPatch: AFTER holder.Position.Y = -745
[YgoDuelist] YgoSecondHandLayoutPatch: AFTER holder.TargetPosition.Y = -745
[YgoDuelist] YgoSecondHandLayoutPatch: AFTER holder.Hitbox.Position.Y = -132
[YgoDuelist] YgoSecondHandLayoutPatch: AFTER holder.Position.Y = -745
[YgoDuelist] YgoSecondHandLayoutPatch: AFTER holder.TargetPosition.Y = -745
[YgoDuelist] YgoSecondHandLayoutPatch: AFTER holder.Hitbox.Position.Y = -132
[YgoDuelist] YgoSecondHandLayoutPatch EXIT return false
[YgoDuelist] YgoSecondHandLayoutPatch ENTER all=10 main=5 opts=5 FocusedHolderId=0 FocusedIsOpt=False
[YgoDuelist]   opts[0] holderId=98616479946 model=Command_Defend
[YgoDuelist]   opts[1] holderId=98482262210 model=Command_Attack
[YgoDuelist]   opts[2] holderId=98348044474 model=Command_Change_Battle_Position
[YgoDuelist]   opts[3] holderId=98213826738 model=Toggle_Die_For_You
[YgoDuelist]   opts[4] holderId=98079609002 model=Exit_Monster_Options
[YgoDuelist] YgoSecondHandLayoutPatch: AFTER holder.Position.Y = -745
[YgoDuelist] YgoSecondHandLayoutPatch: AFTER holder.TargetPosition.Y = -745
[YgoDuelist] YgoSecondHandLayoutPatch: AFTER holder.Hitbox.Position.Y = -132
[YgoDuelist] YgoSecondHandLayoutPatch: AFTER holder.Position.Y = -745
[YgoDuelist] YgoSecondHandLayoutPatch: AFTER holder.TargetPosition.Y = -745
[YgoDuelist] YgoSecondHandLayoutPatch: AFTER holder.Hitbox.Position.Y = -132
[YgoDuelist] YgoSecondHandLayoutPatch: AFTER holder.Position.Y = -745
[YgoDuelist] YgoSecondHandLayoutPatch: AFTER holder.TargetPosition.Y = -745
[YgoDuelist] YgoSecondHandLayoutPatch: AFTER holder.Hitbox.Position.Y = -132
[YgoDuelist] YgoSecondHandLayoutPatch: AFTER holder.Position.Y = -745
[YgoDuelist] YgoSecondHandLayoutPatch: AFTER holder.TargetPosition.Y = -745
[YgoDuelist] YgoSecondHandLayoutPatch: AFTER holder.Hitbox.Position.Y = -132
[YgoDuelist] YgoSecondHandLayoutPatch: AFTER holder.Position.Y = -745
[YgoDuelist] YgoSecondHandLayoutPatch: AFTER holder.TargetPosition.Y = -745
[YgoDuelist] YgoSecondHandLayoutPatch: AFTER holder.Hitbox.Position.Y = -132
[YgoDuelist] YgoSecondHandLayoutPatch EXIT return false
[YgoDuelist] YgoSecondHandLayoutPatch ENTER all=10 main=5 opts=5 FocusedHolderId=98348044474 FocusedIsOpt=True
[YgoDuelist]   opts[0] holderId=98616479946 model=Command_Defend
[YgoDuelist]   opts[1] holderId=98482262210 model=Command_Attack
[YgoDuelist]   opts[2] holderId=98348044474 model=Command_Change_Battle_Position
[YgoDuelist]   opts[3] holderId=98213826738 model=Toggle_Die_For_You
[YgoDuelist]   opts[4] holderId=98079609002 model=Exit_Monster_Options
[YgoDuelist] YgoSecondHandLayoutPatch: AFTER holder.Position.Y = -745
[YgoDuelist] YgoSecondHandLayoutPatch: AFTER holder.TargetPosition.Y = -745
[YgoDuelist] YgoSecondHandLayoutPatch: AFTER holder.Hitbox.Position.Y = -132
[YgoDuelist] YgoSecondHandLayoutPatch: AFTER holder.Position.Y = -745
[YgoDuelist] YgoSecondHandLayoutPatch: AFTER holder.TargetPosition.Y = -745
[YgoDuelist] YgoSecondHandLayoutPatch: AFTER holder.Hitbox.Position.Y = -132
[YgoDuelist] YgoSecondHandLayoutPatch: AFTER holder.Position.Y = -745
[YgoDuelist] YgoSecondHandLayoutPatch: AFTER holder.TargetPosition.Y = -745
[YgoDuelist] YgoSecondHandLayoutPatch: AFTER holder.Hitbox.Position.Y = -132
[YgoDuelist] YgoSecondHandLayoutPatch: AFTER holder.Position.Y = -745
[YgoDuelist] YgoSecondHandLayoutPatch: AFTER holder.TargetPosition.Y = -745
[YgoDuelist] YgoSecondHandLayoutPatch: AFTER holder.Hitbox.Position.Y = -132
[YgoDuelist] YgoSecondHandLayoutPatch: AFTER holder.Position.Y = -745
[YgoDuelist] YgoSecondHandLayoutPatch: AFTER holder.TargetPosition.Y = -745
[YgoDuelist] YgoSecondHandLayoutPatch: AFTER holder.Hitbox.Position.Y = -132
[YgoDuelist] YgoSecondHandLayoutPatch EXIT return false
[YgoDuelist] YgoSecondHandLayoutPatch ENTER all=10 main=5 opts=5 FocusedHolderId=0 FocusedIsOpt=False
[YgoDuelist]   opts[0] holderId=98616479946 model=Command_Defend
[YgoDuelist]   opts[1] holderId=98482262210 model=Command_Attack
[YgoDuelist]   opts[2] holderId=98348044474 model=Command_Change_Battle_Position
[YgoDuelist]   opts[3] holderId=98213826738 model=Toggle_Die_For_You
[YgoDuelist]   opts[4] holderId=98079609002 model=Exit_Monster_Options
[YgoDuelist] YgoSecondHandLayoutPatch: AFTER holder.Position.Y = -745
[YgoDuelist] YgoSecondHandLayoutPatch: AFTER holder.TargetPosition.Y = -745
[YgoDuelist] YgoSecondHandLayoutPatch: AFTER holder.Hitbox.Position.Y = -132
[YgoDuelist] YgoSecondHandLayoutPatch: AFTER holder.Position.Y = -745
[YgoDuelist] YgoSecondHandLayoutPatch: AFTER holder.TargetPosition.Y = -745
[YgoDuelist] YgoSecondHandLayoutPatch: AFTER holder.Hitbox.Position.Y = -132
[YgoDuelist] YgoSecondHandLayoutPatch: AFTER holder.Position.Y = -745
[YgoDuelist] YgoSecondHandLayoutPatch: AFTER holder.TargetPosition.Y = -745
[YgoDuelist] YgoSecondHandLayoutPatch: AFTER holder.Hitbox.Position.Y = -132
[YgoDuelist] YgoSecondHandLayoutPatch: AFTER holder.Position.Y = -745
[YgoDuelist] YgoSecondHandLayoutPatch: AFTER holder.TargetPosition.Y = -745
[YgoDuelist] YgoSecondHandLayoutPatch: AFTER holder.Hitbox.Position.Y = -132
[YgoDuelist] YgoSecondHandLayoutPatch: AFTER holder.Position.Y = -745
[YgoDuelist] YgoSecondHandLayoutPatch: AFTER holder.TargetPosition.Y = -745
[YgoDuelist] YgoSecondHandLayoutPatch: AFTER holder.Hitbox.Position.Y = -132
[YgoDuelist] YgoSecondHandLayoutPatch EXIT return false
[YgoDuelist] YgoSecondHandLayoutPatch ENTER all=10 main=5 opts=5 FocusedHolderId=98482262210 FocusedIsOpt=True
[YgoDuelist]   opts[0] holderId=98616479946 model=Command_Defend
[YgoDuelist]   opts[1] holderId=98482262210 model=Command_Attack
[YgoDuelist]   opts[2] holderId=98348044474 model=Command_Change_Battle_Position
[YgoDuelist]   opts[3] holderId=98213826738 model=Toggle_Die_For_You
[YgoDuelist]   opts[4] holderId=98079609002 model=Exit_Monster_Options
[YgoDuelist] YgoSecondHandLayoutPatch: AFTER holder.Position.Y = -745
[YgoDuelist] YgoSecondHandLayoutPatch: AFTER holder.TargetPosition.Y = -745
[YgoDuelist] YgoSecondHandLayoutPatch: AFTER holder.Hitbox.Position.Y = -132
[YgoDuelist] YgoSecondHandLayoutPatch: AFTER holder.Position.Y = -745
[YgoDuelist] YgoSecondHandLayoutPatch: AFTER holder.TargetPosition.Y = -745
[YgoDuelist] YgoSecondHandLayoutPatch: AFTER holder.Hitbox.Position.Y = -132
[YgoDuelist] YgoSecondHandLayoutPatch: AFTER holder.Position.Y = -745
[YgoDuelist] YgoSecondHandLayoutPatch: AFTER holder.TargetPosition.Y = -745
[YgoDuelist] YgoSecondHandLayoutPatch: AFTER holder.Hitbox.Position.Y = -132
[YgoDuelist] YgoSecondHandLayoutPatch: AFTER holder.Position.Y = -745
[YgoDuelist] YgoSecondHandLayoutPatch: AFTER holder.TargetPosition.Y = -745
[YgoDuelist] YgoSecondHandLayoutPatch: AFTER holder.Hitbox.Position.Y = -132
[YgoDuelist] YgoSecondHandLayoutPatch: AFTER holder.Position.Y = -745
[YgoDuelist] YgoSecondHandLayoutPatch: AFTER holder.TargetPosition.Y = -745
[YgoDuelist] YgoSecondHandLayoutPatch: AFTER holder.Hitbox.Position.Y = -132
[YgoDuelist] YgoSecondHandLayoutPatch EXIT return false
[YgoDuelist] YgoSecondHandLayoutPatch ENTER all=10 main=5 opts=5 FocusedHolderId=0 FocusedIsOpt=False
[YgoDuelist]   opts[0] holderId=98616479946 model=Command_Defend
[YgoDuelist]   opts[1] holderId=98482262210 model=Command_Attack
[YgoDuelist]   opts[2] holderId=98348044474 model=Command_Change_Battle_Position
[YgoDuelist]   opts[3] holderId=98213826738 model=Toggle_Die_For_You
[YgoDuelist]   opts[4] holderId=98079609002 model=Exit_Monster_Options
[YgoDuelist] YgoSecondHandLayoutPatch: AFTER holder.Position.Y = -745
[YgoDuelist] YgoSecondHandLayoutPatch: AFTER holder.TargetPosition.Y = -745
[YgoDuelist] YgoSecondHandLayoutPatch: AFTER holder.Hitbox.Position.Y = -132
[YgoDuelist] YgoSecondHandLayoutPatch: AFTER holder.Position.Y = -745
[YgoDuelist] YgoSecondHandLayoutPatch: AFTER holder.TargetPosition.Y = -745
[YgoDuelist] YgoSecondHandLayoutPatch: AFTER holder.Hitbox.Position.Y = -132
[YgoDuelist] YgoSecondHandLayoutPatch: AFTER holder.Position.Y = -745
[YgoDuelist] YgoSecondHandLayoutPatch: AFTER holder.TargetPosition.Y = -745
[YgoDuelist] YgoSecondHandLayoutPatch: AFTER holder.Hitbox.Position.Y = -132
[YgoDuelist] YgoSecondHandLayoutPatch: AFTER holder.Position.Y = -745
[YgoDuelist] YgoSecondHandLayoutPatch: AFTER holder.TargetPosition.Y = -745
[YgoDuelist] YgoSecondHandLayoutPatch: AFTER holder.Hitbox.Position.Y = -132
[YgoDuelist] YgoSecondHandLayoutPatch: AFTER holder.Position.Y = -745
[YgoDuelist] YgoSecondHandLayoutPatch: AFTER holder.TargetPosition.Y = -745
[YgoDuelist] YgoSecondHandLayoutPatch: AFTER holder.Hitbox.Position.Y = -132
[YgoDuelist] YgoSecondHandLayoutPatch EXIT return false
[YgoDuelist] YgoSecondHandLayoutPatch ENTER all=10 main=5 opts=5 FocusedHolderId=98616479946 FocusedIsOpt=True
[YgoDuelist]   opts[0] holderId=98616479946 model=Command_Defend
[YgoDuelist]   opts[1] holderId=98482262210 model=Command_Attack
[YgoDuelist]   opts[2] holderId=98348044474 model=Command_Change_Battle_Position
[YgoDuelist]   opts[3] holderId=98213826738 model=Toggle_Die_For_You
[YgoDuelist]   opts[4] holderId=98079609002 model=Exit_Monster_Options
[YgoDuelist] YgoSecondHandLayoutPatch: AFTER holder.Position.Y = -745
[YgoDuelist] YgoSecondHandLayoutPatch: AFTER holder.TargetPosition.Y = -745
[YgoDuelist] YgoSecondHandLayoutPatch: AFTER holder.Hitbox.Position.Y = -132
[YgoDuelist] YgoSecondHandLayoutPatch: AFTER holder.Position.Y = -745
[YgoDuelist] YgoSecondHandLayoutPatch: AFTER holder.TargetPosition.Y = -745
[YgoDuelist] YgoSecondHandLayoutPatch: AFTER holder.Hitbox.Position.Y = -132
[YgoDuelist] YgoSecondHandLayoutPatch: AFTER holder.Position.Y = -745
[YgoDuelist] YgoSecondHandLayoutPatch: AFTER holder.TargetPosition.Y = -745
[YgoDuelist] YgoSecondHandLayoutPatch: AFTER holder.Hitbox.Position.Y = -132
[YgoDuelist] YgoSecondHandLayoutPatch: AFTER holder.Position.Y = -745
[YgoDuelist] YgoSecondHandLayoutPatch: AFTER holder.TargetPosition.Y = -745
[YgoDuelist] YgoSecondHandLayoutPatch: AFTER holder.Hitbox.Position.Y = -132
[YgoDuelist] YgoSecondHandLayoutPatch: AFTER holder.Position.Y = -745
[YgoDuelist] YgoSecondHandLayoutPatch: AFTER holder.TargetPosition.Y = -745
[YgoDuelist] YgoSecondHandLayoutPatch: AFTER holder.Hitbox.Position.Y = -132
[YgoDuelist] YgoSecondHandLayoutPatch EXIT return false
[YgoDuelist] YgoSecondHandLayoutPatch ENTER all=10 main=5 opts=5 FocusedHolderId=0 FocusedIsOpt=False
[YgoDuelist]   opts[0] holderId=98616479946 model=Command_Defend
[YgoDuelist]   opts[1] holderId=98482262210 model=Command_Attack
[YgoDuelist]   opts[2] holderId=98348044474 model=Command_Change_Battle_Position
[YgoDuelist]   opts[3] holderId=98213826738 model=Toggle_Die_For_You
[YgoDuelist]   opts[4] holderId=98079609002 model=Exit_Monster_Options
[YgoDuelist] YgoSecondHandLayoutPatch: AFTER holder.Position.Y = -745
[YgoDuelist] YgoSecondHandLayoutPatch: AFTER holder.TargetPosition.Y = -745
[YgoDuelist] YgoSecondHandLayoutPatch: AFTER holder.Hitbox.Position.Y = -132
[YgoDuelist] YgoSecondHandLayoutPatch: AFTER holder.Position.Y = -745
[YgoDuelist] YgoSecondHandLayoutPatch: AFTER holder.TargetPosition.Y = -745
[YgoDuelist] YgoSecondHandLayoutPatch: AFTER holder.Hitbox.Position.Y = -132
[YgoDuelist] YgoSecondHandLayoutPatch: AFTER holder.Position.Y = -745
[YgoDuelist] YgoSecondHandLayoutPatch: AFTER holder.TargetPosition.Y = -745
[YgoDuelist] YgoSecondHandLayoutPatch: AFTER holder.Hitbox.Position.Y = -132
[YgoDuelist] YgoSecondHandLayoutPatch: AFTER holder.Position.Y = -745
[YgoDuelist] YgoSecondHandLayoutPatch: AFTER holder.TargetPosition.Y = -745
[YgoDuelist] YgoSecondHandLayoutPatch: AFTER holder.Hitbox.Position.Y = -132
[YgoDuelist] YgoSecondHandLayoutPatch: AFTER holder.Position.Y = -745
[YgoDuelist] YgoSecondHandLayoutPatch: AFTER holder.TargetPosition.Y = -745
[YgoDuelist] YgoSecondHandLayoutPatch: AFTER holder.Hitbox.Position.Y = -132
[YgoDuelist] YgoSecondHandLayoutPatch EXIT return false
[YgoDuelist] YgoSecondHandLayoutPatch ENTER all=10 main=5 opts=5 FocusedHolderId=98616479946 FocusedIsOpt=True
[YgoDuelist]   opts[0] holderId=98616479946 model=Command_Defend
[YgoDuelist]   opts[1] holderId=98482262210 model=Command_Attack
[YgoDuelist]   opts[2] holderId=98348044474 model=Command_Change_Battle_Position
[YgoDuelist]   opts[3] holderId=98213826738 model=Toggle_Die_For_You
[YgoDuelist]   opts[4] holderId=98079609002 model=Exit_Monster_Options
[YgoDuelist] YgoSecondHandLayoutPatch: AFTER holder.Position.Y = -745
[YgoDuelist] YgoSecondHandLayoutPatch: AFTER holder.TargetPosition.Y = -745
[YgoDuelist] YgoSecondHandLayoutPatch: AFTER holder.Hitbox.Position.Y = -132
[YgoDuelist] YgoSecondHandLayoutPatch: AFTER holder.Position.Y = -745
[YgoDuelist] YgoSecondHandLayoutPatch: AFTER holder.TargetPosition.Y = -745
[YgoDuelist] YgoSecondHandLayoutPatch: AFTER holder.Hitbox.Position.Y = -132
[YgoDuelist] YgoSecondHandLayoutPatch: AFTER holder.Position.Y = -745
[YgoDuelist] YgoSecondHandLayoutPatch: AFTER holder.TargetPosition.Y = -745
[YgoDuelist] YgoSecondHandLayoutPatch: AFTER holder.Hitbox.Position.Y = -132
[YgoDuelist] YgoSecondHandLayoutPatch: AFTER holder.Position.Y = -745
[YgoDuelist] YgoSecondHandLayoutPatch: AFTER holder.TargetPosition.Y = -745
[YgoDuelist] YgoSecondHandLayoutPatch: AFTER holder.Hitbox.Position.Y = -132
[YgoDuelist] YgoSecondHandLayoutPatch: AFTER holder.Position.Y = -745
[YgoDuelist] YgoSecondHandLayoutPatch: AFTER holder.TargetPosition.Y = -745
[YgoDuelist] YgoSecondHandLayoutPatch: AFTER holder.Hitbox.Position.Y = -132
[YgoDuelist] YgoSecondHandLayoutPatch EXIT return false
[YgoDuelist] OnHolderPressed option holder id=98616479946 card=Command_Defend
[YgoLifecycle] StartCardPlay S1_EnterPrefix holderId=98616479946 model=Command_Defend index=5 inTree=True extra=needsSafePath=True
[YgoLifecycle] StartCardPlay S2_QueuedHolder holderId=98616479946 model=Command_Defend index=5 inTree=True extra=queuedIndex=5
[YgoDuelist] YgoSecondHandLayoutPatch ENTER all=10 main=5 opts=5 FocusedHolderId=0 FocusedIsOpt=False
[YgoDuelist]   opts[0] holderId=98616479946 model=Command_Defend
[YgoDuelist]   opts[1] holderId=98482262210 model=Command_Attack
[YgoDuelist]   opts[2] holderId=98348044474 model=Command_Change_Battle_Position
[YgoDuelist]   opts[3] holderId=98213826738 model=Toggle_Die_For_You
[YgoDuelist]   opts[4] holderId=98079609002 model=Exit_Monster_Options
[YgoDuelist] YgoSecondHandLayoutPatch: AFTER holder.Position.Y = -745
[YgoDuelist] YgoSecondHandLayoutPatch: AFTER holder.TargetPosition.Y = -745
[YgoDuelist] YgoSecondHandLayoutPatch: AFTER holder.Hitbox.Position.Y = -132
[YgoDuelist] YgoSecondHandLayoutPatch: AFTER holder.Position.Y = -745
[YgoDuelist] YgoSecondHandLayoutPatch: AFTER holder.TargetPosition.Y = -745
[YgoDuelist] YgoSecondHandLayoutPatch: AFTER holder.Hitbox.Position.Y = -132
[YgoDuelist] YgoSecondHandLayoutPatch: AFTER holder.Position.Y = -745
[YgoDuelist] YgoSecondHandLayoutPatch: AFTER holder.TargetPosition.Y = -745
[YgoDuelist] YgoSecondHandLayoutPatch: AFTER holder.Hitbox.Position.Y = -132
[YgoDuelist] YgoSecondHandLayoutPatch: AFTER holder.Position.Y = -745
[YgoDuelist] YgoSecondHandLayoutPatch: AFTER holder.TargetPosition.Y = -745
[YgoDuelist] YgoSecondHandLayoutPatch: AFTER holder.Hitbox.Position.Y = -132
[YgoDuelist] YgoSecondHandLayoutPatch: AFTER holder.Position.Y = -745
[YgoDuelist] YgoSecondHandLayoutPatch: AFTER holder.TargetPosition.Y = -745
[YgoDuelist] YgoSecondHandLayoutPatch: AFTER holder.Hitbox.Position.Y = -132
[YgoDuelist] YgoSecondHandLayoutPatch EXIT return false
[YgoLifecycle] StartCardPlay S3_BeginDrag holderId=98616479946 model=Command_Defend index=7 inTree=True extra=
[YgoLifecycle] StartCardPlay S4_CardPlayCreated holderId=98616479946 model=Command_Defend index=7 inTree=True extra=cardPlayType=NMouseCardPlay
[YgoLifecycle] MouseStartAsync M1_Enter holderId=98616479946 model=Command_Defend holderInTree=True selfInTree=True extra=
[YgoLifecycle] MouseStartAsync M4_StartCardDrag_BeginAwait holderId=98616479946 model=Command_Defend holderInTree=True selfInTree=True extra=
[YgoLifecycle] MouseStartAsync M5_StartCardDrag_EndAwait holderId=98616479946 model=Command_Defend holderInTree=True selfInTree=True extra=
[YgoDuelist] YgoSecondHandLayoutPatch ENTER all=9 main=5 opts=4 FocusedHolderId=0 FocusedIsOpt=False
[YgoDuelist]   opts[0] holderId=98482262210 model=Command_Attack
[YgoDuelist]   opts[1] holderId=98348044474 model=Command_Change_Battle_Position
[YgoDuelist]   opts[2] holderId=98213826738 model=Toggle_Die_For_You
[YgoDuelist]   opts[3] holderId=98079609002 model=Exit_Monster_Options
[YgoDuelist] YgoSecondHandLayoutPatch: AFTER holder.Position.Y = -745
[YgoDuelist] YgoSecondHandLayoutPatch: AFTER holder.TargetPosition.Y = -745
[YgoDuelist] YgoSecondHandLayoutPatch: AFTER holder.Hitbox.Position.Y = -132
[YgoDuelist] YgoSecondHandLayoutPatch: AFTER holder.Position.Y = -745
[YgoDuelist] YgoSecondHandLayoutPatch: AFTER holder.TargetPosition.Y = -745
[YgoDuelist] YgoSecondHandLayoutPatch: AFTER holder.Hitbox.Position.Y = -132
[YgoDuelist] YgoSecondHandLayoutPatch: AFTER holder.Position.Y = -745
[YgoDuelist] YgoSecondHandLayoutPatch: AFTER holder.TargetPosition.Y = -745
[YgoDuelist] YgoSecondHandLayoutPatch: AFTER holder.Hitbox.Position.Y = -132
[YgoDuelist] YgoSecondHandLayoutPatch: AFTER holder.Position.Y = -745
[YgoDuelist] YgoSecondHandLayoutPatch: AFTER holder.TargetPosition.Y = -745
[YgoDuelist] YgoSecondHandLayoutPatch: AFTER holder.Hitbox.Position.Y = -132
[YgoDuelist] YgoSecondHandLayoutPatch EXIT return false
[YgoLifecycle] StartCardPlay S8_StartCalled holderId=98616479946 model=Command_Defend index=7 inTree=True extra=
[YgoDuelist] StartCardPlay PREFIX: custom safe start path holderId=98616479946 index=5 isOption=True
[YgoDuelist] StartCardPlay POSTFIX: option holder - NMouseCardPlay created and Start() called
[YgoDuelist] YgoSecondHandLayoutPatch ENTER all=9 main=5 opts=4 FocusedHolderId=98482262210 FocusedIsOpt=True
[YgoDuelist]   opts[0] holderId=98482262210 model=Command_Attack
[YgoDuelist]   opts[1] holderId=98348044474 model=Command_Change_Battle_Position
[YgoDuelist]   opts[2] holderId=98213826738 model=Toggle_Die_For_You
[YgoDuelist]   opts[3] holderId=98079609002 model=Exit_Monster_Options
[YgoDuelist] YgoSecondHandLayoutPatch: AFTER holder.Position.Y = -745
[YgoDuelist] YgoSecondHandLayoutPatch: AFTER holder.TargetPosition.Y = -745
[YgoDuelist] YgoSecondHandLayoutPatch: AFTER holder.Hitbox.Position.Y = -132
[YgoDuelist] YgoSecondHandLayoutPatch: AFTER holder.Position.Y = -745
[YgoDuelist] YgoSecondHandLayoutPatch: AFTER holder.TargetPosition.Y = -745
[YgoDuelist] YgoSecondHandLayoutPatch: AFTER holder.Hitbox.Position.Y = -132
[YgoDuelist] YgoSecondHandLayoutPatch: AFTER holder.Position.Y = -745
[YgoDuelist] YgoSecondHandLayoutPatch: AFTER holder.TargetPosition.Y = -745
[YgoDuelist] YgoSecondHandLayoutPatch: AFTER holder.Hitbox.Position.Y = -132
[YgoDuelist] YgoSecondHandLayoutPatch: AFTER holder.Position.Y = -745
[YgoDuelist] YgoSecondHandLayoutPatch: AFTER holder.TargetPosition.Y = -745
[YgoDuelist] YgoSecondHandLayoutPatch: AFTER holder.Hitbox.Position.Y = -132
[YgoDuelist] YgoSecondHandLayoutPatch EXIT return false
[YgoDuelist] YgoSecondHandLayoutPatch ENTER all=9 main=5 opts=4 FocusedHolderId=0 FocusedIsOpt=False
[YgoDuelist]   opts[0] holderId=98482262210 model=Command_Attack
[YgoDuelist]   opts[1] holderId=98348044474 model=Command_Change_Battle_Position
[YgoDuelist]   opts[2] holderId=98213826738 model=Toggle_Die_For_You
[YgoDuelist]   opts[3] holderId=98079609002 model=Exit_Monster_Options
[YgoDuelist] YgoSecondHandLayoutPatch: AFTER holder.Position.Y = -745
[YgoDuelist] YgoSecondHandLayoutPatch: AFTER holder.TargetPosition.Y = -745
[YgoDuelist] YgoSecondHandLayoutPatch: AFTER holder.Hitbox.Position.Y = -132
[YgoDuelist] YgoSecondHandLayoutPatch: AFTER holder.Position.Y = -745
[YgoDuelist] YgoSecondHandLayoutPatch: AFTER holder.TargetPosition.Y = -745
[YgoDuelist] YgoSecondHandLayoutPatch: AFTER holder.Hitbox.Position.Y = -132
[YgoDuelist] YgoSecondHandLayoutPatch: AFTER holder.Position.Y = -745
[YgoDuelist] YgoSecondHandLayoutPatch: AFTER holder.TargetPosition.Y = -745
[YgoDuelist] YgoSecondHandLayoutPatch: AFTER holder.Hitbox.Position.Y = -132
[YgoDuelist] YgoSecondHandLayoutPatch: AFTER holder.Position.Y = -745
[YgoDuelist] YgoSecondHandLayoutPatch: AFTER holder.TargetPosition.Y = -745
[YgoDuelist] YgoSecondHandLayoutPatch: AFTER holder.Hitbox.Position.Y = -132
[YgoDuelist] YgoSecondHandLayoutPatch EXIT return false
[YgoDuelist] YgoSecondHandLayoutPatch ENTER all=9 main=5 opts=4 FocusedHolderId=98348044474 FocusedIsOpt=True
[YgoDuelist]   opts[0] holderId=98482262210 model=Command_Attack
[YgoDuelist]   opts[1] holderId=98348044474 model=Command_Change_Battle_Position
[YgoDuelist]   opts[2] holderId=98213826738 model=Toggle_Die_For_You
[YgoDuelist]   opts[3] holderId=98079609002 model=Exit_Monster_Options
[YgoDuelist] YgoSecondHandLayoutPatch: AFTER holder.Position.Y = -745
[YgoDuelist] YgoSecondHandLayoutPatch: AFTER holder.TargetPosition.Y = -745
[YgoDuelist] YgoSecondHandLayoutPatch: AFTER holder.Hitbox.Position.Y = -132
[YgoDuelist] YgoSecondHandLayoutPatch: AFTER holder.Position.Y = -745
[YgoDuelist] YgoSecondHandLayoutPatch: AFTER holder.TargetPosition.Y = -745
[YgoDuelist] YgoSecondHandLayoutPatch: AFTER holder.Hitbox.Position.Y = -132
[YgoDuelist] YgoSecondHandLayoutPatch: AFTER holder.Position.Y = -745
[YgoDuelist] YgoSecondHandLayoutPatch: AFTER holder.TargetPosition.Y = -745
[YgoDuelist] YgoSecondHandLayoutPatch: AFTER holder.Hitbox.Position.Y = -132
[YgoDuelist] YgoSecondHandLayoutPatch: AFTER holder.Position.Y = -745
[YgoDuelist] YgoSecondHandLayoutPatch: AFTER holder.TargetPosition.Y = -745
[YgoDuelist] YgoSecondHandLayoutPatch: AFTER holder.Hitbox.Position.Y = -132
[YgoDuelist] YgoSecondHandLayoutPatch EXIT return false
[YgoDuelist] YgoSecondHandLayoutPatch ENTER all=9 main=5 opts=4 FocusedHolderId=0 FocusedIsOpt=False
[YgoDuelist]   opts[0] holderId=98482262210 model=Command_Attack
[YgoDuelist]   opts[1] holderId=98348044474 model=Command_Change_Battle_Position
[YgoDuelist]   opts[2] holderId=98213826738 model=Toggle_Die_For_You
[YgoDuelist]   opts[3] holderId=98079609002 model=Exit_Monster_Options
[YgoDuelist] YgoSecondHandLayoutPatch: AFTER holder.Position.Y = -745
[YgoDuelist] YgoSecondHandLayoutPatch: AFTER holder.TargetPosition.Y = -745
[YgoDuelist] YgoSecondHandLayoutPatch: AFTER holder.Hitbox.Position.Y = -132
[YgoDuelist] YgoSecondHandLayoutPatch: AFTER holder.Position.Y = -745
[YgoDuelist] YgoSecondHandLayoutPatch: AFTER holder.TargetPosition.Y = -745
[YgoDuelist] YgoSecondHandLayoutPatch: AFTER holder.Hitbox.Position.Y = -132
[YgoDuelist] YgoSecondHandLayoutPatch: AFTER holder.Position.Y = -745
[YgoDuelist] YgoSecondHandLayoutPatch: AFTER holder.TargetPosition.Y = -745
[YgoDuelist] YgoSecondHandLayoutPatch: AFTER holder.Hitbox.Position.Y = -132
[YgoDuelist] YgoSecondHandLayoutPatch: AFTER holder.Position.Y = -745
[YgoDuelist] YgoSecondHandLayoutPatch: AFTER holder.TargetPosition.Y = -745
[YgoDuelist] YgoSecondHandLayoutPatch: AFTER holder.Hitbox.Position.Y = -132
[YgoDuelist] YgoSecondHandLayoutPatch EXIT return false
[YgoDuelist] YgoSecondHandLayoutPatch ENTER all=9 main=5 opts=4 FocusedHolderId=98213826738 FocusedIsOpt=True
[YgoDuelist]   opts[0] holderId=98482262210 model=Command_Attack
[YgoDuelist]   opts[1] holderId=98348044474 model=Command_Change_Battle_Position
[YgoDuelist]   opts[2] holderId=98213826738 model=Toggle_Die_For_You
[YgoDuelist]   opts[3] holderId=98079609002 model=Exit_Monster_Options
[YgoDuelist] YgoSecondHandLayoutPatch: AFTER holder.Position.Y = -745
[YgoDuelist] YgoSecondHandLayoutPatch: AFTER holder.TargetPosition.Y = -745
[YgoDuelist] YgoSecondHandLayoutPatch: AFTER holder.Hitbox.Position.Y = -132
[YgoDuelist] YgoSecondHandLayoutPatch: AFTER holder.Position.Y = -745
[YgoDuelist] YgoSecondHandLayoutPatch: AFTER holder.TargetPosition.Y = -745
[YgoDuelist] YgoSecondHandLayoutPatch: AFTER holder.Hitbox.Position.Y = -132
[YgoDuelist] YgoSecondHandLayoutPatch: AFTER holder.Position.Y = -745
[YgoDuelist] YgoSecondHandLayoutPatch: AFTER holder.TargetPosition.Y = -745
[YgoDuelist] YgoSecondHandLayoutPatch: AFTER holder.Hitbox.Position.Y = -132
[YgoDuelist] YgoSecondHandLayoutPatch: AFTER holder.Position.Y = -745
[YgoDuelist] YgoSecondHandLayoutPatch: AFTER holder.TargetPosition.Y = -745
[YgoDuelist] YgoSecondHandLayoutPatch: AFTER holder.Hitbox.Position.Y = -132
[YgoDuelist] YgoSecondHandLayoutPatch EXIT return false
[YgoDuelist] YgoSecondHandLayoutPatch ENTER all=9 main=5 opts=4 FocusedHolderId=0 FocusedIsOpt=False
[YgoDuelist]   opts[0] holderId=98482262210 model=Command_Attack
[YgoDuelist]   opts[1] holderId=98348044474 model=Command_Change_Battle_Position
[YgoDuelist]   opts[2] holderId=98213826738 model=Toggle_Die_For_You
[YgoDuelist]   opts[3] holderId=98079609002 model=Exit_Monster_Options
[YgoDuelist] YgoSecondHandLayoutPatch: AFTER holder.Position.Y = -745
[YgoDuelist] YgoSecondHandLayoutPatch: AFTER holder.TargetPosition.Y = -745
[YgoDuelist] YgoSecondHandLayoutPatch: AFTER holder.Hitbox.Position.Y = -132
[YgoDuelist] YgoSecondHandLayoutPatch: AFTER holder.Position.Y = -745
[YgoDuelist] YgoSecondHandLayoutPatch: AFTER holder.TargetPosition.Y = -745
[YgoDuelist] YgoSecondHandLayoutPatch: AFTER holder.Hitbox.Position.Y = -132
[YgoDuelist] YgoSecondHandLayoutPatch: AFTER holder.Position.Y = -745
[YgoDuelist] YgoSecondHandLayoutPatch: AFTER holder.TargetPosition.Y = -745
[YgoDuelist] YgoSecondHandLayoutPatch: AFTER holder.Hitbox.Position.Y = -132
[YgoDuelist] YgoSecondHandLayoutPatch: AFTER holder.Position.Y = -745
[YgoDuelist] YgoSecondHandLayoutPatch: AFTER holder.TargetPosition.Y = -745
[YgoDuelist] YgoSecondHandLayoutPatch: AFTER holder.Hitbox.Position.Y = -132
[YgoDuelist] YgoSecondHandLayoutPatch EXIT return false
[YgoDuelist] YgoSecondHandLayoutPatch ENTER all=9 main=5 opts=4 FocusedHolderId=98079609002 FocusedIsOpt=True
[YgoDuelist]   opts[0] holderId=98482262210 model=Command_Attack
[YgoDuelist]   opts[1] holderId=98348044474 model=Command_Change_Battle_Position
[YgoDuelist]   opts[2] holderId=98213826738 model=Toggle_Die_For_You
[YgoDuelist]   opts[3] holderId=98079609002 model=Exit_Monster_Options
[YgoDuelist] YgoSecondHandLayoutPatch: AFTER holder.Position.Y = -745
[YgoDuelist] YgoSecondHandLayoutPatch: AFTER holder.TargetPosition.Y = -745
[YgoDuelist] YgoSecondHandLayoutPatch: AFTER holder.Hitbox.Position.Y = -132
[YgoDuelist] YgoSecondHandLayoutPatch: AFTER holder.Position.Y = -745
[YgoDuelist] YgoSecondHandLayoutPatch: AFTER holder.TargetPosition.Y = -745
[YgoDuelist] YgoSecondHandLayoutPatch: AFTER holder.Hitbox.Position.Y = -132
[YgoDuelist] YgoSecondHandLayoutPatch: AFTER holder.Position.Y = -745
[YgoDuelist] YgoSecondHandLayoutPatch: AFTER holder.TargetPosition.Y = -745
[YgoDuelist] YgoSecondHandLayoutPatch: AFTER holder.Hitbox.Position.Y = -132
[YgoDuelist] YgoSecondHandLayoutPatch: AFTER holder.Position.Y = -745
[YgoDuelist] YgoSecondHandLayoutPatch: AFTER holder.TargetPosition.Y = -745
[YgoDuelist] YgoSecondHandLayoutPatch: AFTER holder.Hitbox.Position.Y = -132
[YgoDuelist] YgoSecondHandLayoutPatch EXIT return false
[YgoDuelist] YgoSecondHandLayoutPatch ENTER all=9 main=5 opts=4 FocusedHolderId=0 FocusedIsOpt=False
[YgoDuelist]   opts[0] holderId=98482262210 model=Command_Attack
[YgoDuelist]   opts[1] holderId=98348044474 model=Command_Change_Battle_Position
[YgoDuelist]   opts[2] holderId=98213826738 model=Toggle_Die_For_You
[YgoDuelist]   opts[3] holderId=98079609002 model=Exit_Monster_Options
[YgoDuelist] YgoSecondHandLayoutPatch: AFTER holder.Position.Y = -745
[YgoDuelist] YgoSecondHandLayoutPatch: AFTER holder.TargetPosition.Y = -745
[YgoDuelist] YgoSecondHandLayoutPatch: AFTER holder.Hitbox.Position.Y = -132
[YgoDuelist] YgoSecondHandLayoutPatch: AFTER holder.Position.Y = -745
[YgoDuelist] YgoSecondHandLayoutPatch: AFTER holder.TargetPosition.Y = -745
[YgoDuelist] YgoSecondHandLayoutPatch: AFTER holder.Hitbox.Position.Y = -132
[YgoDuelist] YgoSecondHandLayoutPatch: AFTER holder.Position.Y = -745
[YgoDuelist] YgoSecondHandLayoutPatch: AFTER holder.TargetPosition.Y = -745
[YgoDuelist] YgoSecondHandLayoutPatch: AFTER holder.Hitbox.Position.Y = -132
[YgoDuelist] YgoSecondHandLayoutPatch: AFTER holder.Position.Y = -745
[YgoDuelist] YgoSecondHandLayoutPatch: AFTER holder.TargetPosition.Y = -745
[YgoDuelist] YgoSecondHandLayoutPatch: AFTER holder.Hitbox.Position.Y = -132
[YgoDuelist] YgoSecondHandLayoutPatch EXIT return false
[YgoLifecycle] StartCardPlay S5_FinishedSignal holderId=98616479946 model=Command_Defend index=7 inTree=True extra=success=False
[YgoLifecycle] StartCardPlay S6_InvokeReturnHolderToHand holderId=98616479946 model=Command_Defend index=7 inTree=True extra=
[YgoLifecycle] ReturnHolderToHand P1_EnterPrefix holderId=98616479946 model=Command_Defend inTree=True visible=True extra=
[YgoLifecycle] ReturnHolderToHand P5_ReparentStart holderId=98616479946 model=Command_Defend inTree=True visible=True extra=queued=5 clamped=5 childCount=9
[YgoLifecycle] ReturnHolderToHand P6_ReparentDone holderId=98616479946 model=Command_Defend inTree=True visible=True extra=
[YgoLifecycle] ReturnHolderToHand P9_ScheduleSyncFromOptionPile holderId=98616479946 model=Command_Defend inTree=True visible=True extra=
[YgoLifecycle] ReturnHolderToHand P10_ExitHandled holderId=98616479946 model=Command_Defend inTree=True visible=True extra=
[YgoDuelist] YgoSecondHandLayoutPatch ENTER all=10 main=5 opts=5 FocusedHolderId=0 FocusedIsOpt=False
[YgoDuelist]   opts[0] holderId=98616479946 model=Command_Defend
[YgoDuelist]   opts[1] holderId=98482262210 model=Command_Attack
[YgoDuelist]   opts[2] holderId=98348044474 model=Command_Change_Battle_Position
[YgoDuelist]   opts[3] holderId=98213826738 model=Toggle_Die_For_You
[YgoDuelist]   opts[4] holderId=98079609002 model=Exit_Monster_Options
[YgoDuelist] YgoSecondHandLayoutPatch: AFTER holder.Position.Y = -776.8
[YgoDuelist] YgoSecondHandLayoutPatch: AFTER holder.TargetPosition.Y = -745
[YgoDuelist] YgoSecondHandLayoutPatch: AFTER holder.Hitbox.Position.Y = -132
[YgoDuelist] YgoSecondHandLayoutPatch: AFTER holder.Position.Y = -745
[YgoDuelist] YgoSecondHandLayoutPatch: AFTER holder.TargetPosition.Y = -745
[YgoDuelist] YgoSecondHandLayoutPatch: AFTER holder.Hitbox.Position.Y = -132
[YgoDuelist] YgoSecondHandLayoutPatch: AFTER holder.Position.Y = -745
[YgoDuelist] YgoSecondHandLayoutPatch: AFTER holder.TargetPosition.Y = -745
[YgoDuelist] YgoSecondHandLayoutPatch: AFTER holder.Hitbox.Position.Y = -132
[YgoDuelist] YgoSecondHandLayoutPatch: AFTER holder.Position.Y = -745
[YgoDuelist] YgoSecondHandLayoutPatch: AFTER holder.TargetPosition.Y = -745
[YgoDuelist] YgoSecondHandLayoutPatch: AFTER holder.Hitbox.Position.Y = -132
[YgoDuelist] YgoSecondHandLayoutPatch: AFTER holder.Position.Y = -745
[YgoDuelist] YgoSecondHandLayoutPatch: AFTER holder.TargetPosition.Y = -745
[YgoDuelist] YgoSecondHandLayoutPatch: AFTER holder.Hitbox.Position.Y = -132
[YgoDuelist] YgoSecondHandLayoutPatch EXIT return false
[YgoLifecycle] StartCardPlay S7_FinishedCleanupDone holderId=98616479946 model=Command_Defend index=5 inTree=True extra=
[YgoDuelist] Right mouse button pressed.
[YgoDuelist] Right-click: no currently hovered duel pet.
[YgoDuelist] YgoSecondHandLayoutPatch ENTER all=10 main=5 opts=5 FocusedHolderId=98079609002 FocusedIsOpt=True
[YgoDuelist]   opts[0] holderId=98616479946 model=Command_Defend
[YgoDuelist]   opts[1] holderId=98482262210 model=Command_Attack
[YgoDuelist]   opts[2] holderId=98348044474 model=Command_Change_Battle_Position
[YgoDuelist]   opts[3] holderId=98213826738 model=Toggle_Die_For_You
[YgoDuelist]   opts[4] holderId=98079609002 model=Exit_Monster_Options
[YgoDuelist] YgoSecondHandLayoutPatch: AFTER holder.Position.Y = -747.34973
[YgoDuelist] YgoSecondHandLayoutPatch: AFTER holder.TargetPosition.Y = -745
[YgoDuelist] YgoSecondHandLayoutPatch: AFTER holder.Hitbox.Position.Y = -132
[YgoDuelist] YgoSecondHandLayoutPatch: AFTER holder.Position.Y = -745
[YgoDuelist] YgoSecondHandLayoutPatch: AFTER holder.TargetPosition.Y = -745
[YgoDuelist] YgoSecondHandLayoutPatch: AFTER holder.Hitbox.Position.Y = -132
[YgoDuelist] YgoSecondHandLayoutPatch: AFTER holder.Position.Y = -745
[YgoDuelist] YgoSecondHandLayoutPatch: AFTER holder.TargetPosition.Y = -745
[YgoDuelist] YgoSecondHandLayoutPatch: AFTER holder.Hitbox.Position.Y = -132
[YgoDuelist] YgoSecondHandLayoutPatch: AFTER holder.Position.Y = -745
[YgoDuelist] YgoSecondHandLayoutPatch: AFTER holder.TargetPosition.Y = -745
[YgoDuelist] YgoSecondHandLayoutPatch: AFTER holder.Hitbox.Position.Y = -132
[YgoDuelist] YgoSecondHandLayoutPatch: AFTER holder.Position.Y = -745
[YgoDuelist] YgoSecondHandLayoutPatch: AFTER holder.TargetPosition.Y = -745
[YgoDuelist] YgoSecondHandLayoutPatch: AFTER holder.Hitbox.Position.Y = -132
[YgoDuelist] YgoSecondHandLayoutPatch EXIT return false
[YgoDuelist] YgoSecondHandLayoutPatch ENTER all=10 main=5 opts=5 FocusedHolderId=0 FocusedIsOpt=False
[YgoDuelist]   opts[0] holderId=98616479946 model=Command_Defend
[YgoDuelist]   opts[1] holderId=98482262210 model=Command_Attack
[YgoDuelist]   opts[2] holderId=98348044474 model=Command_Change_Battle_Position
[YgoDuelist]   opts[3] holderId=98213826738 model=Toggle_Die_For_You
[YgoDuelist]   opts[4] holderId=98079609002 model=Exit_Monster_Options
[YgoDuelist] YgoSecondHandLayoutPatch: AFTER holder.Position.Y = -746.24976
[YgoDuelist] YgoSecondHandLayoutPatch: AFTER holder.TargetPosition.Y = -745
[YgoDuelist] YgoSecondHandLayoutPatch: AFTER holder.Hitbox.Position.Y = -132
[YgoDuelist] YgoSecondHandLayoutPatch: AFTER holder.Position.Y = -745
[YgoDuelist] YgoSecondHandLayoutPatch: AFTER holder.TargetPosition.Y = -745
[YgoDuelist] YgoSecondHandLayoutPatch: AFTER holder.Hitbox.Position.Y = -132
[YgoDuelist] YgoSecondHandLayoutPatch: AFTER holder.Position.Y = -745
[YgoDuelist] YgoSecondHandLayoutPatch: AFTER holder.TargetPosition.Y = -745
[YgoDuelist] YgoSecondHandLayoutPatch: AFTER holder.Hitbox.Position.Y = -132
[YgoDuelist] YgoSecondHandLayoutPatch: AFTER holder.Position.Y = -745
[YgoDuelist] YgoSecondHandLayoutPatch: AFTER holder.TargetPosition.Y = -745
[YgoDuelist] YgoSecondHandLayoutPatch: AFTER holder.Hitbox.Position.Y = -132
[YgoDuelist] YgoSecondHandLayoutPatch: AFTER holder.Position.Y = -745
[YgoDuelist] YgoSecondHandLayoutPatch: AFTER holder.TargetPosition.Y = -745
[YgoDuelist] YgoSecondHandLayoutPatch: AFTER holder.Hitbox.Position.Y = -132
[YgoDuelist] YgoSecondHandLayoutPatch EXIT return false
[YgoDuelist] YgoSecondHandLayoutPatch ENTER all=10 main=5 opts=5 FocusedHolderId=98213826738 FocusedIsOpt=True
[YgoDuelist]   opts[0] holderId=98616479946 model=Command_Defend
[YgoDuelist]   opts[1] holderId=98482262210 model=Command_Attack
[YgoDuelist]   opts[2] holderId=98348044474 model=Command_Change_Battle_Position
[YgoDuelist]   opts[3] holderId=98213826738 model=Toggle_Die_For_You
[YgoDuelist]   opts[4] holderId=98079609002 model=Exit_Monster_Options
[YgoDuelist] YgoSecondHandLayoutPatch: AFTER holder.Position.Y = -746.10394
[YgoDuelist] YgoSecondHandLayoutPatch: AFTER holder.TargetPosition.Y = -745
[YgoDuelist] YgoSecondHandLayoutPatch: AFTER holder.Hitbox.Position.Y = -132
[YgoDuelist] YgoSecondHandLayoutPatch: AFTER holder.Position.Y = -745
[YgoDuelist] YgoSecondHandLayoutPatch: AFTER holder.TargetPosition.Y = -745
[YgoDuelist] YgoSecondHandLayoutPatch: AFTER holder.Hitbox.Position.Y = -132
[YgoDuelist] YgoSecondHandLayoutPatch: AFTER holder.Position.Y = -745
[YgoDuelist] YgoSecondHandLayoutPatch: AFTER holder.TargetPosition.Y = -745
[YgoDuelist] YgoSecondHandLayoutPatch: AFTER holder.Hitbox.Position.Y = -132
[YgoDuelist] YgoSecondHandLayoutPatch: AFTER holder.Position.Y = -745
[YgoDuelist] YgoSecondHandLayoutPatch: AFTER holder.TargetPosition.Y = -745
[YgoDuelist] YgoSecondHandLayoutPatch: AFTER holder.Hitbox.Position.Y = -132
[YgoDuelist] YgoSecondHandLayoutPatch: AFTER holder.Position.Y = -745
[YgoDuelist] YgoSecondHandLayoutPatch: AFTER holder.TargetPosition.Y = -745
[YgoDuelist] YgoSecondHandLayoutPatch: AFTER holder.Hitbox.Position.Y = -132
[YgoDuelist] YgoSecondHandLayoutPatch EXIT return false
[YgoDuelist] YgoSecondHandLayoutPatch ENTER all=10 main=5 opts=5 FocusedHolderId=0 FocusedIsOpt=False
[YgoDuelist]   opts[0] holderId=98616479946 model=Command_Defend
[YgoDuelist]   opts[1] holderId=98482262210 model=Command_Attack
[YgoDuelist]   opts[2] holderId=98348044474 model=Command_Change_Battle_Position
[YgoDuelist]   opts[3] holderId=98213826738 model=Toggle_Die_For_You
[YgoDuelist]   opts[4] holderId=98079609002 model=Exit_Monster_Options
[YgoDuelist] YgoSecondHandLayoutPatch: AFTER holder.Position.Y = -745.6849
[YgoDuelist] YgoSecondHandLayoutPatch: AFTER holder.TargetPosition.Y = -745
[YgoDuelist] YgoSecondHandLayoutPatch: AFTER holder.Hitbox.Position.Y = -132
[YgoDuelist] YgoSecondHandLayoutPatch: AFTER holder.Position.Y = -745
[YgoDuelist] YgoSecondHandLayoutPatch: AFTER holder.TargetPosition.Y = -745
[YgoDuelist] YgoSecondHandLayoutPatch: AFTER holder.Hitbox.Position.Y = -132
[YgoDuelist] YgoSecondHandLayoutPatch: AFTER holder.Position.Y = -745
[YgoDuelist] YgoSecondHandLayoutPatch: AFTER holder.TargetPosition.Y = -745
[YgoDuelist] YgoSecondHandLayoutPatch: AFTER holder.Hitbox.Position.Y = -132
[YgoDuelist] YgoSecondHandLayoutPatch: AFTER holder.Position.Y = -745
[YgoDuelist] YgoSecondHandLayoutPatch: AFTER holder.TargetPosition.Y = -745
[YgoDuelist] YgoSecondHandLayoutPatch: AFTER holder.Hitbox.Position.Y = -132
[YgoDuelist] YgoSecondHandLayoutPatch: AFTER holder.Position.Y = -745
[YgoDuelist] YgoSecondHandLayoutPatch: AFTER holder.TargetPosition.Y = -745
[YgoDuelist] YgoSecondHandLayoutPatch: AFTER holder.Hitbox.Position.Y = -132
[YgoDuelist] YgoSecondHandLayoutPatch EXIT return false
[YgoDuelist] YgoSecondHandLayoutPatch ENTER all=10 main=5 opts=5 FocusedHolderId=98348044474 FocusedIsOpt=True
[YgoDuelist]   opts[0] holderId=98616479946 model=Command_Defend
[YgoDuelist]   opts[1] holderId=98482262210 model=Command_Attack
[YgoDuelist]   opts[2] holderId=98348044474 model=Command_Change_Battle_Position
[YgoDuelist]   opts[3] holderId=98213826738 model=Toggle_Die_For_You
[YgoDuelist]   opts[4] holderId=98079609002 model=Exit_Monster_Options
[YgoDuelist] YgoSecondHandLayoutPatch: AFTER holder.Position.Y = -745.6141
[YgoDuelist] YgoSecondHandLayoutPatch: AFTER holder.TargetPosition.Y = -745
[YgoDuelist] YgoSecondHandLayoutPatch: AFTER holder.Hitbox.Position.Y = -132
[YgoDuelist] YgoSecondHandLayoutPatch: AFTER holder.Position.Y = -745
[YgoDuelist] YgoSecondHandLayoutPatch: AFTER holder.TargetPosition.Y = -745
[YgoDuelist] YgoSecondHandLayoutPatch: AFTER holder.Hitbox.Position.Y = -132
[YgoDuelist] YgoSecondHandLayoutPatch: AFTER holder.Position.Y = -745
[YgoDuelist] YgoSecondHandLayoutPatch: AFTER holder.TargetPosition.Y = -745
[YgoDuelist] YgoSecondHandLayoutPatch: AFTER holder.Hitbox.Position.Y = -132
[YgoDuelist] YgoSecondHandLayoutPatch: AFTER holder.Position.Y = -745
[YgoDuelist] YgoSecondHandLayoutPatch: AFTER holder.TargetPosition.Y = -745
[YgoDuelist] YgoSecondHandLayoutPatch: AFTER holder.Hitbox.Position.Y = -132
[YgoDuelist] YgoSecondHandLayoutPatch: AFTER holder.Position.Y = -745
[YgoDuelist] YgoSecondHandLayoutPatch: AFTER holder.TargetPosition.Y = -745
[YgoDuelist] YgoSecondHandLayoutPatch: AFTER holder.Hitbox.Position.Y = -132
[YgoDuelist] YgoSecondHandLayoutPatch EXIT return false
[YgoDuelist] YgoSecondHandLayoutPatch ENTER all=10 main=5 opts=5 FocusedHolderId=0 FocusedIsOpt=False
[YgoDuelist]   opts[0] holderId=98616479946 model=Command_Defend
[YgoDuelist]   opts[1] holderId=98482262210 model=Command_Attack
[YgoDuelist]   opts[2] holderId=98348044474 model=Command_Change_Battle_Position
[YgoDuelist]   opts[3] holderId=98213826738 model=Toggle_Die_For_You
[YgoDuelist]   opts[4] holderId=98079609002 model=Exit_Monster_Options
[YgoDuelist] YgoSecondHandLayoutPatch: AFTER holder.Position.Y = -745.32983
[YgoDuelist] YgoSecondHandLayoutPatch: AFTER holder.TargetPosition.Y = -745
[YgoDuelist] YgoSecondHandLayoutPatch: AFTER holder.Hitbox.Position.Y = -132
[YgoDuelist] YgoSecondHandLayoutPatch: AFTER holder.Position.Y = -745
[YgoDuelist] YgoSecondHandLayoutPatch: AFTER holder.TargetPosition.Y = -745
[YgoDuelist] YgoSecondHandLayoutPatch: AFTER holder.Hitbox.Position.Y = -132
[YgoDuelist] YgoSecondHandLayoutPatch: AFTER holder.Position.Y = -745
[YgoDuelist] YgoSecondHandLayoutPatch: AFTER holder.TargetPosition.Y = -745
[YgoDuelist] YgoSecondHandLayoutPatch: AFTER holder.Hitbox.Position.Y = -132
[YgoDuelist] YgoSecondHandLayoutPatch: AFTER holder.Position.Y = -745
[YgoDuelist] YgoSecondHandLayoutPatch: AFTER holder.TargetPosition.Y = -745
[YgoDuelist] YgoSecondHandLayoutPatch: AFTER holder.Hitbox.Position.Y = -132
[YgoDuelist] YgoSecondHandLayoutPatch: AFTER holder.Position.Y = -745
[YgoDuelist] YgoSecondHandLayoutPatch: AFTER holder.TargetPosition.Y = -745
[YgoDuelist] YgoSecondHandLayoutPatch: AFTER holder.Hitbox.Position.Y = -132
[YgoDuelist] YgoSecondHandLayoutPatch EXIT return false
[YgoDuelist] YgoSecondHandLayoutPatch ENTER all=10 main=5 opts=5 FocusedHolderId=98482262210 FocusedIsOpt=True
[YgoDuelist]   opts[0] holderId=98616479946 model=Command_Defend
[YgoDuelist]   opts[1] holderId=98482262210 model=Command_Attack
[YgoDuelist]   opts[2] holderId=98348044474 model=Command_Change_Battle_Position
[YgoDuelist]   opts[3] holderId=98213826738 model=Toggle_Die_For_You
[YgoDuelist]   opts[4] holderId=98079609002 model=Exit_Monster_Options
[YgoDuelist] YgoSecondHandLayoutPatch: AFTER holder.Position.Y = -745.2914
[YgoDuelist] YgoSecondHandLayoutPatch: AFTER holder.TargetPosition.Y = -745
[YgoDuelist] YgoSecondHandLayoutPatch: AFTER holder.Hitbox.Position.Y = -132
[YgoDuelist] YgoSecondHandLayoutPatch: AFTER holder.Position.Y = -745
[YgoDuelist] YgoSecondHandLayoutPatch: AFTER holder.TargetPosition.Y = -745
[YgoDuelist] YgoSecondHandLayoutPatch: AFTER holder.Hitbox.Position.Y = -132
[YgoDuelist] YgoSecondHandLayoutPatch: AFTER holder.Position.Y = -745
[YgoDuelist] YgoSecondHandLayoutPatch: AFTER holder.TargetPosition.Y = -745
[YgoDuelist] YgoSecondHandLayoutPatch: AFTER holder.Hitbox.Position.Y = -132
[YgoDuelist] YgoSecondHandLayoutPatch: AFTER holder.Position.Y = -745
[YgoDuelist] YgoSecondHandLayoutPatch: AFTER holder.TargetPosition.Y = -745
[YgoDuelist] YgoSecondHandLayoutPatch: AFTER holder.Hitbox.Position.Y = -132
[YgoDuelist] YgoSecondHandLayoutPatch: AFTER holder.Position.Y = -745
[YgoDuelist] YgoSecondHandLayoutPatch: AFTER holder.TargetPosition.Y = -745
[YgoDuelist] YgoSecondHandLayoutPatch: AFTER holder.Hitbox.Position.Y = -132
[YgoDuelist] YgoSecondHandLayoutPatch EXIT return false
[YgoDuelist] YgoSecondHandLayoutPatch ENTER all=10 main=5 opts=5 FocusedHolderId=0 FocusedIsOpt=False
[YgoDuelist]   opts[0] holderId=98616479946 model=Command_Defend
[YgoDuelist]   opts[1] holderId=98482262210 model=Command_Attack
[YgoDuelist]   opts[2] holderId=98348044474 model=Command_Change_Battle_Position
[YgoDuelist]   opts[3] holderId=98213826738 model=Toggle_Die_For_You
[YgoDuelist]   opts[4] holderId=98079609002 model=Exit_Monster_Options
[YgoDuelist] YgoSecondHandLayoutPatch: AFTER holder.Position.Y = -745
[YgoDuelist] YgoSecondHandLayoutPatch: AFTER holder.TargetPosition.Y = -745
[YgoDuelist] YgoSecondHandLayoutPatch: AFTER holder.Hitbox.Position.Y = -132
[YgoDuelist] YgoSecondHandLayoutPatch: AFTER holder.Position.Y = -745
[YgoDuelist] YgoSecondHandLayoutPatch: AFTER holder.TargetPosition.Y = -745
[YgoDuelist] YgoSecondHandLayoutPatch: AFTER holder.Hitbox.Position.Y = -132
[YgoDuelist] YgoSecondHandLayoutPatch: AFTER holder.Position.Y = -745
[YgoDuelist] YgoSecondHandLayoutPatch: AFTER holder.TargetPosition.Y = -745
[YgoDuelist] YgoSecondHandLayoutPatch: AFTER holder.Hitbox.Position.Y = -132
[YgoDuelist] YgoSecondHandLayoutPatch: AFTER holder.Position.Y = -745
[YgoDuelist] YgoSecondHandLayoutPatch: AFTER holder.TargetPosition.Y = -745
[YgoDuelist] YgoSecondHandLayoutPatch: AFTER holder.Hitbox.Position.Y = -132
[YgoDuelist] YgoSecondHandLayoutPatch: AFTER holder.Position.Y = -745
[YgoDuelist] YgoSecondHandLayoutPatch: AFTER holder.TargetPosition.Y = -745
[YgoDuelist] YgoSecondHandLayoutPatch: AFTER holder.Hitbox.Position.Y = -132
[YgoDuelist] YgoSecondHandLayoutPatch EXIT return false
[YgoDuelist] YgoSecondHandLayoutPatch ENTER all=10 main=5 opts=5 FocusedHolderId=98616479946 FocusedIsOpt=True
[YgoDuelist]   opts[0] holderId=98616479946 model=Command_Defend
[YgoDuelist]   opts[1] holderId=98482262210 model=Command_Attack
[YgoDuelist]   opts[2] holderId=98348044474 model=Command_Change_Battle_Position
[YgoDuelist]   opts[3] holderId=98213826738 model=Toggle_Die_For_You
[YgoDuelist]   opts[4] holderId=98079609002 model=Exit_Monster_Options
[YgoDuelist] YgoSecondHandLayoutPatch: AFTER holder.Position.Y = -745
[YgoDuelist] YgoSecondHandLayoutPatch: AFTER holder.TargetPosition.Y = -745
[YgoDuelist] YgoSecondHandLayoutPatch: AFTER holder.Hitbox.Position.Y = -132
[YgoDuelist] YgoSecondHandLayoutPatch: AFTER holder.Position.Y = -745
[YgoDuelist] YgoSecondHandLayoutPatch: AFTER holder.TargetPosition.Y = -745
[YgoDuelist] YgoSecondHandLayoutPatch: AFTER holder.Hitbox.Position.Y = -132
[YgoDuelist] YgoSecondHandLayoutPatch: AFTER holder.Position.Y = -745
[YgoDuelist] YgoSecondHandLayoutPatch: AFTER holder.TargetPosition.Y = -745
[YgoDuelist] YgoSecondHandLayoutPatch: AFTER holder.Hitbox.Position.Y = -132
[YgoDuelist] YgoSecondHandLayoutPatch: AFTER holder.Position.Y = -745
[YgoDuelist] YgoSecondHandLayoutPatch: AFTER holder.TargetPosition.Y = -745
[YgoDuelist] YgoSecondHandLayoutPatch: AFTER holder.Hitbox.Position.Y = -132
[YgoDuelist] YgoSecondHandLayoutPatch: AFTER holder.Position.Y = -745
[YgoDuelist] YgoSecondHandLayoutPatch: AFTER holder.TargetPosition.Y = -745
[YgoDuelist] YgoSecondHandLayoutPatch: AFTER holder.Hitbox.Position.Y = -132
[YgoDuelist] YgoSecondHandLayoutPatch EXIT return false
[YgoDuelist] OnHolderPressed option holder id=98616479946 card=Command_Defend
[YgoLifecycle] StartCardPlay S1_EnterPrefix holderId=98616479946 model=Command_Defend index=5 inTree=True extra=needsSafePath=True
[YgoLifecycle] StartCardPlay S2_QueuedHolder holderId=98616479946 model=Command_Defend index=5 inTree=True extra=queuedIndex=5
[YgoDuelist] YgoSecondHandLayoutPatch ENTER all=10 main=5 opts=5 FocusedHolderId=0 FocusedIsOpt=False
[YgoDuelist]   opts[0] holderId=98616479946 model=Command_Defend
[YgoDuelist]   opts[1] holderId=98482262210 model=Command_Attack
[YgoDuelist]   opts[2] holderId=98348044474 model=Command_Change_Battle_Position
[YgoDuelist]   opts[3] holderId=98213826738 model=Toggle_Die_For_You
[YgoDuelist]   opts[4] holderId=98079609002 model=Exit_Monster_Options
[YgoDuelist] YgoSecondHandLayoutPatch: AFTER holder.Position.Y = -745
[YgoDuelist] YgoSecondHandLayoutPatch: AFTER holder.TargetPosition.Y = -745
[YgoDuelist] YgoSecondHandLayoutPatch: AFTER holder.Hitbox.Position.Y = -132
[YgoDuelist] YgoSecondHandLayoutPatch: AFTER holder.Position.Y = -745
[YgoDuelist] YgoSecondHandLayoutPatch: AFTER holder.TargetPosition.Y = -745
[YgoDuelist] YgoSecondHandLayoutPatch: AFTER holder.Hitbox.Position.Y = -132
[YgoDuelist] YgoSecondHandLayoutPatch: AFTER holder.Position.Y = -745
[YgoDuelist] YgoSecondHandLayoutPatch: AFTER holder.TargetPosition.Y = -745
[YgoDuelist] YgoSecondHandLayoutPatch: AFTER holder.Hitbox.Position.Y = -132
[YgoDuelist] YgoSecondHandLayoutPatch: AFTER holder.Position.Y = -745
[YgoDuelist] YgoSecondHandLayoutPatch: AFTER holder.TargetPosition.Y = -745
[YgoDuelist] YgoSecondHandLayoutPatch: AFTER holder.Hitbox.Position.Y = -132
[YgoDuelist] YgoSecondHandLayoutPatch: AFTER holder.Position.Y = -745
[YgoDuelist] YgoSecondHandLayoutPatch: AFTER holder.TargetPosition.Y = -745
[YgoDuelist] YgoSecondHandLayoutPatch: AFTER holder.Hitbox.Position.Y = -132
[YgoDuelist] YgoSecondHandLayoutPatch EXIT return false
[YgoLifecycle] StartCardPlay S3_BeginDrag holderId=98616479946 model=Command_Defend index=7 inTree=True extra=
[YgoLifecycle] StartCardPlay S4_CardPlayCreated holderId=98616479946 model=Command_Defend index=7 inTree=True extra=cardPlayType=NMouseCardPlay
[YgoLifecycle] MouseStartAsync M1_Enter holderId=98616479946 model=Command_Defend holderInTree=True selfInTree=True extra=
[YgoLifecycle] MouseStartAsync M4_StartCardDrag_BeginAwait holderId=98616479946 model=Command_Defend holderInTree=True selfInTree=True extra=
[YgoLifecycle] MouseStartAsync M5_StartCardDrag_EndAwait holderId=98616479946 model=Command_Defend holderInTree=True selfInTree=True extra=
[YgoDuelist] YgoSecondHandLayoutPatch ENTER all=9 main=5 opts=4 FocusedHolderId=0 FocusedIsOpt=False
[YgoDuelist]   opts[0] holderId=98482262210 model=Command_Attack
[YgoDuelist]   opts[1] holderId=98348044474 model=Command_Change_Battle_Position
[YgoDuelist]   opts[2] holderId=98213826738 model=Toggle_Die_For_You
[YgoDuelist]   opts[3] holderId=98079609002 model=Exit_Monster_Options
[YgoDuelist] YgoSecondHandLayoutPatch: AFTER holder.Position.Y = -745
[YgoDuelist] YgoSecondHandLayoutPatch: AFTER holder.TargetPosition.Y = -745
[YgoDuelist] YgoSecondHandLayoutPatch: AFTER holder.Hitbox.Position.Y = -132
[YgoDuelist] YgoSecondHandLayoutPatch: AFTER holder.Position.Y = -745
[YgoDuelist] YgoSecondHandLayoutPatch: AFTER holder.TargetPosition.Y = -745
[YgoDuelist] YgoSecondHandLayoutPatch: AFTER holder.Hitbox.Position.Y = -132
[YgoDuelist] YgoSecondHandLayoutPatch: AFTER holder.Position.Y = -745
[YgoDuelist] YgoSecondHandLayoutPatch: AFTER holder.TargetPosition.Y = -745
[YgoDuelist] YgoSecondHandLayoutPatch: AFTER holder.Hitbox.Position.Y = -132
[YgoDuelist] YgoSecondHandLayoutPatch: AFTER holder.Position.Y = -745
[YgoDuelist] YgoSecondHandLayoutPatch: AFTER holder.TargetPosition.Y = -745
[YgoDuelist] YgoSecondHandLayoutPatch: AFTER holder.Hitbox.Position.Y = -132
[YgoDuelist] YgoSecondHandLayoutPatch EXIT return false
[YgoLifecycle] StartCardPlay S8_StartCalled holderId=98616479946 model=Command_Defend index=7 inTree=True extra=
[YgoDuelist] StartCardPlay PREFIX: custom safe start path holderId=98616479946 index=5 isOption=True
[YgoDuelist] StartCardPlay POSTFIX: option holder - NMouseCardPlay created and Start() called
[YgoDuelist] YgoSecondHandLayoutPatch ENTER all=9 main=5 opts=4 FocusedHolderId=98482262210 FocusedIsOpt=True
[YgoDuelist]   opts[0] holderId=98482262210 model=Command_Attack
[YgoDuelist]   opts[1] holderId=98348044474 model=Command_Change_Battle_Position
[YgoDuelist]   opts[2] holderId=98213826738 model=Toggle_Die_For_You
[YgoDuelist]   opts[3] holderId=98079609002 model=Exit_Monster_Options
[YgoDuelist] YgoSecondHandLayoutPatch: AFTER holder.Position.Y = -745
[YgoDuelist] YgoSecondHandLayoutPatch: AFTER holder.TargetPosition.Y = -745
[YgoDuelist] YgoSecondHandLayoutPatch: AFTER holder.Hitbox.Position.Y = -132
[YgoDuelist] YgoSecondHandLayoutPatch: AFTER holder.Position.Y = -745
[YgoDuelist] YgoSecondHandLayoutPatch: AFTER holder.TargetPosition.Y = -745
[YgoDuelist] YgoSecondHandLayoutPatch: AFTER holder.Hitbox.Position.Y = -132
[YgoDuelist] YgoSecondHandLayoutPatch: AFTER holder.Position.Y = -745
[YgoDuelist] YgoSecondHandLayoutPatch: AFTER holder.TargetPosition.Y = -745
[YgoDuelist] YgoSecondHandLayoutPatch: AFTER holder.Hitbox.Position.Y = -132
[YgoDuelist] YgoSecondHandLayoutPatch: AFTER holder.Position.Y = -745
[YgoDuelist] YgoSecondHandLayoutPatch: AFTER holder.TargetPosition.Y = -745
[YgoDuelist] YgoSecondHandLayoutPatch: AFTER holder.Hitbox.Position.Y = -132
[YgoDuelist] YgoSecondHandLayoutPatch EXIT return false
[YgoDuelist] YgoSecondHandLayoutPatch ENTER all=9 main=5 opts=4 FocusedHolderId=0 FocusedIsOpt=False
[YgoDuelist]   opts[0] holderId=98482262210 model=Command_Attack
[YgoDuelist]   opts[1] holderId=98348044474 model=Command_Change_Battle_Position
[YgoDuelist]   opts[2] holderId=98213826738 model=Toggle_Die_For_You
[YgoDuelist]   opts[3] holderId=98079609002 model=Exit_Monster_Options
[YgoDuelist] YgoSecondHandLayoutPatch: AFTER holder.Position.Y = -745
[YgoDuelist] YgoSecondHandLayoutPatch: AFTER holder.TargetPosition.Y = -745
[YgoDuelist] YgoSecondHandLayoutPatch: AFTER holder.Hitbox.Position.Y = -132
[YgoDuelist] YgoSecondHandLayoutPatch: AFTER holder.Position.Y = -745
[YgoDuelist] YgoSecondHandLayoutPatch: AFTER holder.TargetPosition.Y = -745
[YgoDuelist] YgoSecondHandLayoutPatch: AFTER holder.Hitbox.Position.Y = -132
[YgoDuelist] YgoSecondHandLayoutPatch: AFTER holder.Position.Y = -745
[YgoDuelist] YgoSecondHandLayoutPatch: AFTER holder.TargetPosition.Y = -745
[YgoDuelist] YgoSecondHandLayoutPatch: AFTER holder.Hitbox.Position.Y = -132
[YgoDuelist] YgoSecondHandLayoutPatch: AFTER holder.Position.Y = -745
[YgoDuelist] YgoSecondHandLayoutPatch: AFTER holder.TargetPosition.Y = -745
[YgoDuelist] YgoSecondHandLayoutPatch: AFTER holder.Hitbox.Position.Y = -132
[YgoDuelist] YgoSecondHandLayoutPatch EXIT return false
[YgoDuelist] YgoSecondHandLayoutPatch ENTER all=9 main=5 opts=4 FocusedHolderId=98348044474 FocusedIsOpt=True
[YgoDuelist]   opts[0] holderId=98482262210 model=Command_Attack
[YgoDuelist]   opts[1] holderId=98348044474 model=Command_Change_Battle_Position
[YgoDuelist]   opts[2] holderId=98213826738 model=Toggle_Die_For_You
[YgoDuelist]   opts[3] holderId=98079609002 model=Exit_Monster_Options
[YgoDuelist] YgoSecondHandLayoutPatch: AFTER holder.Position.Y = -745
[YgoDuelist] YgoSecondHandLayoutPatch: AFTER holder.TargetPosition.Y = -745
[YgoDuelist] YgoSecondHandLayoutPatch: AFTER holder.Hitbox.Position.Y = -132
[YgoDuelist] YgoSecondHandLayoutPatch: AFTER holder.Position.Y = -745
[YgoDuelist] YgoSecondHandLayoutPatch: AFTER holder.TargetPosition.Y = -745
[YgoDuelist] YgoSecondHandLayoutPatch: AFTER holder.Hitbox.Position.Y = -132
[YgoDuelist] YgoSecondHandLayoutPatch: AFTER holder.Position.Y = -745
[YgoDuelist] YgoSecondHandLayoutPatch: AFTER holder.TargetPosition.Y = -745
[YgoDuelist] YgoSecondHandLayoutPatch: AFTER holder.Hitbox.Position.Y = -132
[YgoDuelist] YgoSecondHandLayoutPatch: AFTER holder.Position.Y = -745
[YgoDuelist] YgoSecondHandLayoutPatch: AFTER holder.TargetPosition.Y = -745
[YgoDuelist] YgoSecondHandLayoutPatch: AFTER holder.Hitbox.Position.Y = -132
[YgoDuelist] YgoSecondHandLayoutPatch EXIT return false
[YgoDuelist] YgoSecondHandLayoutPatch ENTER all=9 main=5 opts=4 FocusedHolderId=0 FocusedIsOpt=False
[YgoDuelist]   opts[0] holderId=98482262210 model=Command_Attack
[YgoDuelist]   opts[1] holderId=98348044474 model=Command_Change_Battle_Position
[YgoDuelist]   opts[2] holderId=98213826738 model=Toggle_Die_For_You
[YgoDuelist]   opts[3] holderId=98079609002 model=Exit_Monster_Options
[YgoDuelist] YgoSecondHandLayoutPatch: AFTER holder.Position.Y = -745
[YgoDuelist] YgoSecondHandLayoutPatch: AFTER holder.TargetPosition.Y = -745
[YgoDuelist] YgoSecondHandLayoutPatch: AFTER holder.Hitbox.Position.Y = -132
[YgoDuelist] YgoSecondHandLayoutPatch: AFTER holder.Position.Y = -745
[YgoDuelist] YgoSecondHandLayoutPatch: AFTER holder.TargetPosition.Y = -745
[YgoDuelist] YgoSecondHandLayoutPatch: AFTER holder.Hitbox.Position.Y = -132
[YgoDuelist] YgoSecondHandLayoutPatch: AFTER holder.Position.Y = -745
[YgoDuelist] YgoSecondHandLayoutPatch: AFTER holder.TargetPosition.Y = -745
[YgoDuelist] YgoSecondHandLayoutPatch: AFTER holder.Hitbox.Position.Y = -132
[YgoDuelist] YgoSecondHandLayoutPatch: AFTER holder.Position.Y = -745
[YgoDuelist] YgoSecondHandLayoutPatch: AFTER holder.TargetPosition.Y = -745
[YgoDuelist] YgoSecondHandLayoutPatch: AFTER holder.Hitbox.Position.Y = -132
[YgoDuelist] YgoSecondHandLayoutPatch EXIT return false
[YgoDuelist] YgoSecondHandLayoutPatch ENTER all=9 main=5 opts=4 FocusedHolderId=98213826738 FocusedIsOpt=True
[YgoDuelist]   opts[0] holderId=98482262210 model=Command_Attack
[YgoDuelist]   opts[1] holderId=98348044474 model=Command_Change_Battle_Position
[YgoDuelist]   opts[2] holderId=98213826738 model=Toggle_Die_For_You
[YgoDuelist]   opts[3] holderId=98079609002 model=Exit_Monster_Options
[YgoDuelist] YgoSecondHandLayoutPatch: AFTER holder.Position.Y = -745
[YgoDuelist] YgoSecondHandLayoutPatch: AFTER holder.TargetPosition.Y = -745
[YgoDuelist] YgoSecondHandLayoutPatch: AFTER holder.Hitbox.Position.Y = -132
[YgoDuelist] YgoSecondHandLayoutPatch: AFTER holder.Position.Y = -745
[YgoDuelist] YgoSecondHandLayoutPatch: AFTER holder.TargetPosition.Y = -745
[YgoDuelist] YgoSecondHandLayoutPatch: AFTER holder.Hitbox.Position.Y = -132
[YgoDuelist] YgoSecondHandLayoutPatch: AFTER holder.Position.Y = -745
[YgoDuelist] YgoSecondHandLayoutPatch: AFTER holder.TargetPosition.Y = -745
[YgoDuelist] YgoSecondHandLayoutPatch: AFTER holder.Hitbox.Position.Y = -132
[YgoDuelist] YgoSecondHandLayoutPatch: AFTER holder.Position.Y = -745
[YgoDuelist] YgoSecondHandLayoutPatch: AFTER holder.TargetPosition.Y = -745
[YgoDuelist] YgoSecondHandLayoutPatch: AFTER holder.Hitbox.Position.Y = -132
[YgoDuelist] YgoSecondHandLayoutPatch EXIT return false
[YgoDuelist] YgoSecondHandLayoutPatch ENTER all=9 main=5 opts=4 FocusedHolderId=0 FocusedIsOpt=False
[YgoDuelist]   opts[0] holderId=98482262210 model=Command_Attack
[YgoDuelist]   opts[1] holderId=98348044474 model=Command_Change_Battle_Position
[YgoDuelist]   opts[2] holderId=98213826738 model=Toggle_Die_For_You
[YgoDuelist]   opts[3] holderId=98079609002 model=Exit_Monster_Options
[YgoDuelist] YgoSecondHandLayoutPatch: AFTER holder.Position.Y = -745
[YgoDuelist] YgoSecondHandLayoutPatch: AFTER holder.TargetPosition.Y = -745
[YgoDuelist] YgoSecondHandLayoutPatch: AFTER holder.Hitbox.Position.Y = -132
[YgoDuelist] YgoSecondHandLayoutPatch: AFTER holder.Position.Y = -745
[YgoDuelist] YgoSecondHandLayoutPatch: AFTER holder.TargetPosition.Y = -745
[YgoDuelist] YgoSecondHandLayoutPatch: AFTER holder.Hitbox.Position.Y = -132
[YgoDuelist] YgoSecondHandLayoutPatch: AFTER holder.Position.Y = -745
[YgoDuelist] YgoSecondHandLayoutPatch: AFTER holder.TargetPosition.Y = -745
[YgoDuelist] YgoSecondHandLayoutPatch: AFTER holder.Hitbox.Position.Y = -132
[YgoDuelist] YgoSecondHandLayoutPatch: AFTER holder.Position.Y = -745
[YgoDuelist] YgoSecondHandLayoutPatch: AFTER holder.TargetPosition.Y = -745
[YgoDuelist] YgoSecondHandLayoutPatch: AFTER holder.Hitbox.Position.Y = -132
[YgoDuelist] YgoSecondHandLayoutPatch EXIT return false
[YgoDuelist] YgoSecondHandLayoutPatch ENTER all=9 main=5 opts=4 FocusedHolderId=98079609002 FocusedIsOpt=True
[YgoDuelist]   opts[0] holderId=98482262210 model=Command_Attack
[YgoDuelist]   opts[1] holderId=98348044474 model=Command_Change_Battle_Position
[YgoDuelist]   opts[2] holderId=98213826738 model=Toggle_Die_For_You
[YgoDuelist]   opts[3] holderId=98079609002 model=Exit_Monster_Options
[YgoDuelist] YgoSecondHandLayoutPatch: AFTER holder.Position.Y = -745
[YgoDuelist] YgoSecondHandLayoutPatch: AFTER holder.TargetPosition.Y = -745
[YgoDuelist] YgoSecondHandLayoutPatch: AFTER holder.Hitbox.Position.Y = -132
[YgoDuelist] YgoSecondHandLayoutPatch: AFTER holder.Position.Y = -745
[YgoDuelist] YgoSecondHandLayoutPatch: AFTER holder.TargetPosition.Y = -745
[YgoDuelist] YgoSecondHandLayoutPatch: AFTER holder.Hitbox.Position.Y = -132
[YgoDuelist] YgoSecondHandLayoutPatch: AFTER holder.Position.Y = -745
[YgoDuelist] YgoSecondHandLayoutPatch: AFTER holder.TargetPosition.Y = -745
[YgoDuelist] YgoSecondHandLayoutPatch: AFTER holder.Hitbox.Position.Y = -132
[YgoDuelist] YgoSecondHandLayoutPatch: AFTER holder.Position.Y = -745
[YgoDuelist] YgoSecondHandLayoutPatch: AFTER holder.TargetPosition.Y = -745
[YgoDuelist] YgoSecondHandLayoutPatch: AFTER holder.Hitbox.Position.Y = -132
[YgoDuelist] YgoSecondHandLayoutPatch EXIT return false
[YgoDuelist] YgoSecondHandLayoutPatch ENTER all=9 main=5 opts=4 FocusedHolderId=0 FocusedIsOpt=False
[YgoDuelist]   opts[0] holderId=98482262210 model=Command_Attack
[YgoDuelist]   opts[1] holderId=98348044474 model=Command_Change_Battle_Position
[YgoDuelist]   opts[2] holderId=98213826738 model=Toggle_Die_For_You
[YgoDuelist]   opts[3] holderId=98079609002 model=Exit_Monster_Options
[YgoDuelist] YgoSecondHandLayoutPatch: AFTER holder.Position.Y = -745
[YgoDuelist] YgoSecondHandLayoutPatch: AFTER holder.TargetPosition.Y = -745
[YgoDuelist] YgoSecondHandLayoutPatch: AFTER holder.Hitbox.Position.Y = -132
[YgoDuelist] YgoSecondHandLayoutPatch: AFTER holder.Position.Y = -745
[YgoDuelist] YgoSecondHandLayoutPatch: AFTER holder.TargetPosition.Y = -745
[YgoDuelist] YgoSecondHandLayoutPatch: AFTER holder.Hitbox.Position.Y = -132
[YgoDuelist] YgoSecondHandLayoutPatch: AFTER holder.Position.Y = -745
[YgoDuelist] YgoSecondHandLayoutPatch: AFTER holder.TargetPosition.Y = -745
[YgoDuelist] YgoSecondHandLayoutPatch: AFTER holder.Hitbox.Position.Y = -132
[YgoDuelist] YgoSecondHandLayoutPatch: AFTER holder.Position.Y = -745
[YgoDuelist] YgoSecondHandLayoutPatch: AFTER holder.TargetPosition.Y = -745
[YgoDuelist] YgoSecondHandLayoutPatch: AFTER holder.Hitbox.Position.Y = -132
[YgoDuelist] YgoSecondHandLayoutPatch EXIT return false
[YgoLifecycle] MouseStartAsync M10_TargetSelectionCompleted holderId=98616479946 model=Command_Defend holderInTree=True selfInTree=True extra=targetMode=ClickMouseToTarget
[YgoLifecycle] MouseStartAsync M13_InvokeTryPlayCard holderId=98616479946 model=Command_Defend holderInTree=True selfInTree=True extra=
[YgoDuelist] TryPlayCard ENTER option holder TargetType=Self target=NULL
[DEBUG] [ActionQueueSynchronizer] Sending message to host requesting to enqueue action PlayCardAction card: CARD.YGODUELIST-COMMAND_DEFEND (9881137) index: 2067 targetid:  at 08:24:59
[YgoLifecycle] StartCardPlay S5_FinishedSignal holderId=98616479946 model=Command_Defend index=7 inTree=True extra=success=True
[YgoLifecycle] OptionHandUi O3_ShouldScrap_Decision holderId=98616479946 model=Command_Defend inTree=True visible=True inActive=False extra=playerNull=False cardInOptionPile=True shouldScrap=False
[YgoLifecycle] StartCardPlay S6b_SuccessPathScrapDecision holderId=98616479946 model=Command_Defend index=7 inTree=True extra=shouldScrap=False
[YgoDuelist] YgoSecondHandLayoutPatch ENTER all=9 main=5 opts=4 FocusedHolderId=0 FocusedIsOpt=False
[YgoDuelist]   opts[0] holderId=98482262210 model=Command_Attack
[YgoDuelist]   opts[1] holderId=98348044474 model=Command_Change_Battle_Position
[YgoDuelist]   opts[2] holderId=98213826738 model=Toggle_Die_For_You
[YgoDuelist]   opts[3] holderId=98079609002 model=Exit_Monster_Options
[YgoDuelist] YgoSecondHandLayoutPatch: AFTER holder.Position.Y = -745
[YgoDuelist] YgoSecondHandLayoutPatch: AFTER holder.TargetPosition.Y = -745
[YgoDuelist] YgoSecondHandLayoutPatch: AFTER holder.Hitbox.Position.Y = -132
[YgoDuelist] YgoSecondHandLayoutPatch: AFTER holder.Position.Y = -745
[YgoDuelist] YgoSecondHandLayoutPatch: AFTER holder.TargetPosition.Y = -745
[YgoDuelist] YgoSecondHandLayoutPatch: AFTER holder.Hitbox.Position.Y = -132
[YgoDuelist] YgoSecondHandLayoutPatch: AFTER holder.Position.Y = -745
[YgoDuelist] YgoSecondHandLayoutPatch: AFTER holder.TargetPosition.Y = -745
[YgoDuelist] YgoSecondHandLayoutPatch: AFTER holder.Hitbox.Position.Y = -132
[YgoDuelist] YgoSecondHandLayoutPatch: AFTER holder.Position.Y = -745
[YgoDuelist] YgoSecondHandLayoutPatch: AFTER holder.TargetPosition.Y = -745
[YgoDuelist] YgoSecondHandLayoutPatch: AFTER holder.Hitbox.Position.Y = -132
[YgoDuelist] YgoSecondHandLayoutPatch EXIT return false
[YgoLifecycle] StartCardPlay S7_FinishedCleanupDone holderId=98616479946 model=Command_Defend index=7 inTree=True extra=
[DEBUG] [NetMessageBus] Received message ActionEnqueuedMessage PlayerID: 76561198136285041 Action: NetPlayCardAction (NetCombatCard 2067) target: null Source Location: act 0 coord (0, 1) (card: Command Defend), sending to 1 handlers
[VERYDEBUG] [RunLocationTargetedMessageBuffer] Handling map-targeted message ActionEnqueuedMessage PlayerID: 76561198136285041 Action: NetPlayCardAction (NetCombatCard 2067) target: null Source Location: act 0 coord (0, 1) (card: Command Defend) from 76561198345121322 for location act 0 coord (0, 1)
[DEBUG] [ActionQueueSynchronizer] Received handle action enqueued message ActionEnqueuedMessage PlayerID: 76561198136285041 Action: NetPlayCardAction (NetCombatCard 2067) target: null Source Location: act 0 coord (0, 1) (card: Command Defend) at 08:24:59
[DEBUG] [ActionQueueSynchronizer] Enqueueing action PlayCardAction card: CARD.YGODUELIST-COMMAND_DEFEND (9881137) index: 2067 targetid:  from owner 76561198136285041
[DEBUG] [ActionQueueSet] Enqueueing action PlayCardAction card: CARD.YGODUELIST-COMMAND_DEFEND (9881137) index: 2067 targetid:  to player queue owned by 76561198136285041
[DEBUG] [ActionExecutor] Action queue changed, beginning ExecuteActions
[VERYDEBUG] [ActionQueueSet] Attempting to find ready action
[VERYDEBUG] [ActionQueueSet] Queue for player 76561198345121322 is empty
[VERYDEBUG] [ActionQueueSet] Action PlayCardAction card: CARD.YGODUELIST-COMMAND_DEFEND (9881137) index: 2067 targetid:  with id 23 belonging to 76561198136285041 becomes new ready action
[VERYDEBUG] [ActionQueueSet] Got ready action PlayCardAction card: CARD.YGODUELIST-COMMAND_DEFEND (9881137) index: 2067 targetid:  (23)
[DEBUG] [ActionExecutor] Executing action: PlayCardAction card: CARD.YGODUELIST-COMMAND_DEFEND (9881137) index: 2067 targetid: 
[VERYDEBUG] [GameAction] Action PlayCardAction card: CARD.YGODUELIST-COMMAND_DEFEND (9881137) index: 2067 targetid:  began executing
[YgoDuelist] PlayCardFromOptionPile: ExecutePlayFromOptionPileAsync START
[YgoDuelist] PlayCardFromOptionPile: card=YGODUELIST-COMMAND_DEFEND type=Command_Defend TargetType=Self
[YgoDuelist][MP][OptionPile] post-target-resolve card=YGODUELIST-COMMAND_DEFEND source=YGODUELIST-TOTAL_DEFENSE_SHOGUN sourcePetId=6 actionTargetId= resolvedTargetCombatId=
[YgoDuelist] YgoSecondHandLayoutPatch ENTER all=9 main=5 opts=4 FocusedHolderId=98079609002 FocusedIsOpt=True
[YgoDuelist]   opts[0] holderId=98482262210 model=Command_Attack
[YgoDuelist]   opts[1] holderId=98348044474 model=Command_Change_Battle_Position
[YgoDuelist]   opts[2] holderId=98213826738 model=Toggle_Die_For_You
[YgoDuelist]   opts[3] holderId=98079609002 model=Exit_Monster_Options
[YgoDuelist] YgoSecondHandLayoutPatch: AFTER holder.Position.Y = -745
[YgoDuelist] YgoSecondHandLayoutPatch: AFTER holder.TargetPosition.Y = -745
[YgoDuelist] YgoSecondHandLayoutPatch: AFTER holder.Hitbox.Position.Y = -132
[YgoDuelist] YgoSecondHandLayoutPatch: AFTER holder.Position.Y = -745
[YgoDuelist] YgoSecondHandLayoutPatch: AFTER holder.TargetPosition.Y = -745
[YgoDuelist] YgoSecondHandLayoutPatch: AFTER holder.Hitbox.Position.Y = -132
[YgoDuelist] YgoSecondHandLayoutPatch: AFTER holder.Position.Y = -745
[YgoDuelist] YgoSecondHandLayoutPatch: AFTER holder.TargetPosition.Y = -745
[YgoDuelist] YgoSecondHandLayoutPatch: AFTER holder.Hitbox.Position.Y = -132
[YgoDuelist] YgoSecondHandLayoutPatch: AFTER holder.Position.Y = -745
[YgoDuelist] YgoSecondHandLayoutPatch: AFTER holder.TargetPosition.Y = -745
[YgoDuelist] YgoSecondHandLayoutPatch: AFTER holder.Hitbox.Position.Y = -132
[YgoDuelist] YgoSecondHandLayoutPatch EXIT return false
[YgoDuelist] PlayCardFromOptionPile: ExecutePlayFromOptionPileAsync END
[VERYDEBUG] [GameAction] Action PlayCardAction card: CARD.YGODUELIST-COMMAND_DEFEND (9881137) index: 2067 targetid:  finished execution
[DEBUG] [ChecksumTracker] Generating checksum for context: after executing action PlayCardAction card: CARD.YGODUELIST-COMMAND_DEFEND (9881137) index: 2067 targetid:  action: PlayCardAction card: CARD.YGODUELIST-COMMAND_DEFEND (9881137) index: 2067 targetid:  id: 24
[YgoDuelist][MP][Checksum][fp] netId=76561198136285041 | pt=1 n=4:YGODUELIST-DEFEND_YGO_DUELIST010,YGODUELIST-FIRE_SORCERER0bYgoDieForYouUserToggleOnFalseiPermanentAtkBonusFromExecutes01010002,20017,20041,20043,YGODUELIST-RECKLESS_GREED01010009,10011,YGODUELIST-STRIKE_YGO_DUELIST010 | pt=2 n=5:YGODUELIST-BURNING_LAND01010009,20024,YGODUELIST-DEFEND_YGO_DUELIST010,YGODUELIST-EARTH_EFFIGY0bYgoDieForYouUserToggleOnFalseiPermanentAtkBonusFromExecutes01010000,20015,20043,YGODUELIST-GAIA_POWER01010009,20027,YGODUELIST-STRIKE_YGO_DUELIST010 | pt=3 n=8:YGODUELIST-ARCANE_ARCHER_OF_THE_FOREST0bYgoDieForYouUserToggleOnFalseiPermanentAtkBonusFromExecutes01010000,20019,20043,YGODUELIST-DEFEND_YGO_DUELIST010,YGODUELIST-OJAMA_TRIO01010009,10011,YGODUELIST-OUTSTANDING_DOG_MARRON0bYgoDieForYouUserToggleOnFalseiPermanentAtkBonusFromExecutes01010004,20001,YGODUELIST-ROCKET_JUMPER0bYgoDieForYouUserToggleOnFalseiPermanentAtkBonusFromExecutes01010000,20015,20043,20045,YGODUELIST-SKELENGEL0bYgoDieForYouUserToggleOnFalseiPermanentAtkBonusFromExecutes01010004,20006,20041,YGODUELIST-STRIKE_YGO_DUELIST010,YGODUELIST-TRAP_OF_BOARD_ERASER01010009,10011 | pt=4 n=0: | pt=5 n=0: | pt=932200512 n=0: | pt=932200513 n=0: | pt=932200514 n=0: | pt=932200515 n=1:YGODUELIST-HOURGLASS_OF_COURAGE0bYgoDieForYouUserToggleOnFalseiPermanentAtkBonusFromExecutes01010004,20006,20043 | pt=932200516 n=1:YGODUELIST-TOTAL_DEFENSE_SHOGUN0bYgoDieForYouUserToggleOnFalseiPermanentAtkBonusFromExecutes01010005,20019,20034,20043 | pt=932200517 n=0: | pt=932200518 n=0:
[YgoDuelist][MP][Checksum][fp] netId=76561198345121322 | pt=1 n=6:YGODUELIST-DEFEND_YGO_DUELIST010,YGODUELIST-DEFEND_YGO_DUELIST010,YGODUELIST-FIRE_PRINCESS0bYgoDieForYouUserToggleOnFalseiPermanentAtkBonusFromExecutes01010002,20013,20043,YGODUELIST-KURAMA0bYgoDieForYouUserToggleOnFalseiPermanentAtkBonusFromExecutes01010003,20020,20043,YGODUELIST-STRIKE_YGO_DUELIST010,YGODUELIST-ZABORG_THE_THUNDER_MONARCH0bYgoDieForYouUserToggleOnFalseiPermanentAtkBonusFromExecutes01010004,20018,20034,20043 | pt=2 n=5:GREED0104,7,YGODUELIST-DEFEND_YGO_DUELIST010,YGODUELIST-RAIGEKI_BREAK01010009,10011,20045,YGODUELIST-STRIKE_YGO_DUELIST010,YGODUELIST-STRIKE_YGO_DUELIST010 | pt=3 n=0: | pt=4 n=0: | pt=5 n=0: | pt=932200512 n=0: | pt=932200513 n=1:YGODUELIST-THE_LAST_WARRIOR_FROM_ANOTHER_PLANET0bYgoDieForYouUserToggleOnFalseiPermanentAtkBonusFromExecutes0iSummonAbsorbPrintedDefBonus01010000,20019,20036,20043 | pt=932200514 n=0: | pt=932200515 n=0: | pt=932200516 n=2:YGODUELIST-QUEEN_S_DOUBLE0bYgoDieForYouUserToggleOnFalseiPermanentAtkBonusFromExecutes01010000,20019,20045,YGODUELIST-VERSAGO_THE_DESTROYER0bYgoDieForYouUserToggleOnFalseiPermanentAtkBonusFromExecutes01010005,20007,20043 | pt=932200517 n=1:YGODUELIST-YELLOW_LUSTER_SHIELD01010009,20024 | pt=932200518 n=0:
[DEBUG] [ActionExecutor] Completed execution of action PlayCardAction card: CARD.YGODUELIST-COMMAND_DEFEND (9881137) index: 2067 targetid: , attempting to find new action
[VERYDEBUG] [ActionQueueSet] Attempting to find ready action
[VERYDEBUG] [ActionQueueSet] Queue for player 76561198345121322 is empty
[VERYDEBUG] [ActionQueueSet] Queue for player 76561198136285041 is empty
[VERYDEBUG] [ActionQueueSet] No action is ready
[YgoLifecycle] OptionHandUi O1_ForceRelease_Enter holderId=98616479946 model=Command_Defend inTree=True visible=True inActive=False extra=
[YgoLifecycle] OptionHandUi O2_ForceRelease_QueuedFree holderId=98616479946 model=Command_Defend inTree=True visible=False inActive=False extra=
[YgoDuelist] OnSecondHandCardsChanged ENTER player=27072766 cardsCount=5
[YgoDuelist]   cards[0]=Command_Defend id=9881137
[YgoDuelist]   cards[1]=Command_Attack id=21821376
[YgoDuelist]   cards[2]=Command_Change_Battle_Position id=62174656
[YgoDuelist]   cards[3]=Toggle_Die_For_You id=22700995
[YgoDuelist]   cards[4]=Exit_Monster_Options id=2982371
[YgoDuelist] RebuildForPlayer START handId=2911551624445 cardsCount=5
[YgoDuelist] TearDownSecondHandRow REMOVING 4 holders
[YgoDuelist] YgoSecondHandLayoutPatch ENTER all=8 main=5 opts=3 FocusedHolderId=98079609002 FocusedIsOpt=True
[YgoDuelist]   opts[0] holderId=98348044474 model=Command_Change_Battle_Position
[YgoDuelist]   opts[1] holderId=98213826738 model=Toggle_Die_For_You
[YgoDuelist]   opts[2] holderId=98079609002 model=Exit_Monster_Options
[YgoDuelist] YgoSecondHandLayoutPatch: AFTER holder.Position.Y = -745
[YgoDuelist] YgoSecondHandLayoutPatch: AFTER holder.TargetPosition.Y = -745
[YgoDuelist] YgoSecondHandLayoutPatch: AFTER holder.Hitbox.Position.Y = -132
[YgoDuelist] YgoSecondHandLayoutPatch: AFTER holder.Position.Y = -745
[YgoDuelist] YgoSecondHandLayoutPatch: AFTER holder.TargetPosition.Y = -745
[YgoDuelist] YgoSecondHandLayoutPatch: AFTER holder.Hitbox.Position.Y = -132
[YgoDuelist] YgoSecondHandLayoutPatch: AFTER holder.Position.Y = -745
[YgoDuelist] YgoSecondHandLayoutPatch: AFTER holder.TargetPosition.Y = -745
[YgoDuelist] YgoSecondHandLayoutPatch: AFTER holder.Hitbox.Position.Y = -132
[YgoDuelist] YgoSecondHandLayoutPatch EXIT return false
[YgoDuelist] YgoSecondHandLayoutPatch ENTER all=7 main=5 opts=2 FocusedHolderId=98079609002 FocusedIsOpt=True
[YgoDuelist]   opts[0] holderId=98213826738 model=Toggle_Die_For_You
[YgoDuelist]   opts[1] holderId=98079609002 model=Exit_Monster_Options
[YgoDuelist] YgoSecondHandLayoutPatch: AFTER holder.Position.Y = -745
[YgoDuelist] YgoSecondHandLayoutPatch: AFTER holder.TargetPosition.Y = -745
[YgoDuelist] YgoSecondHandLayoutPatch: AFTER holder.Hitbox.Position.Y = -132
[YgoDuelist] YgoSecondHandLayoutPatch: AFTER holder.Position.Y = -745
[YgoDuelist] YgoSecondHandLayoutPatch: AFTER holder.TargetPosition.Y = -745
[YgoDuelist] YgoSecondHandLayoutPatch: AFTER holder.Hitbox.Position.Y = -132
[YgoDuelist] YgoSecondHandLayoutPatch EXIT return false
[YgoDuelist] YgoSecondHandLayoutPatch ENTER all=6 main=5 opts=1 FocusedHolderId=98079609002 FocusedIsOpt=True
[YgoDuelist]   opts[0] holderId=98079609002 model=Exit_Monster_Options
[YgoDuelist] YgoSecondHandLayoutPatch: AFTER holder.Position.Y = -745
[YgoDuelist] YgoSecondHandLayoutPatch: AFTER holder.TargetPosition.Y = -745
[YgoDuelist] YgoSecondHandLayoutPatch: AFTER holder.Hitbox.Position.Y = -132
[YgoDuelist] YgoSecondHandLayoutPatch EXIT return false
[YgoDuelist] YgoSecondHandLayoutPatch ENTER all=6 main=5 opts=1 FocusedHolderId=0 FocusedIsOpt=False
[YgoDuelist]   opts[0] holderId=98079609002 model=?
[YgoDuelist] YgoSecondHandLayoutPatch: AFTER holder.Position.Y = -745
[YgoDuelist] YgoSecondHandLayoutPatch: AFTER holder.TargetPosition.Y = -745
[YgoDuelist] YgoSecondHandLayoutPatch: AFTER holder.Hitbox.Position.Y = -132
[YgoDuelist] YgoSecondHandLayoutPatch EXIT return false
[YgoDuelist] YgoSecondHandLayoutPatch ENTER all=5 main=5 opts=0 FocusedHolderId=0 FocusedIsOpt=False
[YgoDuelist] YgoSecondHandLayoutPatch EXIT return false
[YgoDuelist] RebuildForPlayer ADDING 5 holders
[YgoDuelist]   add[0] CREATE holderId=97945391266 model=Command_Defend
[YgoDuelist] RegisterOptionHolder ENTER handId=2911551624445 holderId=97945391266 index=-1 handChildCountBefore=8
[YgoDuelist] YgoSecondHandLayoutPatch ENTER all=6 main=5 opts=1 FocusedHolderId=0 FocusedIsOpt=False
[YgoDuelist]   opts[0] holderId=97945391266 model=?
[YgoDuelist] YgoSecondHandLayoutPatch: AFTER holder.Position.Y = -86.91667
[YgoDuelist] YgoSecondHandLayoutPatch: AFTER holder.TargetPosition.Y = -745
[YgoDuelist] YgoSecondHandLayoutPatch: AFTER holder.Hitbox.Position.Y = -132
[YgoDuelist] YgoSecondHandLayoutPatch EXIT return false
[YgoDuelist] RegisterOptionHolder EXIT handId=2911551624445 holderId=97945391266 handChildCountAfter=8 holderIsInsideTree=True
[YgoDuelist]   add[0] after RegisterOptionHolder holderId=97945391266 IsInsideTree=True ChildCount=8
[WARN] [BaseLib] GetRawText: Key 'YGO_ATTRIBUTE_DARK.title' not found in table 'static_hover_tips'
[WARN] [BaseLib] GetRawText: Key 'YGO_ATTRIBUTE_DARK.description' not found in table 'static_hover_tips'
[WARN] [BaseLib] GetRawText: Key 'YGO_RACE_WARRIOR.title' not found in table 'static_hover_tips'
[WARN] [BaseLib] GetRawText: Key 'YGO_RACE_WARRIOR.description' not found in table 'static_hover_tips'
[YgoDuelist]   add[0] after Initialize holderId=97945391266 CardNode=80429976799 CardModel=Command_Defend
[YgoDuelist]   add[1] CREATE holderId=97811173530 model=Command_Attack
[YgoDuelist] RegisterOptionHolder ENTER handId=2911551624445 holderId=97811173530 index=-1 handChildCountBefore=8
[YgoDuelist] YgoSecondHandLayoutPatch ENTER all=7 main=5 opts=2 FocusedHolderId=0 FocusedIsOpt=False
[YgoDuelist]   opts[0] holderId=97945391266 model=Command_Defend
[YgoDuelist]   opts[1] holderId=97811173530 model=?
[YgoDuelist] YgoSecondHandLayoutPatch: AFTER holder.Position.Y = -163.69305
[YgoDuelist] YgoSecondHandLayoutPatch: AFTER holder.TargetPosition.Y = -745
[YgoDuelist] YgoSecondHandLayoutPatch: AFTER holder.Hitbox.Position.Y = -132
[YgoDuelist] YgoSecondHandLayoutPatch: AFTER holder.Position.Y = -86.91667
[YgoDuelist] YgoSecondHandLayoutPatch: AFTER holder.TargetPosition.Y = -745
[YgoDuelist] YgoSecondHandLayoutPatch: AFTER holder.Hitbox.Position.Y = -132
[YgoDuelist] YgoSecondHandLayoutPatch EXIT return false
[YgoDuelist] RegisterOptionHolder EXIT handId=2911551624445 holderId=97811173530 handChildCountAfter=8 holderIsInsideTree=True
[YgoDuelist]   add[1] after RegisterOptionHolder holderId=97811173530 IsInsideTree=True ChildCount=8
[WARN] [BaseLib] GetRawText: Key 'YGO_ATTRIBUTE_DARK.title' not found in table 'static_hover_tips'
[WARN] [BaseLib] GetRawText: Key 'YGO_ATTRIBUTE_DARK.description' not found in table 'static_hover_tips'
[WARN] [BaseLib] GetRawText: Key 'YGO_RACE_WARRIOR.title' not found in table 'static_hover_tips'
[WARN] [BaseLib] GetRawText: Key 'YGO_RACE_WARRIOR.description' not found in table 'static_hover_tips'
[YgoDuelist]   add[1] after Initialize holderId=97811173530 CardNode=79255571611 CardModel=Command_Attack
[YgoDuelist]   add[2] CREATE holderId=97593069709 model=Command_Change_Battle_Position
[YgoDuelist] RegisterOptionHolder ENTER handId=2911551624445 holderId=97593069709 index=-1 handChildCountBefore=8
[YgoDuelist] YgoSecondHandLayoutPatch ENTER all=8 main=5 opts=3 FocusedHolderId=0 FocusedIsOpt=False
[YgoDuelist]   opts[0] holderId=97945391266 model=Command_Defend
[YgoDuelist]   opts[1] holderId=97811173530 model=Command_Attack
[YgoDuelist]   opts[2] holderId=97593069709 model=?
[YgoDuelist] YgoSecondHandLayoutPatch: AFTER holder.Position.Y = -231.5122
[YgoDuelist] YgoSecondHandLayoutPatch: AFTER holder.TargetPosition.Y = -745
[YgoDuelist] YgoSecondHandLayoutPatch: AFTER holder.Hitbox.Position.Y = -132
[YgoDuelist] YgoSecondHandLayoutPatch: AFTER holder.Position.Y = -163.69305
[YgoDuelist] YgoSecondHandLayoutPatch: AFTER holder.TargetPosition.Y = -745
[YgoDuelist] YgoSecondHandLayoutPatch: AFTER holder.Hitbox.Position.Y = -132
[YgoDuelist] YgoSecondHandLayoutPatch: AFTER holder.Position.Y = -86.91667
[YgoDuelist] YgoSecondHandLayoutPatch: AFTER holder.TargetPosition.Y = -745
[YgoDuelist] YgoSecondHandLayoutPatch: AFTER holder.Hitbox.Position.Y = -132
[YgoDuelist] YgoSecondHandLayoutPatch EXIT return false
[YgoDuelist] RegisterOptionHolder EXIT handId=2911551624445 holderId=97593069709 handChildCountAfter=8 holderIsInsideTree=True
[YgoDuelist]   add[2] after RegisterOptionHolder holderId=97593069709 IsInsideTree=True ChildCount=8
[WARN] [BaseLib] GetRawText: Key 'YGO_ATTRIBUTE_DARK.title' not found in table 'static_hover_tips'
[WARN] [BaseLib] GetRawText: Key 'YGO_ATTRIBUTE_DARK.description' not found in table 'static_hover_tips'
[WARN] [BaseLib] GetRawText: Key 'YGO_RACE_WARRIOR.title' not found in table 'static_hover_tips'
[WARN] [BaseLib] GetRawText: Key 'YGO_RACE_WARRIOR.description' not found in table 'static_hover_tips'
[YgoDuelist]   add[2] after Initialize holderId=97593069709 CardNode=78081166423 CardModel=Command_Change_Battle_Position
[YgoDuelist]   add[3] CREATE holderId=3371381570930 model=Toggle_Die_For_You
[YgoDuelist] RegisterOptionHolder ENTER handId=2911551624445 holderId=3371381570930 index=-1 handChildCountBefore=8
[YgoDuelist] YgoSecondHandLayoutPatch ENTER all=9 main=5 opts=4 FocusedHolderId=0 FocusedIsOpt=False
[YgoDuelist]   opts[0] holderId=97945391266 model=Command_Defend
[YgoDuelist]   opts[1] holderId=97811173530 model=Command_Attack
[YgoDuelist]   opts[2] holderId=97593069709 model=Command_Change_Battle_Position
[YgoDuelist]   opts[3] holderId=3371381570930 model=?
[YgoDuelist] YgoSecondHandLayoutPatch: AFTER holder.Position.Y = -291.41913
[YgoDuelist] YgoSecondHandLayoutPatch: AFTER holder.TargetPosition.Y = -745
[YgoDuelist] YgoSecondHandLayoutPatch: AFTER holder.Hitbox.Position.Y = -132
[YgoDuelist] YgoSecondHandLayoutPatch: AFTER holder.Position.Y = -231.5122
[YgoDuelist] YgoSecondHandLayoutPatch: AFTER holder.TargetPosition.Y = -745
[YgoDuelist] YgoSecondHandLayoutPatch: AFTER holder.Hitbox.Position.Y = -132
[YgoDuelist] YgoSecondHandLayoutPatch: AFTER holder.Position.Y = -163.69305
[YgoDuelist] YgoSecondHandLayoutPatch: AFTER holder.TargetPosition.Y = -745
[YgoDuelist] YgoSecondHandLayoutPatch: AFTER holder.Hitbox.Position.Y = -132
[YgoDuelist] YgoSecondHandLayoutPatch: AFTER holder.Position.Y = -86.91667
[YgoDuelist] YgoSecondHandLayoutPatch: AFTER holder.TargetPosition.Y = -745
[YgoDuelist] YgoSecondHandLayoutPatch: AFTER holder.Hitbox.Position.Y = -132
[YgoDuelist] YgoSecondHandLayoutPatch EXIT return false
[YgoDuelist] RegisterOptionHolder EXIT handId=2911551624445 holderId=3371381570930 handChildCountAfter=8 holderIsInsideTree=True
[YgoDuelist]   add[3] after RegisterOptionHolder holderId=3371381570930 IsInsideTree=True ChildCount=8
[WARN] [BaseLib] GetRawText: Key 'YGO_ATTRIBUTE_DARK.title' not found in table 'static_hover_tips'
[WARN] [BaseLib] GetRawText: Key 'YGO_ATTRIBUTE_DARK.description' not found in table 'static_hover_tips'
[WARN] [BaseLib] GetRawText: Key 'YGO_RACE_WARRIOR.title' not found in table 'static_hover_tips'
[WARN] [BaseLib] GetRawText: Key 'YGO_RACE_WARRIOR.description' not found in table 'static_hover_tips'
[YgoDuelist]   add[3] after Initialize holderId=3371381570930 CardNode=76906761235 CardModel=Toggle_Die_For_You
[YgoDuelist]   add[4] CREATE holderId=3372287543869 model=Exit_Monster_Options
[YgoDuelist] RegisterOptionHolder ENTER handId=2911551624445 holderId=3372287543869 index=-1 handChildCountBefore=8
[YgoDuelist] YgoSecondHandLayoutPatch ENTER all=10 main=5 opts=5 FocusedHolderId=0 FocusedIsOpt=False
[YgoDuelist]   opts[0] holderId=97945391266 model=Command_Defend
[YgoDuelist]   opts[1] holderId=97811173530 model=Command_Attack
[YgoDuelist]   opts[2] holderId=97593069709 model=Command_Change_Battle_Position
[YgoDuelist]   opts[3] holderId=3371381570930 model=Toggle_Die_For_You
[YgoDuelist]   opts[4] holderId=3372287543869 model=?
[YgoDuelist] YgoSecondHandLayoutPatch: AFTER holder.Position.Y = -344.3369
[YgoDuelist] YgoSecondHandLayoutPatch: AFTER holder.TargetPosition.Y = -745
[YgoDuelist] YgoSecondHandLayoutPatch: AFTER holder.Hitbox.Position.Y = -132
[YgoDuelist] YgoSecondHandLayoutPatch: AFTER holder.Position.Y = -291.41913
[YgoDuelist] YgoSecondHandLayoutPatch: AFTER holder.TargetPosition.Y = -745
[YgoDuelist] YgoSecondHandLayoutPatch: AFTER holder.Hitbox.Position.Y = -132
[YgoDuelist] YgoSecondHandLayoutPatch: AFTER holder.Position.Y = -231.5122
[YgoDuelist] YgoSecondHandLayoutPatch: AFTER holder.TargetPosition.Y = -745
[YgoDuelist] YgoSecondHandLayoutPatch: AFTER holder.Hitbox.Position.Y = -132
[YgoDuelist] YgoSecondHandLayoutPatch: AFTER holder.Position.Y = -163.69305
[YgoDuelist] YgoSecondHandLayoutPatch: AFTER holder.TargetPosition.Y = -745
[YgoDuelist] YgoSecondHandLayoutPatch: AFTER holder.Hitbox.Position.Y = -132
[YgoDuelist] YgoSecondHandLayoutPatch: AFTER holder.Position.Y = -86.91667
[YgoDuelist] YgoSecondHandLayoutPatch: AFTER holder.TargetPosition.Y = -745
[YgoDuelist] YgoSecondHandLayoutPatch: AFTER holder.Hitbox.Position.Y = -132
[YgoDuelist] YgoSecondHandLayoutPatch EXIT return false
[YgoDuelist] RegisterOptionHolder EXIT handId=2911551624445 holderId=3372287543869 handChildCountAfter=8 holderIsInsideTree=True
[YgoDuelist]   add[4] after RegisterOptionHolder holderId=3372287543869 IsInsideTree=True ChildCount=8
[WARN] [BaseLib] GetRawText: Key 'YGO_ATTRIBUTE_DARK.title' not found in table 'static_hover_tips'
[WARN] [BaseLib] GetRawText: Key 'YGO_ATTRIBUTE_DARK.description' not found in table 'static_hover_tips'
[WARN] [BaseLib] GetRawText: Key 'YGO_RACE_WARRIOR.title' not found in table 'static_hover_tips'
[WARN] [BaseLib] GetRawText: Key 'YGO_RACE_WARRIOR.description' not found in table 'static_hover_tips'
[YgoDuelist]   add[4] after Initialize holderId=3372287543869 CardNode=75732356047 CardModel=Exit_Monster_Options
[YgoDuelist] RebuildForPlayer END totalHolders=5 handActiveHoldersCount=10
[YgoDuelist] OnSecondHandCardsChanged EXIT RebuildForPlayer done
[YgoDuelist] YgoSecondHandLayoutPatch ENTER all=10 main=5 opts=5 FocusedHolderId=3372287543869 FocusedIsOpt=True
[YgoDuelist]   opts[0] holderId=97945391266 model=Command_Defend
[YgoDuelist]   opts[1] holderId=97811173530 model=Command_Attack
[YgoDuelist]   opts[2] holderId=97593069709 model=Command_Change_Battle_Position
[YgoDuelist]   opts[3] holderId=3371381570930 model=Toggle_Die_For_You
[YgoDuelist]   opts[4] holderId=3372287543869 model=Exit_Monster_Options
[YgoDuelist] YgoSecondHandLayoutPatch: AFTER holder.Position.Y = -745
[YgoDuelist] YgoSecondHandLayoutPatch: AFTER holder.TargetPosition.Y = -745
[YgoDuelist] YgoSecondHandLayoutPatch: AFTER holder.Hitbox.Position.Y = -132
[YgoDuelist] YgoSecondHandLayoutPatch: AFTER holder.Position.Y = -745
[YgoDuelist] YgoSecondHandLayoutPatch: AFTER holder.TargetPosition.Y = -745
[YgoDuelist] YgoSecondHandLayoutPatch: AFTER holder.Hitbox.Position.Y = -132
[YgoDuelist] YgoSecondHandLayoutPatch: AFTER holder.Position.Y = -745
[YgoDuelist] YgoSecondHandLayoutPatch: AFTER holder.TargetPosition.Y = -745
[YgoDuelist] YgoSecondHandLayoutPatch: AFTER holder.Hitbox.Position.Y = -132
[YgoDuelist] YgoSecondHandLayoutPatch: AFTER holder.Position.Y = -743.9458
[YgoDuelist] YgoSecondHandLayoutPatch: AFTER holder.TargetPosition.Y = -745
[YgoDuelist] YgoSecondHandLayoutPatch: AFTER holder.Hitbox.Position.Y = -132
[YgoDuelist] YgoSecondHandLayoutPatch: AFTER holder.Position.Y = -743.80664
[YgoDuelist] YgoSecondHandLayoutPatch: AFTER holder.TargetPosition.Y = -745
[YgoDuelist] YgoSecondHandLayoutPatch: AFTER holder.Hitbox.Position.Y = -132
[YgoDuelist] YgoSecondHandLayoutPatch EXIT return false
[YgoDuelist] OnHolderPressed option holder id=3372287543869 card=Exit_Monster_Options
[YgoLifecycle] StartCardPlay S1_EnterPrefix holderId=3372287543869 model=Exit_Monster_Options index=9 inTree=True extra=needsSafePath=True
[YgoLifecycle] StartCardPlay S2_QueuedHolder holderId=3372287543869 model=Exit_Monster_Options index=9 inTree=True extra=queuedIndex=9
[YgoDuelist] YgoSecondHandLayoutPatch ENTER all=10 main=5 opts=5 FocusedHolderId=0 FocusedIsOpt=False
[YgoDuelist]   opts[0] holderId=97945391266 model=Command_Defend
[YgoDuelist]   opts[1] holderId=97811173530 model=Command_Attack
[YgoDuelist]   opts[2] holderId=97593069709 model=Command_Change_Battle_Position
[YgoDuelist]   opts[3] holderId=3371381570930 model=Toggle_Die_For_You
[YgoDuelist]   opts[4] holderId=3372287543869 model=Exit_Monster_Options
[YgoDuelist] YgoSecondHandLayoutPatch: AFTER holder.Position.Y = -745
[YgoDuelist] YgoSecondHandLayoutPatch: AFTER holder.TargetPosition.Y = -745
[YgoDuelist] YgoSecondHandLayoutPatch: AFTER holder.Hitbox.Position.Y = -132
[YgoDuelist] YgoSecondHandLayoutPatch: AFTER holder.Position.Y = -745
[YgoDuelist] YgoSecondHandLayoutPatch: AFTER holder.TargetPosition.Y = -745
[YgoDuelist] YgoSecondHandLayoutPatch: AFTER holder.Hitbox.Position.Y = -132
[YgoDuelist] YgoSecondHandLayoutPatch: AFTER holder.Position.Y = -745
[YgoDuelist] YgoSecondHandLayoutPatch: AFTER holder.TargetPosition.Y = -745
[YgoDuelist] YgoSecondHandLayoutPatch: AFTER holder.Hitbox.Position.Y = -132
[YgoDuelist] YgoSecondHandLayoutPatch: AFTER holder.Position.Y = -745
[YgoDuelist] YgoSecondHandLayoutPatch: AFTER holder.TargetPosition.Y = -745
[YgoDuelist] YgoSecondHandLayoutPatch: AFTER holder.Hitbox.Position.Y = -132
[YgoDuelist] YgoSecondHandLayoutPatch: AFTER holder.Position.Y = -745
[YgoDuelist] YgoSecondHandLayoutPatch: AFTER holder.TargetPosition.Y = -745
[YgoDuelist] YgoSecondHandLayoutPatch: AFTER holder.Hitbox.Position.Y = -132
[YgoDuelist] YgoSecondHandLayoutPatch EXIT return false
[YgoLifecycle] StartCardPlay S3_BeginDrag holderId=3372287543869 model=Exit_Monster_Options index=7 inTree=True extra=
[YgoLifecycle] StartCardPlay S4_CardPlayCreated holderId=3372287543869 model=Exit_Monster_Options index=7 inTree=True extra=cardPlayType=NMouseCardPlay
[YgoLifecycle] MouseStartAsync M1_Enter holderId=3372287543869 model=Exit_Monster_Options holderInTree=True selfInTree=True extra=
[YgoLifecycle] MouseStartAsync M4_StartCardDrag_BeginAwait holderId=3372287543869 model=Exit_Monster_Options holderInTree=True selfInTree=True extra=
[YgoLifecycle] MouseStartAsync M5_StartCardDrag_EndAwait holderId=3372287543869 model=Exit_Monster_Options holderInTree=True selfInTree=True extra=
[YgoLifecycle] MouseStartAsync M9_CannotPlay_Cancel holderId=3372287543869 model=Exit_Monster_Options holderInTree=True selfInTree=True extra=reason=BlockedByCardLogic
[DEBUG] [ActionQueueSynchronizer] Sending message to host requesting to enqueue action YgoMonsterMenuCommandGameAction owner=76561198136285041 ExitMonsterOptions pet=0 at 08:25:02
[YgoDuelist][MP][Queue] YgoMonsterMenuCommand -> YgoMonsterMenuCommandGameAction owner=76561198136285041 ExitMonsterOptions pet=0
[YgoLifecycle] StartCardPlay S5_FinishedSignal holderId=3372287543869 model=Exit_Monster_Options index=7 inTree=True extra=success=False
[YgoLifecycle] StartCardPlay S6_InvokeReturnHolderToHand holderId=3372287543869 model=Exit_Monster_Options index=7 inTree=True extra=
[YgoLifecycle] ReturnHolderToHand P1_EnterPrefix holderId=3372287543869 model=Exit_Monster_Options inTree=True visible=True extra=
[YgoLifecycle] ReturnHolderToHand P5_ReparentStart holderId=3372287543869 model=Exit_Monster_Options inTree=True visible=True extra=queued=9 clamped=9 childCount=9
[YgoLifecycle] ReturnHolderToHand P6_ReparentDone holderId=3372287543869 model=Exit_Monster_Options inTree=True visible=True extra=
[YgoLifecycle] ReturnHolderToHand P9_ScheduleSyncFromOptionPile holderId=3372287543869 model=Exit_Monster_Options inTree=True visible=True extra=
[YgoLifecycle] ReturnHolderToHand P10_ExitHandled holderId=3372287543869 model=Exit_Monster_Options inTree=True visible=True extra=
[YgoDuelist] YgoSecondHandLayoutPatch ENTER all=10 main=5 opts=5 FocusedHolderId=0 FocusedIsOpt=False
[YgoDuelist]   opts[0] holderId=97945391266 model=Command_Defend
[YgoDuelist]   opts[1] holderId=97811173530 model=Command_Attack
[YgoDuelist]   opts[2] holderId=97593069709 model=Command_Change_Battle_Position
[YgoDuelist]   opts[3] holderId=3371381570930 model=Toggle_Die_For_You
[YgoDuelist]   opts[4] holderId=3372287543869 model=Exit_Monster_Options
[YgoDuelist] YgoSecondHandLayoutPatch: AFTER holder.Position.Y = -745
[YgoDuelist] YgoSecondHandLayoutPatch: AFTER holder.TargetPosition.Y = -745
[YgoDuelist] YgoSecondHandLayoutPatch: AFTER holder.Hitbox.Position.Y = -132
[YgoDuelist] YgoSecondHandLayoutPatch: AFTER holder.Position.Y = -745
[YgoDuelist] YgoSecondHandLayoutPatch: AFTER holder.TargetPosition.Y = -745
[YgoDuelist] YgoSecondHandLayoutPatch: AFTER holder.Hitbox.Position.Y = -132
[YgoDuelist] YgoSecondHandLayoutPatch: AFTER holder.Position.Y = -745
[YgoDuelist] YgoSecondHandLayoutPatch: AFTER holder.TargetPosition.Y = -745
[YgoDuelist] YgoSecondHandLayoutPatch: AFTER holder.Hitbox.Position.Y = -132
[YgoDuelist] YgoSecondHandLayoutPatch: AFTER holder.Position.Y = -745
[YgoDuelist] YgoSecondHandLayoutPatch: AFTER holder.TargetPosition.Y = -745
[YgoDuelist] YgoSecondHandLayoutPatch: AFTER holder.Hitbox.Position.Y = -132
[YgoDuelist] YgoSecondHandLayoutPatch: AFTER holder.Position.Y = -745
[YgoDuelist] YgoSecondHandLayoutPatch: AFTER holder.TargetPosition.Y = -745
[YgoDuelist] YgoSecondHandLayoutPatch: AFTER holder.Hitbox.Position.Y = -132
[YgoDuelist] YgoSecondHandLayoutPatch EXIT return false
[YgoLifecycle] StartCardPlay S7_FinishedCleanupDone holderId=3372287543869 model=Exit_Monster_Options index=9 inTree=True extra=
[YgoDuelist] YgoSecondHandLayoutPatch ENTER all=10 main=5 opts=5 FocusedHolderId=0 FocusedIsOpt=False
[YgoDuelist]   opts[0] holderId=97945391266 model=Command_Defend
[YgoDuelist]   opts[1] holderId=97811173530 model=Command_Attack
[YgoDuelist]   opts[2] holderId=97593069709 model=Command_Change_Battle_Position
[YgoDuelist]   opts[3] holderId=3371381570930 model=Toggle_Die_For_You
[YgoDuelist]   opts[4] holderId=3372287543869 model=Exit_Monster_Options
[YgoDuelist] YgoSecondHandLayoutPatch: AFTER holder.Position.Y = -745
[YgoDuelist] YgoSecondHandLayoutPatch: AFTER holder.TargetPosition.Y = -745
[YgoDuelist] YgoSecondHandLayoutPatch: AFTER holder.Hitbox.Position.Y = -132
[YgoDuelist] YgoSecondHandLayoutPatch: AFTER holder.Position.Y = -745
[YgoDuelist] YgoSecondHandLayoutPatch: AFTER holder.TargetPosition.Y = -745
[YgoDuelist] YgoSecondHandLayoutPatch: AFTER holder.Hitbox.Position.Y = -132
[YgoDuelist] YgoSecondHandLayoutPatch: AFTER holder.Position.Y = -745
[YgoDuelist] YgoSecondHandLayoutPatch: AFTER holder.TargetPosition.Y = -745
[YgoDuelist] YgoSecondHandLayoutPatch: AFTER holder.Hitbox.Position.Y = -132
[YgoDuelist] YgoSecondHandLayoutPatch: AFTER holder.Position.Y = -745
[YgoDuelist] YgoSecondHandLayoutPatch: AFTER holder.TargetPosition.Y = -745
[YgoDuelist] YgoSecondHandLayoutPatch: AFTER holder.Hitbox.Position.Y = -132
[YgoDuelist] YgoSecondHandLayoutPatch: AFTER holder.Position.Y = -745
[YgoDuelist] YgoSecondHandLayoutPatch: AFTER holder.TargetPosition.Y = -745
[YgoDuelist] YgoSecondHandLayoutPatch: AFTER holder.Hitbox.Position.Y = -132
[YgoDuelist] YgoSecondHandLayoutPatch EXIT return false
[YgoLifecycle] StartCardPlay S8_StartCalled holderId=3372287543869 model=Exit_Monster_Options index=9 inTree=True extra=
[YgoDuelist] StartCardPlay PREFIX: custom safe start path holderId=3372287543869 index=9 isOption=True
[YgoDuelist] StartCardPlay POSTFIX: option holder - NMouseCardPlay created and Start() called
[DEBUG] [NetMessageBus] Received message ActionEnqueuedMessage PlayerID: 76561198136285041 Action: YgoDuelist.YgoDuelistCode.GameActions.NetYgoMonsterMenuCommandAction Source Location: act 0 coord (0, 1) , sending to 1 handlers
[VERYDEBUG] [RunLocationTargetedMessageBuffer] Handling map-targeted message ActionEnqueuedMessage PlayerID: 76561198136285041 Action: YgoDuelist.YgoDuelistCode.GameActions.NetYgoMonsterMenuCommandAction Source Location: act 0 coord (0, 1)  from 76561198345121322 for location act 0 coord (0, 1)
[DEBUG] [ActionQueueSynchronizer] Received handle action enqueued message ActionEnqueuedMessage PlayerID: 76561198136285041 Action: YgoDuelist.YgoDuelistCode.GameActions.NetYgoMonsterMenuCommandAction Source Location: act 0 coord (0, 1)  at 08:25:02
[DEBUG] [ActionQueueSynchronizer] Enqueueing action YgoMonsterMenuCommandGameAction owner=76561198136285041 ExitMonsterOptions pet=0 from owner 76561198136285041
[DEBUG] [ActionQueueSet] Enqueueing action YgoMonsterMenuCommandGameAction owner=76561198136285041 ExitMonsterOptions pet=0 to player queue owned by 76561198136285041
[DEBUG] [ActionExecutor] Action queue changed, beginning ExecuteActions
[VERYDEBUG] [ActionQueueSet] Attempting to find ready action
[VERYDEBUG] [ActionQueueSet] Queue for player 76561198345121322 is empty
[VERYDEBUG] [ActionQueueSet] Action YgoMonsterMenuCommandGameAction owner=76561198136285041 ExitMonsterOptions pet=0 with id 24 belonging to 76561198136285041 becomes new ready action
[VERYDEBUG] [ActionQueueSet] Got ready action YgoMonsterMenuCommandGameAction owner=76561198136285041 ExitMonsterOptions pet=0 (24)
[DEBUG] [ActionExecutor] Executing action: YgoMonsterMenuCommandGameAction owner=76561198136285041 ExitMonsterOptions pet=0
[VERYDEBUG] [GameAction] Action YgoMonsterMenuCommandGameAction owner=76561198136285041 ExitMonsterOptions pet=0 began executing
[YgoDuelist][MP] YgoMonsterMenuCommandGameAction: kind=ExitMonsterOptions ownerNetId=76561198136285041 petCombatId=0 hasEnemy=False
[ZGO] Exit_Monster_Options.ExecuteExitAsync() entered
[ZGO] Exit_Monster_Options: Clearing YgoCardOptionPile. Previous count=5
[YgoDuelist] OnSecondHandCardsChanged ENTER player=27072766 cardsCount=0
[YgoDuelist] RebuildForPlayer START handId=2911551624445 cardsCount=0
[YgoDuelist] TearDownSecondHandRow REMOVING 5 holders
[YgoDuelist] YgoSecondHandLayoutPatch ENTER all=9 main=5 opts=4 FocusedHolderId=0 FocusedIsOpt=False
[YgoDuelist]   opts[0] holderId=97811173530 model=Command_Attack
[YgoDuelist]   opts[1] holderId=97593069709 model=Command_Change_Battle_Position
[YgoDuelist]   opts[2] holderId=3371381570930 model=Toggle_Die_For_You
[YgoDuelist]   opts[3] holderId=3372287543869 model=Exit_Monster_Options
[YgoDuelist] YgoSecondHandLayoutPatch: AFTER holder.Position.Y = -745
[YgoDuelist] YgoSecondHandLayoutPatch: AFTER holder.TargetPosition.Y = -745
[YgoDuelist] YgoSecondHandLayoutPatch: AFTER holder.Hitbox.Position.Y = -132
[YgoDuelist] YgoSecondHandLayoutPatch: AFTER holder.Position.Y = -745
[YgoDuelist] YgoSecondHandLayoutPatch: AFTER holder.TargetPosition.Y = -745
[YgoDuelist] YgoSecondHandLayoutPatch: AFTER holder.Hitbox.Position.Y = -132
[YgoDuelist] YgoSecondHandLayoutPatch: AFTER holder.Position.Y = -745
[YgoDuelist] YgoSecondHandLayoutPatch: AFTER holder.TargetPosition.Y = -745
[YgoDuelist] YgoSecondHandLayoutPatch: AFTER holder.Hitbox.Position.Y = -132
[YgoDuelist] YgoSecondHandLayoutPatch: AFTER holder.Position.Y = -745
[YgoDuelist] YgoSecondHandLayoutPatch: AFTER holder.TargetPosition.Y = -745
[YgoDuelist] YgoSecondHandLayoutPatch: AFTER holder.Hitbox.Position.Y = -132
[YgoDuelist] YgoSecondHandLayoutPatch EXIT return false
[YgoDuelist] YgoSecondHandLayoutPatch ENTER all=8 main=5 opts=3 FocusedHolderId=0 FocusedIsOpt=False
[YgoDuelist]   opts[0] holderId=97593069709 model=Command_Change_Battle_Position
[YgoDuelist]   opts[1] holderId=3371381570930 model=Toggle_Die_For_You
[YgoDuelist]   opts[2] holderId=3372287543869 model=Exit_Monster_Options
[YgoDuelist] YgoSecondHandLayoutPatch: AFTER holder.Position.Y = -745
[YgoDuelist] YgoSecondHandLayoutPatch: AFTER holder.TargetPosition.Y = -745
[YgoDuelist] YgoSecondHandLayoutPatch: AFTER holder.Hitbox.Position.Y = -132
[YgoDuelist] YgoSecondHandLayoutPatch: AFTER holder.Position.Y = -745
[YgoDuelist] YgoSecondHandLayoutPatch: AFTER holder.TargetPosition.Y = -745
[YgoDuelist] YgoSecondHandLayoutPatch: AFTER holder.Hitbox.Position.Y = -132
[YgoDuelist] YgoSecondHandLayoutPatch: AFTER holder.Position.Y = -745
[YgoDuelist] YgoSecondHandLayoutPatch: AFTER holder.TargetPosition.Y = -745
[YgoDuelist] YgoSecondHandLayoutPatch: AFTER holder.Hitbox.Position.Y = -132
[YgoDuelist] YgoSecondHandLayoutPatch EXIT return false
[YgoDuelist] YgoSecondHandLayoutPatch ENTER all=7 main=5 opts=2 FocusedHolderId=0 FocusedIsOpt=False
[YgoDuelist]   opts[0] holderId=3371381570930 model=Toggle_Die_For_You
[YgoDuelist]   opts[1] holderId=3372287543869 model=Exit_Monster_Options
[YgoDuelist] YgoSecondHandLayoutPatch: AFTER holder.Position.Y = -745
[YgoDuelist] YgoSecondHandLayoutPatch: AFTER holder.TargetPosition.Y = -745
[YgoDuelist] YgoSecondHandLayoutPatch: AFTER holder.Hitbox.Position.Y = -132
[YgoDuelist] YgoSecondHandLayoutPatch: AFTER holder.Position.Y = -745
[YgoDuelist] YgoSecondHandLayoutPatch: AFTER holder.TargetPosition.Y = -745
[YgoDuelist] YgoSecondHandLayoutPatch: AFTER holder.Hitbox.Position.Y = -132
[YgoDuelist] YgoSecondHandLayoutPatch EXIT return false
[YgoDuelist] YgoSecondHandLayoutPatch ENTER all=6 main=5 opts=1 FocusedHolderId=0 FocusedIsOpt=False
[YgoDuelist]   opts[0] holderId=3372287543869 model=Exit_Monster_Options
[YgoDuelist] YgoSecondHandLayoutPatch: AFTER holder.Position.Y = -745
[YgoDuelist] YgoSecondHandLayoutPatch: AFTER holder.TargetPosition.Y = -745
[YgoDuelist] YgoSecondHandLayoutPatch: AFTER holder.Hitbox.Position.Y = -132
[YgoDuelist] YgoSecondHandLayoutPatch EXIT return false
[YgoDuelist] YgoSecondHandLayoutPatch ENTER all=5 main=5 opts=0 FocusedHolderId=0 FocusedIsOpt=False
[YgoDuelist] YgoSecondHandLayoutPatch EXIT return false
[YgoDuelist] RebuildForPlayer EXIT cards null or empty (row torn down)
[YgoDuelist] OnSecondHandCardsChanged EXIT RebuildForPlayer done
[ZGO] Exit_Monster_Options.ExecuteExitAsync() done
[VERYDEBUG] [GameAction] Action YgoMonsterMenuCommandGameAction owner=76561198136285041 ExitMonsterOptions pet=0 finished execution
[DEBUG] [ChecksumTracker] Generating checksum for context: after executing action YgoMonsterMenuCommandGameAction owner=76561198136285041 ExitMonsterOptions pet=0 action: YgoMonsterMenuCommandGameAction owner=76561198136285041 ExitMonsterOptions pet=0 id: 25
[YgoDuelist][MP][Checksum][fp] netId=76561198136285041 | pt=1 n=4:YGODUELIST-DEFEND_YGO_DUELIST010,YGODUELIST-FIRE_SORCERER0bYgoDieForYouUserToggleOnFalseiPermanentAtkBonusFromExecutes01010002,20017,20041,20043,YGODUELIST-RECKLESS_GREED01010009,10011,YGODUELIST-STRIKE_YGO_DUELIST010 | pt=2 n=5:YGODUELIST-BURNING_LAND01010009,20024,YGODUELIST-DEFEND_YGO_DUELIST010,YGODUELIST-EARTH_EFFIGY0bYgoDieForYouUserToggleOnFalseiPermanentAtkBonusFromExecutes01010000,20015,20043,YGODUELIST-GAIA_POWER01010009,20027,YGODUELIST-STRIKE_YGO_DUELIST010 | pt=3 n=8:YGODUELIST-ARCANE_ARCHER_OF_THE_FOREST0bYgoDieForYouUserToggleOnFalseiPermanentAtkBonusFromExecutes01010000,20019,20043,YGODUELIST-DEFEND_YGO_DUELIST010,YGODUELIST-OJAMA_TRIO01010009,10011,YGODUELIST-OUTSTANDING_DOG_MARRON0bYgoDieForYouUserToggleOnFalseiPermanentAtkBonusFromExecutes01010004,20001,YGODUELIST-ROCKET_JUMPER0bYgoDieForYouUserToggleOnFalseiPermanentAtkBonusFromExecutes01010000,20015,20043,20045,YGODUELIST-SKELENGEL0bYgoDieForYouUserToggleOnFalseiPermanentAtkBonusFromExecutes01010004,20006,20041,YGODUELIST-STRIKE_YGO_DUELIST010,YGODUELIST-TRAP_OF_BOARD_ERASER01010009,10011 | pt=4 n=0: | pt=5 n=0: | pt=932200512 n=0: | pt=932200513 n=0: | pt=932200514 n=0: | pt=932200515 n=1:YGODUELIST-HOURGLASS_OF_COURAGE0bYgoDieForYouUserToggleOnFalseiPermanentAtkBonusFromExecutes01010004,20006,20043 | pt=932200516 n=1:YGODUELIST-TOTAL_DEFENSE_SHOGUN0bYgoDieForYouUserToggleOnFalseiPermanentAtkBonusFromExecutes01010005,20019,20034,20043 | pt=932200517 n=0: | pt=932200518 n=0:
[YgoDuelist][MP][Checksum][fp] netId=76561198345121322 | pt=1 n=6:YGODUELIST-DEFEND_YGO_DUELIST010,YGODUELIST-DEFEND_YGO_DUELIST010,YGODUELIST-FIRE_PRINCESS0bYgoDieForYouUserToggleOnFalseiPermanentAtkBonusFromExecutes01010002,20013,20043,YGODUELIST-KURAMA0bYgoDieForYouUserToggleOnFalseiPermanentAtkBonusFromExecutes01010003,20020,20043,YGODUELIST-STRIKE_YGO_DUELIST010,YGODUELIST-ZABORG_THE_THUNDER_MONARCH0bYgoDieForYouUserToggleOnFalseiPermanentAtkBonusFromExecutes01010004,20018,20034,20043 | pt=2 n=5:GREED0104,7,YGODUELIST-DEFEND_YGO_DUELIST010,YGODUELIST-RAIGEKI_BREAK01010009,10011,20045,YGODUELIST-STRIKE_YGO_DUELIST010,YGODUELIST-STRIKE_YGO_DUELIST010 | pt=3 n=0: | pt=4 n=0: | pt=5 n=0: | pt=932200512 n=0: | pt=932200513 n=1:YGODUELIST-THE_LAST_WARRIOR_FROM_ANOTHER_PLANET0bYgoDieForYouUserToggleOnFalseiPermanentAtkBonusFromExecutes0iSummonAbsorbPrintedDefBonus01010000,20019,20036,20043 | pt=932200514 n=0: | pt=932200515 n=0: | pt=932200516 n=2:YGODUELIST-QUEEN_S_DOUBLE0bYgoDieForYouUserToggleOnFalseiPermanentAtkBonusFromExecutes01010000,20019,20045,YGODUELIST-VERSAGO_THE_DESTROYER0bYgoDieForYouUserToggleOnFalseiPermanentAtkBonusFromExecutes01010005,20007,20043 | pt=932200517 n=1:YGODUELIST-YELLOW_LUSTER_SHIELD01010009,20024 | pt=932200518 n=0:
[DEBUG] [ActionExecutor] Completed execution of action YgoMonsterMenuCommandGameAction owner=76561198136285041 ExitMonsterOptions pet=0, attempting to find new action
[VERYDEBUG] [ActionQueueSet] Attempting to find ready action
[VERYDEBUG] [ActionQueueSet] Queue for player 76561198345121322 is empty
[VERYDEBUG] [ActionQueueSet] Queue for player 76561198136285041 is empty
[VERYDEBUG] [ActionQueueSet] No action is ready
[DEBUG] [NetQualityTracker] Connection statistics at 08:25:04:
[DEBUG] [NetQualityTracker] 	76561198345121322 - Ping: 62.051476. Packet Loss: 3E-45.
[YgoDuelist] YgoSecondHandLayoutPatch ENTER all=5 main=5 opts=0 FocusedHolderId=3263285961002 FocusedIsOpt=False
[YgoDuelist] YgoSecondHandLayoutPatch EXIT return false
[YgoDuelist] YgoSecondHandLayoutPatch ENTER all=5 main=5 opts=0 FocusedHolderId=0 FocusedIsOpt=False
[YgoDuelist] YgoSecondHandLayoutPatch EXIT return false
[YgoDuelist] YgoSecondHandLayoutPatch ENTER all=5 main=5 opts=0 FocusedHolderId=3261927013704 FocusedIsOpt=False
[YgoDuelist] YgoSecondHandLayoutPatch EXIT return false
[YgoDuelist] YgoSecondHandLayoutPatch ENTER all=5 main=5 opts=0 FocusedHolderId=0 FocusedIsOpt=False
[YgoDuelist] YgoSecondHandLayoutPatch EXIT return false
[DEBUG] [NetMessageBus] Received message ActionEnqueuedMessage PlayerID: 76561198345121322 Action: YgoDuelist.YgoDuelistCode.GameActions.NetYgoSetSpellTrapFromHandAction Source Location: act 0 coord (0, 1) , sending to 1 handlers
[VERYDEBUG] [RunLocationTargetedMessageBuffer] Handling map-targeted message ActionEnqueuedMessage PlayerID: 76561198345121322 Action: YgoDuelist.YgoDuelistCode.GameActions.NetYgoSetSpellTrapFromHandAction Source Location: act 0 coord (0, 1)  from 76561198345121322 for location act 0 coord (0, 1)
[DEBUG] [ActionQueueSynchronizer] Received handle action enqueued message ActionEnqueuedMessage PlayerID: 76561198345121322 Action: YgoDuelist.YgoDuelistCode.GameActions.NetYgoSetSpellTrapFromHandAction Source Location: act 0 coord (0, 1)  at 08:25:11
[DEBUG] [ActionQueueSynchronizer] Enqueueing action YgoSetSpellTrapFromHandGameAction owner=76561198345121322 netCard=NetCombatCard 11 model=YGODUELIST-RAIGEKI_BREAK ord=0 from owner 76561198345121322
[DEBUG] [ActionQueueSet] Enqueueing action YgoSetSpellTrapFromHandGameAction owner=76561198345121322 netCard=NetCombatCard 11 model=YGODUELIST-RAIGEKI_BREAK ord=0 to player queue owned by 76561198345121322
[DEBUG] [ActionExecutor] Action queue changed, beginning ExecuteActions
[VERYDEBUG] [ActionQueueSet] Attempting to find ready action
[VERYDEBUG] [ActionQueueSet] Action YgoSetSpellTrapFromHandGameAction owner=76561198345121322 netCard=NetCombatCard 11 model=YGODUELIST-RAIGEKI_BREAK ord=0 with id 25 belonging to 76561198345121322 becomes new ready action
[VERYDEBUG] [ActionQueueSet] Queue for player 76561198136285041 is empty
[VERYDEBUG] [ActionQueueSet] Got ready action YgoSetSpellTrapFromHandGameAction owner=76561198345121322 netCard=NetCombatCard 11 model=YGODUELIST-RAIGEKI_BREAK ord=0 (25)
[DEBUG] [ActionExecutor] Executing action: YgoSetSpellTrapFromHandGameAction owner=76561198345121322 netCard=NetCombatCard 11 model=YGODUELIST-RAIGEKI_BREAK ord=0
[VERYDEBUG] [GameAction] Action YgoSetSpellTrapFromHandGameAction owner=76561198345121322 netCard=NetCombatCard 11 model=YGODUELIST-RAIGEKI_BREAK ord=0 began executing
[YgoDuelist][MP] YgoSetSpellTrapFromHandGameAction: TrySetFromHandAsync card=YGODUELIST-RAIGEKI_BREAK owner=76561198345121322 netIndex=11
[VERYDEBUG] [GameAction] Action YgoSetSpellTrapFromHandGameAction owner=76561198345121322 netCard=NetCombatCard 11 model=YGODUELIST-RAIGEKI_BREAK ord=0 finished execution
[DEBUG] [ChecksumTracker] Generating checksum for context: after executing action YgoSetSpellTrapFromHandGameAction owner=76561198345121322 netCard=NetCombatCard 11 model=YGODUELIST-RAIGEKI_BREAK ord=0 action: YgoSetSpellTrapFromHandGameAction owner=76561198345121322 netCard=NetCombatCard 11 model=YGODUELIST-RAIGEKI_BREAK ord=0 id: 26
[YgoDuelist][MP][Checksum][fp] netId=76561198136285041 | pt=1 n=4:YGODUELIST-DEFEND_YGO_DUELIST010,YGODUELIST-FIRE_SORCERER0bYgoDieForYouUserToggleOnFalseiPermanentAtkBonusFromExecutes01010002,20017,20041,20043,YGODUELIST-RECKLESS_GREED01010009,10011,YGODUELIST-STRIKE_YGO_DUELIST010 | pt=2 n=5:YGODUELIST-BURNING_LAND01010009,20024,YGODUELIST-DEFEND_YGO_DUELIST010,YGODUELIST-EARTH_EFFIGY0bYgoDieForYouUserToggleOnFalseiPermanentAtkBonusFromExecutes01010000,20015,20043,YGODUELIST-GAIA_POWER01010009,20027,YGODUELIST-STRIKE_YGO_DUELIST010 | pt=3 n=8:YGODUELIST-ARCANE_ARCHER_OF_THE_FOREST0bYgoDieForYouUserToggleOnFalseiPermanentAtkBonusFromExecutes01010000,20019,20043,YGODUELIST-DEFEND_YGO_DUELIST010,YGODUELIST-OJAMA_TRIO01010009,10011,YGODUELIST-OUTSTANDING_DOG_MARRON0bYgoDieForYouUserToggleOnFalseiPermanentAtkBonusFromExecutes01010004,20001,YGODUELIST-ROCKET_JUMPER0bYgoDieForYouUserToggleOnFalseiPermanentAtkBonusFromExecutes01010000,20015,20043,20045,YGODUELIST-SKELENGEL0bYgoDieForYouUserToggleOnFalseiPermanentAtkBonusFromExecutes01010004,20006,20041,YGODUELIST-STRIKE_YGO_DUELIST010,YGODUELIST-TRAP_OF_BOARD_ERASER01010009,10011 | pt=4 n=0: | pt=5 n=0: | pt=932200512 n=0: | pt=932200513 n=0: | pt=932200514 n=0: | pt=932200515 n=1:YGODUELIST-HOURGLASS_OF_COURAGE0bYgoDieForYouUserToggleOnFalseiPermanentAtkBonusFromExecutes01010004,20006,20043 | pt=932200516 n=1:YGODUELIST-TOTAL_DEFENSE_SHOGUN0bYgoDieForYouUserToggleOnFalseiPermanentAtkBonusFromExecutes01010005,20019,20034,20043 | pt=932200517 n=0: | pt=932200518 n=0:
[YgoDuelist][MP][Checksum][fp] netId=76561198345121322 | pt=1 n=6:YGODUELIST-DEFEND_YGO_DUELIST010,YGODUELIST-DEFEND_YGO_DUELIST010,YGODUELIST-FIRE_PRINCESS0bYgoDieForYouUserToggleOnFalseiPermanentAtkBonusFromExecutes01010002,20013,20043,YGODUELIST-KURAMA0bYgoDieForYouUserToggleOnFalseiPermanentAtkBonusFromExecutes01010003,20020,20043,YGODUELIST-STRIKE_YGO_DUELIST010,YGODUELIST-ZABORG_THE_THUNDER_MONARCH0bYgoDieForYouUserToggleOnFalseiPermanentAtkBonusFromExecutes01010004,20018,20034,20043 | pt=2 n=4:GREED0104,7,YGODUELIST-DEFEND_YGO_DUELIST010,YGODUELIST-STRIKE_YGO_DUELIST010,YGODUELIST-STRIKE_YGO_DUELIST010 | pt=3 n=0: | pt=4 n=0: | pt=5 n=0: | pt=932200512 n=0: | pt=932200513 n=1:YGODUELIST-THE_LAST_WARRIOR_FROM_ANOTHER_PLANET0bYgoDieForYouUserToggleOnFalseiPermanentAtkBonusFromExecutes0iSummonAbsorbPrintedDefBonus01010000,20019,20036,20043 | pt=932200514 n=0: | pt=932200515 n=0: | pt=932200516 n=2:YGODUELIST-QUEEN_S_DOUBLE0bYgoDieForYouUserToggleOnFalseiPermanentAtkBonusFromExecutes01010000,20019,20045,YGODUELIST-VERSAGO_THE_DESTROYER0bYgoDieForYouUserToggleOnFalseiPermanentAtkBonusFromExecutes01010005,20007,20043 | pt=932200517 n=2:YGODUELIST-RAIGEKI_BREAK01010009,10011,20045,YGODUELIST-YELLOW_LUSTER_SHIELD01010009,20024 | pt=932200518 n=0:
[DEBUG] [ActionExecutor] Completed execution of action YgoSetSpellTrapFromHandGameAction owner=76561198345121322 netCard=NetCombatCard 11 model=YGODUELIST-RAIGEKI_BREAK ord=0, attempting to find new action
[VERYDEBUG] [ActionQueueSet] Attempting to find ready action
[VERYDEBUG] [ActionQueueSet] Queue for player 76561198345121322 is empty
[VERYDEBUG] [ActionQueueSet] Queue for player 76561198136285041 is empty
[VERYDEBUG] [ActionQueueSet] No action is ready
[YgoDuelist] OnSecondHandCardsChanged ENTER player=10464625 cardsCount=2
[YgoDuelist]   cards[0]=Raigeki_Break id=5074231
[YgoDuelist]   cards[1]=Yellow_Luster_Shield id=20775257
[YgoDuelist] OnSecondHandCardsChanged EXIT me != player
[DEBUG] [NetMessageBus] Received message ActionEnqueuedMessage PlayerID: 76561198345121322 Action: YgoDuelist.YgoDuelistCode.GameActions.NetYgoMonsterMenuCommandAction Source Location: act 0 coord (0, 1) , sending to 1 handlers
[VERYDEBUG] [RunLocationTargetedMessageBuffer] Handling map-targeted message ActionEnqueuedMessage PlayerID: 76561198345121322 Action: YgoDuelist.YgoDuelistCode.GameActions.NetYgoMonsterMenuCommandAction Source Location: act 0 coord (0, 1)  from 76561198345121322 for location act 0 coord (0, 1)
[DEBUG] [ActionQueueSynchronizer] Received handle action enqueued message ActionEnqueuedMessage PlayerID: 76561198345121322 Action: YgoDuelist.YgoDuelistCode.GameActions.NetYgoMonsterMenuCommandAction Source Location: act 0 coord (0, 1)  at 08:25:13
[DEBUG] [ActionQueueSynchronizer] Enqueueing action YgoMonsterMenuCommandGameAction owner=76561198345121322 OpenMonsterOptions pet=4 from owner 76561198345121322
[DEBUG] [ActionQueueSet] Enqueueing action YgoMonsterMenuCommandGameAction owner=76561198345121322 OpenMonsterOptions pet=4 to player queue owned by 76561198345121322
[DEBUG] [ActionExecutor] Action queue changed, beginning ExecuteActions
[VERYDEBUG] [ActionQueueSet] Attempting to find ready action
[VERYDEBUG] [ActionQueueSet] Action YgoMonsterMenuCommandGameAction owner=76561198345121322 OpenMonsterOptions pet=4 with id 26 belonging to 76561198345121322 becomes new ready action
[VERYDEBUG] [ActionQueueSet] Queue for player 76561198136285041 is empty
[VERYDEBUG] [ActionQueueSet] Got ready action YgoMonsterMenuCommandGameAction owner=76561198345121322 OpenMonsterOptions pet=4 (26)
[DEBUG] [ActionExecutor] Executing action: YgoMonsterMenuCommandGameAction owner=76561198345121322 OpenMonsterOptions pet=4
[VERYDEBUG] [GameAction] Action YgoMonsterMenuCommandGameAction owner=76561198345121322 OpenMonsterOptions pet=4 began executing
[YgoDuelist][MP] YgoMonsterMenuCommandGameAction: kind=OpenMonsterOptions ownerNetId=76561198345121322 petCombatId=4 hasEnemy=False
[YgoDuelist] OnSecondHandCardsChanged ENTER player=10464625 cardsCount=5
[YgoDuelist]   cards[0]=Command_Defend id=48680041
[YgoDuelist]   cards[1]=Command_Attack id=35467186
[YgoDuelist]   cards[2]=Command_Change_Battle_Position id=50769224
[YgoDuelist]   cards[3]=Toggle_Die_For_You id=54269835
[YgoDuelist]   cards[4]=Exit_Monster_Options id=18666468
[YgoDuelist] OnSecondHandCardsChanged EXIT me != player
[YgoDuelist][MP][OptionPile] OpenMonsterOptions: player=76561198345121322 count=5 ids=[YGODUELIST-EXIT_MONSTER_OPTIONS=24, YGODUELIST-TOGGLE_DIE_FOR_YOU=23, YGODUELIST-COMMAND_CHANGE_BATTLE_POSITION=22, YGODUELIST-COMMAND_ATTACK=21, YGODUELIST-COMMAND_DEFEND=20]
[VERYDEBUG] [GameAction] Action YgoMonsterMenuCommandGameAction owner=76561198345121322 OpenMonsterOptions pet=4 finished execution
[DEBUG] [ChecksumTracker] Generating checksum for context: after executing action YgoMonsterMenuCommandGameAction owner=76561198345121322 OpenMonsterOptions pet=4 action: YgoMonsterMenuCommandGameAction owner=76561198345121322 OpenMonsterOptions pet=4 id: 27
[YgoDuelist][MP][Checksum][fp] netId=76561198136285041 | pt=1 n=4:YGODUELIST-DEFEND_YGO_DUELIST010,YGODUELIST-FIRE_SORCERER0bYgoDieForYouUserToggleOnFalseiPermanentAtkBonusFromExecutes01010002,20017,20041,20043,YGODUELIST-RECKLESS_GREED01010009,10011,YGODUELIST-STRIKE_YGO_DUELIST010 | pt=2 n=5:YGODUELIST-BURNING_LAND01010009,20024,YGODUELIST-DEFEND_YGO_DUELIST010,YGODUELIST-EARTH_EFFIGY0bYgoDieForYouUserToggleOnFalseiPermanentAtkBonusFromExecutes01010000,20015,20043,YGODUELIST-GAIA_POWER01010009,20027,YGODUELIST-STRIKE_YGO_DUELIST010 | pt=3 n=8:YGODUELIST-ARCANE_ARCHER_OF_THE_FOREST0bYgoDieForYouUserToggleOnFalseiPermanentAtkBonusFromExecutes01010000,20019,20043,YGODUELIST-DEFEND_YGO_DUELIST010,YGODUELIST-OJAMA_TRIO01010009,10011,YGODUELIST-OUTSTANDING_DOG_MARRON0bYgoDieForYouUserToggleOnFalseiPermanentAtkBonusFromExecutes01010004,20001,YGODUELIST-ROCKET_JUMPER0bYgoDieForYouUserToggleOnFalseiPermanentAtkBonusFromExecutes01010000,20015,20043,20045,YGODUELIST-SKELENGEL0bYgoDieForYouUserToggleOnFalseiPermanentAtkBonusFromExecutes01010004,20006,20041,YGODUELIST-STRIKE_YGO_DUELIST010,YGODUELIST-TRAP_OF_BOARD_ERASER01010009,10011 | pt=4 n=0: | pt=5 n=0: | pt=932200512 n=0: | pt=932200513 n=0: | pt=932200514 n=0: | pt=932200515 n=1:YGODUELIST-HOURGLASS_OF_COURAGE0bYgoDieForYouUserToggleOnFalseiPermanentAtkBonusFromExecutes01010004,20006,20043 | pt=932200516 n=1:YGODUELIST-TOTAL_DEFENSE_SHOGUN0bYgoDieForYouUserToggleOnFalseiPermanentAtkBonusFromExecutes01010005,20019,20034,20043 | pt=932200517 n=0: | pt=932200518 n=0:
[YgoDuelist][MP][Checksum][fp] netId=76561198345121322 | pt=1 n=6:YGODUELIST-DEFEND_YGO_DUELIST010,YGODUELIST-DEFEND_YGO_DUELIST010,YGODUELIST-FIRE_PRINCESS0bYgoDieForYouUserToggleOnFalseiPermanentAtkBonusFromExecutes01010002,20013,20043,YGODUELIST-KURAMA0bYgoDieForYouUserToggleOnFalseiPermanentAtkBonusFromExecutes01010003,20020,20043,YGODUELIST-STRIKE_YGO_DUELIST010,YGODUELIST-ZABORG_THE_THUNDER_MONARCH0bYgoDieForYouUserToggleOnFalseiPermanentAtkBonusFromExecutes01010004,20018,20034,20043 | pt=2 n=4:GREED0104,7,YGODUELIST-DEFEND_YGO_DUELIST010,YGODUELIST-STRIKE_YGO_DUELIST010,YGODUELIST-STRIKE_YGO_DUELIST010 | pt=3 n=0: | pt=4 n=0: | pt=5 n=0: | pt=932200512 n=0: | pt=932200513 n=1:YGODUELIST-THE_LAST_WARRIOR_FROM_ANOTHER_PLANET0bYgoDieForYouUserToggleOnFalseiPermanentAtkBonusFromExecutes0iSummonAbsorbPrintedDefBonus01010000,20019,20036,20043 | pt=932200514 n=0: | pt=932200515 n=0: | pt=932200516 n=2:YGODUELIST-QUEEN_S_DOUBLE0bYgoDieForYouUserToggleOnFalseiPermanentAtkBonusFromExecutes01010000,20019,20045,YGODUELIST-VERSAGO_THE_DESTROYER0bYgoDieForYouUserToggleOnFalseiPermanentAtkBonusFromExecutes01010005,20007,20043 | pt=932200517 n=2:YGODUELIST-RAIGEKI_BREAK01010009,10011,20045,YGODUELIST-YELLOW_LUSTER_SHIELD01010009,20024 | pt=932200518 n=0:
[DEBUG] [ActionExecutor] Completed execution of action YgoMonsterMenuCommandGameAction owner=76561198345121322 OpenMonsterOptions pet=4, attempting to find new action
[VERYDEBUG] [ActionQueueSet] Attempting to find ready action
[VERYDEBUG] [ActionQueueSet] Queue for player 76561198345121322 is empty
[VERYDEBUG] [ActionQueueSet] Queue for player 76561198136285041 is empty
[VERYDEBUG] [ActionQueueSet] No action is ready
[WARN] [BaseLib] GetRawText: Key 'YGO_ATTRIBUTE_DARK.title' not found in table 'static_hover_tips'
[WARN] [BaseLib] GetRawText: Key 'YGO_ATTRIBUTE_DARK.description' not found in table 'static_hover_tips'
[WARN] [BaseLib] GetRawText: Key 'YGO_RACE_FIEND.title' not found in table 'static_hover_tips'
[WARN] [BaseLib] GetRawText: Key 'YGO_RACE_FIEND.description' not found in table 'static_hover_tips'
[WARN] [BaseLib] GetRawText: Key 'YGO_RACE_FIEND.title' not found in table 'static_hover_tips'
[WARN] [BaseLib] GetRawText: Key 'YGO_RACE_FIEND.description' not found in table 'static_hover_tips'
[WARN] [BaseLib] GetRawText: Key 'YGO_ATTRIBUTE_DARK.title' not found in table 'static_hover_tips'
[WARN] [BaseLib] GetRawText: Key 'YGO_ATTRIBUTE_DARK.description' not found in table 'static_hover_tips'
[WARN] [BaseLib] GetRawText: Key 'YGO_RACE_FIEND.title' not found in table 'static_hover_tips'
[WARN] [BaseLib] GetRawText: Key 'YGO_RACE_FIEND.description' not found in table 'static_hover_tips'
[WARN] [BaseLib] GetRawText: Key 'YGO_RACE_FIEND.title' not found in table 'static_hover_tips'
[WARN] [BaseLib] GetRawText: Key 'YGO_RACE_FIEND.description' not found in table 'static_hover_tips'
[DEBUG] [NetMessageBus] Received message ActionEnqueuedMessage PlayerID: 76561198345121322 Action: YgoDuelist.YgoDuelistCode.GameActions.NetYgoMonsterMenuCommandAction Source Location: act 0 coord (0, 1) , sending to 1 handlers
[VERYDEBUG] [RunLocationTargetedMessageBuffer] Handling map-targeted message ActionEnqueuedMessage PlayerID: 76561198345121322 Action: YgoDuelist.YgoDuelistCode.GameActions.NetYgoMonsterMenuCommandAction Source Location: act 0 coord (0, 1)  from 76561198345121322 for location act 0 coord (0, 1)
[DEBUG] [ActionQueueSynchronizer] Received handle action enqueued message ActionEnqueuedMessage PlayerID: 76561198345121322 Action: YgoDuelist.YgoDuelistCode.GameActions.NetYgoMonsterMenuCommandAction Source Location: act 0 coord (0, 1)  at 08:25:16
[DEBUG] [ActionQueueSynchronizer] Enqueueing action YgoMonsterMenuCommandGameAction owner=76561198345121322 OpenMonsterOptions pet=7 from owner 76561198345121322
[DEBUG] [ActionQueueSet] Enqueueing action YgoMonsterMenuCommandGameAction owner=76561198345121322 OpenMonsterOptions pet=7 to player queue owned by 76561198345121322
[DEBUG] [ActionExecutor] Action queue changed, beginning ExecuteActions
[VERYDEBUG] [ActionQueueSet] Attempting to find ready action
[VERYDEBUG] [ActionQueueSet] Action YgoMonsterMenuCommandGameAction owner=76561198345121322 OpenMonsterOptions pet=7 with id 27 belonging to 76561198345121322 becomes new ready action
[VERYDEBUG] [ActionQueueSet] Queue for player 76561198136285041 is empty
[VERYDEBUG] [ActionQueueSet] Got ready action YgoMonsterMenuCommandGameAction owner=76561198345121322 OpenMonsterOptions pet=7 (27)
[DEBUG] [ActionExecutor] Executing action: YgoMonsterMenuCommandGameAction owner=76561198345121322 OpenMonsterOptions pet=7
[VERYDEBUG] [GameAction] Action YgoMonsterMenuCommandGameAction owner=76561198345121322 OpenMonsterOptions pet=7 began executing
[YgoDuelist][MP] YgoMonsterMenuCommandGameAction: kind=OpenMonsterOptions ownerNetId=76561198345121322 petCombatId=7 hasEnemy=False
[YgoDuelist] OnSecondHandCardsChanged ENTER player=10464625 cardsCount=5
[YgoDuelist]   cards[0]=Command_Defend id=55338164
[YgoDuelist]   cards[1]=Command_Attack id=28281428
[YgoDuelist]   cards[2]=Command_Change_Battle_Position id=53206267
[YgoDuelist]   cards[3]=Toggle_Die_For_You id=9094361
[YgoDuelist]   cards[4]=Exit_Monster_Options id=14740391
[YgoDuelist] OnSecondHandCardsChanged EXIT me != player
[YgoDuelist][MP][OptionPile] OpenMonsterOptions: player=76561198345121322 count=5 ids=[YGODUELIST-EXIT_MONSTER_OPTIONS=29, YGODUELIST-TOGGLE_DIE_FOR_YOU=28, YGODUELIST-COMMAND_CHANGE_BATTLE_POSITION=27, YGODUELIST-COMMAND_ATTACK=26, YGODUELIST-COMMAND_DEFEND=25]
[VERYDEBUG] [GameAction] Action YgoMonsterMenuCommandGameAction owner=76561198345121322 OpenMonsterOptions pet=7 finished execution
[DEBUG] [ChecksumTracker] Generating checksum for context: after executing action YgoMonsterMenuCommandGameAction owner=76561198345121322 OpenMonsterOptions pet=7 action: YgoMonsterMenuCommandGameAction owner=76561198345121322 OpenMonsterOptions pet=7 id: 28
[YgoDuelist][MP][Checksum][fp] netId=76561198136285041 | pt=1 n=4:YGODUELIST-DEFEND_YGO_DUELIST010,YGODUELIST-FIRE_SORCERER0bYgoDieForYouUserToggleOnFalseiPermanentAtkBonusFromExecutes01010002,20017,20041,20043,YGODUELIST-RECKLESS_GREED01010009,10011,YGODUELIST-STRIKE_YGO_DUELIST010 | pt=2 n=5:YGODUELIST-BURNING_LAND01010009,20024,YGODUELIST-DEFEND_YGO_DUELIST010,YGODUELIST-EARTH_EFFIGY0bYgoDieForYouUserToggleOnFalseiPermanentAtkBonusFromExecutes01010000,20015,20043,YGODUELIST-GAIA_POWER01010009,20027,YGODUELIST-STRIKE_YGO_DUELIST010 | pt=3 n=8:YGODUELIST-ARCANE_ARCHER_OF_THE_FOREST0bYgoDieForYouUserToggleOnFalseiPermanentAtkBonusFromExecutes01010000,20019,20043,YGODUELIST-DEFEND_YGO_DUELIST010,YGODUELIST-OJAMA_TRIO01010009,10011,YGODUELIST-OUTSTANDING_DOG_MARRON0bYgoDieForYouUserToggleOnFalseiPermanentAtkBonusFromExecutes01010004,20001,YGODUELIST-ROCKET_JUMPER0bYgoDieForYouUserToggleOnFalseiPermanentAtkBonusFromExecutes01010000,20015,20043,20045,YGODUELIST-SKELENGEL0bYgoDieForYouUserToggleOnFalseiPermanentAtkBonusFromExecutes01010004,20006,20041,YGODUELIST-STRIKE_YGO_DUELIST010,YGODUELIST-TRAP_OF_BOARD_ERASER01010009,10011 | pt=4 n=0: | pt=5 n=0: | pt=932200512 n=0: | pt=932200513 n=0: | pt=932200514 n=0: | pt=932200515 n=1:YGODUELIST-HOURGLASS_OF_COURAGE0bYgoDieForYouUserToggleOnFalseiPermanentAtkBonusFromExecutes01010004,20006,20043 | pt=932200516 n=1:YGODUELIST-TOTAL_DEFENSE_SHOGUN0bYgoDieForYouUserToggleOnFalseiPermanentAtkBonusFromExecutes01010005,20019,20034,20043 | pt=932200517 n=0: | pt=932200518 n=0:
[YgoDuelist][MP][Checksum][fp] netId=76561198345121322 | pt=1 n=6:YGODUELIST-DEFEND_YGO_DUELIST010,YGODUELIST-DEFEND_YGO_DUELIST010,YGODUELIST-FIRE_PRINCESS0bYgoDieForYouUserToggleOnFalseiPermanentAtkBonusFromExecutes01010002,20013,20043,YGODUELIST-KURAMA0bYgoDieForYouUserToggleOnFalseiPermanentAtkBonusFromExecutes01010003,20020,20043,YGODUELIST-STRIKE_YGO_DUELIST010,YGODUELIST-ZABORG_THE_THUNDER_MONARCH0bYgoDieForYouUserToggleOnFalseiPermanentAtkBonusFromExecutes01010004,20018,20034,20043 | pt=2 n=4:GREED0104,7,YGODUELIST-DEFEND_YGO_DUELIST010,YGODUELIST-STRIKE_YGO_DUELIST010,YGODUELIST-STRIKE_YGO_DUELIST010 | pt=3 n=0: | pt=4 n=0: | pt=5 n=0: | pt=932200512 n=0: | pt=932200513 n=1:YGODUELIST-THE_LAST_WARRIOR_FROM_ANOTHER_PLANET0bYgoDieForYouUserToggleOnFalseiPermanentAtkBonusFromExecutes0iSummonAbsorbPrintedDefBonus01010000,20019,20036,20043 | pt=932200514 n=0: | pt=932200515 n=0: | pt=932200516 n=2:YGODUELIST-QUEEN_S_DOUBLE0bYgoDieForYouUserToggleOnFalseiPermanentAtkBonusFromExecutes01010000,20019,20045,YGODUELIST-VERSAGO_THE_DESTROYER0bYgoDieForYouUserToggleOnFalseiPermanentAtkBonusFromExecutes01010005,20007,20043 | pt=932200517 n=2:YGODUELIST-RAIGEKI_BREAK01010009,10011,20045,YGODUELIST-YELLOW_LUSTER_SHIELD01010009,20024 | pt=932200518 n=0:
[DEBUG] [ActionExecutor] Completed execution of action YgoMonsterMenuCommandGameAction owner=76561198345121322 OpenMonsterOptions pet=7, attempting to find new action
[VERYDEBUG] [ActionQueueSet] Attempting to find ready action
[VERYDEBUG] [ActionQueueSet] Queue for player 76561198345121322 is empty
[VERYDEBUG] [ActionQueueSet] Queue for player 76561198136285041 is empty
[VERYDEBUG] [ActionQueueSet] No action is ready
[WARN] [BaseLib] GetRawText: Key 'YGO_ATTRIBUTE_EARTH.title' not found in table 'static_hover_tips'
[WARN] [BaseLib] GetRawText: Key 'YGO_ATTRIBUTE_EARTH.description' not found in table 'static_hover_tips'
[WARN] [BaseLib] GetRawText: Key 'YGO_RACE_WARRIOR.title' not found in table 'static_hover_tips'
[WARN] [BaseLib] GetRawText: Key 'YGO_RACE_WARRIOR.description' not found in table 'static_hover_tips'
[WARN] [BaseLib] GetRawText: Key 'YGO_ATTRIBUTE_EARTH.title' not found in table 'static_hover_tips'
[WARN] [BaseLib] GetRawText: Key 'YGO_ATTRIBUTE_EARTH.description' not found in table 'static_hover_tips'
[WARN] [BaseLib] GetRawText: Key 'YGO_RACE_WARRIOR.title' not found in table 'static_hover_tips'
[WARN] [BaseLib] GetRawText: Key 'YGO_RACE_WARRIOR.description' not found in table 'static_hover_tips'
[DEBUG] [NetMessageBus] Received message ActionEnqueuedMessage PlayerID: 76561198345121322 Action: NetPlayCardAction (NetCombatCard 25) target: null Source Location: act 0 coord (0, 1) (card: Command Defend), sending to 1 handlers
[VERYDEBUG] [RunLocationTargetedMessageBuffer] Handling map-targeted message ActionEnqueuedMessage PlayerID: 76561198345121322 Action: NetPlayCardAction (NetCombatCard 25) target: null Source Location: act 0 coord (0, 1) (card: Command Defend) from 76561198345121322 for location act 0 coord (0, 1)
[DEBUG] [ActionQueueSynchronizer] Received handle action enqueued message ActionEnqueuedMessage PlayerID: 76561198345121322 Action: NetPlayCardAction (NetCombatCard 25) target: null Source Location: act 0 coord (0, 1) (card: Command Defend) at 08:25:19
[DEBUG] [ActionQueueSynchronizer] Enqueueing action PlayCardAction card: CARD.YGODUELIST-COMMAND_DEFEND (55338164) index: 25 targetid:  from owner 76561198345121322
[WARN] [BaseLib] GetRawText: Key 'YGO_ATTRIBUTE_EARTH.title' not found in table 'static_hover_tips'
[WARN] [BaseLib] GetRawText: Key 'YGO_ATTRIBUTE_EARTH.description' not found in table 'static_hover_tips'
[WARN] [BaseLib] GetRawText: Key 'YGO_RACE_WARRIOR.title' not found in table 'static_hover_tips'
[WARN] [BaseLib] GetRawText: Key 'YGO_RACE_WARRIOR.description' not found in table 'static_hover_tips'
[DEBUG] [ActionQueueSet] Enqueueing action PlayCardAction card: CARD.YGODUELIST-COMMAND_DEFEND (55338164) index: 25 targetid:  to player queue owned by 76561198345121322
[DEBUG] [ActionExecutor] Action queue changed, beginning ExecuteActions
[VERYDEBUG] [ActionQueueSet] Attempting to find ready action
[VERYDEBUG] [ActionQueueSet] Action PlayCardAction card: CARD.YGODUELIST-COMMAND_DEFEND (55338164) index: 25 targetid:  with id 28 belonging to 76561198345121322 becomes new ready action
[VERYDEBUG] [ActionQueueSet] Queue for player 76561198136285041 is empty
[VERYDEBUG] [ActionQueueSet] Got ready action PlayCardAction card: CARD.YGODUELIST-COMMAND_DEFEND (55338164) index: 25 targetid:  (28)
[DEBUG] [ActionExecutor] Executing action: PlayCardAction card: CARD.YGODUELIST-COMMAND_DEFEND (55338164) index: 25 targetid: 
[VERYDEBUG] [GameAction] Action PlayCardAction card: CARD.YGODUELIST-COMMAND_DEFEND (55338164) index: 25 targetid:  began executing
[YgoDuelist] PlayCardFromOptionPile: ExecutePlayFromOptionPileAsync START
[YgoDuelist] PlayCardFromOptionPile: card=YGODUELIST-COMMAND_DEFEND type=Command_Defend TargetType=Self
[YgoDuelist][MP][OptionPile] post-target-resolve card=YGODUELIST-COMMAND_DEFEND source=YGODUELIST-QUEEN_S_DOUBLE sourcePetId=7 actionTargetId= resolvedTargetCombatId=
[DEBUG] [NetMessageBus] Received message ActionEnqueuedMessage PlayerID: 76561198345121322 Action: YgoDuelist.YgoDuelistCode.GameActions.NetYgoMonsterMenuCommandAction Source Location: act 0 coord (0, 1) , sending to 1 handlers
[VERYDEBUG] [RunLocationTargetedMessageBuffer] Handling map-targeted message ActionEnqueuedMessage PlayerID: 76561198345121322 Action: YgoDuelist.YgoDuelistCode.GameActions.NetYgoMonsterMenuCommandAction Source Location: act 0 coord (0, 1)  from 76561198345121322 for location act 0 coord (0, 1)
[DEBUG] [ActionQueueSynchronizer] Received handle action enqueued message ActionEnqueuedMessage PlayerID: 76561198345121322 Action: YgoDuelist.YgoDuelistCode.GameActions.NetYgoMonsterMenuCommandAction Source Location: act 0 coord (0, 1)  at 08:25:20
[DEBUG] [ActionQueueSynchronizer] Enqueueing action YgoMonsterMenuCommandGameAction owner=76561198345121322 OpenMonsterOptions pet=4 from owner 76561198345121322
[DEBUG] [ActionQueueSet] Enqueueing action YgoMonsterMenuCommandGameAction owner=76561198345121322 OpenMonsterOptions pet=4 to player queue owned by 76561198345121322
[YgoDuelist] PlayCardFromOptionPile: ExecutePlayFromOptionPileAsync END
[VERYDEBUG] [GameAction] Action PlayCardAction card: CARD.YGODUELIST-COMMAND_DEFEND (55338164) index: 25 targetid:  finished execution
[DEBUG] [ChecksumTracker] Generating checksum for context: after executing action PlayCardAction card: CARD.YGODUELIST-COMMAND_DEFEND (55338164) index: 25 targetid:  action: PlayCardAction card: CARD.YGODUELIST-COMMAND_DEFEND (55338164) index: 25 targetid:  id: 29
[YgoDuelist][MP][Checksum][fp] netId=76561198136285041 | pt=1 n=4:YGODUELIST-DEFEND_YGO_DUELIST010,YGODUELIST-FIRE_SORCERER0bYgoDieForYouUserToggleOnFalseiPermanentAtkBonusFromExecutes01010002,20017,20041,20043,YGODUELIST-RECKLESS_GREED01010009,10011,YGODUELIST-STRIKE_YGO_DUELIST010 | pt=2 n=5:YGODUELIST-BURNING_LAND01010009,20024,YGODUELIST-DEFEND_YGO_DUELIST010,YGODUELIST-EARTH_EFFIGY0bYgoDieForYouUserToggleOnFalseiPermanentAtkBonusFromExecutes01010000,20015,20043,YGODUELIST-GAIA_POWER01010009,20027,YGODUELIST-STRIKE_YGO_DUELIST010 | pt=3 n=8:YGODUELIST-ARCANE_ARCHER_OF_THE_FOREST0bYgoDieForYouUserToggleOnFalseiPermanentAtkBonusFromExecutes01010000,20019,20043,YGODUELIST-DEFEND_YGO_DUELIST010,YGODUELIST-OJAMA_TRIO01010009,10011,YGODUELIST-OUTSTANDING_DOG_MARRON0bYgoDieForYouUserToggleOnFalseiPermanentAtkBonusFromExecutes01010004,20001,YGODUELIST-ROCKET_JUMPER0bYgoDieForYouUserToggleOnFalseiPermanentAtkBonusFromExecutes01010000,20015,20043,20045,YGODUELIST-SKELENGEL0bYgoDieForYouUserToggleOnFalseiPermanentAtkBonusFromExecutes01010004,20006,20041,YGODUELIST-STRIKE_YGO_DUELIST010,YGODUELIST-TRAP_OF_BOARD_ERASER01010009,10011 | pt=4 n=0: | pt=5 n=0: | pt=932200512 n=0: | pt=932200513 n=0: | pt=932200514 n=0: | pt=932200515 n=1:YGODUELIST-HOURGLASS_OF_COURAGE0bYgoDieForYouUserToggleOnFalseiPermanentAtkBonusFromExecutes01010004,20006,20043 | pt=932200516 n=1:YGODUELIST-TOTAL_DEFENSE_SHOGUN0bYgoDieForYouUserToggleOnFalseiPermanentAtkBonusFromExecutes01010005,20019,20034,20043 | pt=932200517 n=0: | pt=932200518 n=0:
[YgoDuelist][MP][Checksum][fp] netId=76561198345121322 | pt=1 n=6:YGODUELIST-DEFEND_YGO_DUELIST010,YGODUELIST-DEFEND_YGO_DUELIST010,YGODUELIST-FIRE_PRINCESS0bYgoDieForYouUserToggleOnFalseiPermanentAtkBonusFromExecutes01010002,20013,20043,YGODUELIST-KURAMA0bYgoDieForYouUserToggleOnFalseiPermanentAtkBonusFromExecutes01010003,20020,20043,YGODUELIST-STRIKE_YGO_DUELIST010,YGODUELIST-ZABORG_THE_THUNDER_MONARCH0bYgoDieForYouUserToggleOnFalseiPermanentAtkBonusFromExecutes01010004,20018,20034,20043 | pt=2 n=4:GREED0104,7,YGODUELIST-DEFEND_YGO_DUELIST010,YGODUELIST-STRIKE_YGO_DUELIST010,YGODUELIST-STRIKE_YGO_DUELIST010 | pt=3 n=0: | pt=4 n=0: | pt=5 n=0: | pt=932200512 n=0: | pt=932200513 n=1:YGODUELIST-THE_LAST_WARRIOR_FROM_ANOTHER_PLANET0bYgoDieForYouUserToggleOnFalseiPermanentAtkBonusFromExecutes0iSummonAbsorbPrintedDefBonus01010000,20019,20036,20043 | pt=932200514 n=0: | pt=932200515 n=0: | pt=932200516 n=2:YGODUELIST-QUEEN_S_DOUBLE0bYgoDieForYouUserToggleOnFalseiPermanentAtkBonusFromExecutes01010000,20019,20045,YGODUELIST-VERSAGO_THE_DESTROYER0bYgoDieForYouUserToggleOnFalseiPermanentAtkBonusFromExecutes01010005,20007,20043 | pt=932200517 n=2:YGODUELIST-RAIGEKI_BREAK01010009,10011,20045,YGODUELIST-YELLOW_LUSTER_SHIELD01010009,20024 | pt=932200518 n=0:
[DEBUG] [ActionExecutor] Completed execution of action PlayCardAction card: CARD.YGODUELIST-COMMAND_DEFEND (55338164) index: 25 targetid: , attempting to find new action
[VERYDEBUG] [ActionQueueSet] Attempting to find ready action
[VERYDEBUG] [ActionQueueSet] Action YgoMonsterMenuCommandGameAction owner=76561198345121322 OpenMonsterOptions pet=4 with id 29 belonging to 76561198345121322 becomes new ready action
[VERYDEBUG] [ActionQueueSet] Queue for player 76561198136285041 is empty
[VERYDEBUG] [ActionQueueSet] Got ready action YgoMonsterMenuCommandGameAction owner=76561198345121322 OpenMonsterOptions pet=4 (29)
[DEBUG] [ActionExecutor] Executing action: YgoMonsterMenuCommandGameAction owner=76561198345121322 OpenMonsterOptions pet=4
[VERYDEBUG] [GameAction] Action YgoMonsterMenuCommandGameAction owner=76561198345121322 OpenMonsterOptions pet=4 began executing
[YgoDuelist][MP] YgoMonsterMenuCommandGameAction: kind=OpenMonsterOptions ownerNetId=76561198345121322 petCombatId=4 hasEnemy=False
[YgoDuelist] OnSecondHandCardsChanged ENTER player=10464625 cardsCount=5
[YgoDuelist]   cards[0]=Command_Defend id=44281783
[YgoDuelist]   cards[1]=Command_Attack id=62991727
[YgoDuelist]   cards[2]=Command_Change_Battle_Position id=30054633
[YgoDuelist]   cards[3]=Toggle_Die_For_You id=2056247
[YgoDuelist]   cards[4]=Exit_Monster_Options id=18506224
[YgoDuelist] OnSecondHandCardsChanged EXIT me != player
[YgoDuelist][MP][OptionPile] OpenMonsterOptions: player=76561198345121322 count=5 ids=[YGODUELIST-EXIT_MONSTER_OPTIONS=34, YGODUELIST-TOGGLE_DIE_FOR_YOU=33, YGODUELIST-COMMAND_CHANGE_BATTLE_POSITION=32, YGODUELIST-COMMAND_ATTACK=31, YGODUELIST-COMMAND_DEFEND=30]
[VERYDEBUG] [GameAction] Action YgoMonsterMenuCommandGameAction owner=76561198345121322 OpenMonsterOptions pet=4 finished execution
[DEBUG] [ChecksumTracker] Generating checksum for context: after executing action YgoMonsterMenuCommandGameAction owner=76561198345121322 OpenMonsterOptions pet=4 action: YgoMonsterMenuCommandGameAction owner=76561198345121322 OpenMonsterOptions pet=4 id: 30
[YgoDuelist][MP][Checksum][fp] netId=76561198136285041 | pt=1 n=4:YGODUELIST-DEFEND_YGO_DUELIST010,YGODUELIST-FIRE_SORCERER0bYgoDieForYouUserToggleOnFalseiPermanentAtkBonusFromExecutes01010002,20017,20041,20043,YGODUELIST-RECKLESS_GREED01010009,10011,YGODUELIST-STRIKE_YGO_DUELIST010 | pt=2 n=5:YGODUELIST-BURNING_LAND01010009,20024,YGODUELIST-DEFEND_YGO_DUELIST010,YGODUELIST-EARTH_EFFIGY0bYgoDieForYouUserToggleOnFalseiPermanentAtkBonusFromExecutes01010000,20015,20043,YGODUELIST-GAIA_POWER01010009,20027,YGODUELIST-STRIKE_YGO_DUELIST010 | pt=3 n=8:YGODUELIST-ARCANE_ARCHER_OF_THE_FOREST0bYgoDieForYouUserToggleOnFalseiPermanentAtkBonusFromExecutes01010000,20019,20043,YGODUELIST-DEFEND_YGO_DUELIST010,YGODUELIST-OJAMA_TRIO01010009,10011,YGODUELIST-OUTSTANDING_DOG_MARRON0bYgoDieForYouUserToggleOnFalseiPermanentAtkBonusFromExecutes01010004,20001,YGODUELIST-ROCKET_JUMPER0bYgoDieForYouUserToggleOnFalseiPermanentAtkBonusFromExecutes01010000,20015,20043,20045,YGODUELIST-SKELENGEL0bYgoDieForYouUserToggleOnFalseiPermanentAtkBonusFromExecutes01010004,20006,20041,YGODUELIST-STRIKE_YGO_DUELIST010,YGODUELIST-TRAP_OF_BOARD_ERASER01010009,10011 | pt=4 n=0: | pt=5 n=0: | pt=932200512 n=0: | pt=932200513 n=0: | pt=932200514 n=0: | pt=932200515 n=1:YGODUELIST-HOURGLASS_OF_COURAGE0bYgoDieForYouUserToggleOnFalseiPermanentAtkBonusFromExecutes01010004,20006,20043 | pt=932200516 n=1:YGODUELIST-TOTAL_DEFENSE_SHOGUN0bYgoDieForYouUserToggleOnFalseiPermanentAtkBonusFromExecutes01010005,20019,20034,20043 | pt=932200517 n=0: | pt=932200518 n=0:
[YgoDuelist][MP][Checksum][fp] netId=76561198345121322 | pt=1 n=6:YGODUELIST-DEFEND_YGO_DUELIST010,YGODUELIST-DEFEND_YGO_DUELIST010,YGODUELIST-FIRE_PRINCESS0bYgoDieForYouUserToggleOnFalseiPermanentAtkBonusFromExecutes01010002,20013,20043,YGODUELIST-KURAMA0bYgoDieForYouUserToggleOnFalseiPermanentAtkBonusFromExecutes01010003,20020,20043,YGODUELIST-STRIKE_YGO_DUELIST010,YGODUELIST-ZABORG_THE_THUNDER_MONARCH0bYgoDieForYouUserToggleOnFalseiPermanentAtkBonusFromExecutes01010004,20018,20034,20043 | pt=2 n=4:GREED0104,7,YGODUELIST-DEFEND_YGO_DUELIST010,YGODUELIST-STRIKE_YGO_DUELIST010,YGODUELIST-STRIKE_YGO_DUELIST010 | pt=3 n=0: | pt=4 n=0: | pt=5 n=0: | pt=932200512 n=0: | pt=932200513 n=1:YGODUELIST-THE_LAST_WARRIOR_FROM_ANOTHER_PLANET0bYgoDieForYouUserToggleOnFalseiPermanentAtkBonusFromExecutes0iSummonAbsorbPrintedDefBonus01010000,20019,20036,20043 | pt=932200514 n=0: | pt=932200515 n=0: | pt=932200516 n=2:YGODUELIST-QUEEN_S_DOUBLE0bYgoDieForYouUserToggleOnFalseiPermanentAtkBonusFromExecutes01010000,20019,20045,YGODUELIST-VERSAGO_THE_DESTROYER0bYgoDieForYouUserToggleOnFalseiPermanentAtkBonusFromExecutes01010005,20007,20043 | pt=932200517 n=2:YGODUELIST-RAIGEKI_BREAK01010009,10011,20045,YGODUELIST-YELLOW_LUSTER_SHIELD01010009,20024 | pt=932200518 n=0:
[DEBUG] [ActionExecutor] Completed execution of action YgoMonsterMenuCommandGameAction owner=76561198345121322 OpenMonsterOptions pet=4, attempting to find new action
[VERYDEBUG] [ActionQueueSet] Attempting to find ready action
[VERYDEBUG] [ActionQueueSet] Queue for player 76561198345121322 is empty
[VERYDEBUG] [ActionQueueSet] Queue for player 76561198136285041 is empty
[VERYDEBUG] [ActionQueueSet] No action is ready
[YgoDuelist] OnSecondHandCardsChanged ENTER player=10464625 cardsCount=5
[YgoDuelist]   cards[0]=Command_Defend id=44281783
[YgoDuelist]   cards[1]=Command_Attack id=62991727
[YgoDuelist]   cards[2]=Command_Change_Battle_Position id=30054633
[YgoDuelist]   cards[3]=Toggle_Die_For_You id=2056247
[YgoDuelist]   cards[4]=Exit_Monster_Options id=18506224
[YgoDuelist] OnSecondHandCardsChanged EXIT me != player
[WARN] [BaseLib] GetRawText: Key 'YGO_ATTRIBUTE_DARK.title' not found in table 'static_hover_tips'
[WARN] [BaseLib] GetRawText: Key 'YGO_ATTRIBUTE_DARK.description' not found in table 'static_hover_tips'
[WARN] [BaseLib] GetRawText: Key 'YGO_RACE_FIEND.title' not found in table 'static_hover_tips'
[WARN] [BaseLib] GetRawText: Key 'YGO_RACE_FIEND.description' not found in table 'static_hover_tips'
[WARN] [BaseLib] GetRawText: Key 'YGO_RACE_FIEND.title' not found in table 'static_hover_tips'
[WARN] [BaseLib] GetRawText: Key 'YGO_RACE_FIEND.description' not found in table 'static_hover_tips'
[DEBUG] [NetMessageBus] Received message ActionEnqueuedMessage PlayerID: 76561198345121322 Action: NetPlayCardAction (NetCombatCard 30) target: null Source Location: act 0 coord (0, 1) (card: Command Defend), sending to 1 handlers
[VERYDEBUG] [RunLocationTargetedMessageBuffer] Handling map-targeted message ActionEnqueuedMessage PlayerID: 76561198345121322 Action: NetPlayCardAction (NetCombatCard 30) target: null Source Location: act 0 coord (0, 1) (card: Command Defend) from 76561198345121322 for location act 0 coord (0, 1)
[DEBUG] [ActionQueueSynchronizer] Received handle action enqueued message ActionEnqueuedMessage PlayerID: 76561198345121322 Action: NetPlayCardAction (NetCombatCard 30) target: null Source Location: act 0 coord (0, 1) (card: Command Defend) at 08:25:21
[DEBUG] [ActionQueueSynchronizer] Enqueueing action PlayCardAction card: CARD.YGODUELIST-COMMAND_DEFEND (44281783) index: 30 targetid:  from owner 76561198345121322
[WARN] [BaseLib] GetRawText: Key 'YGO_ATTRIBUTE_DARK.title' not found in table 'static_hover_tips'
[WARN] [BaseLib] GetRawText: Key 'YGO_ATTRIBUTE_DARK.description' not found in table 'static_hover_tips'
[WARN] [BaseLib] GetRawText: Key 'YGO_RACE_FIEND.title' not found in table 'static_hover_tips'
[WARN] [BaseLib] GetRawText: Key 'YGO_RACE_FIEND.description' not found in table 'static_hover_tips'
[WARN] [BaseLib] GetRawText: Key 'YGO_RACE_FIEND.title' not found in table 'static_hover_tips'
[WARN] [BaseLib] GetRawText: Key 'YGO_RACE_FIEND.description' not found in table 'static_hover_tips'
[DEBUG] [ActionQueueSet] Enqueueing action PlayCardAction card: CARD.YGODUELIST-COMMAND_DEFEND (44281783) index: 30 targetid:  to player queue owned by 76561198345121322
[DEBUG] [ActionExecutor] Action queue changed, beginning ExecuteActions
[VERYDEBUG] [ActionQueueSet] Attempting to find ready action
[VERYDEBUG] [ActionQueueSet] Action PlayCardAction card: CARD.YGODUELIST-COMMAND_DEFEND (44281783) index: 30 targetid:  with id 30 belonging to 76561198345121322 becomes new ready action
[VERYDEBUG] [ActionQueueSet] Queue for player 76561198136285041 is empty
[VERYDEBUG] [ActionQueueSet] Got ready action PlayCardAction card: CARD.YGODUELIST-COMMAND_DEFEND (44281783) index: 30 targetid:  (30)
[DEBUG] [ActionExecutor] Executing action: PlayCardAction card: CARD.YGODUELIST-COMMAND_DEFEND (44281783) index: 30 targetid: 
[VERYDEBUG] [GameAction] Action PlayCardAction card: CARD.YGODUELIST-COMMAND_DEFEND (44281783) index: 30 targetid:  began executing
[YgoDuelist] PlayCardFromOptionPile: ExecutePlayFromOptionPileAsync START
[YgoDuelist] PlayCardFromOptionPile: card=YGODUELIST-COMMAND_DEFEND type=Command_Defend TargetType=Self
[YgoDuelist][MP][OptionPile] post-target-resolve card=YGODUELIST-COMMAND_DEFEND source=YGODUELIST-VERSAGO_THE_DESTROYER sourcePetId=4 actionTargetId= resolvedTargetCombatId=
[DEBUG] [NetMessageBus] Received message ActionEnqueuedMessage PlayerID: 76561198345121322 Action: NetPlayCardAction (NetCombatCard 12) target: null Source Location: act 0 coord (0, 1) (card: Defend), sending to 1 handlers
[VERYDEBUG] [RunLocationTargetedMessageBuffer] Handling map-targeted message ActionEnqueuedMessage PlayerID: 76561198345121322 Action: NetPlayCardAction (NetCombatCard 12) target: null Source Location: act 0 coord (0, 1) (card: Defend) from 76561198345121322 for location act 0 coord (0, 1)
[DEBUG] [ActionQueueSynchronizer] Received handle action enqueued message ActionEnqueuedMessage PlayerID: 76561198345121322 Action: NetPlayCardAction (NetCombatCard 12) target: null Source Location: act 0 coord (0, 1) (card: Defend) at 08:25:22
[DEBUG] [ActionQueueSynchronizer] Enqueueing action PlayCardAction card: CARD.YGODUELIST-DEFEND_YGO_DUELIST (45668079) index: 12 targetid:  from owner 76561198345121322
[DEBUG] [ActionQueueSet] Enqueueing action PlayCardAction card: CARD.YGODUELIST-DEFEND_YGO_DUELIST (45668079) index: 12 targetid:  to player queue owned by 76561198345121322
[YgoDuelist] PlayCardFromOptionPile: ExecutePlayFromOptionPileAsync END
[VERYDEBUG] [GameAction] Action PlayCardAction card: CARD.YGODUELIST-COMMAND_DEFEND (44281783) index: 30 targetid:  finished execution
[DEBUG] [ChecksumTracker] Generating checksum for context: after executing action PlayCardAction card: CARD.YGODUELIST-COMMAND_DEFEND (44281783) index: 30 targetid:  action: PlayCardAction card: CARD.YGODUELIST-COMMAND_DEFEND (44281783) index: 30 targetid:  id: 31
[YgoDuelist][MP][Checksum][fp] netId=76561198136285041 | pt=1 n=4:YGODUELIST-DEFEND_YGO_DUELIST010,YGODUELIST-FIRE_SORCERER0bYgoDieForYouUserToggleOnFalseiPermanentAtkBonusFromExecutes01010002,20017,20041,20043,YGODUELIST-RECKLESS_GREED01010009,10011,YGODUELIST-STRIKE_YGO_DUELIST010 | pt=2 n=5:YGODUELIST-BURNING_LAND01010009,20024,YGODUELIST-DEFEND_YGO_DUELIST010,YGODUELIST-EARTH_EFFIGY0bYgoDieForYouUserToggleOnFalseiPermanentAtkBonusFromExecutes01010000,20015,20043,YGODUELIST-GAIA_POWER01010009,20027,YGODUELIST-STRIKE_YGO_DUELIST010 | pt=3 n=8:YGODUELIST-ARCANE_ARCHER_OF_THE_FOREST0bYgoDieForYouUserToggleOnFalseiPermanentAtkBonusFromExecutes01010000,20019,20043,YGODUELIST-DEFEND_YGO_DUELIST010,YGODUELIST-OJAMA_TRIO01010009,10011,YGODUELIST-OUTSTANDING_DOG_MARRON0bYgoDieForYouUserToggleOnFalseiPermanentAtkBonusFromExecutes01010004,20001,YGODUELIST-ROCKET_JUMPER0bYgoDieForYouUserToggleOnFalseiPermanentAtkBonusFromExecutes01010000,20015,20043,20045,YGODUELIST-SKELENGEL0bYgoDieForYouUserToggleOnFalseiPermanentAtkBonusFromExecutes01010004,20006,20041,YGODUELIST-STRIKE_YGO_DUELIST010,YGODUELIST-TRAP_OF_BOARD_ERASER01010009,10011 | pt=4 n=0: | pt=5 n=0: | pt=932200512 n=0: | pt=932200513 n=0: | pt=932200514 n=0: | pt=932200515 n=1:YGODUELIST-HOURGLASS_OF_COURAGE0bYgoDieForYouUserToggleOnFalseiPermanentAtkBonusFromExecutes01010004,20006,20043 | pt=932200516 n=1:YGODUELIST-TOTAL_DEFENSE_SHOGUN0bYgoDieForYouUserToggleOnFalseiPermanentAtkBonusFromExecutes01010005,20019,20034,20043 | pt=932200517 n=0: | pt=932200518 n=0:
[YgoDuelist][MP][Checksum][fp] netId=76561198345121322 | pt=1 n=6:YGODUELIST-DEFEND_YGO_DUELIST010,YGODUELIST-DEFEND_YGO_DUELIST010,YGODUELIST-FIRE_PRINCESS0bYgoDieForYouUserToggleOnFalseiPermanentAtkBonusFromExecutes01010002,20013,20043,YGODUELIST-KURAMA0bYgoDieForYouUserToggleOnFalseiPermanentAtkBonusFromExecutes01010003,20020,20043,YGODUELIST-STRIKE_YGO_DUELIST010,YGODUELIST-ZABORG_THE_THUNDER_MONARCH0bYgoDieForYouUserToggleOnFalseiPermanentAtkBonusFromExecutes01010004,20018,20034,20043 | pt=2 n=4:GREED0104,7,YGODUELIST-DEFEND_YGO_DUELIST010,YGODUELIST-STRIKE_YGO_DUELIST010,YGODUELIST-STRIKE_YGO_DUELIST010 | pt=3 n=0: | pt=4 n=0: | pt=5 n=0: | pt=932200512 n=0: | pt=932200513 n=1:YGODUELIST-THE_LAST_WARRIOR_FROM_ANOTHER_PLANET0bYgoDieForYouUserToggleOnFalseiPermanentAtkBonusFromExecutes0iSummonAbsorbPrintedDefBonus01010000,20019,20036,20043 | pt=932200514 n=0: | pt=932200515 n=0: | pt=932200516 n=2:YGODUELIST-QUEEN_S_DOUBLE0bYgoDieForYouUserToggleOnFalseiPermanentAtkBonusFromExecutes01010000,20019,20045,YGODUELIST-VERSAGO_THE_DESTROYER0bYgoDieForYouUserToggleOnFalseiPermanentAtkBonusFromExecutes01010005,20007,20043 | pt=932200517 n=2:YGODUELIST-RAIGEKI_BREAK01010009,10011,20045,YGODUELIST-YELLOW_LUSTER_SHIELD01010009,20024 | pt=932200518 n=0:
[DEBUG] [ActionExecutor] Completed execution of action PlayCardAction card: CARD.YGODUELIST-COMMAND_DEFEND (44281783) index: 30 targetid: , attempting to find new action
[VERYDEBUG] [ActionQueueSet] Attempting to find ready action
[VERYDEBUG] [ActionQueueSet] Action PlayCardAction card: CARD.YGODUELIST-DEFEND_YGO_DUELIST (45668079) index: 12 targetid:  with id 31 belonging to 76561198345121322 becomes new ready action
[VERYDEBUG] [ActionQueueSet] Queue for player 76561198136285041 is empty
[VERYDEBUG] [ActionQueueSet] Got ready action PlayCardAction card: CARD.YGODUELIST-DEFEND_YGO_DUELIST (45668079) index: 12 targetid:  (31)
[DEBUG] [ActionExecutor] Executing action: PlayCardAction card: CARD.YGODUELIST-DEFEND_YGO_DUELIST (45668079) index: 12 targetid: 
[VERYDEBUG] [GameAction] Action PlayCardAction card: CARD.YGODUELIST-DEFEND_YGO_DUELIST (45668079) index: 12 targetid:  began executing
[INFO] Player 76561198345121322 playing card YGODUELIST-DEFEND_YGO_DUELIST (no target)
[YgoDuelist] OnSecondHandCardsChanged ENTER player=10464625 cardsCount=5
[YgoDuelist]   cards[0]=Command_Defend id=44281783
[YgoDuelist]   cards[1]=Command_Attack id=62991727
[YgoDuelist]   cards[2]=Command_Change_Battle_Position id=30054633
[YgoDuelist]   cards[3]=Toggle_Die_For_You id=2056247
[YgoDuelist]   cards[4]=Exit_Monster_Options id=18506224
[YgoDuelist] OnSecondHandCardsChanged EXIT me != player
[VERYDEBUG] [GameAction] Action PlayCardAction card: CARD.YGODUELIST-DEFEND_YGO_DUELIST (45668079) index: 12 targetid:  finished execution
[DEBUG] [ChecksumTracker] Generating checksum for context: after executing action PlayCardAction card: CARD.YGODUELIST-DEFEND_YGO_DUELIST (45668079) index: 12 targetid:  action: PlayCardAction card: CARD.YGODUELIST-DEFEND_YGO_DUELIST (45668079) index: 12 targetid:  id: 32
[YgoDuelist][MP][Checksum][fp] netId=76561198136285041 | pt=1 n=4:YGODUELIST-DEFEND_YGO_DUELIST010,YGODUELIST-FIRE_SORCERER0bYgoDieForYouUserToggleOnFalseiPermanentAtkBonusFromExecutes01010002,20017,20041,20043,YGODUELIST-RECKLESS_GREED01010009,10011,YGODUELIST-STRIKE_YGO_DUELIST010 | pt=2 n=5:YGODUELIST-BURNING_LAND01010009,20024,YGODUELIST-DEFEND_YGO_DUELIST010,YGODUELIST-EARTH_EFFIGY0bYgoDieForYouUserToggleOnFalseiPermanentAtkBonusFromExecutes01010000,20015,20043,YGODUELIST-GAIA_POWER01010009,20027,YGODUELIST-STRIKE_YGO_DUELIST010 | pt=3 n=8:YGODUELIST-ARCANE_ARCHER_OF_THE_FOREST0bYgoDieForYouUserToggleOnFalseiPermanentAtkBonusFromExecutes01010000,20019,20043,YGODUELIST-DEFEND_YGO_DUELIST010,YGODUELIST-OJAMA_TRIO01010009,10011,YGODUELIST-OUTSTANDING_DOG_MARRON0bYgoDieForYouUserToggleOnFalseiPermanentAtkBonusFromExecutes01010004,20001,YGODUELIST-ROCKET_JUMPER0bYgoDieForYouUserToggleOnFalseiPermanentAtkBonusFromExecutes01010000,20015,20043,20045,YGODUELIST-SKELENGEL0bYgoDieForYouUserToggleOnFalseiPermanentAtkBonusFromExecutes01010004,20006,20041,YGODUELIST-STRIKE_YGO_DUELIST010,YGODUELIST-TRAP_OF_BOARD_ERASER01010009,10011 | pt=4 n=0: | pt=5 n=0: | pt=932200512 n=0: | pt=932200513 n=0: | pt=932200514 n=0: | pt=932200515 n=1:YGODUELIST-HOURGLASS_OF_COURAGE0bYgoDieForYouUserToggleOnFalseiPermanentAtkBonusFromExecutes01010004,20006,20043 | pt=932200516 n=1:YGODUELIST-TOTAL_DEFENSE_SHOGUN0bYgoDieForYouUserToggleOnFalseiPermanentAtkBonusFromExecutes01010005,20019,20034,20043 | pt=932200517 n=0: | pt=932200518 n=0:
[YgoDuelist][MP][Checksum][fp] netId=76561198345121322 | pt=1 n=6:YGODUELIST-DEFEND_YGO_DUELIST010,YGODUELIST-DEFEND_YGO_DUELIST010,YGODUELIST-FIRE_PRINCESS0bYgoDieForYouUserToggleOnFalseiPermanentAtkBonusFromExecutes01010002,20013,20043,YGODUELIST-KURAMA0bYgoDieForYouUserToggleOnFalseiPermanentAtkBonusFromExecutes01010003,20020,20043,YGODUELIST-STRIKE_YGO_DUELIST010,YGODUELIST-ZABORG_THE_THUNDER_MONARCH0bYgoDieForYouUserToggleOnFalseiPermanentAtkBonusFromExecutes01010004,20018,20034,20043 | pt=2 n=3:GREED0104,7,YGODUELIST-STRIKE_YGO_DUELIST010,YGODUELIST-STRIKE_YGO_DUELIST010 | pt=3 n=1:YGODUELIST-DEFEND_YGO_DUELIST010 | pt=4 n=0: | pt=5 n=0: | pt=932200512 n=0: | pt=932200513 n=1:YGODUELIST-THE_LAST_WARRIOR_FROM_ANOTHER_PLANET0bYgoDieForYouUserToggleOnFalseiPermanentAtkBonusFromExecutes0iSummonAbsorbPrintedDefBonus01010000,20019,20036,20043 | pt=932200514 n=0: | pt=932200515 n=0: | pt=932200516 n=2:YGODUELIST-QUEEN_S_DOUBLE0bYgoDieForYouUserToggleOnFalseiPermanentAtkBonusFromExecutes01010000,20019,20045,YGODUELIST-VERSAGO_THE_DESTROYER0bYgoDieForYouUserToggleOnFalseiPermanentAtkBonusFromExecutes01010005,20007,20043 | pt=932200517 n=2:YGODUELIST-RAIGEKI_BREAK01010009,10011,20045,YGODUELIST-YELLOW_LUSTER_SHIELD01010009,20024 | pt=932200518 n=0:
[DEBUG] [ActionExecutor] Completed execution of action PlayCardAction card: CARD.YGODUELIST-DEFEND_YGO_DUELIST (45668079) index: 12 targetid: , attempting to find new action
[VERYDEBUG] [ActionQueueSet] Attempting to find ready action
[VERYDEBUG] [ActionQueueSet] Queue for player 76561198345121322 is empty
[VERYDEBUG] [ActionQueueSet] Queue for player 76561198136285041 is empty
[VERYDEBUG] [ActionQueueSet] No action is ready
[DEBUG] [NetMessageBus] Received message ActionEnqueuedMessage PlayerID: 76561198345121322 Action: NetEndPlayerTurnAction round: 3 Source Location: act 0 coord (0, 1) , sending to 1 handlers
[VERYDEBUG] [RunLocationTargetedMessageBuffer] Handling map-targeted message ActionEnqueuedMessage PlayerID: 76561198345121322 Action: NetEndPlayerTurnAction round: 3 Source Location: act 0 coord (0, 1)  from 76561198345121322 for location act 0 coord (0, 1)
[DEBUG] [ActionQueueSynchronizer] Received handle action enqueued message ActionEnqueuedMessage PlayerID: 76561198345121322 Action: NetEndPlayerTurnAction round: 3 Source Location: act 0 coord (0, 1)  at 08:25:24
[DEBUG] [ActionQueueSynchronizer] Enqueueing action EndPlayerTurnAction for player 76561198345121322 round 3 from owner 76561198345121322
[DEBUG] [ActionQueueSet] Enqueueing action EndPlayerTurnAction for player 76561198345121322 round 3 to player queue owned by 76561198345121322
[DEBUG] [ActionExecutor] Action queue changed, beginning ExecuteActions
[VERYDEBUG] [ActionQueueSet] Attempting to find ready action
[VERYDEBUG] [ActionQueueSet] Action EndPlayerTurnAction for player 76561198345121322 round 3 with id 32 belonging to 76561198345121322 becomes new ready action
[VERYDEBUG] [ActionQueueSet] Queue for player 76561198136285041 is empty
[VERYDEBUG] [ActionQueueSet] Got ready action EndPlayerTurnAction for player 76561198345121322 round 3 (32)
[DEBUG] [ActionExecutor] Executing action: EndPlayerTurnAction for player 76561198345121322 round 3
[VERYDEBUG] [GameAction] Action EndPlayerTurnAction for player 76561198345121322 round 3 began executing
[VERYDEBUG] [GameAction] Action EndPlayerTurnAction for player 76561198345121322 round 3 finished execution
[DEBUG] [ActionExecutor] Completed execution of action EndPlayerTurnAction for player 76561198345121322 round 3, attempting to find new action
[VERYDEBUG] [ActionQueueSet] Attempting to find ready action
[VERYDEBUG] [ActionQueueSet] Queue for player 76561198345121322 is empty
[VERYDEBUG] [ActionQueueSet] Queue for player 76561198136285041 is empty
[VERYDEBUG] [ActionQueueSet] No action is ready
[DEBUG] [NetQualityTracker] Connection statistics at 08:25:24:
[DEBUG] [NetQualityTracker] 	76561198345121322 - Ping: 68.0938. Packet Loss: 3E-45.
[YgoDuelist] YgoSecondHandLayoutPatch ENTER all=5 main=5 opts=0 FocusedHolderId=3267278945310 FocusedIsOpt=False
[YgoDuelist] YgoSecondHandLayoutPatch EXIT return false
[YgoDuelist] YgoSecondHandLayoutPatch ENTER all=5 main=5 opts=0 FocusedHolderId=0 FocusedIsOpt=False
[YgoDuelist] YgoSecondHandLayoutPatch EXIT return false
[YgoDuelist] YgoSecondHandLayoutPatch ENTER all=4 main=4 opts=0 FocusedHolderId=0 FocusedIsOpt=False
[YgoDuelist] YgoSecondHandLayoutPatch EXIT return false
[YgoDuelist] YgoSecondHandLayoutPatch ENTER all=5 main=5 opts=0 FocusedHolderId=0 FocusedIsOpt=False
[YgoDuelist] YgoSecondHandLayoutPatch EXIT return false
[YgoDuelist] Right mouse button pressed.
[YgoDuelist] Right-click: no currently hovered duel pet.
[WARN] [BaseLib] GetRawText: Key 'YGO_RACE_SPELL_CONTINUOUS.title' not found in table 'static_hover_tips'
[WARN] [BaseLib] GetRawText: Key 'YGO_RACE_SPELL_CONTINUOUS.description' not found in table 'static_hover_tips'
[YgoDuelist] YgoSecondHandLayoutPatch ENTER all=5 main=5 opts=0 FocusedHolderId=0 FocusedIsOpt=False
[YgoDuelist] YgoSecondHandLayoutPatch EXIT return false
[YgoDuelist] Hover start on duel pet: DuelMonsterModel
[YgoDuelist] Hover end on duel pet: DuelMonsterModel
[YgoDuelist] Hover start on duel pet: DuelMonsterModel
[YgoDuelist] Hover end on duel pet: DuelMonsterModel
[YgoDuelist] YgoSecondHandLayoutPatch ENTER all=5 main=5 opts=0 FocusedHolderId=3267278945310 FocusedIsOpt=False
[YgoDuelist] YgoSecondHandLayoutPatch EXIT return false
[YgoDuelist] YgoSecondHandLayoutPatch ENTER all=5 main=5 opts=0 FocusedHolderId=0 FocusedIsOpt=False
[YgoDuelist] YgoSecondHandLayoutPatch EXIT return false
[YgoDuelist] YgoSecondHandLayoutPatch ENTER all=4 main=4 opts=0 FocusedHolderId=0 FocusedIsOpt=False
[YgoDuelist] YgoSecondHandLayoutPatch EXIT return false
[DEBUG] [ActionQueueSynchronizer] Sending message to host requesting to enqueue action YgoSetSpellTrapFromHandGameAction owner=76561198136285041 netCard=NetCombatCard 2062 model=YGODUELIST-BURNING_LAND ord=0 at 08:25:30
[YgoDuelist][MP][Queue] SetSpellTrapFromHand -> YgoSetSpellTrapFromHandGameAction owner=76561198136285041 netCard=NetCombatCard 2062 model=YGODUELIST-BURNING_LAND ord=0
[YgoDuelist] YgoSecondHandLayoutPatch ENTER all=5 main=5 opts=0 FocusedHolderId=0 FocusedIsOpt=False
[YgoDuelist] YgoSecondHandLayoutPatch EXIT return false
[YgoDuelist] YgoSecondHandLayoutPatch ENTER all=5 main=5 opts=0 FocusedHolderId=3267278945310 FocusedIsOpt=False
[YgoDuelist] YgoSecondHandLayoutPatch EXIT return false
[DEBUG] [NetMessageBus] Received message ActionEnqueuedMessage PlayerID: 76561198136285041 Action: YgoDuelist.YgoDuelistCode.GameActions.NetYgoSetSpellTrapFromHandAction Source Location: act 0 coord (0, 1) , sending to 1 handlers
[VERYDEBUG] [RunLocationTargetedMessageBuffer] Handling map-targeted message ActionEnqueuedMessage PlayerID: 76561198136285041 Action: YgoDuelist.YgoDuelistCode.GameActions.NetYgoSetSpellTrapFromHandAction Source Location: act 0 coord (0, 1)  from 76561198345121322 for location act 0 coord (0, 1)
[DEBUG] [ActionQueueSynchronizer] Received handle action enqueued message ActionEnqueuedMessage PlayerID: 76561198136285041 Action: YgoDuelist.YgoDuelistCode.GameActions.NetYgoSetSpellTrapFromHandAction Source Location: act 0 coord (0, 1)  at 08:25:31
[DEBUG] [ActionQueueSynchronizer] Enqueueing action YgoSetSpellTrapFromHandGameAction owner=76561198136285041 netCard=NetCombatCard 2062 model=YGODUELIST-BURNING_LAND ord=0 from owner 76561198136285041
[DEBUG] [ActionQueueSet] Enqueueing action YgoSetSpellTrapFromHandGameAction owner=76561198136285041 netCard=NetCombatCard 2062 model=YGODUELIST-BURNING_LAND ord=0 to player queue owned by 76561198136285041
[DEBUG] [ActionExecutor] Action queue changed, beginning ExecuteActions
[VERYDEBUG] [ActionQueueSet] Attempting to find ready action
[VERYDEBUG] [ActionQueueSet] Queue for player 76561198345121322 is empty
[VERYDEBUG] [ActionQueueSet] Action YgoSetSpellTrapFromHandGameAction owner=76561198136285041 netCard=NetCombatCard 2062 model=YGODUELIST-BURNING_LAND ord=0 with id 33 belonging to 76561198136285041 becomes new ready action
[VERYDEBUG] [ActionQueueSet] Got ready action YgoSetSpellTrapFromHandGameAction owner=76561198136285041 netCard=NetCombatCard 2062 model=YGODUELIST-BURNING_LAND ord=0 (33)
[DEBUG] [ActionExecutor] Executing action: YgoSetSpellTrapFromHandGameAction owner=76561198136285041 netCard=NetCombatCard 2062 model=YGODUELIST-BURNING_LAND ord=0
[VERYDEBUG] [GameAction] Action YgoSetSpellTrapFromHandGameAction owner=76561198136285041 netCard=NetCombatCard 2062 model=YGODUELIST-BURNING_LAND ord=0 began executing
[YgoDuelist][MP] YgoSetSpellTrapFromHandGameAction: TrySetFromHandAsync card=YGODUELIST-BURNING_LAND owner=76561198136285041 netIndex=2062
[YgoDuelist] YgoSecondHandLayoutPatch ENTER all=5 main=5 opts=0 FocusedHolderId=0 FocusedIsOpt=False
[YgoDuelist] YgoSecondHandLayoutPatch EXIT return false
[YgoDuelist] YgoSecondHandLayoutPatch ENTER all=4 main=4 opts=0 FocusedHolderId=0 FocusedIsOpt=False
[YgoDuelist] YgoSecondHandLayoutPatch EXIT return false
[VERYDEBUG] [GameAction] Action YgoSetSpellTrapFromHandGameAction owner=76561198136285041 netCard=NetCombatCard 2062 model=YGODUELIST-BURNING_LAND ord=0 finished execution
[DEBUG] [ChecksumTracker] Generating checksum for context: after executing action YgoSetSpellTrapFromHandGameAction owner=76561198136285041 netCard=NetCombatCard 2062 model=YGODUELIST-BURNING_LAND ord=0 action: YgoSetSpellTrapFromHandGameAction owner=76561198136285041 netCard=NetCombatCard 2062 model=YGODUELIST-BURNING_LAND ord=0 id: 33
[YgoDuelist][MP][Checksum][fp] netId=76561198136285041 | pt=1 n=4:YGODUELIST-DEFEND_YGO_DUELIST010,YGODUELIST-FIRE_SORCERER0bYgoDieForYouUserToggleOnFalseiPermanentAtkBonusFromExecutes01010002,20017,20041,20043,YGODUELIST-RECKLESS_GREED01010009,10011,YGODUELIST-STRIKE_YGO_DUELIST010 | pt=2 n=4:YGODUELIST-DEFEND_YGO_DUELIST010,YGODUELIST-EARTH_EFFIGY0bYgoDieForYouUserToggleOnFalseiPermanentAtkBonusFromExecutes01010000,20015,20043,YGODUELIST-GAIA_POWER01010009,20027,YGODUELIST-STRIKE_YGO_DUELIST010 | pt=3 n=8:YGODUELIST-ARCANE_ARCHER_OF_THE_FOREST0bYgoDieForYouUserToggleOnFalseiPermanentAtkBonusFromExecutes01010000,20019,20043,YGODUELIST-DEFEND_YGO_DUELIST010,YGODUELIST-OJAMA_TRIO01010009,10011,YGODUELIST-OUTSTANDING_DOG_MARRON0bYgoDieForYouUserToggleOnFalseiPermanentAtkBonusFromExecutes01010004,20001,YGODUELIST-ROCKET_JUMPER0bYgoDieForYouUserToggleOnFalseiPermanentAtkBonusFromExecutes01010000,20015,20043,20045,YGODUELIST-SKELENGEL0bYgoDieForYouUserToggleOnFalseiPermanentAtkBonusFromExecutes01010004,20006,20041,YGODUELIST-STRIKE_YGO_DUELIST010,YGODUELIST-TRAP_OF_BOARD_ERASER01010009,10011 | pt=4 n=0: | pt=5 n=0: | pt=932200512 n=0: | pt=932200513 n=0: | pt=932200514 n=0: | pt=932200515 n=1:YGODUELIST-HOURGLASS_OF_COURAGE0bYgoDieForYouUserToggleOnFalseiPermanentAtkBonusFromExecutes01010004,20006,20043 | pt=932200516 n=1:YGODUELIST-TOTAL_DEFENSE_SHOGUN0bYgoDieForYouUserToggleOnFalseiPermanentAtkBonusFromExecutes01010005,20019,20034,20043 | pt=932200517 n=1:YGODUELIST-BURNING_LAND01010009,20024 | pt=932200518 n=0:
[YgoDuelist][MP][Checksum][fp] netId=76561198345121322 | pt=1 n=6:YGODUELIST-DEFEND_YGO_DUELIST010,YGODUELIST-DEFEND_YGO_DUELIST010,YGODUELIST-FIRE_PRINCESS0bYgoDieForYouUserToggleOnFalseiPermanentAtkBonusFromExecutes01010002,20013,20043,YGODUELIST-KURAMA0bYgoDieForYouUserToggleOnFalseiPermanentAtkBonusFromExecutes01010003,20020,20043,YGODUELIST-STRIKE_YGO_DUELIST010,YGODUELIST-ZABORG_THE_THUNDER_MONARCH0bYgoDieForYouUserToggleOnFalseiPermanentAtkBonusFromExecutes01010004,20018,20034,20043 | pt=2 n=3:GREED0104,7,YGODUELIST-STRIKE_YGO_DUELIST010,YGODUELIST-STRIKE_YGO_DUELIST010 | pt=3 n=1:YGODUELIST-DEFEND_YGO_DUELIST010 | pt=4 n=0: | pt=5 n=0: | pt=932200512 n=0: | pt=932200513 n=1:YGODUELIST-THE_LAST_WARRIOR_FROM_ANOTHER_PLANET0bYgoDieForYouUserToggleOnFalseiPermanentAtkBonusFromExecutes0iSummonAbsorbPrintedDefBonus01010000,20019,20036,20043 | pt=932200514 n=0: | pt=932200515 n=0: | pt=932200516 n=2:YGODUELIST-QUEEN_S_DOUBLE0bYgoDieForYouUserToggleOnFalseiPermanentAtkBonusFromExecutes01010000,20019,20045,YGODUELIST-VERSAGO_THE_DESTROYER0bYgoDieForYouUserToggleOnFalseiPermanentAtkBonusFromExecutes01010005,20007,20043 | pt=932200517 n=2:YGODUELIST-RAIGEKI_BREAK01010009,10011,20045,YGODUELIST-YELLOW_LUSTER_SHIELD01010009,20024 | pt=932200518 n=0:
[DEBUG] [ActionExecutor] Completed execution of action YgoSetSpellTrapFromHandGameAction owner=76561198136285041 netCard=NetCombatCard 2062 model=YGODUELIST-BURNING_LAND ord=0, attempting to find new action
[VERYDEBUG] [ActionQueueSet] Attempting to find ready action
[VERYDEBUG] [ActionQueueSet] Queue for player 76561198345121322 is empty
[VERYDEBUG] [ActionQueueSet] Queue for player 76561198136285041 is empty
[VERYDEBUG] [ActionQueueSet] No action is ready
[YgoDuelist] OnSecondHandCardsChanged ENTER player=27072766 cardsCount=1
[YgoDuelist]   cards[0]=Burning_Land id=16965714
[YgoDuelist] RebuildForPlayer START handId=2911551624445 cardsCount=1
[YgoDuelist] RebuildForPlayer ADDING 1 holders
[YgoDuelist]   add[0] CREATE holderId=3372287543869 model=Burning_Land
[YgoDuelist] RegisterOptionHolder ENTER handId=2911551624445 holderId=3372287543869 index=-1 handChildCountBefore=7
[YgoDuelist] YgoSecondHandLayoutPatch ENTER all=5 main=4 opts=1 FocusedHolderId=0 FocusedIsOpt=False
[YgoDuelist]   opts[0] holderId=3372287543869 model=?
[YgoDuelist] YgoSecondHandLayoutPatch: AFTER holder.Position.Y = -745
[YgoDuelist] YgoSecondHandLayoutPatch: AFTER holder.TargetPosition.Y = -745
[YgoDuelist] YgoSecondHandLayoutPatch: AFTER holder.Hitbox.Position.Y = -132
[YgoDuelist] YgoSecondHandLayoutPatch EXIT return false
[YgoDuelist] RegisterOptionHolder EXIT handId=2911551624445 holderId=3372287543869 handChildCountAfter=7 holderIsInsideTree=True
[YgoDuelist]   add[0] after RegisterOptionHolder holderId=3372287543869 IsInsideTree=True ChildCount=7
[WARN] [BaseLib] GetRawText: Key 'YGO_RACE_SPELL_CONTINUOUS.title' not found in table 'static_hover_tips'
[WARN] [BaseLib] GetRawText: Key 'YGO_RACE_SPELL_CONTINUOUS.description' not found in table 'static_hover_tips'
[YgoDuelist]   add[0] after Initialize holderId=3372287543869 CardNode=72209140483 CardModel=Burning_Land
[YgoDuelist] RebuildForPlayer END totalHolders=1 handActiveHoldersCount=5
[YgoDuelist] OnSecondHandCardsChanged EXIT RebuildForPlayer done
[YgoDuelist] YgoSecondHandLayoutPatch ENTER all=5 main=4 opts=1 FocusedHolderId=3265819327808 FocusedIsOpt=False
[YgoDuelist]   opts[0] holderId=3372287543869 model=Burning_Land
[YgoDuelist] YgoSecondHandLayoutPatch: AFTER holder.Position.Y = -745
[YgoDuelist] YgoSecondHandLayoutPatch: AFTER holder.TargetPosition.Y = -745
[YgoDuelist] YgoSecondHandLayoutPatch: AFTER holder.Hitbox.Position.Y = -132
[YgoDuelist] YgoSecondHandLayoutPatch EXIT return false
[YgoDuelist] Right mouse button pressed.
[YgoDuelist] Right-click: no currently hovered duel pet.
[WARN] [BaseLib] GetRawText: Key 'YGO_RACE_SPELL_FIELD.title' not found in table 'static_hover_tips'
[WARN] [BaseLib] GetRawText: Key 'YGO_RACE_SPELL_FIELD.description' not found in table 'static_hover_tips'
[YgoDuelist] YgoSecondHandLayoutPatch ENTER all=5 main=4 opts=1 FocusedHolderId=3265819327808 FocusedIsOpt=False
[YgoDuelist]   opts[0] holderId=3372287543869 model=Burning_Land
[YgoDuelist] YgoSecondHandLayoutPatch: AFTER holder.Position.Y = -745
[YgoDuelist] YgoSecondHandLayoutPatch: AFTER holder.TargetPosition.Y = -745
[YgoDuelist] YgoSecondHandLayoutPatch: AFTER holder.Hitbox.Position.Y = -132
[YgoDuelist] YgoSecondHandLayoutPatch EXIT return false
[YgoDuelist] YgoSecondHandLayoutPatch ENTER all=5 main=4 opts=1 FocusedHolderId=0 FocusedIsOpt=False
[YgoDuelist]   opts[0] holderId=3372287543869 model=Burning_Land
[YgoDuelist] YgoSecondHandLayoutPatch: AFTER holder.Position.Y = -745
[YgoDuelist] YgoSecondHandLayoutPatch: AFTER holder.TargetPosition.Y = -745
[YgoDuelist] YgoSecondHandLayoutPatch: AFTER holder.Hitbox.Position.Y = -132
[YgoDuelist] YgoSecondHandLayoutPatch EXIT return false
[YgoDuelist] YgoSecondHandLayoutPatch ENTER all=4 main=3 opts=1 FocusedHolderId=0 FocusedIsOpt=False
[YgoDuelist]   opts[0] holderId=3372287543869 model=Burning_Land
[YgoDuelist] YgoSecondHandLayoutPatch: AFTER holder.Position.Y = -745
[YgoDuelist] YgoSecondHandLayoutPatch: AFTER holder.TargetPosition.Y = -745
[YgoDuelist] YgoSecondHandLayoutPatch: AFTER holder.Hitbox.Position.Y = -132
[YgoDuelist] YgoSecondHandLayoutPatch EXIT return false
[DEBUG] [ActionQueueSynchronizer] Sending message to host requesting to enqueue action YgoSetSpellTrapFromHandGameAction owner=76561198136285041 netCard=NetCombatCard 2061 model=YGODUELIST-GAIA_POWER ord=0 at 08:25:33
[YgoDuelist][MP][Queue] SetSpellTrapFromHand -> YgoSetSpellTrapFromHandGameAction owner=76561198136285041 netCard=NetCombatCard 2061 model=YGODUELIST-GAIA_POWER ord=0
[YgoDuelist] YgoSecondHandLayoutPatch ENTER all=5 main=4 opts=1 FocusedHolderId=0 FocusedIsOpt=False
[YgoDuelist]   opts[0] holderId=3372287543869 model=Burning_Land
[YgoDuelist] YgoSecondHandLayoutPatch: AFTER holder.Position.Y = -745
[YgoDuelist] YgoSecondHandLayoutPatch: AFTER holder.TargetPosition.Y = -745
[YgoDuelist] YgoSecondHandLayoutPatch: AFTER holder.Hitbox.Position.Y = -132
[YgoDuelist] YgoSecondHandLayoutPatch EXIT return false
[YgoDuelist] YgoSecondHandLayoutPatch ENTER all=5 main=4 opts=1 FocusedHolderId=3265819327808 FocusedIsOpt=False
[YgoDuelist]   opts[0] holderId=3372287543869 model=Burning_Land
[YgoDuelist] YgoSecondHandLayoutPatch: AFTER holder.Position.Y = -745
[YgoDuelist] YgoSecondHandLayoutPatch: AFTER holder.TargetPosition.Y = -745
[YgoDuelist] YgoSecondHandLayoutPatch: AFTER holder.Hitbox.Position.Y = -132
[YgoDuelist] YgoSecondHandLayoutPatch EXIT return false
[DEBUG] [NetMessageBus] Received message ActionEnqueuedMessage PlayerID: 76561198136285041 Action: YgoDuelist.YgoDuelistCode.GameActions.NetYgoSetSpellTrapFromHandAction Source Location: act 0 coord (0, 1) , sending to 1 handlers
[VERYDEBUG] [RunLocationTargetedMessageBuffer] Handling map-targeted message ActionEnqueuedMessage PlayerID: 76561198136285041 Action: YgoDuelist.YgoDuelistCode.GameActions.NetYgoSetSpellTrapFromHandAction Source Location: act 0 coord (0, 1)  from 76561198345121322 for location act 0 coord (0, 1)
[DEBUG] [ActionQueueSynchronizer] Received handle action enqueued message ActionEnqueuedMessage PlayerID: 76561198136285041 Action: YgoDuelist.YgoDuelistCode.GameActions.NetYgoSetSpellTrapFromHandAction Source Location: act 0 coord (0, 1)  at 08:25:33
[DEBUG] [ActionQueueSynchronizer] Enqueueing action YgoSetSpellTrapFromHandGameAction owner=76561198136285041 netCard=NetCombatCard 2061 model=YGODUELIST-GAIA_POWER ord=0 from owner 76561198136285041
[DEBUG] [ActionQueueSet] Enqueueing action YgoSetSpellTrapFromHandGameAction owner=76561198136285041 netCard=NetCombatCard 2061 model=YGODUELIST-GAIA_POWER ord=0 to player queue owned by 76561198136285041
[DEBUG] [ActionExecutor] Action queue changed, beginning ExecuteActions
[VERYDEBUG] [ActionQueueSet] Attempting to find ready action
[VERYDEBUG] [ActionQueueSet] Queue for player 76561198345121322 is empty
[VERYDEBUG] [ActionQueueSet] Action YgoSetSpellTrapFromHandGameAction owner=76561198136285041 netCard=NetCombatCard 2061 model=YGODUELIST-GAIA_POWER ord=0 with id 34 belonging to 76561198136285041 becomes new ready action
[VERYDEBUG] [ActionQueueSet] Got ready action YgoSetSpellTrapFromHandGameAction owner=76561198136285041 netCard=NetCombatCard 2061 model=YGODUELIST-GAIA_POWER ord=0 (34)
[DEBUG] [ActionExecutor] Executing action: YgoSetSpellTrapFromHandGameAction owner=76561198136285041 netCard=NetCombatCard 2061 model=YGODUELIST-GAIA_POWER ord=0
[VERYDEBUG] [GameAction] Action YgoSetSpellTrapFromHandGameAction owner=76561198136285041 netCard=NetCombatCard 2061 model=YGODUELIST-GAIA_POWER ord=0 began executing
[YgoDuelist][MP] YgoSetSpellTrapFromHandGameAction: TrySetFromHandAsync card=YGODUELIST-GAIA_POWER owner=76561198136285041 netIndex=2061
[YgoDuelist] YgoSecondHandLayoutPatch ENTER all=5 main=4 opts=1 FocusedHolderId=0 FocusedIsOpt=False
[YgoDuelist]   opts[0] holderId=3372287543869 model=Burning_Land
[YgoDuelist] YgoSecondHandLayoutPatch: AFTER holder.Position.Y = -745
[YgoDuelist] YgoSecondHandLayoutPatch: AFTER holder.TargetPosition.Y = -745
[YgoDuelist] YgoSecondHandLayoutPatch: AFTER holder.Hitbox.Position.Y = -132
[YgoDuelist] YgoSecondHandLayoutPatch EXIT return false
[YgoDuelist] YgoSecondHandLayoutPatch ENTER all=4 main=3 opts=1 FocusedHolderId=0 FocusedIsOpt=False
[YgoDuelist]   opts[0] holderId=3372287543869 model=Burning_Land
[YgoDuelist] YgoSecondHandLayoutPatch: AFTER holder.Position.Y = -745
[YgoDuelist] YgoSecondHandLayoutPatch: AFTER holder.TargetPosition.Y = -745
[YgoDuelist] YgoSecondHandLayoutPatch: AFTER holder.Hitbox.Position.Y = -132
[YgoDuelist] YgoSecondHandLayoutPatch EXIT return false
[YgoDuelist] OnSecondHandCardsChanged ENTER player=27072766 cardsCount=2
[YgoDuelist]   cards[0]=Gaia_Power id=61537402
[YgoDuelist]   cards[1]=Burning_Land id=16965714
[YgoDuelist] RebuildForPlayer START handId=2911551624445 cardsCount=2
[YgoDuelist] TearDownSecondHandRow REMOVING 1 holders
[YgoDuelist] YgoSecondHandLayoutPatch ENTER all=3 main=3 opts=0 FocusedHolderId=0 FocusedIsOpt=False
[YgoDuelist] YgoSecondHandLayoutPatch EXIT return false
[YgoDuelist] RebuildForPlayer ADDING 2 holders
[YgoDuelist]   add[0] CREATE holderId=3371381570930 model=Gaia_Power
[YgoDuelist] RegisterOptionHolder ENTER handId=2911551624445 holderId=3371381570930 index=-1 handChildCountBefore=7
[YgoDuelist] YgoSecondHandLayoutPatch ENTER all=4 main=3 opts=1 FocusedHolderId=0 FocusedIsOpt=False
[YgoDuelist]   opts[0] holderId=3371381570930 model=?
[YgoDuelist] YgoSecondHandLayoutPatch: AFTER holder.Position.Y = -745
[YgoDuelist] YgoSecondHandLayoutPatch: AFTER holder.TargetPosition.Y = -745
[YgoDuelist] YgoSecondHandLayoutPatch: AFTER holder.Hitbox.Position.Y = -132
[YgoDuelist] YgoSecondHandLayoutPatch EXIT return false
[YgoDuelist] RegisterOptionHolder EXIT handId=2911551624445 holderId=3371381570930 handChildCountAfter=7 holderIsInsideTree=True
[YgoDuelist]   add[0] after RegisterOptionHolder holderId=3371381570930 IsInsideTree=True ChildCount=7
[WARN] [BaseLib] GetRawText: Key 'YGO_RACE_SPELL_FIELD.title' not found in table 'static_hover_tips'
[WARN] [BaseLib] GetRawText: Key 'YGO_RACE_SPELL_FIELD.description' not found in table 'static_hover_tips'
[YgoDuelist]   add[0] after Initialize holderId=3371381570930 CardNode=93348433867 CardModel=Gaia_Power
[YgoDuelist]   add[1] CREATE holderId=97593069709 model=Burning_Land
[YgoDuelist] RegisterOptionHolder ENTER handId=2911551624445 holderId=97593069709 index=-1 handChildCountBefore=7
[YgoDuelist] YgoSecondHandLayoutPatch ENTER all=5 main=3 opts=2 FocusedHolderId=0 FocusedIsOpt=False
[YgoDuelist]   opts[0] holderId=3371381570930 model=Gaia_Power
[YgoDuelist]   opts[1] holderId=97593069709 model=?
[YgoDuelist] YgoSecondHandLayoutPatch: AFTER holder.Position.Y = -745
[YgoDuelist] YgoSecondHandLayoutPatch: AFTER holder.TargetPosition.Y = -745
[YgoDuelist] YgoSecondHandLayoutPatch: AFTER holder.Hitbox.Position.Y = -132
[YgoDuelist] YgoSecondHandLayoutPatch: AFTER holder.Position.Y = -745
[YgoDuelist] YgoSecondHandLayoutPatch: AFTER holder.TargetPosition.Y = -745
[YgoDuelist] YgoSecondHandLayoutPatch: AFTER holder.Hitbox.Position.Y = -132
[YgoDuelist] YgoSecondHandLayoutPatch EXIT return false
[YgoDuelist] RegisterOptionHolder EXIT handId=2911551624445 holderId=97593069709 handChildCountAfter=7 holderIsInsideTree=True
[YgoDuelist]   add[1] after RegisterOptionHolder holderId=97593069709 IsInsideTree=True ChildCount=7
[WARN] [BaseLib] GetRawText: Key 'YGO_RACE_SPELL_CONTINUOUS.title' not found in table 'static_hover_tips'
[WARN] [BaseLib] GetRawText: Key 'YGO_RACE_SPELL_CONTINUOUS.description' not found in table 'static_hover_tips'
[YgoDuelist]   add[1] after Initialize holderId=97593069709 CardNode=71034735295 CardModel=Burning_Land
[YgoDuelist] RebuildForPlayer END totalHolders=2 handActiveHoldersCount=5
[YgoDuelist] OnSecondHandCardsChanged EXIT RebuildForPlayer done
[YgoStripVisualDebug] Id=YGODUELIST-EARTH_EFFIGY, YgoCardType=EffectMonster, Attr=Earth, Race=Rock, IsHandEffectFormActive=False, WillSet=True, FaceDown=False, UseFaceDownStrip=False
[WARN] [BaseLib] GetRawText: Key 'YGO_ATTRIBUTE_EARTH.title' not found in table 'static_hover_tips'
[WARN] [BaseLib] GetRawText: Key 'YGO_ATTRIBUTE_EARTH.description' not found in table 'static_hover_tips'
[WARN] [BaseLib] GetRawText: Key 'YGO_RACE_ROCK.title' not found in table 'static_hover_tips'
[WARN] [BaseLib] GetRawText: Key 'YGO_RACE_ROCK.description' not found in table 'static_hover_tips'
[YgoSetVisualDebug] Id=YGODUELIST-EARTH_EFFIGY, YgoCardType=EffectMonster, IsHandEffectFormActive=False, WillSet=True, FaceDown=False, ShouldUseSetVisual=False
[VERYDEBUG] [GameAction] Action YgoSetSpellTrapFromHandGameAction owner=76561198136285041 netCard=NetCombatCard 2061 model=YGODUELIST-GAIA_POWER ord=0 finished execution
[DEBUG] [ChecksumTracker] Generating checksum for context: after executing action YgoSetSpellTrapFromHandGameAction owner=76561198136285041 netCard=NetCombatCard 2061 model=YGODUELIST-GAIA_POWER ord=0 action: YgoSetSpellTrapFromHandGameAction owner=76561198136285041 netCard=NetCombatCard 2061 model=YGODUELIST-GAIA_POWER ord=0 id: 34
[YgoDuelist][MP][Checksum][fp] netId=76561198136285041 | pt=1 n=4:YGODUELIST-DEFEND_YGO_DUELIST010,YGODUELIST-FIRE_SORCERER0bYgoDieForYouUserToggleOnFalseiPermanentAtkBonusFromExecutes01010002,20017,20041,20043,YGODUELIST-RECKLESS_GREED01010009,10011,YGODUELIST-STRIKE_YGO_DUELIST010 | pt=2 n=3:YGODUELIST-DEFEND_YGO_DUELIST010,YGODUELIST-EARTH_EFFIGY0bYgoDieForYouUserToggleOnFalseiPermanentAtkBonusFromExecutes01010000,20015,20043,YGODUELIST-STRIKE_YGO_DUELIST010 | pt=3 n=8:YGODUELIST-ARCANE_ARCHER_OF_THE_FOREST0bYgoDieForYouUserToggleOnFalseiPermanentAtkBonusFromExecutes01010000,20019,20043,YGODUELIST-DEFEND_YGO_DUELIST010,YGODUELIST-OJAMA_TRIO01010009,10011,YGODUELIST-OUTSTANDING_DOG_MARRON0bYgoDieForYouUserToggleOnFalseiPermanentAtkBonusFromExecutes01010004,20001,YGODUELIST-ROCKET_JUMPER0bYgoDieForYouUserToggleOnFalseiPermanentAtkBonusFromExecutes01010000,20015,20043,20045,YGODUELIST-SKELENGEL0bYgoDieForYouUserToggleOnFalseiPermanentAtkBonusFromExecutes01010004,20006,20041,YGODUELIST-STRIKE_YGO_DUELIST010,YGODUELIST-TRAP_OF_BOARD_ERASER01010009,10011 | pt=4 n=0: | pt=5 n=0: | pt=932200512 n=0: | pt=932200513 n=0: | pt=932200514 n=0: | pt=932200515 n=1:YGODUELIST-HOURGLASS_OF_COURAGE0bYgoDieForYouUserToggleOnFalseiPermanentAtkBonusFromExecutes01010004,20006,20043 | pt=932200516 n=1:YGODUELIST-TOTAL_DEFENSE_SHOGUN0bYgoDieForYouUserToggleOnFalseiPermanentAtkBonusFromExecutes01010005,20019,20034,20043 | pt=932200517 n=2:YGODUELIST-BURNING_LAND01010009,20024,YGODUELIST-GAIA_POWER01010009,20027 | pt=932200518 n=0:
[YgoDuelist][MP][Checksum][fp] netId=76561198345121322 | pt=1 n=6:YGODUELIST-DEFEND_YGO_DUELIST010,YGODUELIST-DEFEND_YGO_DUELIST010,YGODUELIST-FIRE_PRINCESS0bYgoDieForYouUserToggleOnFalseiPermanentAtkBonusFromExecutes01010002,20013,20043,YGODUELIST-KURAMA0bYgoDieForYouUserToggleOnFalseiPermanentAtkBonusFromExecutes01010003,20020,20043,YGODUELIST-STRIKE_YGO_DUELIST010,YGODUELIST-ZABORG_THE_THUNDER_MONARCH0bYgoDieForYouUserToggleOnFalseiPermanentAtkBonusFromExecutes01010004,20018,20034,20043 | pt=2 n=3:GREED0104,7,YGODUELIST-STRIKE_YGO_DUELIST010,YGODUELIST-STRIKE_YGO_DUELIST010 | pt=3 n=1:YGODUELIST-DEFEND_YGO_DUELIST010 | pt=4 n=0: | pt=5 n=0: | pt=932200512 n=0: | pt=932200513 n=1:YGODUELIST-THE_LAST_WARRIOR_FROM_ANOTHER_PLANET0bYgoDieForYouUserToggleOnFalseiPermanentAtkBonusFromExecutes0iSummonAbsorbPrintedDefBonus01010000,20019,20036,20043 | pt=932200514 n=0: | pt=932200515 n=0: | pt=932200516 n=2:YGODUELIST-QUEEN_S_DOUBLE0bYgoDieForYouUserToggleOnFalseiPermanentAtkBonusFromExecutes01010000,20019,20045,YGODUELIST-VERSAGO_THE_DESTROYER0bYgoDieForYouUserToggleOnFalseiPermanentAtkBonusFromExecutes01010005,20007,20043 | pt=932200517 n=2:YGODUELIST-RAIGEKI_BREAK01010009,10011,20045,YGODUELIST-YELLOW_LUSTER_SHIELD01010009,20024 | pt=932200518 n=0:
[DEBUG] [ActionExecutor] Completed execution of action YgoSetSpellTrapFromHandGameAction owner=76561198136285041 netCard=NetCombatCard 2061 model=YGODUELIST-GAIA_POWER ord=0, attempting to find new action
[VERYDEBUG] [ActionQueueSet] Attempting to find ready action
[VERYDEBUG] [ActionQueueSet] Queue for player 76561198345121322 is empty
[VERYDEBUG] [ActionQueueSet] Queue for player 76561198136285041 is empty
[VERYDEBUG] [ActionQueueSet] No action is ready
[YgoDuelist] OnSecondHandCardsChanged ENTER player=27072766 cardsCount=2
[YgoDuelist]   cards[0]=Gaia_Power id=61537402
[YgoDuelist]   cards[1]=Burning_Land id=16965714
[YgoDuelist] RebuildForPlayer START handId=2911551624445 cardsCount=2
[YgoDuelist] TearDownSecondHandRow REMOVING 2 holders
[YgoDuelist] YgoSecondHandLayoutPatch ENTER all=4 main=3 opts=1 FocusedHolderId=0 FocusedIsOpt=False
[YgoDuelist]   opts[0] holderId=97593069709 model=Burning_Land
[YgoDuelist] YgoSecondHandLayoutPatch: AFTER holder.Position.Y = -745
[YgoDuelist] YgoSecondHandLayoutPatch: AFTER holder.TargetPosition.Y = -745
[YgoDuelist] YgoSecondHandLayoutPatch: AFTER holder.Hitbox.Position.Y = -132
[YgoDuelist] YgoSecondHandLayoutPatch EXIT return false
[YgoDuelist] YgoSecondHandLayoutPatch ENTER all=3 main=3 opts=0 FocusedHolderId=0 FocusedIsOpt=False
[YgoDuelist] YgoSecondHandLayoutPatch EXIT return false
[YgoDuelist] RebuildForPlayer ADDING 2 holders
[YgoDuelist]   add[0] CREATE holderId=3372287543869 model=Gaia_Power
[YgoDuelist] RegisterOptionHolder ENTER handId=2911551624445 holderId=3372287543869 index=-1 handChildCountBefore=7
[YgoDuelist] YgoSecondHandLayoutPatch ENTER all=4 main=3 opts=1 FocusedHolderId=0 FocusedIsOpt=False
[YgoDuelist]   opts[0] holderId=3372287543869 model=?
[YgoDuelist] YgoSecondHandLayoutPatch: AFTER holder.Position.Y = -745
[YgoDuelist] YgoSecondHandLayoutPatch: AFTER holder.TargetPosition.Y = -745
[YgoDuelist] YgoSecondHandLayoutPatch: AFTER holder.Hitbox.Position.Y = -132
[YgoDuelist] YgoSecondHandLayoutPatch EXIT return false
[YgoDuelist] RegisterOptionHolder EXIT handId=2911551624445 holderId=3372287543869 handChildCountAfter=7 holderIsInsideTree=True
[YgoDuelist]   add[0] after RegisterOptionHolder holderId=3372287543869 IsInsideTree=True ChildCount=7
[WARN] [BaseLib] GetRawText: Key 'YGO_RACE_SPELL_FIELD.title' not found in table 'static_hover_tips'
[WARN] [BaseLib] GetRawText: Key 'YGO_RACE_SPELL_FIELD.description' not found in table 'static_hover_tips'
[YgoDuelist]   add[0] after Initialize holderId=3372287543869 CardNode=69860330107 CardModel=Gaia_Power
[YgoDuelist]   add[1] CREATE holderId=97811173530 model=Burning_Land
[YgoDuelist] RegisterOptionHolder ENTER handId=2911551624445 holderId=97811173530 index=-1 handChildCountBefore=7
[YgoDuelist] YgoSecondHandLayoutPatch ENTER all=5 main=3 opts=2 FocusedHolderId=0 FocusedIsOpt=False
[YgoDuelist]   opts[0] holderId=3372287543869 model=Gaia_Power
[YgoDuelist]   opts[1] holderId=97811173530 model=?
[YgoDuelist] YgoSecondHandLayoutPatch: AFTER holder.Position.Y = -745
[YgoDuelist] YgoSecondHandLayoutPatch: AFTER holder.TargetPosition.Y = -745
[YgoDuelist] YgoSecondHandLayoutPatch: AFTER holder.Hitbox.Position.Y = -132
[YgoDuelist] YgoSecondHandLayoutPatch: AFTER holder.Position.Y = -745
[YgoDuelist] YgoSecondHandLayoutPatch: AFTER holder.TargetPosition.Y = -745
[YgoDuelist] YgoSecondHandLayoutPatch: AFTER holder.Hitbox.Position.Y = -132
[YgoDuelist] YgoSecondHandLayoutPatch EXIT return false
[YgoDuelist] RegisterOptionHolder EXIT handId=2911551624445 holderId=97811173530 handChildCountAfter=7 holderIsInsideTree=True
[YgoDuelist]   add[1] after RegisterOptionHolder holderId=97811173530 IsInsideTree=True ChildCount=7
[WARN] [BaseLib] GetRawText: Key 'YGO_RACE_SPELL_CONTINUOUS.title' not found in table 'static_hover_tips'
[WARN] [BaseLib] GetRawText: Key 'YGO_RACE_SPELL_CONTINUOUS.description' not found in table 'static_hover_tips'
[YgoDuelist]   add[1] after Initialize holderId=97811173530 CardNode=68685924919 CardModel=Burning_Land
[YgoDuelist] RebuildForPlayer END totalHolders=2 handActiveHoldersCount=5
[YgoDuelist] OnSecondHandCardsChanged EXIT RebuildForPlayer done
[YgoDuelist] YgoSecondHandLayoutPatch ENTER all=5 main=3 opts=2 FocusedHolderId=3372287543869 FocusedIsOpt=True
[YgoDuelist]   opts[0] holderId=3372287543869 model=Gaia_Power
[YgoDuelist]   opts[1] holderId=97811173530 model=Burning_Land
[YgoDuelist] YgoSecondHandLayoutPatch: AFTER holder.Position.Y = -745
[YgoDuelist] YgoSecondHandLayoutPatch: AFTER holder.TargetPosition.Y = -745
[YgoDuelist] YgoSecondHandLayoutPatch: AFTER holder.Hitbox.Position.Y = -132
[YgoDuelist] YgoSecondHandLayoutPatch: AFTER holder.Position.Y = -745
[YgoDuelist] YgoSecondHandLayoutPatch: AFTER holder.TargetPosition.Y = -745
[YgoDuelist] YgoSecondHandLayoutPatch: AFTER holder.Hitbox.Position.Y = -132
[YgoDuelist] YgoSecondHandLayoutPatch EXIT return false
[YgoDuelist] YgoSecondHandLayoutPatch ENTER all=5 main=3 opts=2 FocusedHolderId=0 FocusedIsOpt=False
[YgoDuelist]   opts[0] holderId=3372287543869 model=Gaia_Power
[YgoDuelist]   opts[1] holderId=97811173530 model=Burning_Land
[YgoDuelist] YgoSecondHandLayoutPatch: AFTER holder.Position.Y = -745
[YgoDuelist] YgoSecondHandLayoutPatch: AFTER holder.TargetPosition.Y = -745
[YgoDuelist] YgoSecondHandLayoutPatch: AFTER holder.Hitbox.Position.Y = -132
[YgoDuelist] YgoSecondHandLayoutPatch: AFTER holder.Position.Y = -745
[YgoDuelist] YgoSecondHandLayoutPatch: AFTER holder.TargetPosition.Y = -745
[YgoDuelist] YgoSecondHandLayoutPatch: AFTER holder.Hitbox.Position.Y = -132
[YgoDuelist] YgoSecondHandLayoutPatch EXIT return false
[YgoDuelist] YgoSecondHandLayoutPatch ENTER all=5 main=3 opts=2 FocusedHolderId=97811173530 FocusedIsOpt=True
[YgoDuelist]   opts[0] holderId=3372287543869 model=Gaia_Power
[YgoDuelist]   opts[1] holderId=97811173530 model=Burning_Land
[YgoDuelist] YgoSecondHandLayoutPatch: AFTER holder.Position.Y = -745
[YgoDuelist] YgoSecondHandLayoutPatch: AFTER holder.TargetPosition.Y = -745
[YgoDuelist] YgoSecondHandLayoutPatch: AFTER holder.Hitbox.Position.Y = -132
[YgoDuelist] YgoSecondHandLayoutPatch: AFTER holder.Position.Y = -745
[YgoDuelist] YgoSecondHandLayoutPatch: AFTER holder.TargetPosition.Y = -745
[YgoDuelist] YgoSecondHandLayoutPatch: AFTER holder.Hitbox.Position.Y = -132
[YgoDuelist] YgoSecondHandLayoutPatch EXIT return false
[YgoDuelist] OnHolderPressed option holder id=97811173530 card=Burning_Land
[YgoLifecycle] StartCardPlay S1_EnterPrefix holderId=97811173530 model=Burning_Land index=4 inTree=True extra=needsSafePath=True
[YgoLifecycle] StartCardPlay S2_QueuedHolder holderId=97811173530 model=Burning_Land index=4 inTree=True extra=queuedIndex=4
[YgoDuelist] YgoSecondHandLayoutPatch ENTER all=5 main=3 opts=2 FocusedHolderId=0 FocusedIsOpt=False
[YgoDuelist]   opts[0] holderId=3372287543869 model=Gaia_Power
[YgoDuelist]   opts[1] holderId=97811173530 model=Burning_Land
[YgoDuelist] YgoSecondHandLayoutPatch: AFTER holder.Position.Y = -745
[YgoDuelist] YgoSecondHandLayoutPatch: AFTER holder.TargetPosition.Y = -745
[YgoDuelist] YgoSecondHandLayoutPatch: AFTER holder.Hitbox.Position.Y = -132
[YgoDuelist] YgoSecondHandLayoutPatch: AFTER holder.Position.Y = -745
[YgoDuelist] YgoSecondHandLayoutPatch: AFTER holder.TargetPosition.Y = -745
[YgoDuelist] YgoSecondHandLayoutPatch: AFTER holder.Hitbox.Position.Y = -132
[YgoDuelist] YgoSecondHandLayoutPatch EXIT return false
[YgoLifecycle] StartCardPlay S3_BeginDrag holderId=97811173530 model=Burning_Land index=7 inTree=True extra=
[YgoLifecycle] StartCardPlay S4_CardPlayCreated holderId=97811173530 model=Burning_Land index=7 inTree=True extra=cardPlayType=NMouseCardPlay
[YgoLifecycle] MouseStartAsync M1_Enter holderId=97811173530 model=Burning_Land holderInTree=True selfInTree=True extra=
[YgoLifecycle] MouseStartAsync M4_StartCardDrag_BeginAwait holderId=97811173530 model=Burning_Land holderInTree=True selfInTree=True extra=
[YgoLifecycle] MouseStartAsync M5_StartCardDrag_EndAwait holderId=97811173530 model=Burning_Land holderInTree=True selfInTree=True extra=
[YgoDuelist] YgoSecondHandLayoutPatch ENTER all=4 main=3 opts=1 FocusedHolderId=0 FocusedIsOpt=False
[YgoDuelist]   opts[0] holderId=3372287543869 model=Gaia_Power
[YgoDuelist] YgoSecondHandLayoutPatch: AFTER holder.Position.Y = -745
[YgoDuelist] YgoSecondHandLayoutPatch: AFTER holder.TargetPosition.Y = -745
[YgoDuelist] YgoSecondHandLayoutPatch: AFTER holder.Hitbox.Position.Y = -132
[YgoDuelist] YgoSecondHandLayoutPatch EXIT return false
[YgoLifecycle] StartCardPlay S8_StartCalled holderId=97811173530 model=Burning_Land index=7 inTree=True extra=
[YgoDuelist] StartCardPlay PREFIX: custom safe start path holderId=97811173530 index=4 isOption=True
[YgoDuelist] StartCardPlay POSTFIX: option holder - NMouseCardPlay created and Start() called
[YgoLifecycle] MouseStartAsync M10_TargetSelectionCompleted holderId=97811173530 model=Burning_Land holderInTree=True selfInTree=True extra=targetMode=ClickMouseToTarget
[YgoLifecycle] MouseStartAsync M13_InvokeTryPlayCard holderId=97811173530 model=Burning_Land holderInTree=True selfInTree=True extra=
[YgoDuelist] TryPlayCard ENTER option holder TargetType=Self target=NULL
[DEBUG] [ActionQueueSynchronizer] Sending message to host requesting to enqueue action PlayCardAction card: CARD.YGODUELIST-BURNING_LAND (16965714) index: 2062 targetid:  at 08:25:38
[YgoLifecycle] StartCardPlay S5_FinishedSignal holderId=97811173530 model=Burning_Land index=7 inTree=True extra=success=True
[YgoLifecycle] OptionHandUi O3_ShouldScrap_Decision holderId=97811173530 model=Burning_Land inTree=True visible=True inActive=False extra=playerNull=False cardInOptionPile=False shouldScrap=True
[YgoLifecycle] StartCardPlay S6b_SuccessPathScrapDecision holderId=97811173530 model=Burning_Land index=7 inTree=True extra=shouldScrap=True
[YgoLifecycle] OptionHandUi O1_ForceRelease_Enter holderId=97811173530 model=Burning_Land inTree=True visible=True inActive=False extra=
[YgoLifecycle] OptionHandUi O2_ForceRelease_QueuedFree holderId=97811173530 model=Burning_Land inTree=True visible=False inActive=False extra=
[YgoLifecycle] StartCardPlay S6c_SuccessPathForceRelease holderId=97811173530 model=Burning_Land index=7 inTree=True extra=
[YgoDuelist] YgoSecondHandLayoutPatch ENTER all=4 main=3 opts=1 FocusedHolderId=0 FocusedIsOpt=False
[YgoDuelist]   opts[0] holderId=3372287543869 model=Gaia_Power
[YgoDuelist] YgoSecondHandLayoutPatch: AFTER holder.Position.Y = -745
[YgoDuelist] YgoSecondHandLayoutPatch: AFTER holder.TargetPosition.Y = -745
[YgoDuelist] YgoSecondHandLayoutPatch: AFTER holder.Hitbox.Position.Y = -132
[YgoDuelist] YgoSecondHandLayoutPatch EXIT return false
[YgoLifecycle] StartCardPlay S7_FinishedCleanupDone holderId=97811173530 model=Burning_Land index=7 inTree=True extra=
[DEBUG] [NetMessageBus] Received message ActionEnqueuedMessage PlayerID: 76561198136285041 Action: NetPlayCardAction (NetCombatCard 2062) target: null Source Location: act 0 coord (0, 1) (card: Burning Land), sending to 1 handlers
[VERYDEBUG] [RunLocationTargetedMessageBuffer] Handling map-targeted message ActionEnqueuedMessage PlayerID: 76561198136285041 Action: NetPlayCardAction (NetCombatCard 2062) target: null Source Location: act 0 coord (0, 1) (card: Burning Land) from 76561198345121322 for location act 0 coord (0, 1)
[DEBUG] [ActionQueueSynchronizer] Received handle action enqueued message ActionEnqueuedMessage PlayerID: 76561198136285041 Action: NetPlayCardAction (NetCombatCard 2062) target: null Source Location: act 0 coord (0, 1) (card: Burning Land) at 08:25:38
[DEBUG] [ActionQueueSynchronizer] Enqueueing action PlayCardAction card: CARD.YGODUELIST-BURNING_LAND (16965714) index: 2062 targetid:  from owner 76561198136285041
[WARN] [BaseLib] GetRawText: Key 'YGO_RACE_SPELL_CONTINUOUS.title' not found in table 'static_hover_tips'
[WARN] [BaseLib] GetRawText: Key 'YGO_RACE_SPELL_CONTINUOUS.description' not found in table 'static_hover_tips'
[DEBUG] [ActionQueueSet] Enqueueing action PlayCardAction card: CARD.YGODUELIST-BURNING_LAND (16965714) index: 2062 targetid:  to player queue owned by 76561198136285041
[DEBUG] [ActionExecutor] Action queue changed, beginning ExecuteActions
[VERYDEBUG] [ActionQueueSet] Attempting to find ready action
[VERYDEBUG] [ActionQueueSet] Queue for player 76561198345121322 is empty
[VERYDEBUG] [ActionQueueSet] Action PlayCardAction card: CARD.YGODUELIST-BURNING_LAND (16965714) index: 2062 targetid:  with id 35 belonging to 76561198136285041 becomes new ready action
[VERYDEBUG] [ActionQueueSet] Got ready action PlayCardAction card: CARD.YGODUELIST-BURNING_LAND (16965714) index: 2062 targetid:  (35)
[DEBUG] [ActionExecutor] Executing action: PlayCardAction card: CARD.YGODUELIST-BURNING_LAND (16965714) index: 2062 targetid: 
[VERYDEBUG] [GameAction] Action PlayCardAction card: CARD.YGODUELIST-BURNING_LAND (16965714) index: 2062 targetid:  began executing
[WARN] Asset not cached: res://YgoDuelist/images/card_portraits/burning_land.png
[WARN] [BaseLib] GetRawText: Key 'YGO_ATTRIBUTE_EARTH.title' not found in table 'static_hover_tips'
[WARN] [BaseLib] GetRawText: Key 'YGO_ATTRIBUTE_EARTH.description' not found in table 'static_hover_tips'
[WARN] [BaseLib] GetRawText: Key 'YGO_RACE_ROCK.title' not found in table 'static_hover_tips'
[WARN] [BaseLib] GetRawText: Key 'YGO_RACE_ROCK.description' not found in table 'static_hover_tips'
[VERYDEBUG] [GameAction] Action PlayCardAction card: CARD.YGODUELIST-BURNING_LAND (16965714) index: 2062 targetid:  finished execution
[DEBUG] [ChecksumTracker] Generating checksum for context: after executing action PlayCardAction card: CARD.YGODUELIST-BURNING_LAND (16965714) index: 2062 targetid:  action: PlayCardAction card: CARD.YGODUELIST-BURNING_LAND (16965714) index: 2062 targetid:  id: 35
[YgoDuelist][MP][Checksum][fp] netId=76561198136285041 | pt=1 n=4:YGODUELIST-DEFEND_YGO_DUELIST010,YGODUELIST-FIRE_SORCERER0bYgoDieForYouUserToggleOnFalseiPermanentAtkBonusFromExecutes01010002,20017,20041,20043,YGODUELIST-RECKLESS_GREED01010009,10011,YGODUELIST-STRIKE_YGO_DUELIST010 | pt=2 n=3:YGODUELIST-DEFEND_YGO_DUELIST010,YGODUELIST-EARTH_EFFIGY0bYgoDieForYouUserToggleOnFalseiPermanentAtkBonusFromExecutes01010000,20015,20043,YGODUELIST-STRIKE_YGO_DUELIST010 | pt=3 n=8:YGODUELIST-ARCANE_ARCHER_OF_THE_FOREST0bYgoDieForYouUserToggleOnFalseiPermanentAtkBonusFromExecutes01010000,20019,20043,YGODUELIST-DEFEND_YGO_DUELIST010,YGODUELIST-OJAMA_TRIO01010009,10011,YGODUELIST-OUTSTANDING_DOG_MARRON0bYgoDieForYouUserToggleOnFalseiPermanentAtkBonusFromExecutes01010004,20001,YGODUELIST-ROCKET_JUMPER0bYgoDieForYouUserToggleOnFalseiPermanentAtkBonusFromExecutes01010000,20015,20043,20045,YGODUELIST-SKELENGEL0bYgoDieForYouUserToggleOnFalseiPermanentAtkBonusFromExecutes01010004,20006,20041,YGODUELIST-STRIKE_YGO_DUELIST010,YGODUELIST-TRAP_OF_BOARD_ERASER01010009,10011 | pt=4 n=0: | pt=5 n=0: | pt=932200512 n=0: | pt=932200513 n=0: | pt=932200514 n=0: | pt=932200515 n=1:YGODUELIST-HOURGLASS_OF_COURAGE0bYgoDieForYouUserToggleOnFalseiPermanentAtkBonusFromExecutes01010004,20006,20043 | pt=932200516 n=1:YGODUELIST-TOTAL_DEFENSE_SHOGUN0bYgoDieForYouUserToggleOnFalseiPermanentAtkBonusFromExecutes01010005,20019,20034,20043 | pt=932200517 n=2:YGODUELIST-BURNING_LAND01010009,20024,YGODUELIST-GAIA_POWER01010009,20027 | pt=932200518 n=0:
[YgoDuelist][MP][Checksum][fp] netId=76561198345121322 | pt=1 n=6:YGODUELIST-DEFEND_YGO_DUELIST010,YGODUELIST-DEFEND_YGO_DUELIST010,YGODUELIST-FIRE_PRINCESS0bYgoDieForYouUserToggleOnFalseiPermanentAtkBonusFromExecutes01010002,20013,20043,YGODUELIST-KURAMA0bYgoDieForYouUserToggleOnFalseiPermanentAtkBonusFromExecutes01010003,20020,20043,YGODUELIST-STRIKE_YGO_DUELIST010,YGODUELIST-ZABORG_THE_THUNDER_MONARCH0bYgoDieForYouUserToggleOnFalseiPermanentAtkBonusFromExecutes01010004,20018,20034,20043 | pt=2 n=3:GREED0104,7,YGODUELIST-STRIKE_YGO_DUELIST010,YGODUELIST-STRIKE_YGO_DUELIST010 | pt=3 n=1:YGODUELIST-DEFEND_YGO_DUELIST010 | pt=4 n=0: | pt=5 n=0: | pt=932200512 n=0: | pt=932200513 n=1:YGODUELIST-THE_LAST_WARRIOR_FROM_ANOTHER_PLANET0bYgoDieForYouUserToggleOnFalseiPermanentAtkBonusFromExecutes0iSummonAbsorbPrintedDefBonus01010000,20019,20036,20043 | pt=932200514 n=0: | pt=932200515 n=0: | pt=932200516 n=2:YGODUELIST-QUEEN_S_DOUBLE0bYgoDieForYouUserToggleOnFalseiPermanentAtkBonusFromExecutes01010000,20019,20045,YGODUELIST-VERSAGO_THE_DESTROYER0bYgoDieForYouUserToggleOnFalseiPermanentAtkBonusFromExecutes01010005,20007,20043 | pt=932200517 n=2:YGODUELIST-RAIGEKI_BREAK01010009,10011,20045,YGODUELIST-YELLOW_LUSTER_SHIELD01010009,20024 | pt=932200518 n=0:
[YgoDuelist] OnSecondHandCardsChanged ENTER player=27072766 cardsCount=2
[YgoDuelist]   cards[0]=Gaia_Power id=61537402
[YgoDuelist]   cards[1]=Burning_Land id=16965714
[YgoDuelist] RebuildForPlayer START handId=2911551624445 cardsCount=2
[YgoDuelist] TearDownSecondHandRow REMOVING 1 holders
[YgoDuelist] YgoSecondHandLayoutPatch ENTER all=3 main=3 opts=0 FocusedHolderId=0 FocusedIsOpt=False
[YgoDuelist] YgoSecondHandLayoutPatch EXIT return false
[YgoDuelist] RebuildForPlayer ADDING 2 holders
[YgoDuelist]   add[0] CREATE holderId=97593069709 model=Gaia_Power
[YgoDuelist] RegisterOptionHolder ENTER handId=2911551624445 holderId=97593069709 index=-1 handChildCountBefore=7
[YgoDuelist] YgoSecondHandLayoutPatch ENTER all=4 main=3 opts=1 FocusedHolderId=0 FocusedIsOpt=False
[YgoDuelist]   opts[0] holderId=97593069709 model=?
[YgoDuelist] YgoSecondHandLayoutPatch: AFTER holder.Position.Y = -745
[YgoDuelist] YgoSecondHandLayoutPatch: AFTER holder.TargetPosition.Y = -745
[YgoDuelist] YgoSecondHandLayoutPatch: AFTER holder.Hitbox.Position.Y = -132
[YgoDuelist] YgoSecondHandLayoutPatch EXIT return false
[YgoDuelist] RegisterOptionHolder EXIT handId=2911551624445 holderId=97593069709 handChildCountAfter=7 holderIsInsideTree=True
[YgoDuelist]   add[0] after RegisterOptionHolder holderId=97593069709 IsInsideTree=True ChildCount=7
[WARN] [BaseLib] GetRawText: Key 'YGO_RACE_SPELL_FIELD.title' not found in table 'static_hover_tips'
[WARN] [BaseLib] GetRawText: Key 'YGO_RACE_SPELL_FIELD.description' not found in table 'static_hover_tips'
[YgoDuelist]   add[0] after Initialize holderId=97593069709 CardNode=67511519731 CardModel=Gaia_Power
[YgoDuelist]   add[1] CREATE holderId=3371381570930 model=Burning_Land
[YgoDuelist] RegisterOptionHolder ENTER handId=2911551624445 holderId=3371381570930 index=-1 handChildCountBefore=7
[YgoDuelist] YgoSecondHandLayoutPatch ENTER all=5 main=3 opts=2 FocusedHolderId=0 FocusedIsOpt=False
[YgoDuelist]   opts[0] holderId=97593069709 model=Gaia_Power
[YgoDuelist]   opts[1] holderId=3371381570930 model=?
[YgoDuelist] YgoSecondHandLayoutPatch: AFTER holder.Position.Y = -745
[YgoDuelist] YgoSecondHandLayoutPatch: AFTER holder.TargetPosition.Y = -745
[YgoDuelist] YgoSecondHandLayoutPatch: AFTER holder.Hitbox.Position.Y = -132
[YgoDuelist] YgoSecondHandLayoutPatch: AFTER holder.Position.Y = -745
[YgoDuelist] YgoSecondHandLayoutPatch: AFTER holder.TargetPosition.Y = -745
[YgoDuelist] YgoSecondHandLayoutPatch: AFTER holder.Hitbox.Position.Y = -132
[YgoDuelist] YgoSecondHandLayoutPatch EXIT return false
[YgoDuelist] RegisterOptionHolder EXIT handId=2911551624445 holderId=3371381570930 handChildCountAfter=7 holderIsInsideTree=True
[YgoDuelist]   add[1] after RegisterOptionHolder holderId=3371381570930 IsInsideTree=True ChildCount=7
[WARN] [BaseLib] GetRawText: Key 'YGO_RACE_SPELL_CONTINUOUS.title' not found in table 'static_hover_tips'
[WARN] [BaseLib] GetRawText: Key 'YGO_RACE_SPELL_CONTINUOUS.description' not found in table 'static_hover_tips'
[YgoDuelist]   add[1] after Initialize holderId=3371381570930 CardNode=66337114543 CardModel=Burning_Land
[YgoDuelist] RebuildForPlayer END totalHolders=2 handActiveHoldersCount=5
[YgoDuelist] OnSecondHandCardsChanged EXIT RebuildForPlayer done
[DEBUG] [ActionExecutor] Completed execution of action PlayCardAction card: CARD.YGODUELIST-BURNING_LAND (16965714) index: 2062 targetid: , attempting to find new action
[VERYDEBUG] [ActionQueueSet] Attempting to find ready action
[VERYDEBUG] [ActionQueueSet] Queue for player 76561198345121322 is empty
[VERYDEBUG] [ActionQueueSet] Queue for player 76561198136285041 is empty
[VERYDEBUG] [ActionQueueSet] No action is ready
[YgoDuelist] OnSecondHandCardsChanged ENTER player=27072766 cardsCount=2
[YgoDuelist]   cards[0]=Gaia_Power id=61537402
[YgoDuelist]   cards[1]=Burning_Land id=16965714
[YgoDuelist] RebuildForPlayer START handId=2911551624445 cardsCount=2
[YgoDuelist] TearDownSecondHandRow PRUNED 1 stale holder(s)
[YgoDuelist] TearDownSecondHandRow REMOVING 1 holders
[YgoDuelist] YgoSecondHandLayoutPatch ENTER all=3 main=3 opts=0 FocusedHolderId=0 FocusedIsOpt=False
[YgoDuelist] YgoSecondHandLayoutPatch EXIT return false
[YgoDuelist] RebuildForPlayer ADDING 2 holders
[YgoDuelist]   add[0] CREATE holderId=3372287543869 model=Gaia_Power
[YgoDuelist] RegisterOptionHolder ENTER handId=2911551624445 holderId=3372287543869 index=-1 handChildCountBefore=7
[YgoDuelist] YgoSecondHandLayoutPatch ENTER all=4 main=3 opts=1 FocusedHolderId=0 FocusedIsOpt=False
[YgoDuelist]   opts[0] holderId=3372287543869 model=?
[YgoDuelist] YgoSecondHandLayoutPatch: AFTER holder.Position.Y = -745
[YgoDuelist] YgoSecondHandLayoutPatch: AFTER holder.TargetPosition.Y = -745
[YgoDuelist] YgoSecondHandLayoutPatch: AFTER holder.Hitbox.Position.Y = -132
[YgoDuelist] YgoSecondHandLayoutPatch EXIT return false
[YgoDuelist] RegisterOptionHolder EXIT handId=2911551624445 holderId=3372287543869 handChildCountAfter=7 holderIsInsideTree=True
[YgoDuelist]   add[0] after RegisterOptionHolder holderId=3372287543869 IsInsideTree=True ChildCount=7
[WARN] [BaseLib] GetRawText: Key 'YGO_RACE_SPELL_FIELD.title' not found in table 'static_hover_tips'
[WARN] [BaseLib] GetRawText: Key 'YGO_RACE_SPELL_FIELD.description' not found in table 'static_hover_tips'
[YgoDuelist]   add[0] after Initialize holderId=3372287543869 CardNode=65162709355 CardModel=Gaia_Power
[YgoDuelist]   add[1] CREATE holderId=97945391266 model=Burning_Land
[YgoDuelist] RegisterOptionHolder ENTER handId=2911551624445 holderId=97945391266 index=-1 handChildCountBefore=7
[YgoDuelist] YgoSecondHandLayoutPatch ENTER all=5 main=3 opts=2 FocusedHolderId=0 FocusedIsOpt=False
[YgoDuelist]   opts[0] holderId=3372287543869 model=Gaia_Power
[YgoDuelist]   opts[1] holderId=97945391266 model=?
[YgoDuelist] YgoSecondHandLayoutPatch: AFTER holder.Position.Y = -745
[YgoDuelist] YgoSecondHandLayoutPatch: AFTER holder.TargetPosition.Y = -745
[YgoDuelist] YgoSecondHandLayoutPatch: AFTER holder.Hitbox.Position.Y = -132
[YgoDuelist] YgoSecondHandLayoutPatch: AFTER holder.Position.Y = -745
[YgoDuelist] YgoSecondHandLayoutPatch: AFTER holder.TargetPosition.Y = -745
[YgoDuelist] YgoSecondHandLayoutPatch: AFTER holder.Hitbox.Position.Y = -132
[YgoDuelist] YgoSecondHandLayoutPatch EXIT return false
[YgoDuelist] RegisterOptionHolder EXIT handId=2911551624445 holderId=97945391266 handChildCountAfter=7 holderIsInsideTree=True
[YgoDuelist]   add[1] after RegisterOptionHolder holderId=97945391266 IsInsideTree=True ChildCount=7
[WARN] [BaseLib] GetRawText: Key 'YGO_RACE_SPELL_CONTINUOUS.title' not found in table 'static_hover_tips'
[WARN] [BaseLib] GetRawText: Key 'YGO_RACE_SPELL_CONTINUOUS.description' not found in table 'static_hover_tips'
[YgoDuelist]   add[1] after Initialize holderId=97945391266 CardNode=63988304167 CardModel=Burning_Land
[YgoDuelist] RebuildForPlayer END totalHolders=2 handActiveHoldersCount=5
[YgoDuelist] OnSecondHandCardsChanged EXIT RebuildForPlayer done
[YgoDuelist] OnSecondHandCardsChanged ENTER player=27072766 cardsCount=2
[YgoDuelist]   cards[0]=Gaia_Power id=61537402
[YgoDuelist]   cards[1]=Burning_Land id=16965714
[YgoDuelist] RebuildForPlayer START handId=2911551624445 cardsCount=2
[YgoDuelist] TearDownSecondHandRow REMOVING 2 holders
[YgoDuelist] YgoSecondHandLayoutPatch ENTER all=4 main=3 opts=1 FocusedHolderId=0 FocusedIsOpt=False
[YgoDuelist]   opts[0] holderId=97945391266 model=Burning_Land
[YgoDuelist] YgoSecondHandLayoutPatch: AFTER holder.Position.Y = -745
[YgoDuelist] YgoSecondHandLayoutPatch: AFTER holder.TargetPosition.Y = -745
[YgoDuelist] YgoSecondHandLayoutPatch: AFTER holder.Hitbox.Position.Y = -132
[YgoDuelist] YgoSecondHandLayoutPatch EXIT return false
[YgoDuelist] YgoSecondHandLayoutPatch ENTER all=3 main=3 opts=0 FocusedHolderId=0 FocusedIsOpt=False
[YgoDuelist] YgoSecondHandLayoutPatch EXIT return false
[YgoDuelist] RebuildForPlayer ADDING 2 holders
[YgoDuelist]   add[0] CREATE holderId=97593069709 model=Gaia_Power
[YgoDuelist] RegisterOptionHolder ENTER handId=2911551624445 holderId=97593069709 index=-1 handChildCountBefore=7
[YgoDuelist] YgoSecondHandLayoutPatch ENTER all=4 main=3 opts=1 FocusedHolderId=0 FocusedIsOpt=False
[YgoDuelist]   opts[0] holderId=97593069709 model=?
[YgoDuelist] YgoSecondHandLayoutPatch: AFTER holder.Position.Y = -745
[YgoDuelist] YgoSecondHandLayoutPatch: AFTER holder.TargetPosition.Y = -745
[YgoDuelist] YgoSecondHandLayoutPatch: AFTER holder.Hitbox.Position.Y = -132
[YgoDuelist] YgoSecondHandLayoutPatch EXIT return false
[YgoDuelist] RegisterOptionHolder EXIT handId=2911551624445 holderId=97593069709 handChildCountAfter=7 holderIsInsideTree=True
[YgoDuelist]   add[0] after RegisterOptionHolder holderId=97593069709 IsInsideTree=True ChildCount=7
[WARN] [BaseLib] GetRawText: Key 'YGO_RACE_SPELL_FIELD.title' not found in table 'static_hover_tips'
[WARN] [BaseLib] GetRawText: Key 'YGO_RACE_SPELL_FIELD.description' not found in table 'static_hover_tips'
[YgoDuelist]   add[0] after Initialize holderId=97593069709 CardNode=62813898979 CardModel=Gaia_Power
[YgoDuelist]   add[1] CREATE holderId=98079609002 model=Burning_Land
[YgoDuelist] RegisterOptionHolder ENTER handId=2911551624445 holderId=98079609002 index=-1 handChildCountBefore=7
[YgoDuelist] YgoSecondHandLayoutPatch ENTER all=5 main=3 opts=2 FocusedHolderId=0 FocusedIsOpt=False
[YgoDuelist]   opts[0] holderId=97593069709 model=Gaia_Power
[YgoDuelist]   opts[1] holderId=98079609002 model=?
[YgoDuelist] YgoSecondHandLayoutPatch: AFTER holder.Position.Y = -745
[YgoDuelist] YgoSecondHandLayoutPatch: AFTER holder.TargetPosition.Y = -745
[YgoDuelist] YgoSecondHandLayoutPatch: AFTER holder.Hitbox.Position.Y = -132
[YgoDuelist] YgoSecondHandLayoutPatch: AFTER holder.Position.Y = -745
[YgoDuelist] YgoSecondHandLayoutPatch: AFTER holder.TargetPosition.Y = -745
[YgoDuelist] YgoSecondHandLayoutPatch: AFTER holder.Hitbox.Position.Y = -132
[YgoDuelist] YgoSecondHandLayoutPatch EXIT return false
[YgoDuelist] RegisterOptionHolder EXIT handId=2911551624445 holderId=98079609002 handChildCountAfter=7 holderIsInsideTree=True
[YgoDuelist]   add[1] after RegisterOptionHolder holderId=98079609002 IsInsideTree=True ChildCount=7
[WARN] [BaseLib] GetRawText: Key 'YGO_RACE_SPELL_CONTINUOUS.title' not found in table 'static_hover_tips'
[WARN] [BaseLib] GetRawText: Key 'YGO_RACE_SPELL_CONTINUOUS.description' not found in table 'static_hover_tips'
[YgoDuelist]   add[1] after Initialize holderId=98079609002 CardNode=61639493791 CardModel=Burning_Land
[YgoDuelist] RebuildForPlayer END totalHolders=2 handActiveHoldersCount=5
[YgoDuelist] OnSecondHandCardsChanged EXIT RebuildForPlayer done
[YgoDuelist] Hover start on duel pet: DuelMonsterModel
[YgoDuelist] Hover end on duel pet: DuelMonsterModel
[YgoDuelist] YgoSecondHandLayoutPatch ENTER all=5 main=3 opts=2 FocusedHolderId=3261927013704 FocusedIsOpt=False
[YgoDuelist]   opts[0] holderId=97593069709 model=Gaia_Power
[YgoDuelist]   opts[1] holderId=98079609002 model=Burning_Land
[YgoDuelist] YgoSecondHandLayoutPatch: AFTER holder.Position.Y = -745
[YgoDuelist] YgoSecondHandLayoutPatch: AFTER holder.TargetPosition.Y = -745
[YgoDuelist] YgoSecondHandLayoutPatch: AFTER holder.Hitbox.Position.Y = -132
[YgoDuelist] YgoSecondHandLayoutPatch: AFTER holder.Position.Y = -745
[YgoDuelist] YgoSecondHandLayoutPatch: AFTER holder.TargetPosition.Y = -745
[YgoDuelist] YgoSecondHandLayoutPatch: AFTER holder.Hitbox.Position.Y = -132
[YgoDuelist] YgoSecondHandLayoutPatch EXIT return false
[YgoDuelist] YgoSecondHandLayoutPatch ENTER all=5 main=3 opts=2 FocusedHolderId=0 FocusedIsOpt=False
[YgoDuelist]   opts[0] holderId=97593069709 model=Gaia_Power
[YgoDuelist]   opts[1] holderId=98079609002 model=Burning_Land
[YgoDuelist] YgoSecondHandLayoutPatch: AFTER holder.Position.Y = -745
[YgoDuelist] YgoSecondHandLayoutPatch: AFTER holder.TargetPosition.Y = -745
[YgoDuelist] YgoSecondHandLayoutPatch: AFTER holder.Hitbox.Position.Y = -132
[YgoDuelist] YgoSecondHandLayoutPatch: AFTER holder.Position.Y = -745
[YgoDuelist] YgoSecondHandLayoutPatch: AFTER holder.TargetPosition.Y = -745
[YgoDuelist] YgoSecondHandLayoutPatch: AFTER holder.Hitbox.Position.Y = -132
[YgoDuelist] YgoSecondHandLayoutPatch EXIT return false
[YgoDuelist] YgoSecondHandLayoutPatch ENTER all=5 main=3 opts=2 FocusedHolderId=98079609002 FocusedIsOpt=True
[YgoDuelist]   opts[0] holderId=97593069709 model=Gaia_Power
[YgoDuelist]   opts[1] holderId=98079609002 model=Burning_Land
[YgoDuelist] YgoSecondHandLayoutPatch: AFTER holder.Position.Y = -745
[YgoDuelist] YgoSecondHandLayoutPatch: AFTER holder.TargetPosition.Y = -745
[YgoDuelist] YgoSecondHandLayoutPatch: AFTER holder.Hitbox.Position.Y = -132
[YgoDuelist] YgoSecondHandLayoutPatch: AFTER holder.Position.Y = -745
[YgoDuelist] YgoSecondHandLayoutPatch: AFTER holder.TargetPosition.Y = -745
[YgoDuelist] YgoSecondHandLayoutPatch: AFTER holder.Hitbox.Position.Y = -132
[YgoDuelist] YgoSecondHandLayoutPatch EXIT return false
[YgoDuelist] YgoSecondHandLayoutPatch ENTER all=5 main=3 opts=2 FocusedHolderId=0 FocusedIsOpt=False
[YgoDuelist]   opts[0] holderId=97593069709 model=Gaia_Power
[YgoDuelist]   opts[1] holderId=98079609002 model=Burning_Land
[YgoDuelist] YgoSecondHandLayoutPatch: AFTER holder.Position.Y = -745
[YgoDuelist] YgoSecondHandLayoutPatch: AFTER holder.TargetPosition.Y = -745
[YgoDuelist] YgoSecondHandLayoutPatch: AFTER holder.Hitbox.Position.Y = -132
[YgoDuelist] YgoSecondHandLayoutPatch: AFTER holder.Position.Y = -745
[YgoDuelist] YgoSecondHandLayoutPatch: AFTER holder.TargetPosition.Y = -745
[YgoDuelist] YgoSecondHandLayoutPatch: AFTER holder.Hitbox.Position.Y = -132
[YgoDuelist] YgoSecondHandLayoutPatch EXIT return false
[YgoDuelist] Hover start on duel pet: DuelMonsterModel
[YgoDuelist] Hover end on duel pet: DuelMonsterModel
[YgoDuelist] YgoSecondHandLayoutPatch ENTER all=5 main=3 opts=2 FocusedHolderId=3261927013704 FocusedIsOpt=False
[YgoDuelist]   opts[0] holderId=97593069709 model=Gaia_Power
[YgoDuelist]   opts[1] holderId=98079609002 model=Burning_Land
[YgoDuelist] YgoSecondHandLayoutPatch: AFTER holder.Position.Y = -745
[YgoDuelist] YgoSecondHandLayoutPatch: AFTER holder.TargetPosition.Y = -745
[YgoDuelist] YgoSecondHandLayoutPatch: AFTER holder.Hitbox.Position.Y = -132
[YgoDuelist] YgoSecondHandLayoutPatch: AFTER holder.Position.Y = -745
[YgoDuelist] YgoSecondHandLayoutPatch: AFTER holder.TargetPosition.Y = -745
[YgoDuelist] YgoSecondHandLayoutPatch: AFTER holder.Hitbox.Position.Y = -132
[YgoDuelist] YgoSecondHandLayoutPatch EXIT return false
[YgoDuelist] YgoSecondHandLayoutPatch ENTER all=5 main=3 opts=2 FocusedHolderId=0 FocusedIsOpt=False
[YgoDuelist]   opts[0] holderId=97593069709 model=Gaia_Power
[YgoDuelist]   opts[1] holderId=98079609002 model=Burning_Land
[YgoDuelist] YgoSecondHandLayoutPatch: AFTER holder.Position.Y = -745
[YgoDuelist] YgoSecondHandLayoutPatch: AFTER holder.TargetPosition.Y = -745
[YgoDuelist] YgoSecondHandLayoutPatch: AFTER holder.Hitbox.Position.Y = -132
[YgoDuelist] YgoSecondHandLayoutPatch: AFTER holder.Position.Y = -745
[YgoDuelist] YgoSecondHandLayoutPatch: AFTER holder.TargetPosition.Y = -745
[YgoDuelist] YgoSecondHandLayoutPatch: AFTER holder.Hitbox.Position.Y = -132
[YgoDuelist] YgoSecondHandLayoutPatch EXIT return false
[YgoDuelist] YgoSecondHandLayoutPatch ENTER all=4 main=2 opts=2 FocusedHolderId=0 FocusedIsOpt=False
[YgoDuelist]   opts[0] holderId=97593069709 model=Gaia_Power
[YgoDuelist]   opts[1] holderId=98079609002 model=Burning_Land
[YgoDuelist] YgoSecondHandLayoutPatch: AFTER holder.Position.Y = -745
[YgoDuelist] YgoSecondHandLayoutPatch: AFTER holder.TargetPosition.Y = -745
[YgoDuelist] YgoSecondHandLayoutPatch: AFTER holder.Hitbox.Position.Y = -132
[YgoDuelist] YgoSecondHandLayoutPatch: AFTER holder.Position.Y = -745
[YgoDuelist] YgoSecondHandLayoutPatch: AFTER holder.TargetPosition.Y = -745
[YgoDuelist] YgoSecondHandLayoutPatch: AFTER holder.Hitbox.Position.Y = -132
[YgoDuelist] YgoSecondHandLayoutPatch EXIT return false
[YgoDuelist] StartTargeting ENTER validTargetsType=AnyEnemy secondArgType=NCard
[YgoDuelist] StartTargeting POSTFIX cardPlay=NMouseCardPlay holderIsOption=False
[YgoDuelist] Hover start on duel pet: DuelMonsterModel
[YgoDuelist] Hover end on duel pet: DuelMonsterModel
[DEBUG] [NetQualityTracker] Connection statistics at 08:25:44:
[DEBUG] [NetQualityTracker] 	76561198345121322 - Ping: 68.10241. Packet Loss: 3E-45.
[DEBUG] [ActionQueueSynchronizer] Sending message to host requesting to enqueue action PlayCardAction card: CARD.YGODUELIST-EARTH_EFFIGY (55410102) index: 2058 targetid: 2 at 08:25:44
[YgoDuelist] YgoSecondHandLayoutPatch ENTER all=4 main=2 opts=2 FocusedHolderId=0 FocusedIsOpt=False
[YgoDuelist]   opts[0] holderId=97593069709 model=Gaia_Power
[YgoDuelist]   opts[1] holderId=98079609002 model=Burning_Land
[YgoDuelist] YgoSecondHandLayoutPatch: AFTER holder.Position.Y = -745
[YgoDuelist] YgoSecondHandLayoutPatch: AFTER holder.TargetPosition.Y = -745
[YgoDuelist] YgoSecondHandLayoutPatch: AFTER holder.Hitbox.Position.Y = -132
[YgoDuelist] YgoSecondHandLayoutPatch: AFTER holder.Position.Y = -745
[YgoDuelist] YgoSecondHandLayoutPatch: AFTER holder.TargetPosition.Y = -745
[YgoDuelist] YgoSecondHandLayoutPatch: AFTER holder.Hitbox.Position.Y = -132
[YgoDuelist] YgoSecondHandLayoutPatch EXIT return false
[DEBUG] [NetMessageBus] Received message ActionEnqueuedMessage PlayerID: 76561198136285041 Action: NetPlayCardAction (NetCombatCard 2058) target: 2 Source Location: act 0 coord (0, 1) (card: Earth Effigy), sending to 1 handlers
[VERYDEBUG] [RunLocationTargetedMessageBuffer] Handling map-targeted message ActionEnqueuedMessage PlayerID: 76561198136285041 Action: NetPlayCardAction (NetCombatCard 2058) target: 2 Source Location: act 0 coord (0, 1) (card: Earth Effigy) from 76561198345121322 for location act 0 coord (0, 1)
[DEBUG] [ActionQueueSynchronizer] Received handle action enqueued message ActionEnqueuedMessage PlayerID: 76561198136285041 Action: NetPlayCardAction (NetCombatCard 2058) target: 2 Source Location: act 0 coord (0, 1) (card: Earth Effigy) at 08:25:44
[DEBUG] [ActionQueueSynchronizer] Enqueueing action PlayCardAction card: CARD.YGODUELIST-EARTH_EFFIGY (55410102) index: 2058 targetid: 2 from owner 76561198136285041
[YgoDuelist] YgoSecondHandLayoutPatch ENTER all=4 main=2 opts=2 FocusedHolderId=0 FocusedIsOpt=False
[YgoDuelist]   opts[0] holderId=97593069709 model=Gaia_Power
[YgoDuelist]   opts[1] holderId=98079609002 model=Burning_Land
[YgoDuelist] YgoSecondHandLayoutPatch: AFTER holder.Position.Y = -745
[YgoDuelist] YgoSecondHandLayoutPatch: AFTER holder.TargetPosition.Y = -745
[YgoDuelist] YgoSecondHandLayoutPatch: AFTER holder.Hitbox.Position.Y = -132
[YgoDuelist] YgoSecondHandLayoutPatch: AFTER holder.Position.Y = -745
[YgoDuelist] YgoSecondHandLayoutPatch: AFTER holder.TargetPosition.Y = -745
[YgoDuelist] YgoSecondHandLayoutPatch: AFTER holder.Hitbox.Position.Y = -132
[YgoDuelist] YgoSecondHandLayoutPatch EXIT return false
[DEBUG] [ActionQueueSet] Enqueueing action PlayCardAction card: CARD.YGODUELIST-EARTH_EFFIGY (55410102) index: 2058 targetid: 2 to player queue owned by 76561198136285041
[DEBUG] [ActionExecutor] Action queue changed, beginning ExecuteActions
[VERYDEBUG] [ActionQueueSet] Attempting to find ready action
[VERYDEBUG] [ActionQueueSet] Queue for player 76561198345121322 is empty
[VERYDEBUG] [ActionQueueSet] Action PlayCardAction card: CARD.YGODUELIST-EARTH_EFFIGY (55410102) index: 2058 targetid: 2 with id 36 belonging to 76561198136285041 becomes new ready action
[VERYDEBUG] [ActionQueueSet] Got ready action PlayCardAction card: CARD.YGODUELIST-EARTH_EFFIGY (55410102) index: 2058 targetid: 2 (36)
[DEBUG] [ActionExecutor] Executing action: PlayCardAction card: CARD.YGODUELIST-EARTH_EFFIGY (55410102) index: 2058 targetid: 2
[VERYDEBUG] [GameAction] Action PlayCardAction card: CARD.YGODUELIST-EARTH_EFFIGY (55410102) index: 2058 targetid: 2 began executing
[INFO] Player 76561198136285041 playing card YGODUELIST-EARTH_EFFIGY (targeting Toadpole (index 6))
[VERYDEBUG] [GameAction] Action PlayCardAction card: CARD.YGODUELIST-EARTH_EFFIGY (55410102) index: 2058 targetid: 2 finished execution
[DEBUG] [ChecksumTracker] Generating checksum for context: after executing action PlayCardAction card: CARD.YGODUELIST-EARTH_EFFIGY (55410102) index: 2058 targetid: 2 action: PlayCardAction card: CARD.YGODUELIST-EARTH_EFFIGY (55410102) index: 2058 targetid: 2 id: 36
[YgoDuelist][MP][Checksum][fp] netId=76561198136285041 | pt=1 n=4:YGODUELIST-DEFEND_YGO_DUELIST010,YGODUELIST-FIRE_SORCERER0bYgoDieForYouUserToggleOnFalseiPermanentAtkBonusFromExecutes01010002,20017,20041,20043,YGODUELIST-RECKLESS_GREED01010009,10011,YGODUELIST-STRIKE_YGO_DUELIST010 | pt=2 n=2:YGODUELIST-DEFEND_YGO_DUELIST010,YGODUELIST-STRIKE_YGO_DUELIST010 | pt=3 n=8:YGODUELIST-ARCANE_ARCHER_OF_THE_FOREST0bYgoDieForYouUserToggleOnFalseiPermanentAtkBonusFromExecutes01010000,20019,20043,YGODUELIST-DEFEND_YGO_DUELIST010,YGODUELIST-OJAMA_TRIO01010009,10011,YGODUELIST-OUTSTANDING_DOG_MARRON0bYgoDieForYouUserToggleOnFalseiPermanentAtkBonusFromExecutes01010004,20001,YGODUELIST-ROCKET_JUMPER0bYgoDieForYouUserToggleOnFalseiPermanentAtkBonusFromExecutes01010000,20015,20043,20045,YGODUELIST-SKELENGEL0bYgoDieForYouUserToggleOnFalseiPermanentAtkBonusFromExecutes01010004,20006,20041,YGODUELIST-STRIKE_YGO_DUELIST010,YGODUELIST-TRAP_OF_BOARD_ERASER01010009,10011 | pt=4 n=0: | pt=5 n=0: | pt=932200512 n=0: | pt=932200513 n=0: | pt=932200514 n=0: | pt=932200515 n=1:YGODUELIST-HOURGLASS_OF_COURAGE0bYgoDieForYouUserToggleOnFalseiPermanentAtkBonusFromExecutes01010004,20006,20043 | pt=932200516 n=2:YGODUELIST-EARTH_EFFIGY0bYgoDieForYouUserToggleOnFalseiPermanentAtkBonusFromExecutes01010000,20015,20043,YGODUELIST-TOTAL_DEFENSE_SHOGUN0bYgoDieForYouUserToggleOnFalseiPermanentAtkBonusFromExecutes01010005,20019,20034,20043 | pt=932200517 n=2:YGODUELIST-BURNING_LAND01010009,20024,YGODUELIST-GAIA_POWER01010009,20027 | pt=932200518 n=0:
[YgoDuelist][MP][Checksum][fp] netId=76561198345121322 | pt=1 n=6:YGODUELIST-DEFEND_YGO_DUELIST010,YGODUELIST-DEFEND_YGO_DUELIST010,YGODUELIST-FIRE_PRINCESS0bYgoDieForYouUserToggleOnFalseiPermanentAtkBonusFromExecutes01010002,20013,20043,YGODUELIST-KURAMA0bYgoDieForYouUserToggleOnFalseiPermanentAtkBonusFromExecutes01010003,20020,20043,YGODUELIST-STRIKE_YGO_DUELIST010,YGODUELIST-ZABORG_THE_THUNDER_MONARCH0bYgoDieForYouUserToggleOnFalseiPermanentAtkBonusFromExecutes01010004,20018,20034,20043 | pt=2 n=3:GREED0104,7,YGODUELIST-STRIKE_YGO_DUELIST010,YGODUELIST-STRIKE_YGO_DUELIST010 | pt=3 n=1:YGODUELIST-DEFEND_YGO_DUELIST010 | pt=4 n=0: | pt=5 n=0: | pt=932200512 n=0: | pt=932200513 n=1:YGODUELIST-THE_LAST_WARRIOR_FROM_ANOTHER_PLANET0bYgoDieForYouUserToggleOnFalseiPermanentAtkBonusFromExecutes0iSummonAbsorbPrintedDefBonus01010000,20019,20036,20043 | pt=932200514 n=0: | pt=932200515 n=0: | pt=932200516 n=2:YGODUELIST-QUEEN_S_DOUBLE0bYgoDieForYouUserToggleOnFalseiPermanentAtkBonusFromExecutes01010000,20019,20045,YGODUELIST-VERSAGO_THE_DESTROYER0bYgoDieForYouUserToggleOnFalseiPermanentAtkBonusFromExecutes01010005,20007,20043 | pt=932200517 n=2:YGODUELIST-RAIGEKI_BREAK01010009,10011,20045,YGODUELIST-YELLOW_LUSTER_SHIELD01010009,20024 | pt=932200518 n=0:
[DEBUG] [ActionExecutor] Completed execution of action PlayCardAction card: CARD.YGODUELIST-EARTH_EFFIGY (55410102) index: 2058 targetid: 2, attempting to find new action
[VERYDEBUG] [ActionQueueSet] Attempting to find ready action
[VERYDEBUG] [ActionQueueSet] Queue for player 76561198345121322 is empty
[VERYDEBUG] [ActionQueueSet] Queue for player 76561198136285041 is empty
[VERYDEBUG] [ActionQueueSet] No action is ready
[DEBUG] [ActionQueueSynchronizer] Sending message to host requesting to enqueue action EndPlayerTurnAction for player 76561198136285041 round 3 at 08:25:48
[DEBUG] [NetMessageBus] Received message ActionEnqueuedMessage PlayerID: 76561198136285041 Action: NetEndPlayerTurnAction round: 3 Source Location: act 0 coord (0, 1) , sending to 1 handlers
[VERYDEBUG] [RunLocationTargetedMessageBuffer] Handling map-targeted message ActionEnqueuedMessage PlayerID: 76561198136285041 Action: NetEndPlayerTurnAction round: 3 Source Location: act 0 coord (0, 1)  from 76561198345121322 for location act 0 coord (0, 1)
[DEBUG] [ActionQueueSynchronizer] Received handle action enqueued message ActionEnqueuedMessage PlayerID: 76561198136285041 Action: NetEndPlayerTurnAction round: 3 Source Location: act 0 coord (0, 1)  at 08:25:48
[DEBUG] [ActionQueueSynchronizer] Enqueueing action EndPlayerTurnAction for player 76561198136285041 round 3 from owner 76561198136285041
[DEBUG] [ActionQueueSet] Enqueueing action EndPlayerTurnAction for player 76561198136285041 round 3 to player queue owned by 76561198136285041
[DEBUG] [ActionExecutor] Action queue changed, beginning ExecuteActions
[VERYDEBUG] [ActionQueueSet] Attempting to find ready action
[VERYDEBUG] [ActionQueueSet] Queue for player 76561198345121322 is empty
[VERYDEBUG] [ActionQueueSet] Action EndPlayerTurnAction for player 76561198136285041 round 3 with id 37 belonging to 76561198136285041 becomes new ready action
[VERYDEBUG] [ActionQueueSet] Got ready action EndPlayerTurnAction for player 76561198136285041 round 3 (37)
[DEBUG] [ActionExecutor] Executing action: EndPlayerTurnAction for player 76561198136285041 round 3
[VERYDEBUG] [GameAction] Action EndPlayerTurnAction for player 76561198136285041 round 3 began executing
[VERYDEBUG] [GameAction] Action EndPlayerTurnAction for player 76561198136285041 round 3 finished execution
[DEBUG] [ActionQueueSynchronizer] Combat state becomes EndTurnPhaseOne (from PlayPhase). Starting to cancel all player-driven actions
[DEBUG] [ActionQueueSet] Setting all player queues to cancel all non-hook actions
[VERYDEBUG] [ActionQueueSet] Attempting to find ready action
[VERYDEBUG] [ActionQueueSet] Queue for player 76561198345121322 is empty
[VERYDEBUG] [ActionQueueSet] Queue for player 76561198136285041 is empty
[VERYDEBUG] [ActionQueueSet] No action is ready
[DEBUG] [ChecksumTracker] Generating checksum for context: After player turn phase one end action:  id: 37
[YgoDuelist][MP][Checksum][fp] netId=76561198136285041 | pt=1 n=4:YGODUELIST-DEFEND_YGO_DUELIST010,YGODUELIST-FIRE_SORCERER0bYgoDieForYouUserToggleOnFalseiPermanentAtkBonusFromExecutes01010002,20017,20041,20043,YGODUELIST-RECKLESS_GREED01010009,10011,YGODUELIST-STRIKE_YGO_DUELIST010 | pt=2 n=2:YGODUELIST-DEFEND_YGO_DUELIST010,YGODUELIST-STRIKE_YGO_DUELIST010 | pt=3 n=8:YGODUELIST-ARCANE_ARCHER_OF_THE_FOREST0bYgoDieForYouUserToggleOnFalseiPermanentAtkBonusFromExecutes01010000,20019,20043,YGODUELIST-DEFEND_YGO_DUELIST010,YGODUELIST-OJAMA_TRIO01010009,10011,YGODUELIST-OUTSTANDING_DOG_MARRON0bYgoDieForYouUserToggleOnFalseiPermanentAtkBonusFromExecutes01010004,20001,YGODUELIST-ROCKET_JUMPER0bYgoDieForYouUserToggleOnFalseiPermanentAtkBonusFromExecutes01010000,20015,20043,20045,YGODUELIST-SKELENGEL0bYgoDieForYouUserToggleOnFalseiPermanentAtkBonusFromExecutes01010004,20006,20041,YGODUELIST-STRIKE_YGO_DUELIST010,YGODUELIST-TRAP_OF_BOARD_ERASER01010009,10011 | pt=4 n=0: | pt=5 n=0: | pt=932200512 n=0: | pt=932200513 n=0: | pt=932200514 n=0: | pt=932200515 n=1:YGODUELIST-HOURGLASS_OF_COURAGE0bYgoDieForYouUserToggleOnFalseiPermanentAtkBonusFromExecutes01010004,20006,20043 | pt=932200516 n=2:YGODUELIST-EARTH_EFFIGY0bYgoDieForYouUserToggleOnFalseiPermanentAtkBonusFromExecutes01010000,20015,20043,YGODUELIST-TOTAL_DEFENSE_SHOGUN0bYgoDieForYouUserToggleOnFalseiPermanentAtkBonusFromExecutes01010005,20019,20034,20043 | pt=932200517 n=2:YGODUELIST-BURNING_LAND01010009,20024,YGODUELIST-GAIA_POWER01010009,20027 | pt=932200518 n=0:
[YgoDuelist][MP][Checksum][fp] netId=76561198345121322 | pt=1 n=6:YGODUELIST-DEFEND_YGO_DUELIST010,YGODUELIST-DEFEND_YGO_DUELIST010,YGODUELIST-FIRE_PRINCESS0bYgoDieForYouUserToggleOnFalseiPermanentAtkBonusFromExecutes01010002,20013,20043,YGODUELIST-KURAMA0bYgoDieForYouUserToggleOnFalseiPermanentAtkBonusFromExecutes01010003,20020,20043,YGODUELIST-STRIKE_YGO_DUELIST010,YGODUELIST-ZABORG_THE_THUNDER_MONARCH0bYgoDieForYouUserToggleOnFalseiPermanentAtkBonusFromExecutes01010004,20018,20034,20043 | pt=2 n=3:GREED0104,7,YGODUELIST-STRIKE_YGO_DUELIST010,YGODUELIST-STRIKE_YGO_DUELIST010 | pt=3 n=1:YGODUELIST-DEFEND_YGO_DUELIST010 | pt=4 n=0: | pt=5 n=0: | pt=932200512 n=0: | pt=932200513 n=1:YGODUELIST-THE_LAST_WARRIOR_FROM_ANOTHER_PLANET0bYgoDieForYouUserToggleOnFalseiPermanentAtkBonusFromExecutes0iSummonAbsorbPrintedDefBonus01010000,20019,20036,20043 | pt=932200514 n=0: | pt=932200515 n=0: | pt=932200516 n=2:YGODUELIST-QUEEN_S_DOUBLE0bYgoDieForYouUserToggleOnFalseiPermanentAtkBonusFromExecutes01010000,20019,20045,YGODUELIST-VERSAGO_THE_DESTROYER0bYgoDieForYouUserToggleOnFalseiPermanentAtkBonusFromExecutes01010005,20007,20043 | pt=932200517 n=2:YGODUELIST-RAIGEKI_BREAK01010009,10011,20045,YGODUELIST-YELLOW_LUSTER_SHIELD01010009,20024 | pt=932200518 n=0:
[DEBUG] [ActionQueueSynchronizer] Sending message to host requesting to enqueue action ReadyToBeginEnemyTurnAction 76561198136285041 at 08:25:48
[DEBUG] [ActionExecutor] Completed execution of action EndPlayerTurnAction for player 76561198136285041 round 3, attempting to find new action
[VERYDEBUG] [ActionQueueSet] Attempting to find ready action
[VERYDEBUG] [ActionQueueSet] Queue for player 76561198345121322 is empty
[VERYDEBUG] [ActionQueueSet] Queue for player 76561198136285041 is empty
[VERYDEBUG] [ActionQueueSet] No action is ready
[DEBUG] [NetMessageBus] Received message ActionEnqueuedMessage PlayerID: 76561198345121322 Action: NetReadyToBeginEnemyTurnAction Source Location: act 0 coord (0, 1) , sending to 1 handlers
[VERYDEBUG] [RunLocationTargetedMessageBuffer] Handling map-targeted message ActionEnqueuedMessage PlayerID: 76561198345121322 Action: NetReadyToBeginEnemyTurnAction Source Location: act 0 coord (0, 1)  from 76561198345121322 for location act 0 coord (0, 1)
[DEBUG] [ActionQueueSynchronizer] Received handle action enqueued message ActionEnqueuedMessage PlayerID: 76561198345121322 Action: NetReadyToBeginEnemyTurnAction Source Location: act 0 coord (0, 1)  at 08:25:48
[DEBUG] [ActionQueueSynchronizer] Enqueueing action ReadyToBeginEnemyTurnAction 76561198345121322 from owner 76561198345121322
[DEBUG] [ActionQueueSet] Enqueueing action ReadyToBeginEnemyTurnAction 76561198345121322 to player queue owned by 76561198345121322
[DEBUG] [ActionExecutor] Action queue changed, beginning ExecuteActions
[VERYDEBUG] [ActionQueueSet] Attempting to find ready action
[VERYDEBUG] [ActionQueueSet] Action ReadyToBeginEnemyTurnAction 76561198345121322 with id 38 belonging to 76561198345121322 becomes new ready action
[VERYDEBUG] [ActionQueueSet] Queue for player 76561198136285041 is empty
[VERYDEBUG] [ActionQueueSet] Got ready action ReadyToBeginEnemyTurnAction 76561198345121322 (38)
[DEBUG] [ActionExecutor] Executing action: ReadyToBeginEnemyTurnAction 76561198345121322
[VERYDEBUG] [GameAction] Action ReadyToBeginEnemyTurnAction 76561198345121322 began executing
[VERYDEBUG] [GameAction] Action ReadyToBeginEnemyTurnAction 76561198345121322 finished execution
[DEBUG] [ActionExecutor] Completed execution of action ReadyToBeginEnemyTurnAction 76561198345121322, attempting to find new action
[VERYDEBUG] [ActionQueueSet] Attempting to find ready action
[VERYDEBUG] [ActionQueueSet] Queue for player 76561198345121322 is empty
[VERYDEBUG] [ActionQueueSet] Queue for player 76561198136285041 is empty
[VERYDEBUG] [ActionQueueSet] No action is ready
[DEBUG] [NetMessageBus] Received message ActionEnqueuedMessage PlayerID: 76561198136285041 Action: NetReadyToBeginEnemyTurnAction Source Location: act 0 coord (0, 1) , sending to 1 handlers
[VERYDEBUG] [RunLocationTargetedMessageBuffer] Handling map-targeted message ActionEnqueuedMessage PlayerID: 76561198136285041 Action: NetReadyToBeginEnemyTurnAction Source Location: act 0 coord (0, 1)  from 76561198345121322 for location act 0 coord (0, 1)
[DEBUG] [ActionQueueSynchronizer] Received handle action enqueued message ActionEnqueuedMessage PlayerID: 76561198136285041 Action: NetReadyToBeginEnemyTurnAction Source Location: act 0 coord (0, 1)  at 08:25:48
[DEBUG] [ActionQueueSynchronizer] Enqueueing action ReadyToBeginEnemyTurnAction 76561198136285041 from owner 76561198136285041
[DEBUG] [ActionQueueSet] Enqueueing action ReadyToBeginEnemyTurnAction 76561198136285041 to player queue owned by 76561198136285041
[DEBUG] [ActionExecutor] Action queue changed, beginning ExecuteActions
[VERYDEBUG] [ActionQueueSet] Attempting to find ready action
[VERYDEBUG] [ActionQueueSet] Queue for player 76561198345121322 is empty
[VERYDEBUG] [ActionQueueSet] Action ReadyToBeginEnemyTurnAction 76561198136285041 with id 39 belonging to 76561198136285041 becomes new ready action
[VERYDEBUG] [ActionQueueSet] Got ready action ReadyToBeginEnemyTurnAction 76561198136285041 (39)
[DEBUG] [ActionExecutor] Executing action: ReadyToBeginEnemyTurnAction 76561198136285041
[VERYDEBUG] [GameAction] Action ReadyToBeginEnemyTurnAction 76561198136285041 began executing
[DEBUG] [ActionQueueSynchronizer] Combat state becomes NotPlayPhase. Pausing all player queues
[DEBUG] [ActionQueueSet] Pausing all player queues
[VERYDEBUG] [GameAction] Action ReadyToBeginEnemyTurnAction 76561198136285041 finished execution
[DEBUG] [ActionExecutor] Completed execution of action ReadyToBeginEnemyTurnAction 76561198136285041, attempting to find new action
[VERYDEBUG] [ActionQueueSet] Attempting to find ready action
[VERYDEBUG] [ActionQueueSet] Queue for player 76561198345121322 is empty
[VERYDEBUG] [ActionQueueSet] Queue for player 76561198136285041 is empty
[VERYDEBUG] [ActionQueueSet] No action is ready
[YgoDuelist] YgoSecondHandLayoutPatch ENTER all=3 main=1 opts=2 FocusedHolderId=0 FocusedIsOpt=False
[YgoDuelist]   opts[0] holderId=97593069709 model=Gaia_Power
[YgoDuelist]   opts[1] holderId=98079609002 model=Burning_Land
[YgoDuelist] YgoSecondHandLayoutPatch: AFTER holder.Position.Y = -745
[YgoDuelist] YgoSecondHandLayoutPatch: AFTER holder.TargetPosition.Y = -745
[YgoDuelist] YgoSecondHandLayoutPatch: AFTER holder.Hitbox.Position.Y = -132
[YgoDuelist] YgoSecondHandLayoutPatch: AFTER holder.Position.Y = -745
[YgoDuelist] YgoSecondHandLayoutPatch: AFTER holder.TargetPosition.Y = -745
[YgoDuelist] YgoSecondHandLayoutPatch: AFTER holder.Hitbox.Position.Y = -132
[YgoDuelist] YgoSecondHandLayoutPatch EXIT return false
[YgoDuelist] YgoSecondHandLayoutPatch ENTER all=2 main=0 opts=2 FocusedHolderId=0 FocusedIsOpt=False
[YgoDuelist]   opts[0] holderId=97593069709 model=Gaia_Power
[YgoDuelist]   opts[1] holderId=98079609002 model=Burning_Land
[YgoDuelist] YgoSecondHandLayoutPatch: AFTER holder.Position.Y = -745
[YgoDuelist] YgoSecondHandLayoutPatch: AFTER holder.TargetPosition.Y = -745
[YgoDuelist] YgoSecondHandLayoutPatch: AFTER holder.Hitbox.Position.Y = -132
[YgoDuelist] YgoSecondHandLayoutPatch: AFTER holder.Position.Y = -745
[YgoDuelist] YgoSecondHandLayoutPatch: AFTER holder.TargetPosition.Y = -745
[YgoDuelist] YgoSecondHandLayoutPatch: AFTER holder.Hitbox.Position.Y = -132
[YgoDuelist] YgoSecondHandLayoutPatch EXIT return false
[DEBUG] [ChecksumTracker] Generating checksum for context: after player turn phase two end action:  id: 38
[YgoDuelist][MP][Checksum][fp] netId=76561198136285041 | pt=1 n=4:YGODUELIST-DEFEND_YGO_DUELIST010,YGODUELIST-FIRE_SORCERER0bYgoDieForYouUserToggleOnFalseiPermanentAtkBonusFromExecutes01010002,20017,20041,20043,YGODUELIST-RECKLESS_GREED01010009,10011,YGODUELIST-STRIKE_YGO_DUELIST010 | pt=2 n=0: | pt=3 n=10:YGODUELIST-ARCANE_ARCHER_OF_THE_FOREST0bYgoDieForYouUserToggleOnFalseiPermanentAtkBonusFromExecutes01010000,20019,20043,YGODUELIST-DEFEND_YGO_DUELIST010,YGODUELIST-DEFEND_YGO_DUELIST010,YGODUELIST-OJAMA_TRIO01010009,10011,YGODUELIST-OUTSTANDING_DOG_MARRON0bYgoDieForYouUserToggleOnFalseiPermanentAtkBonusFromExecutes01010004,20001,YGODUELIST-ROCKET_JUMPER0bYgoDieForYouUserToggleOnFalseiPermanentAtkBonusFromExecutes01010000,20015,20043,20045,YGODUELIST-SKELENGEL0bYgoDieForYouUserToggleOnFalseiPermanentAtkBonusFromExecutes01010004,20006,20041,YGODUELIST-STRIKE_YGO_DUELIST010,YGODUELIST-STRIKE_YGO_DUELIST010,YGODUELIST-TRAP_OF_BOARD_ERASER01010009,10011 | pt=4 n=0: | pt=5 n=0: | pt=932200512 n=0: | pt=932200513 n=0: | pt=932200514 n=0: | pt=932200515 n=1:YGODUELIST-HOURGLASS_OF_COURAGE0bYgoDieForYouUserToggleOnFalseiPermanentAtkBonusFromExecutes01010004,20006,20043 | pt=932200516 n=2:YGODUELIST-EARTH_EFFIGY0bYgoDieForYouUserToggleOnFalseiPermanentAtkBonusFromExecutes01010000,20015,20043,YGODUELIST-TOTAL_DEFENSE_SHOGUN0bYgoDieForYouUserToggleOnFalseiPermanentAtkBonusFromExecutes01010005,20019,20034,20043 | pt=932200517 n=2:YGODUELIST-BURNING_LAND01010009,20024,YGODUELIST-GAIA_POWER01010009,20027 | pt=932200518 n=0:
[YgoDuelist][MP][Checksum][fp] netId=76561198345121322 | pt=1 n=6:YGODUELIST-DEFEND_YGO_DUELIST010,YGODUELIST-DEFEND_YGO_DUELIST010,YGODUELIST-FIRE_PRINCESS0bYgoDieForYouUserToggleOnFalseiPermanentAtkBonusFromExecutes01010002,20013,20043,YGODUELIST-KURAMA0bYgoDieForYouUserToggleOnFalseiPermanentAtkBonusFromExecutes01010003,20020,20043,YGODUELIST-STRIKE_YGO_DUELIST010,YGODUELIST-ZABORG_THE_THUNDER_MONARCH0bYgoDieForYouUserToggleOnFalseiPermanentAtkBonusFromExecutes01010004,20018,20034,20043 | pt=2 n=0: | pt=3 n=4:GREED0104,7,YGODUELIST-DEFEND_YGO_DUELIST010,YGODUELIST-STRIKE_YGO_DUELIST010,YGODUELIST-STRIKE_YGO_DUELIST010 | pt=4 n=0: | pt=5 n=0: | pt=932200512 n=0: | pt=932200513 n=1:YGODUELIST-THE_LAST_WARRIOR_FROM_ANOTHER_PLANET0bYgoDieForYouUserToggleOnFalseiPermanentAtkBonusFromExecutes0iSummonAbsorbPrintedDefBonus01010000,20019,20036,20043 | pt=932200514 n=0: | pt=932200515 n=0: | pt=932200516 n=2:YGODUELIST-QUEEN_S_DOUBLE0bYgoDieForYouUserToggleOnFalseiPermanentAtkBonusFromExecutes01010000,20019,20045,YGODUELIST-VERSAGO_THE_DESTROYER0bYgoDieForYouUserToggleOnFalseiPermanentAtkBonusFromExecutes01010005,20007,20043 | pt=932200517 n=2:YGODUELIST-RAIGEKI_BREAK01010009,10011,20045,YGODUELIST-YELLOW_LUSTER_SHIELD01010009,20024 | pt=932200518 n=0:
[DEBUG] [ChecksumTracker] Generating checksum for context: After enemy turn start action:  id: 39
[YgoDuelist][MP][Checksum][fp] netId=76561198136285041 | pt=1 n=4:YGODUELIST-DEFEND_YGO_DUELIST010,YGODUELIST-FIRE_SORCERER0bYgoDieForYouUserToggleOnFalseiPermanentAtkBonusFromExecutes01010002,20017,20041,20043,YGODUELIST-RECKLESS_GREED01010009,10011,YGODUELIST-STRIKE_YGO_DUELIST010 | pt=2 n=0: | pt=3 n=10:YGODUELIST-ARCANE_ARCHER_OF_THE_FOREST0bYgoDieForYouUserToggleOnFalseiPermanentAtkBonusFromExecutes01010000,20019,20043,YGODUELIST-DEFEND_YGO_DUELIST010,YGODUELIST-DEFEND_YGO_DUELIST010,YGODUELIST-OJAMA_TRIO01010009,10011,YGODUELIST-OUTSTANDING_DOG_MARRON0bYgoDieForYouUserToggleOnFalseiPermanentAtkBonusFromExecutes01010004,20001,YGODUELIST-ROCKET_JUMPER0bYgoDieForYouUserToggleOnFalseiPermanentAtkBonusFromExecutes01010000,20015,20043,20045,YGODUELIST-SKELENGEL0bYgoDieForYouUserToggleOnFalseiPermanentAtkBonusFromExecutes01010004,20006,20041,YGODUELIST-STRIKE_YGO_DUELIST010,YGODUELIST-STRIKE_YGO_DUELIST010,YGODUELIST-TRAP_OF_BOARD_ERASER01010009,10011 | pt=4 n=0: | pt=5 n=0: | pt=932200512 n=0: | pt=932200513 n=0: | pt=932200514 n=0: | pt=932200515 n=1:YGODUELIST-HOURGLASS_OF_COURAGE0bYgoDieForYouUserToggleOnFalseiPermanentAtkBonusFromExecutes01010004,20006,20043 | pt=932200516 n=2:YGODUELIST-EARTH_EFFIGY0bYgoDieForYouUserToggleOnFalseiPermanentAtkBonusFromExecutes01010000,20015,20043,YGODUELIST-TOTAL_DEFENSE_SHOGUN0bYgoDieForYouUserToggleOnFalseiPermanentAtkBonusFromExecutes01010005,20019,20034,20043 | pt=932200517 n=2:YGODUELIST-BURNING_LAND01010009,20024,YGODUELIST-GAIA_POWER01010009,20027 | pt=932200518 n=0:
[YgoDuelist][MP][Checksum][fp] netId=76561198345121322 | pt=1 n=6:YGODUELIST-DEFEND_YGO_DUELIST010,YGODUELIST-DEFEND_YGO_DUELIST010,YGODUELIST-FIRE_PRINCESS0bYgoDieForYouUserToggleOnFalseiPermanentAtkBonusFromExecutes01010002,20013,20043,YGODUELIST-KURAMA0bYgoDieForYouUserToggleOnFalseiPermanentAtkBonusFromExecutes01010003,20020,20043,YGODUELIST-STRIKE_YGO_DUELIST010,YGODUELIST-ZABORG_THE_THUNDER_MONARCH0bYgoDieForYouUserToggleOnFalseiPermanentAtkBonusFromExecutes01010004,20018,20034,20043 | pt=2 n=0: | pt=3 n=4:GREED0104,7,YGODUELIST-DEFEND_YGO_DUELIST010,YGODUELIST-STRIKE_YGO_DUELIST010,YGODUELIST-STRIKE_YGO_DUELIST010 | pt=4 n=0: | pt=5 n=0: | pt=932200512 n=0: | pt=932200513 n=1:YGODUELIST-THE_LAST_WARRIOR_FROM_ANOTHER_PLANET0bYgoDieForYouUserToggleOnFalseiPermanentAtkBonusFromExecutes0iSummonAbsorbPrintedDefBonus01010000,20019,20036,20043 | pt=932200514 n=0: | pt=932200515 n=0: | pt=932200516 n=2:YGODUELIST-QUEEN_S_DOUBLE0bYgoDieForYouUserToggleOnFalseiPermanentAtkBonusFromExecutes01010000,20019,20045,YGODUELIST-VERSAGO_THE_DESTROYER0bYgoDieForYouUserToggleOnFalseiPermanentAtkBonusFromExecutes01010005,20007,20043 | pt=932200517 n=2:YGODUELIST-RAIGEKI_BREAK01010009,10011,20045,YGODUELIST-YELLOW_LUSTER_SHIELD01010009,20024 | pt=932200518 n=0:
[INFO] Monster TOADPOLE performing move WHIRL_MOVE
[INFO] Monster TOADPOLE performing move SPIKE_SPIT_MOVE
[YgoDuelist] Hover start on duel pet: DuelMonsterModel
[DEBUG] [ChecksumTracker] Generating checksum for context: After enemy turn end action:  id: 40
[YgoDuelist][MP][Checksum][fp] netId=76561198136285041 | pt=1 n=4:YGODUELIST-DEFEND_YGO_DUELIST010,YGODUELIST-FIRE_SORCERER0bYgoDieForYouUserToggleOnFalseiPermanentAtkBonusFromExecutes01010002,20017,20041,20043,YGODUELIST-RECKLESS_GREED01010009,10011,YGODUELIST-STRIKE_YGO_DUELIST010 | pt=2 n=0: | pt=3 n=10:YGODUELIST-ARCANE_ARCHER_OF_THE_FOREST0bYgoDieForYouUserToggleOnFalseiPermanentAtkBonusFromExecutes01010000,20019,20043,YGODUELIST-DEFEND_YGO_DUELIST010,YGODUELIST-DEFEND_YGO_DUELIST010,YGODUELIST-OJAMA_TRIO01010009,10011,YGODUELIST-OUTSTANDING_DOG_MARRON0bYgoDieForYouUserToggleOnFalseiPermanentAtkBonusFromExecutes01010004,20001,YGODUELIST-ROCKET_JUMPER0bYgoDieForYouUserToggleOnFalseiPermanentAtkBonusFromExecutes01010000,20015,20043,20045,YGODUELIST-SKELENGEL0bYgoDieForYouUserToggleOnFalseiPermanentAtkBonusFromExecutes01010004,20006,20041,YGODUELIST-STRIKE_YGO_DUELIST010,YGODUELIST-STRIKE_YGO_DUELIST010,YGODUELIST-TRAP_OF_BOARD_ERASER01010009,10011 | pt=4 n=0: | pt=5 n=0: | pt=932200512 n=0: | pt=932200513 n=0: | pt=932200514 n=0: | pt=932200515 n=1:YGODUELIST-HOURGLASS_OF_COURAGE0bYgoDieForYouUserToggleOnFalseiPermanentAtkBonusFromExecutes01010004,20006,20043 | pt=932200516 n=2:YGODUELIST-EARTH_EFFIGY0bYgoDieForYouUserToggleOnFalseiPermanentAtkBonusFromExecutes01010000,20015,20043,YGODUELIST-TOTAL_DEFENSE_SHOGUN0bYgoDieForYouUserToggleOnFalseiPermanentAtkBonusFromExecutes01010005,20019,20034,20043 | pt=932200517 n=2:YGODUELIST-BURNING_LAND01010009,20024,YGODUELIST-GAIA_POWER01010009,20027 | pt=932200518 n=0:
[YgoDuelist][MP][Checksum][fp] netId=76561198345121322 | pt=1 n=6:YGODUELIST-DEFEND_YGO_DUELIST010,YGODUELIST-DEFEND_YGO_DUELIST010,YGODUELIST-FIRE_PRINCESS0bYgoDieForYouUserToggleOnFalseiPermanentAtkBonusFromExecutes01010002,20013,20043,YGODUELIST-KURAMA0bYgoDieForYouUserToggleOnFalseiPermanentAtkBonusFromExecutes01010003,20020,20043,YGODUELIST-STRIKE_YGO_DUELIST010,YGODUELIST-ZABORG_THE_THUNDER_MONARCH0bYgoDieForYouUserToggleOnFalseiPermanentAtkBonusFromExecutes01010004,20018,20034,20043 | pt=2 n=0: | pt=3 n=4:GREED0104,7,YGODUELIST-DEFEND_YGO_DUELIST010,YGODUELIST-STRIKE_YGO_DUELIST010,YGODUELIST-STRIKE_YGO_DUELIST010 | pt=4 n=0: | pt=5 n=0: | pt=932200512 n=0: | pt=932200513 n=1:YGODUELIST-THE_LAST_WARRIOR_FROM_ANOTHER_PLANET0bYgoDieForYouUserToggleOnFalseiPermanentAtkBonusFromExecutes0iSummonAbsorbPrintedDefBonus01010000,20019,20036,20043 | pt=932200514 n=0: | pt=932200515 n=0: | pt=932200516 n=2:YGODUELIST-QUEEN_S_DOUBLE0bYgoDieForYouUserToggleOnFalseiPermanentAtkBonusFromExecutes01010000,20019,20045,YGODUELIST-VERSAGO_THE_DESTROYER0bYgoDieForYouUserToggleOnFalseiPermanentAtkBonusFromExecutes01010005,20007,20043 | pt=932200517 n=2:YGODUELIST-RAIGEKI_BREAK01010009,10011,20045,YGODUELIST-YELLOW_LUSTER_SHIELD01010009,20024 | pt=932200518 n=0:
[YgoDuelist] Hover end on duel pet: DuelMonsterModel
[YgoDuelist] Hover start on duel pet: DuelMonsterModel
[YgoDuelist] Hover end on duel pet: DuelMonsterModel
[YgoDuelist] Hover start on duel pet: DuelMonsterModel
[YgoDuelist] Hover end on duel pet: DuelMonsterModel
[WARN] [BaseLib] GetRawText: Key 'YGO_ATTRIBUTE_FIRE.title' not found in table 'static_hover_tips'
[WARN] [BaseLib] GetRawText: Key 'YGO_ATTRIBUTE_FIRE.description' not found in table 'static_hover_tips'
[WARN] [BaseLib] GetRawText: Key 'YGO_RACE_SPELLCASTER.title' not found in table 'static_hover_tips'
[WARN] [BaseLib] GetRawText: Key 'YGO_RACE_SPELLCASTER.description' not found in table 'static_hover_tips'
[YgoDuelist] YgoSecondHandLayoutPatch ENTER all=3 main=1 opts=2 FocusedHolderId=0 FocusedIsOpt=False
[YgoDuelist]   opts[0] holderId=97593069709 model=Gaia_Power
[YgoDuelist]   opts[1] holderId=98079609002 model=Burning_Land
[YgoDuelist] YgoSecondHandLayoutPatch: AFTER holder.Position.Y = -745
[YgoDuelist] YgoSecondHandLayoutPatch: AFTER holder.TargetPosition.Y = -745
[YgoDuelist] YgoSecondHandLayoutPatch: AFTER holder.Hitbox.Position.Y = -132
[YgoDuelist] YgoSecondHandLayoutPatch: AFTER holder.Position.Y = -745
[YgoDuelist] YgoSecondHandLayoutPatch: AFTER holder.TargetPosition.Y = -745
[YgoDuelist] YgoSecondHandLayoutPatch: AFTER holder.Hitbox.Position.Y = -132
[YgoDuelist] YgoSecondHandLayoutPatch EXIT return false
[YgoDuelist] YgoSecondHandLayoutPatch ENTER all=3 main=1 opts=2 FocusedHolderId=0 FocusedIsOpt=False
[YgoDuelist]   opts[0] holderId=97593069709 model=Gaia_Power
[YgoDuelist]   opts[1] holderId=98079609002 model=Burning_Land
[YgoDuelist] YgoSecondHandLayoutPatch: AFTER holder.Position.Y = -745
[YgoDuelist] YgoSecondHandLayoutPatch: AFTER holder.TargetPosition.Y = -745
[YgoDuelist] YgoSecondHandLayoutPatch: AFTER holder.Hitbox.Position.Y = -132
[YgoDuelist] YgoSecondHandLayoutPatch: AFTER holder.Position.Y = -745
[YgoDuelist] YgoSecondHandLayoutPatch: AFTER holder.TargetPosition.Y = -745
[YgoDuelist] YgoSecondHandLayoutPatch: AFTER holder.Hitbox.Position.Y = -132
[YgoDuelist] YgoSecondHandLayoutPatch EXIT return false
[YgoSetVisualDebug] Id=YGODUELIST-FIRE_SORCERER, YgoCardType=EffectMonster, IsHandEffectFormActive=False, WillSet=True, FaceDown=True, ShouldUseSetVisual=True
[YgoDuelist] YgoSecondHandLayoutPatch ENTER all=4 main=2 opts=2 FocusedHolderId=0 FocusedIsOpt=False
[YgoDuelist]   opts[0] holderId=97593069709 model=Gaia_Power
[YgoDuelist]   opts[1] holderId=98079609002 model=Burning_Land
[YgoDuelist] YgoSecondHandLayoutPatch: AFTER holder.Position.Y = -745
[YgoDuelist] YgoSecondHandLayoutPatch: AFTER holder.TargetPosition.Y = -745
[YgoDuelist] YgoSecondHandLayoutPatch: AFTER holder.Hitbox.Position.Y = -132
[YgoDuelist] YgoSecondHandLayoutPatch: AFTER holder.Position.Y = -745
[YgoDuelist] YgoSecondHandLayoutPatch: AFTER holder.TargetPosition.Y = -745
[YgoDuelist] YgoSecondHandLayoutPatch: AFTER holder.Hitbox.Position.Y = -132
[YgoDuelist] YgoSecondHandLayoutPatch EXIT return false
[YgoDuelist] YgoSecondHandLayoutPatch ENTER all=4 main=2 opts=2 FocusedHolderId=0 FocusedIsOpt=False
[YgoDuelist]   opts[0] holderId=97593069709 model=Gaia_Power
[YgoDuelist]   opts[1] holderId=98079609002 model=Burning_Land
[YgoDuelist] YgoSecondHandLayoutPatch: AFTER holder.Position.Y = -745
[YgoDuelist] YgoSecondHandLayoutPatch: AFTER holder.TargetPosition.Y = -745
[YgoDuelist] YgoSecondHandLayoutPatch: AFTER holder.Hitbox.Position.Y = -132
[YgoDuelist] YgoSecondHandLayoutPatch: AFTER holder.Position.Y = -745
[YgoDuelist] YgoSecondHandLayoutPatch: AFTER holder.TargetPosition.Y = -745
[YgoDuelist] YgoSecondHandLayoutPatch: AFTER holder.Hitbox.Position.Y = -132
[YgoDuelist] YgoSecondHandLayoutPatch EXIT return false
[YgoDuelist] YgoSecondHandLayoutPatch ENTER all=5 main=3 opts=2 FocusedHolderId=0 FocusedIsOpt=False
[YgoDuelist]   opts[0] holderId=97593069709 model=Gaia_Power
[YgoDuelist]   opts[1] holderId=98079609002 model=Burning_Land
[YgoDuelist] YgoSecondHandLayoutPatch: AFTER holder.Position.Y = -745
[YgoDuelist] YgoSecondHandLayoutPatch: AFTER holder.TargetPosition.Y = -745
[YgoDuelist] YgoSecondHandLayoutPatch: AFTER holder.Hitbox.Position.Y = -132
[YgoDuelist] YgoSecondHandLayoutPatch: AFTER holder.Position.Y = -745
[YgoDuelist] YgoSecondHandLayoutPatch: AFTER holder.TargetPosition.Y = -745
[YgoDuelist] YgoSecondHandLayoutPatch: AFTER holder.Hitbox.Position.Y = -132
[YgoDuelist] YgoSecondHandLayoutPatch EXIT return false
[YgoDuelist] YgoSecondHandLayoutPatch ENTER all=5 main=3 opts=2 FocusedHolderId=0 FocusedIsOpt=False
[YgoDuelist]   opts[0] holderId=97593069709 model=Gaia_Power
[YgoDuelist]   opts[1] holderId=98079609002 model=Burning_Land
[YgoDuelist] YgoSecondHandLayoutPatch: AFTER holder.Position.Y = -745
[YgoDuelist] YgoSecondHandLayoutPatch: AFTER holder.TargetPosition.Y = -745
[YgoDuelist] YgoSecondHandLayoutPatch: AFTER holder.Hitbox.Position.Y = -132
[YgoDuelist] YgoSecondHandLayoutPatch: AFTER holder.Position.Y = -745
[YgoDuelist] YgoSecondHandLayoutPatch: AFTER holder.TargetPosition.Y = -745
[YgoDuelist] YgoSecondHandLayoutPatch: AFTER holder.Hitbox.Position.Y = -132
[YgoDuelist] YgoSecondHandLayoutPatch EXIT return false
[YgoDuelist] YgoSecondHandLayoutPatch ENTER all=6 main=4 opts=2 FocusedHolderId=0 FocusedIsOpt=False
[YgoDuelist]   opts[0] holderId=97593069709 model=Gaia_Power
[YgoDuelist]   opts[1] holderId=98079609002 model=Burning_Land
[YgoDuelist] YgoSecondHandLayoutPatch: AFTER holder.Position.Y = -745
[YgoDuelist] YgoSecondHandLayoutPatch: AFTER holder.TargetPosition.Y = -745
[YgoDuelist] YgoSecondHandLayoutPatch: AFTER holder.Hitbox.Position.Y = -132
[YgoDuelist] YgoSecondHandLayoutPatch: AFTER holder.Position.Y = -745
[YgoDuelist] YgoSecondHandLayoutPatch: AFTER holder.TargetPosition.Y = -745
[YgoDuelist] YgoSecondHandLayoutPatch: AFTER holder.Hitbox.Position.Y = -132
[YgoDuelist] YgoSecondHandLayoutPatch EXIT return false
[YgoDuelist] YgoSecondHandLayoutPatch ENTER all=6 main=4 opts=2 FocusedHolderId=0 FocusedIsOpt=False
[YgoDuelist]   opts[0] holderId=97593069709 model=Gaia_Power
[YgoDuelist]   opts[1] holderId=98079609002 model=Burning_Land
[YgoDuelist] YgoSecondHandLayoutPatch: AFTER holder.Position.Y = -745
[YgoDuelist] YgoSecondHandLayoutPatch: AFTER holder.TargetPosition.Y = -745
[YgoDuelist] YgoSecondHandLayoutPatch: AFTER holder.Hitbox.Position.Y = -132
[YgoDuelist] YgoSecondHandLayoutPatch: AFTER holder.Position.Y = -745
[YgoDuelist] YgoSecondHandLayoutPatch: AFTER holder.TargetPosition.Y = -745
[YgoDuelist] YgoSecondHandLayoutPatch: AFTER holder.Hitbox.Position.Y = -132
[YgoDuelist] YgoSecondHandLayoutPatch EXIT return false
[YgoDuelist][MP][MonsterCommandTurnReset] hook cleared command lock powers petCombatId=4 netId=76561198345121322
[YgoDuelist][MP][MonsterCommandTurnReset] hook cleared command lock powers petCombatId=7 netId=76561198345121322
[YgoDuelist] YgoSecondHandLayoutPatch ENTER all=7 main=5 opts=2 FocusedHolderId=0 FocusedIsOpt=False
[YgoDuelist]   opts[0] holderId=97593069709 model=Gaia_Power
[YgoDuelist]   opts[1] holderId=98079609002 model=Burning_Land
[YgoDuelist] YgoSecondHandLayoutPatch: AFTER holder.Position.Y = -745
[YgoDuelist] YgoSecondHandLayoutPatch: AFTER holder.TargetPosition.Y = -745
[YgoDuelist] YgoSecondHandLayoutPatch: AFTER holder.Hitbox.Position.Y = -132
[YgoDuelist] YgoSecondHandLayoutPatch: AFTER holder.Position.Y = -745
[YgoDuelist] YgoSecondHandLayoutPatch: AFTER holder.TargetPosition.Y = -745
[YgoDuelist] YgoSecondHandLayoutPatch: AFTER holder.Hitbox.Position.Y = -132
[YgoDuelist] YgoSecondHandLayoutPatch EXIT return false
[YgoDuelist] YgoSecondHandLayoutPatch ENTER all=7 main=5 opts=2 FocusedHolderId=0 FocusedIsOpt=False
[YgoDuelist]   opts[0] holderId=97593069709 model=Gaia_Power
[YgoDuelist]   opts[1] holderId=98079609002 model=Burning_Land
[YgoDuelist] YgoSecondHandLayoutPatch: AFTER holder.Position.Y = -745
[YgoDuelist] YgoSecondHandLayoutPatch: AFTER holder.TargetPosition.Y = -745
[YgoDuelist] YgoSecondHandLayoutPatch: AFTER holder.Hitbox.Position.Y = -132
[YgoDuelist] YgoSecondHandLayoutPatch: AFTER holder.Position.Y = -745
[YgoDuelist] YgoSecondHandLayoutPatch: AFTER holder.TargetPosition.Y = -745
[YgoDuelist] YgoSecondHandLayoutPatch: AFTER holder.Hitbox.Position.Y = -132
[YgoDuelist] YgoSecondHandLayoutPatch EXIT return false
[YgoDuelist][MP][Checksum][CmdReconcile] cleared stiff/fatigue before snapshot petCombatId=6 netId=76561198136285041
[YgoDuelist][MP][Checksum][CmdReconcile] cleared stiff/fatigue before snapshot petCombatId=8 netId=76561198136285041
[DEBUG] [ChecksumTracker] Generating checksum for context: After player turn start action:  id: 41
[YgoDuelist][MP][Checksum][fp] netId=76561198136285041 | pt=1 n=9:YGODUELIST-ARCANE_ARCHER_OF_THE_FOREST0bYgoDieForYouUserToggleOnFalseiPermanentAtkBonusFromExecutes01010000,20019,20043,YGODUELIST-DEFEND_YGO_DUELIST010,YGODUELIST-DEFEND_YGO_DUELIST010,YGODUELIST-OUTSTANDING_DOG_MARRON0bYgoDieForYouUserToggleOnFalseiPermanentAtkBonusFromExecutes01010004,20001,YGODUELIST-ROCKET_JUMPER0bYgoDieForYouUserToggleOnFalseiPermanentAtkBonusFromExecutes01010000,20015,20043,20045,YGODUELIST-SKELENGEL0bYgoDieForYouUserToggleOnFalseiPermanentAtkBonusFromExecutes01010004,20006,20041,YGODUELIST-STRIKE_YGO_DUELIST010,YGODUELIST-STRIKE_YGO_DUELIST010,YGODUELIST-TRAP_OF_BOARD_ERASER01010009,10011 | pt=2 n=5:YGODUELIST-DEFEND_YGO_DUELIST010,YGODUELIST-FIRE_SORCERER0bYgoDieForYouUserToggleOnFalseiPermanentAtkBonusFromExecutes01010002,20017,20041,20043,YGODUELIST-OJAMA_TRIO01010009,10011,YGODUELIST-RECKLESS_GREED01010009,10011,YGODUELIST-STRIKE_YGO_DUELIST010 | pt=3 n=0: | pt=4 n=0: | pt=5 n=0: | pt=932200512 n=0: | pt=932200513 n=0: | pt=932200514 n=0: | pt=932200515 n=1:YGODUELIST-HOURGLASS_OF_COURAGE0bYgoDieForYouUserToggleOnFalseiPermanentAtkBonusFromExecutes01010004,20006,20043 | pt=932200516 n=2:YGODUELIST-EARTH_EFFIGY0bYgoDieForYouUserToggleOnFalseiPermanentAtkBonusFromExecutes01010000,20015,20043,YGODUELIST-TOTAL_DEFENSE_SHOGUN0bYgoDieForYouUserToggleOnFalseiPermanentAtkBonusFromExecutes01010005,20019,20034,20043 | pt=932200517 n=2:YGODUELIST-BURNING_LAND01010009,20024,YGODUELIST-GAIA_POWER01010009,20027 | pt=932200518 n=0:
[YgoDuelist][MP][Checksum][fp] netId=76561198345121322 | pt=1 n=1:YGODUELIST-DEFEND_YGO_DUELIST010 | pt=2 n=5:YGODUELIST-DEFEND_YGO_DUELIST010,YGODUELIST-FIRE_PRINCESS0bYgoDieForYouUserToggleOnFalseiPermanentAtkBonusFromExecutes01010002,20013,20043,YGODUELIST-KURAMA0bYgoDieForYouUserToggleOnFalseiPermanentAtkBonusFromExecutes01010003,20020,20043,YGODUELIST-STRIKE_YGO_DUELIST010,YGODUELIST-ZABORG_THE_THUNDER_MONARCH0bYgoDieForYouUserToggleOnFalseiPermanentAtkBonusFromExecutes01010004,20018,20034,20043 | pt=3 n=4:GREED0104,7,YGODUELIST-DEFEND_YGO_DUELIST010,YGODUELIST-STRIKE_YGO_DUELIST010,YGODUELIST-STRIKE_YGO_DUELIST010 | pt=4 n=0: | pt=5 n=0: | pt=932200512 n=0: | pt=932200513 n=1:YGODUELIST-THE_LAST_WARRIOR_FROM_ANOTHER_PLANET0bYgoDieForYouUserToggleOnFalseiPermanentAtkBonusFromExecutes0iSummonAbsorbPrintedDefBonus01010000,20019,20036,20043 | pt=932200514 n=0: | pt=932200515 n=0: | pt=932200516 n=2:YGODUELIST-QUEEN_S_DOUBLE0bYgoDieForYouUserToggleOnFalseiPermanentAtkBonusFromExecutes01010000,20019,20045,YGODUELIST-VERSAGO_THE_DESTROYER0bYgoDieForYouUserToggleOnFalseiPermanentAtkBonusFromExecutes01010005,20007,20043 | pt=932200517 n=2:YGODUELIST-RAIGEKI_BREAK01010009,10011,20045,YGODUELIST-YELLOW_LUSTER_SHIELD01010009,20024 | pt=932200518 n=0:
[DEBUG] [ActionExecutor] Un-pausing queue
[DEBUG] [ActionQueueSynchronizer] Combat state becomes PlayPhase. Requesting 0 actions and unpausing action queues
[DEBUG] [ActionQueueSet] Unpausing all player queues
[DEBUG] [ActionExecutor] Action queue changed, beginning ExecuteActions
[VERYDEBUG] [ActionQueueSet] Attempting to find ready action
[VERYDEBUG] [ActionQueueSet] Queue for player 76561198345121322 is empty
[VERYDEBUG] [ActionQueueSet] Queue for player 76561198136285041 is empty
[VERYDEBUG] [ActionQueueSet] No action is ready
[YgoDuelist][MP][MonsterCommandTurnReset] hook cleared command lock powers petCombatId=6 netId=76561198136285041
[YgoDuelist] OnSecondHandCardsChanged ENTER player=27072766 cardsCount=2
[YgoDuelist]   cards[0]=Gaia_Power id=61537402
[YgoDuelist]   cards[1]=Burning_Land id=16965714
[YgoDuelist] RebuildForPlayer START handId=2911551624445 cardsCount=2
[YgoDuelist] TearDownSecondHandRow REMOVING 2 holders
[YgoDuelist] YgoSecondHandLayoutPatch ENTER all=6 main=5 opts=1 FocusedHolderId=0 FocusedIsOpt=False
[YgoDuelist]   opts[0] holderId=98079609002 model=Burning_Land
[YgoDuelist] YgoSecondHandLayoutPatch: AFTER holder.Position.Y = -745
[YgoDuelist] YgoSecondHandLayoutPatch: AFTER holder.TargetPosition.Y = -745
[YgoDuelist] YgoSecondHandLayoutPatch: AFTER holder.Hitbox.Position.Y = -132
[YgoDuelist] YgoSecondHandLayoutPatch EXIT return false
[YgoDuelist] YgoSecondHandLayoutPatch ENTER all=5 main=5 opts=0 FocusedHolderId=0 FocusedIsOpt=False
[YgoDuelist] YgoSecondHandLayoutPatch EXIT return false
[YgoDuelist] RebuildForPlayer ADDING 2 holders
[YgoDuelist]   add[0] CREATE holderId=97945391266 model=Gaia_Power
[YgoDuelist] RegisterOptionHolder ENTER handId=2911551624445 holderId=97945391266 index=-1 handChildCountBefore=7
[YgoDuelist] YgoSecondHandLayoutPatch ENTER all=6 main=5 opts=1 FocusedHolderId=0 FocusedIsOpt=False
[YgoDuelist]   opts[0] holderId=97945391266 model=?
[YgoDuelist] YgoSecondHandLayoutPatch: AFTER holder.Position.Y = -745
[YgoDuelist] YgoSecondHandLayoutPatch: AFTER holder.TargetPosition.Y = -745
[YgoDuelist] YgoSecondHandLayoutPatch: AFTER holder.Hitbox.Position.Y = -132
[YgoDuelist] YgoSecondHandLayoutPatch EXIT return false
[YgoDuelist] RegisterOptionHolder EXIT handId=2911551624445 holderId=97945391266 handChildCountAfter=7 holderIsInsideTree=True
[YgoDuelist]   add[0] after RegisterOptionHolder holderId=97945391266 IsInsideTree=True ChildCount=7
[WARN] [BaseLib] GetRawText: Key 'YGO_RACE_SPELL_FIELD.title' not found in table 'static_hover_tips'
[WARN] [BaseLib] GetRawText: Key 'YGO_RACE_SPELL_FIELD.description' not found in table 'static_hover_tips'
[YgoDuelist]   add[0] after Initialize holderId=97945391266 CardNode=3650470562439 CardModel=Gaia_Power
[YgoDuelist]   add[1] CREATE holderId=3372287543869 model=Burning_Land
[YgoDuelist] RegisterOptionHolder ENTER handId=2911551624445 holderId=3372287543869 index=-1 handChildCountBefore=7
[YgoDuelist] YgoSecondHandLayoutPatch ENTER all=7 main=5 opts=2 FocusedHolderId=0 FocusedIsOpt=False
[YgoDuelist]   opts[0] holderId=97945391266 model=Gaia_Power
[YgoDuelist]   opts[1] holderId=3372287543869 model=?
[YgoDuelist] YgoSecondHandLayoutPatch: AFTER holder.Position.Y = -745
[YgoDuelist] YgoSecondHandLayoutPatch: AFTER holder.TargetPosition.Y = -745
[YgoDuelist] YgoSecondHandLayoutPatch: AFTER holder.Hitbox.Position.Y = -132
[YgoDuelist] YgoSecondHandLayoutPatch: AFTER holder.Position.Y = -745
[YgoDuelist] YgoSecondHandLayoutPatch: AFTER holder.TargetPosition.Y = -745
[YgoDuelist] YgoSecondHandLayoutPatch: AFTER holder.Hitbox.Position.Y = -132
[YgoDuelist] YgoSecondHandLayoutPatch EXIT return false
[YgoDuelist] RegisterOptionHolder EXIT handId=2911551624445 holderId=3372287543869 handChildCountAfter=7 holderIsInsideTree=True
[YgoDuelist]   add[1] after RegisterOptionHolder holderId=3372287543869 IsInsideTree=True ChildCount=7
[WARN] [BaseLib] GetRawText: Key 'YGO_RACE_SPELL_CONTINUOUS.title' not found in table 'static_hover_tips'
[WARN] [BaseLib] GetRawText: Key 'YGO_RACE_SPELL_CONTINUOUS.description' not found in table 'static_hover_tips'
[YgoDuelist]   add[1] after Initialize holderId=3372287543869 CardNode=3652467047340 CardModel=Burning_Land
[YgoDuelist] RebuildForPlayer END totalHolders=2 handActiveHoldersCount=7
[YgoDuelist] OnSecondHandCardsChanged EXIT RebuildForPlayer done
[YgoDuelist] OnSecondHandCardsChanged ENTER player=27072766 cardsCount=2
[YgoDuelist]   cards[0]=Gaia_Power id=61537402
[YgoDuelist]   cards[1]=Burning_Land id=16965714
[YgoDuelist] RebuildForPlayer START handId=2911551624445 cardsCount=2
[YgoDuelist] TearDownSecondHandRow REMOVING 2 holders
[YgoDuelist] YgoSecondHandLayoutPatch ENTER all=6 main=5 opts=1 FocusedHolderId=0 FocusedIsOpt=False
[YgoDuelist]   opts[0] holderId=3372287543869 model=Burning_Land
[YgoDuelist] YgoSecondHandLayoutPatch: AFTER holder.Position.Y = -745
[YgoDuelist] YgoSecondHandLayoutPatch: AFTER holder.TargetPosition.Y = -745
[YgoDuelist] YgoSecondHandLayoutPatch: AFTER holder.Hitbox.Position.Y = -132
[YgoDuelist] YgoSecondHandLayoutPatch EXIT return false
[YgoDuelist] YgoSecondHandLayoutPatch ENTER all=5 main=5 opts=0 FocusedHolderId=0 FocusedIsOpt=False
[YgoDuelist] YgoSecondHandLayoutPatch EXIT return false
[YgoDuelist] RebuildForPlayer ADDING 2 holders
[YgoDuelist]   add[0] CREATE holderId=98079609002 model=Gaia_Power
[YgoDuelist] RegisterOptionHolder ENTER handId=2911551624445 holderId=98079609002 index=-1 handChildCountBefore=7
[YgoDuelist] YgoSecondHandLayoutPatch ENTER all=6 main=5 opts=1 FocusedHolderId=0 FocusedIsOpt=False
[YgoDuelist]   opts[0] holderId=98079609002 model=?
[YgoDuelist] YgoSecondHandLayoutPatch: AFTER holder.Position.Y = -745
[YgoDuelist] YgoSecondHandLayoutPatch: AFTER holder.TargetPosition.Y = -745
[YgoDuelist] YgoSecondHandLayoutPatch: AFTER holder.Hitbox.Position.Y = -132
[YgoDuelist] YgoSecondHandLayoutPatch EXIT return false
[YgoDuelist] RegisterOptionHolder EXIT handId=2911551624445 holderId=98079609002 handChildCountAfter=7 holderIsInsideTree=True
[YgoDuelist]   add[0] after RegisterOptionHolder holderId=98079609002 IsInsideTree=True ChildCount=7
[WARN] [BaseLib] GetRawText: Key 'YGO_RACE_SPELL_FIELD.title' not found in table 'static_hover_tips'
[WARN] [BaseLib] GetRawText: Key 'YGO_RACE_SPELL_FIELD.description' not found in table 'static_hover_tips'
[YgoDuelist]   add[0] after Initialize holderId=98079609002 CardNode=3654731975372 CardModel=Gaia_Power
[YgoDuelist]   add[1] CREATE holderId=97593069709 model=Burning_Land
[YgoDuelist] RegisterOptionHolder ENTER handId=2911551624445 holderId=97593069709 index=-1 handChildCountBefore=7
[YgoDuelist] YgoSecondHandLayoutPatch ENTER all=7 main=5 opts=2 FocusedHolderId=0 FocusedIsOpt=False
[YgoDuelist]   opts[0] holderId=98079609002 model=Gaia_Power
[YgoDuelist]   opts[1] holderId=97593069709 model=?
[YgoDuelist] YgoSecondHandLayoutPatch: AFTER holder.Position.Y = -745
[YgoDuelist] YgoSecondHandLayoutPatch: AFTER holder.TargetPosition.Y = -745
[YgoDuelist] YgoSecondHandLayoutPatch: AFTER holder.Hitbox.Position.Y = -132
[YgoDuelist] YgoSecondHandLayoutPatch: AFTER holder.Position.Y = -745
[YgoDuelist] YgoSecondHandLayoutPatch: AFTER holder.TargetPosition.Y = -745
[YgoDuelist] YgoSecondHandLayoutPatch: AFTER holder.Hitbox.Position.Y = -132
[YgoDuelist] YgoSecondHandLayoutPatch EXIT return false
[YgoDuelist] RegisterOptionHolder EXIT handId=2911551624445 holderId=97593069709 handChildCountAfter=7 holderIsInsideTree=True
[YgoDuelist]   add[1] after RegisterOptionHolder holderId=97593069709 IsInsideTree=True ChildCount=7
[WARN] [BaseLib] GetRawText: Key 'YGO_RACE_SPELL_CONTINUOUS.title' not found in table 'static_hover_tips'
[WARN] [BaseLib] GetRawText: Key 'YGO_RACE_SPELL_CONTINUOUS.description' not found in table 'static_hover_tips'
[YgoDuelist]   add[1] after Initialize holderId=97593069709 CardNode=3656728454659 CardModel=Burning_Land
[YgoDuelist] RebuildForPlayer END totalHolders=2 handActiveHoldersCount=7
[YgoDuelist] OnSecondHandCardsChanged EXIT RebuildForPlayer done
[YgoDuelist] YgoSecondHandLayoutPatch ENTER all=7 main=5 opts=2 FocusedHolderId=98079609002 FocusedIsOpt=True
[YgoDuelist]   opts[0] holderId=98079609002 model=Gaia_Power
[YgoDuelist]   opts[1] holderId=97593069709 model=Burning_Land
[YgoDuelist] YgoSecondHandLayoutPatch: AFTER holder.Position.Y = -745
[YgoDuelist] YgoSecondHandLayoutPatch: AFTER holder.TargetPosition.Y = -745
[YgoDuelist] YgoSecondHandLayoutPatch: AFTER holder.Hitbox.Position.Y = -132
[YgoDuelist] YgoSecondHandLayoutPatch: AFTER holder.Position.Y = -745
[YgoDuelist] YgoSecondHandLayoutPatch: AFTER holder.TargetPosition.Y = -745
[YgoDuelist] YgoSecondHandLayoutPatch: AFTER holder.Hitbox.Position.Y = -132
[YgoDuelist] YgoSecondHandLayoutPatch EXIT return false
[YgoDuelist] YgoSecondHandLayoutPatch ENTER all=7 main=5 opts=2 FocusedHolderId=0 FocusedIsOpt=False
[YgoDuelist]   opts[0] holderId=98079609002 model=Gaia_Power
[YgoDuelist]   opts[1] holderId=97593069709 model=Burning_Land
[YgoDuelist] YgoSecondHandLayoutPatch: AFTER holder.Position.Y = -745
[YgoDuelist] YgoSecondHandLayoutPatch: AFTER holder.TargetPosition.Y = -745
[YgoDuelist] YgoSecondHandLayoutPatch: AFTER holder.Hitbox.Position.Y = -132
[YgoDuelist] YgoSecondHandLayoutPatch: AFTER holder.Position.Y = -745
[YgoDuelist] YgoSecondHandLayoutPatch: AFTER holder.TargetPosition.Y = -745
[YgoDuelist] YgoSecondHandLayoutPatch: AFTER holder.Hitbox.Position.Y = -132
[YgoDuelist] YgoSecondHandLayoutPatch EXIT return false
[YgoDuelist] YgoSecondHandLayoutPatch ENTER all=7 main=5 opts=2 FocusedHolderId=98079609002 FocusedIsOpt=True
[YgoDuelist]   opts[0] holderId=98079609002 model=Gaia_Power
[YgoDuelist]   opts[1] holderId=97593069709 model=Burning_Land
[YgoDuelist] YgoSecondHandLayoutPatch: AFTER holder.Position.Y = -745
[YgoDuelist] YgoSecondHandLayoutPatch: AFTER holder.TargetPosition.Y = -745
[YgoDuelist] YgoSecondHandLayoutPatch: AFTER holder.Hitbox.Position.Y = -132
[YgoDuelist] YgoSecondHandLayoutPatch: AFTER holder.Position.Y = -745
[YgoDuelist] YgoSecondHandLayoutPatch: AFTER holder.TargetPosition.Y = -745
[YgoDuelist] YgoSecondHandLayoutPatch: AFTER holder.Hitbox.Position.Y = -132
[YgoDuelist] YgoSecondHandLayoutPatch EXIT return false
[YgoDuelist] YgoSecondHandLayoutPatch ENTER all=7 main=5 opts=2 FocusedHolderId=0 FocusedIsOpt=False
[YgoDuelist]   opts[0] holderId=98079609002 model=Gaia_Power
[YgoDuelist]   opts[1] holderId=97593069709 model=Burning_Land
[YgoDuelist] YgoSecondHandLayoutPatch: AFTER holder.Position.Y = -745
[YgoDuelist] YgoSecondHandLayoutPatch: AFTER holder.TargetPosition.Y = -745
[YgoDuelist] YgoSecondHandLayoutPatch: AFTER holder.Hitbox.Position.Y = -132
[YgoDuelist] YgoSecondHandLayoutPatch: AFTER holder.Position.Y = -745
[YgoDuelist] YgoSecondHandLayoutPatch: AFTER holder.TargetPosition.Y = -745
[YgoDuelist] YgoSecondHandLayoutPatch: AFTER holder.Hitbox.Position.Y = -132
[YgoDuelist] YgoSecondHandLayoutPatch EXIT return false
[YgoDuelist] YgoSecondHandLayoutPatch ENTER all=7 main=5 opts=2 FocusedHolderId=97593069709 FocusedIsOpt=True
[YgoDuelist]   opts[0] holderId=98079609002 model=Gaia_Power
[YgoDuelist]   opts[1] holderId=97593069709 model=Burning_Land
[YgoDuelist] YgoSecondHandLayoutPatch: AFTER holder.Position.Y = -745
[YgoDuelist] YgoSecondHandLayoutPatch: AFTER holder.TargetPosition.Y = -745
[YgoDuelist] YgoSecondHandLayoutPatch: AFTER holder.Hitbox.Position.Y = -132
[YgoDuelist] YgoSecondHandLayoutPatch: AFTER holder.Position.Y = -745
[YgoDuelist] YgoSecondHandLayoutPatch: AFTER holder.TargetPosition.Y = -745
[YgoDuelist] YgoSecondHandLayoutPatch: AFTER holder.Hitbox.Position.Y = -132
[YgoDuelist] YgoSecondHandLayoutPatch EXIT return false
[YgoDuelist] YgoSecondHandLayoutPatch ENTER all=7 main=5 opts=2 FocusedHolderId=0 FocusedIsOpt=False
[YgoDuelist]   opts[0] holderId=98079609002 model=Gaia_Power
[YgoDuelist]   opts[1] holderId=97593069709 model=Burning_Land
[YgoDuelist] YgoSecondHandLayoutPatch: AFTER holder.Position.Y = -745
[YgoDuelist] YgoSecondHandLayoutPatch: AFTER holder.TargetPosition.Y = -745
[YgoDuelist] YgoSecondHandLayoutPatch: AFTER holder.Hitbox.Position.Y = -132
[YgoDuelist] YgoSecondHandLayoutPatch: AFTER holder.Position.Y = -745
[YgoDuelist] YgoSecondHandLayoutPatch: AFTER holder.TargetPosition.Y = -745
[YgoDuelist] YgoSecondHandLayoutPatch: AFTER holder.Hitbox.Position.Y = -132
[YgoDuelist] YgoSecondHandLayoutPatch EXIT return false
[WARN] [BaseLib] GetRawText: Key 'YGO_ATTRIBUTE_DARK.title' not found in table 'static_hover_tips'
[WARN] [BaseLib] GetRawText: Key 'YGO_ATTRIBUTE_DARK.description' not found in table 'static_hover_tips'
[WARN] [BaseLib] GetRawText: Key 'YGO_RACE_FIEND.title' not found in table 'static_hover_tips'
[WARN] [BaseLib] GetRawText: Key 'YGO_RACE_FIEND.description' not found in table 'static_hover_tips'
[WARN] [BaseLib] GetRawText: Key 'YGO_RACE_FIEND.title' not found in table 'static_hover_tips'
[WARN] [BaseLib] GetRawText: Key 'YGO_RACE_FIEND.description' not found in table 'static_hover_tips'
[DEBUG] [NetQualityTracker] Connection statistics at 08:26:04:
[DEBUG] [NetQualityTracker] 	76561198345121322 - Ping: 55.038933. Packet Loss: 3E-45.
[WARN] [BaseLib] GetRawText: Key 'YGO_ATTRIBUTE_DARK.title' not found in table 'static_hover_tips'
[WARN] [BaseLib] GetRawText: Key 'YGO_ATTRIBUTE_DARK.description' not found in table 'static_hover_tips'
[WARN] [BaseLib] GetRawText: Key 'YGO_RACE_FIEND.title' not found in table 'static_hover_tips'
[WARN] [BaseLib] GetRawText: Key 'YGO_RACE_FIEND.description' not found in table 'static_hover_tips'
[WARN] [BaseLib] GetRawText: Key 'YGO_RACE_FIEND.title' not found in table 'static_hover_tips'
[WARN] [BaseLib] GetRawText: Key 'YGO_RACE_FIEND.description' not found in table 'static_hover_tips'
[WARN] [BaseLib] GetRawText: Key 'YGO_ATTRIBUTE_DARK.title' not found in table 'static_hover_tips'
[WARN] [BaseLib] GetRawText: Key 'YGO_ATTRIBUTE_DARK.description' not found in table 'static_hover_tips'
[WARN] [BaseLib] GetRawText: Key 'YGO_RACE_FIEND.title' not found in table 'static_hover_tips'
[WARN] [BaseLib] GetRawText: Key 'YGO_RACE_FIEND.description' not found in table 'static_hover_tips'
[WARN] [BaseLib] GetRawText: Key 'YGO_RACE_FIEND.title' not found in table 'static_hover_tips'
[WARN] [BaseLib] GetRawText: Key 'YGO_RACE_FIEND.description' not found in table 'static_hover_tips'
[WARN] [BaseLib] GetRawText: Key 'YGO_ATTRIBUTE_DARK.title' not found in table 'static_hover_tips'
[WARN] [BaseLib] GetRawText: Key 'YGO_ATTRIBUTE_DARK.description' not found in table 'static_hover_tips'
[WARN] [BaseLib] GetRawText: Key 'YGO_RACE_FIEND.title' not found in table 'static_hover_tips'
[WARN] [BaseLib] GetRawText: Key 'YGO_RACE_FIEND.description' not found in table 'static_hover_tips'
[WARN] [BaseLib] GetRawText: Key 'YGO_RACE_FIEND.title' not found in table 'static_hover_tips'
[WARN] [BaseLib] GetRawText: Key 'YGO_RACE_FIEND.description' not found in table 'static_hover_tips'
[WARN] [BaseLib] GetRawText: Key 'YGO_ATTRIBUTE_DARK.title' not found in table 'static_hover_tips'
[WARN] [BaseLib] GetRawText: Key 'YGO_ATTRIBUTE_DARK.description' not found in table 'static_hover_tips'
[WARN] [BaseLib] GetRawText: Key 'YGO_RACE_FIEND.title' not found in table 'static_hover_tips'
[WARN] [BaseLib] GetRawText: Key 'YGO_RACE_FIEND.description' not found in table 'static_hover_tips'
[WARN] [BaseLib] GetRawText: Key 'YGO_RACE_FIEND.title' not found in table 'static_hover_tips'
[WARN] [BaseLib] GetRawText: Key 'YGO_RACE_FIEND.description' not found in table 'static_hover_tips'
[WARN] [BaseLib] GetRawText: Key 'YGO_ATTRIBUTE_DARK.title' not found in table 'static_hover_tips'
[WARN] [BaseLib] GetRawText: Key 'YGO_ATTRIBUTE_DARK.description' not found in table 'static_hover_tips'
[WARN] [BaseLib] GetRawText: Key 'YGO_RACE_FIEND.title' not found in table 'static_hover_tips'
[WARN] [BaseLib] GetRawText: Key 'YGO_RACE_FIEND.description' not found in table 'static_hover_tips'
[WARN] [BaseLib] GetRawText: Key 'YGO_RACE_FIEND.title' not found in table 'static_hover_tips'
[WARN] [BaseLib] GetRawText: Key 'YGO_RACE_FIEND.description' not found in table 'static_hover_tips'
[WARN] [BaseLib] GetRawText: Key 'YGO_ATTRIBUTE_DARK.title' not found in table 'static_hover_tips'
[WARN] [BaseLib] GetRawText: Key 'YGO_ATTRIBUTE_DARK.description' not found in table 'static_hover_tips'
[WARN] [BaseLib] GetRawText: Key 'YGO_RACE_FIEND.title' not found in table 'static_hover_tips'
[WARN] [BaseLib] GetRawText: Key 'YGO_RACE_FIEND.description' not found in table 'static_hover_tips'
[WARN] [BaseLib] GetRawText: Key 'YGO_RACE_FIEND.title' not found in table 'static_hover_tips'
[WARN] [BaseLib] GetRawText: Key 'YGO_RACE_FIEND.description' not found in table 'static_hover_tips'
[WARN] [BaseLib] GetRawText: Key 'YGO_ATTRIBUTE_DARK.title' not found in table 'static_hover_tips'
[WARN] [BaseLib] GetRawText: Key 'YGO_ATTRIBUTE_DARK.description' not found in table 'static_hover_tips'
[WARN] [BaseLib] GetRawText: Key 'YGO_RACE_FIEND.title' not found in table 'static_hover_tips'
[WARN] [BaseLib] GetRawText: Key 'YGO_RACE_FIEND.description' not found in table 'static_hover_tips'
[WARN] [BaseLib] GetRawText: Key 'YGO_RACE_FIEND.title' not found in table 'static_hover_tips'
[WARN] [BaseLib] GetRawText: Key 'YGO_RACE_FIEND.description' not found in table 'static_hover_tips'
[WARN] [BaseLib] GetRawText: Key 'YGO_ATTRIBUTE_DARK.title' not found in table 'static_hover_tips'
[WARN] [BaseLib] GetRawText: Key 'YGO_ATTRIBUTE_DARK.description' not found in table 'static_hover_tips'
[WARN] [BaseLib] GetRawText: Key 'YGO_RACE_FIEND.title' not found in table 'static_hover_tips'
[WARN] [BaseLib] GetRawText: Key 'YGO_RACE_FIEND.description' not found in table 'static_hover_tips'
[WARN] [BaseLib] GetRawText: Key 'YGO_RACE_FIEND.title' not found in table 'static_hover_tips'
[WARN] [BaseLib] GetRawText: Key 'YGO_RACE_FIEND.description' not found in table 'static_hover_tips'
[YgoDuelist] Hover start on duel pet: DuelMonsterModel
[YgoDuelist] Hover end on duel pet: DuelMonsterModel
[YgoDuelist] Hover start on duel pet: DuelMonsterModel
[YgoDuelist] Hover end on duel pet: DuelMonsterModel
[YgoDuelist] YgoSecondHandLayoutPatch ENTER all=7 main=5 opts=2 FocusedHolderId=98079609002 FocusedIsOpt=True
[YgoDuelist]   opts[0] holderId=98079609002 model=Gaia_Power
[YgoDuelist]   opts[1] holderId=97593069709 model=Burning_Land
[YgoDuelist] YgoSecondHandLayoutPatch: AFTER holder.Position.Y = -745
[YgoDuelist] YgoSecondHandLayoutPatch: AFTER holder.TargetPosition.Y = -745
[YgoDuelist] YgoSecondHandLayoutPatch: AFTER holder.Hitbox.Position.Y = -132
[YgoDuelist] YgoSecondHandLayoutPatch: AFTER holder.Position.Y = -745
[YgoDuelist] YgoSecondHandLayoutPatch: AFTER holder.TargetPosition.Y = -745
[YgoDuelist] YgoSecondHandLayoutPatch: AFTER holder.Hitbox.Position.Y = -132
[YgoDuelist] YgoSecondHandLayoutPatch EXIT return false
[YgoDuelist] YgoSecondHandLayoutPatch ENTER all=7 main=5 opts=2 FocusedHolderId=0 FocusedIsOpt=False
[YgoDuelist]   opts[0] holderId=98079609002 model=Gaia_Power
[YgoDuelist]   opts[1] holderId=97593069709 model=Burning_Land
[YgoDuelist] YgoSecondHandLayoutPatch: AFTER holder.Position.Y = -745
[YgoDuelist] YgoSecondHandLayoutPatch: AFTER holder.TargetPosition.Y = -745
[YgoDuelist] YgoSecondHandLayoutPatch: AFTER holder.Hitbox.Position.Y = -132
[YgoDuelist] YgoSecondHandLayoutPatch: AFTER holder.Position.Y = -745
[YgoDuelist] YgoSecondHandLayoutPatch: AFTER holder.TargetPosition.Y = -745
[YgoDuelist] YgoSecondHandLayoutPatch: AFTER holder.Hitbox.Position.Y = -132
[YgoDuelist] YgoSecondHandLayoutPatch EXIT return false
[YgoDuelist] Hover start on duel pet: DuelMonsterModel
[YgoDuelist] Hover start on duel pet: DuelMonsterModel
[YgoDuelist] Hover end on duel pet: DuelMonsterModel
[YgoDuelist] YgoSecondHandLayoutPatch ENTER all=7 main=5 opts=2 FocusedHolderId=98079609002 FocusedIsOpt=True
[YgoDuelist]   opts[0] holderId=98079609002 model=Gaia_Power
[YgoDuelist]   opts[1] holderId=97593069709 model=Burning_Land
[YgoDuelist] YgoSecondHandLayoutPatch: AFTER holder.Position.Y = -745
[YgoDuelist] YgoSecondHandLayoutPatch: AFTER holder.TargetPosition.Y = -745
[YgoDuelist] YgoSecondHandLayoutPatch: AFTER holder.Hitbox.Position.Y = -132
[YgoDuelist] YgoSecondHandLayoutPatch: AFTER holder.Position.Y = -745
[YgoDuelist] YgoSecondHandLayoutPatch: AFTER holder.TargetPosition.Y = -745
[YgoDuelist] YgoSecondHandLayoutPatch: AFTER holder.Hitbox.Position.Y = -132
[YgoDuelist] YgoSecondHandLayoutPatch EXIT return false
[YgoDuelist] YgoSecondHandLayoutPatch ENTER all=7 main=5 opts=2 FocusedHolderId=0 FocusedIsOpt=False
[YgoDuelist]   opts[0] holderId=98079609002 model=Gaia_Power
[YgoDuelist]   opts[1] holderId=97593069709 model=Burning_Land
[YgoDuelist] YgoSecondHandLayoutPatch: AFTER holder.Position.Y = -745
[YgoDuelist] YgoSecondHandLayoutPatch: AFTER holder.TargetPosition.Y = -745
[YgoDuelist] YgoSecondHandLayoutPatch: AFTER holder.Hitbox.Position.Y = -132
[YgoDuelist] YgoSecondHandLayoutPatch: AFTER holder.Position.Y = -745
[YgoDuelist] YgoSecondHandLayoutPatch: AFTER holder.TargetPosition.Y = -745
[YgoDuelist] YgoSecondHandLayoutPatch: AFTER holder.Hitbox.Position.Y = -132
[YgoDuelist] YgoSecondHandLayoutPatch EXIT return false
[YgoDuelist] YgoSecondHandLayoutPatch ENTER all=7 main=5 opts=2 FocusedHolderId=98079609002 FocusedIsOpt=True
[YgoDuelist]   opts[0] holderId=98079609002 model=Gaia_Power
[YgoDuelist]   opts[1] holderId=97593069709 model=Burning_Land
[YgoDuelist] YgoSecondHandLayoutPatch: AFTER holder.Position.Y = -745
[YgoDuelist] YgoSecondHandLayoutPatch: AFTER holder.TargetPosition.Y = -745
[YgoDuelist] YgoSecondHandLayoutPatch: AFTER holder.Hitbox.Position.Y = -132
[YgoDuelist] YgoSecondHandLayoutPatch: AFTER holder.Position.Y = -745
[YgoDuelist] YgoSecondHandLayoutPatch: AFTER holder.TargetPosition.Y = -745
[YgoDuelist] YgoSecondHandLayoutPatch: AFTER holder.Hitbox.Position.Y = -132
[YgoDuelist] YgoSecondHandLayoutPatch EXIT return false
[YgoDuelist] OnHolderPressed option holder id=98079609002 card=Gaia_Power
[YgoLifecycle] StartCardPlay S1_EnterPrefix holderId=98079609002 model=Gaia_Power index=5 inTree=True extra=needsSafePath=True
[YgoLifecycle] StartCardPlay S2_QueuedHolder holderId=98079609002 model=Gaia_Power index=5 inTree=True extra=queuedIndex=5
[YgoDuelist] YgoSecondHandLayoutPatch ENTER all=7 main=5 opts=2 FocusedHolderId=0 FocusedIsOpt=False
[YgoDuelist]   opts[0] holderId=98079609002 model=Gaia_Power
[YgoDuelist]   opts[1] holderId=97593069709 model=Burning_Land
[YgoDuelist] YgoSecondHandLayoutPatch: AFTER holder.Position.Y = -745
[YgoDuelist] YgoSecondHandLayoutPatch: AFTER holder.TargetPosition.Y = -745
[YgoDuelist] YgoSecondHandLayoutPatch: AFTER holder.Hitbox.Position.Y = -132
[YgoDuelist] YgoSecondHandLayoutPatch: AFTER holder.Position.Y = -745
[YgoDuelist] YgoSecondHandLayoutPatch: AFTER holder.TargetPosition.Y = -745
[YgoDuelist] YgoSecondHandLayoutPatch: AFTER holder.Hitbox.Position.Y = -132
[YgoDuelist] YgoSecondHandLayoutPatch EXIT return false
[YgoLifecycle] StartCardPlay S3_BeginDrag holderId=98079609002 model=Gaia_Power index=7 inTree=True extra=
[YgoLifecycle] StartCardPlay S4_CardPlayCreated holderId=98079609002 model=Gaia_Power index=7 inTree=True extra=cardPlayType=NMouseCardPlay
[YgoLifecycle] MouseStartAsync M1_Enter holderId=98079609002 model=Gaia_Power holderInTree=True selfInTree=True extra=
[YgoLifecycle] MouseStartAsync M4_StartCardDrag_BeginAwait holderId=98079609002 model=Gaia_Power holderInTree=True selfInTree=True extra=
[YgoLifecycle] MouseStartAsync M5_StartCardDrag_EndAwait holderId=98079609002 model=Gaia_Power holderInTree=True selfInTree=True extra=
[YgoDuelist] YgoSecondHandLayoutPatch ENTER all=6 main=5 opts=1 FocusedHolderId=0 FocusedIsOpt=False
[YgoDuelist]   opts[0] holderId=97593069709 model=Burning_Land
[YgoDuelist] YgoSecondHandLayoutPatch: AFTER holder.Position.Y = -745
[YgoDuelist] YgoSecondHandLayoutPatch: AFTER holder.TargetPosition.Y = -745
[YgoDuelist] YgoSecondHandLayoutPatch: AFTER holder.Hitbox.Position.Y = -132
[YgoDuelist] YgoSecondHandLayoutPatch EXIT return false
[YgoLifecycle] StartCardPlay S8_StartCalled holderId=98079609002 model=Gaia_Power index=7 inTree=True extra=
[YgoDuelist] StartCardPlay PREFIX: custom safe start path holderId=98079609002 index=5 isOption=True
[YgoDuelist] StartCardPlay POSTFIX: option holder - NMouseCardPlay created and Start() called
[YgoLifecycle] StartCardPlay S5_FinishedSignal holderId=98079609002 model=Gaia_Power index=7 inTree=True extra=success=False
[YgoLifecycle] StartCardPlay S6_InvokeReturnHolderToHand holderId=98079609002 model=Gaia_Power index=7 inTree=True extra=
[YgoLifecycle] ReturnHolderToHand P1_EnterPrefix holderId=98079609002 model=Gaia_Power inTree=True visible=True extra=
[YgoLifecycle] ReturnHolderToHand P5_ReparentStart holderId=98079609002 model=Gaia_Power inTree=True visible=True extra=queued=5 clamped=5 childCount=6
[YgoLifecycle] ReturnHolderToHand P6_ReparentDone holderId=98079609002 model=Gaia_Power inTree=True visible=True extra=
[YgoLifecycle] ReturnHolderToHand P9_ScheduleSyncFromOptionPile holderId=98079609002 model=Gaia_Power inTree=True visible=True extra=
[YgoLifecycle] ReturnHolderToHand P10_ExitHandled holderId=98079609002 model=Gaia_Power inTree=True visible=True extra=
[YgoDuelist] YgoSecondHandLayoutPatch ENTER all=7 main=5 opts=2 FocusedHolderId=0 FocusedIsOpt=False
[YgoDuelist]   opts[0] holderId=98079609002 model=Gaia_Power
[YgoDuelist]   opts[1] holderId=97593069709 model=Burning_Land
[YgoDuelist] YgoSecondHandLayoutPatch: AFTER holder.Position.Y = -775.0333
[YgoDuelist] YgoSecondHandLayoutPatch: AFTER holder.TargetPosition.Y = -745
[YgoDuelist] YgoSecondHandLayoutPatch: AFTER holder.Hitbox.Position.Y = -132
[YgoDuelist] YgoSecondHandLayoutPatch: AFTER holder.Position.Y = -745
[YgoDuelist] YgoSecondHandLayoutPatch: AFTER holder.TargetPosition.Y = -745
[YgoDuelist] YgoSecondHandLayoutPatch: AFTER holder.Hitbox.Position.Y = -132
[YgoDuelist] YgoSecondHandLayoutPatch EXIT return false
[YgoLifecycle] StartCardPlay S7_FinishedCleanupDone holderId=98079609002 model=Gaia_Power index=5 inTree=True extra=
[YgoDuelist] Right mouse button pressed.
[YgoDuelist] Right-click: no currently hovered duel pet.
[YgoDuelist] YgoSecondHandLayoutPatch ENTER all=7 main=5 opts=2 FocusedHolderId=3612134620203 FocusedIsOpt=False
[YgoDuelist]   opts[0] holderId=98079609002 model=Gaia_Power
[YgoDuelist]   opts[1] holderId=97593069709 model=Burning_Land
[YgoDuelist] YgoSecondHandLayoutPatch: AFTER holder.Position.Y = -747.8443
[YgoDuelist] YgoSecondHandLayoutPatch: AFTER holder.TargetPosition.Y = -745
[YgoDuelist] YgoSecondHandLayoutPatch: AFTER holder.Hitbox.Position.Y = -132
[YgoDuelist] YgoSecondHandLayoutPatch: AFTER holder.Position.Y = -745
[YgoDuelist] YgoSecondHandLayoutPatch: AFTER holder.TargetPosition.Y = -745
[YgoDuelist] YgoSecondHandLayoutPatch: AFTER holder.Hitbox.Position.Y = -132
[YgoDuelist] YgoSecondHandLayoutPatch EXIT return false
[WARN] [BaseLib] GetRawText: Key 'YGODUELIST-FIRE_SORCERER.flip_effect.description' not found in table 'cards'
[YgoDuelist] Right mouse button pressed.
[YgoDuelist] Right-click: no currently hovered duel pet.
[YgoStripVisualDebug] Id=YGODUELIST-FIRE_SORCERER, YgoCardType=EffectMonster, Attr=Fire, Race=Spellcaster, IsHandEffectFormActive=False, WillSet=True, FaceDown=False, UseFaceDownStrip=False
[WARN] [BaseLib] GetRawText: Key 'YGO_ATTRIBUTE_FIRE.title' not found in table 'static_hover_tips'
[WARN] [BaseLib] GetRawText: Key 'YGO_ATTRIBUTE_FIRE.description' not found in table 'static_hover_tips'
[WARN] [BaseLib] GetRawText: Key 'YGO_RACE_SPELLCASTER.title' not found in table 'static_hover_tips'
[WARN] [BaseLib] GetRawText: Key 'YGO_RACE_SPELLCASTER.description' not found in table 'static_hover_tips'
[WARN] [BaseLib] GetRawText: Key 'YGO_ATTRIBUTE_FIRE.title' not found in table 'static_hover_tips'
[WARN] [BaseLib] GetRawText: Key 'YGO_ATTRIBUTE_FIRE.description' not found in table 'static_hover_tips'
[WARN] [BaseLib] GetRawText: Key 'YGO_RACE_SPELLCASTER.title' not found in table 'static_hover_tips'
[WARN] [BaseLib] GetRawText: Key 'YGO_RACE_SPELLCASTER.description' not found in table 'static_hover_tips'
[YgoDuelist] YgoSecondHandLayoutPatch ENTER all=7 main=5 opts=2 FocusedHolderId=3612134620203 FocusedIsOpt=False
[YgoDuelist]   opts[0] holderId=98079609002 model=Gaia_Power
[YgoDuelist]   opts[1] holderId=97593069709 model=Burning_Land
[YgoDuelist] YgoSecondHandLayoutPatch: AFTER holder.Position.Y = -745
[YgoDuelist] YgoSecondHandLayoutPatch: AFTER holder.TargetPosition.Y = -745
[YgoDuelist] YgoSecondHandLayoutPatch: AFTER holder.Hitbox.Position.Y = -132
[YgoDuelist] YgoSecondHandLayoutPatch: AFTER holder.Position.Y = -745
[YgoDuelist] YgoSecondHandLayoutPatch: AFTER holder.TargetPosition.Y = -745
[YgoDuelist] YgoSecondHandLayoutPatch: AFTER holder.Hitbox.Position.Y = -132
[YgoDuelist] YgoSecondHandLayoutPatch EXIT return false
[YgoDuelist] Right mouse button pressed.
[YgoDuelist] Right-click: no currently hovered duel pet.
[WARN] [BaseLib] GetRawText: Key 'YGO_ATTRIBUTE_FIRE.title' not found in table 'static_hover_tips'
[WARN] [BaseLib] GetRawText: Key 'YGO_ATTRIBUTE_FIRE.description' not found in table 'static_hover_tips'
[WARN] [BaseLib] GetRawText: Key 'YGO_RACE_SPELLCASTER.title' not found in table 'static_hover_tips'
[WARN] [BaseLib] GetRawText: Key 'YGO_RACE_SPELLCASTER.description' not found in table 'static_hover_tips'
[WARN] [BaseLib] GetRawText: Key 'YGO_ATTRIBUTE_FIRE.title' not found in table 'static_hover_tips'
[WARN] [BaseLib] GetRawText: Key 'YGO_ATTRIBUTE_FIRE.description' not found in table 'static_hover_tips'
[WARN] [BaseLib] GetRawText: Key 'YGO_RACE_SPELLCASTER.title' not found in table 'static_hover_tips'
[WARN] [BaseLib] GetRawText: Key 'YGO_RACE_SPELLCASTER.description' not found in table 'static_hover_tips'
[YgoDuelist] YgoSecondHandLayoutPatch ENTER all=7 main=5 opts=2 FocusedHolderId=3612134620203 FocusedIsOpt=False
[YgoDuelist]   opts[0] holderId=98079609002 model=Gaia_Power
[YgoDuelist]   opts[1] holderId=97593069709 model=Burning_Land
[YgoDuelist] YgoSecondHandLayoutPatch: AFTER holder.Position.Y = -745
[YgoDuelist] YgoSecondHandLayoutPatch: AFTER holder.TargetPosition.Y = -745
[YgoDuelist] YgoSecondHandLayoutPatch: AFTER holder.Hitbox.Position.Y = -132
[YgoDuelist] YgoSecondHandLayoutPatch: AFTER holder.Position.Y = -745
[YgoDuelist] YgoSecondHandLayoutPatch: AFTER holder.TargetPosition.Y = -745
[YgoDuelist] YgoSecondHandLayoutPatch: AFTER holder.Hitbox.Position.Y = -132
[YgoDuelist] YgoSecondHandLayoutPatch EXIT return false
[DEBUG] [NetQualityTracker] Connection statistics at 08:26:24:
[DEBUG] [NetQualityTracker] 	76561198345121322 - Ping: 63.793144. Packet Loss: 3E-45.
[YgoDuelist] YgoSecondHandLayoutPatch ENTER all=7 main=5 opts=2 FocusedHolderId=0 FocusedIsOpt=False
[YgoDuelist]   opts[0] holderId=98079609002 model=Gaia_Power
[YgoDuelist]   opts[1] holderId=97593069709 model=Burning_Land
[YgoDuelist] YgoSecondHandLayoutPatch: AFTER holder.Position.Y = -745
[YgoDuelist] YgoSecondHandLayoutPatch: AFTER holder.TargetPosition.Y = -745
[YgoDuelist] YgoSecondHandLayoutPatch: AFTER holder.Hitbox.Position.Y = -132
[YgoDuelist] YgoSecondHandLayoutPatch: AFTER holder.Position.Y = -745
[YgoDuelist] YgoSecondHandLayoutPatch: AFTER holder.TargetPosition.Y = -745
[YgoDuelist] YgoSecondHandLayoutPatch: AFTER holder.Hitbox.Position.Y = -132
[YgoDuelist] YgoSecondHandLayoutPatch EXIT return false
[YgoDuelist] YgoSecondHandLayoutPatch ENTER all=6 main=4 opts=2 FocusedHolderId=0 FocusedIsOpt=False
[YgoDuelist]   opts[0] holderId=98079609002 model=Gaia_Power
[YgoDuelist]   opts[1] holderId=97593069709 model=Burning_Land
[YgoDuelist] YgoSecondHandLayoutPatch: AFTER holder.Position.Y = -745
[YgoDuelist] YgoSecondHandLayoutPatch: AFTER holder.TargetPosition.Y = -745
[YgoDuelist] YgoSecondHandLayoutPatch: AFTER holder.Hitbox.Position.Y = -132
[YgoDuelist] YgoSecondHandLayoutPatch: AFTER holder.Position.Y = -745
[YgoDuelist] YgoSecondHandLayoutPatch: AFTER holder.TargetPosition.Y = -745
[YgoDuelist] YgoSecondHandLayoutPatch: AFTER holder.Hitbox.Position.Y = -132
[YgoDuelist] YgoSecondHandLayoutPatch EXIT return false
[YgoDuelist] YgoSecondHandLayoutPatch ENTER all=7 main=5 opts=2 FocusedHolderId=0 FocusedIsOpt=False
[YgoDuelist]   opts[0] holderId=98079609002 model=Gaia_Power
[YgoDuelist]   opts[1] holderId=97593069709 model=Burning_Land
[YgoDuelist] YgoSecondHandLayoutPatch: AFTER holder.Position.Y = -745
[YgoDuelist] YgoSecondHandLayoutPatch: AFTER holder.TargetPosition.Y = -745
[YgoDuelist] YgoSecondHandLayoutPatch: AFTER holder.Hitbox.Position.Y = -132
[YgoDuelist] YgoSecondHandLayoutPatch: AFTER holder.Position.Y = -745
[YgoDuelist] YgoSecondHandLayoutPatch: AFTER holder.TargetPosition.Y = -745
[YgoDuelist] YgoSecondHandLayoutPatch: AFTER holder.Hitbox.Position.Y = -132
[YgoDuelist] YgoSecondHandLayoutPatch EXIT return false
[YgoDuelist] Right mouse button pressed.
[YgoDuelist] Right-click: no currently hovered duel pet.
[WARN] [BaseLib] GetRawText: Key 'YGO_ATTRIBUTE_FIRE.title' not found in table 'static_hover_tips'
[WARN] [BaseLib] GetRawText: Key 'YGO_ATTRIBUTE_FIRE.description' not found in table 'static_hover_tips'
[WARN] [BaseLib] GetRawText: Key 'YGO_RACE_SPELLCASTER.title' not found in table 'static_hover_tips'
[WARN] [BaseLib] GetRawText: Key 'YGO_RACE_SPELLCASTER.description' not found in table 'static_hover_tips'
[WARN] [BaseLib] GetRawText: Key 'YGO_ATTRIBUTE_FIRE.title' not found in table 'static_hover_tips'
[WARN] [BaseLib] GetRawText: Key 'YGO_ATTRIBUTE_FIRE.description' not found in table 'static_hover_tips'
[WARN] [BaseLib] GetRawText: Key 'YGO_RACE_SPELLCASTER.title' not found in table 'static_hover_tips'
[WARN] [BaseLib] GetRawText: Key 'YGO_RACE_SPELLCASTER.description' not found in table 'static_hover_tips'
[YgoDuelist] YgoSecondHandLayoutPatch ENTER all=7 main=5 opts=2 FocusedHolderId=0 FocusedIsOpt=False
[YgoDuelist]   opts[0] holderId=98079609002 model=Gaia_Power
[YgoDuelist]   opts[1] holderId=97593069709 model=Burning_Land
[YgoDuelist] YgoSecondHandLayoutPatch: AFTER holder.Position.Y = -745
[YgoDuelist] YgoSecondHandLayoutPatch: AFTER holder.TargetPosition.Y = -745
[YgoDuelist] YgoSecondHandLayoutPatch: AFTER holder.Hitbox.Position.Y = -132
[YgoDuelist] YgoSecondHandLayoutPatch: AFTER holder.Position.Y = -745
[YgoDuelist] YgoSecondHandLayoutPatch: AFTER holder.TargetPosition.Y = -745
[YgoDuelist] YgoSecondHandLayoutPatch: AFTER holder.Hitbox.Position.Y = -132
[YgoDuelist] YgoSecondHandLayoutPatch EXIT return false
[YgoDuelist] Hover start on duel pet: DuelMonsterModel
[YgoDuelist] Hover end on duel pet: DuelMonsterModel
[YgoDuelist] YgoSecondHandLayoutPatch ENTER all=7 main=5 opts=2 FocusedHolderId=3620271573750 FocusedIsOpt=False
[YgoDuelist]   opts[0] holderId=98079609002 model=Gaia_Power
[YgoDuelist]   opts[1] holderId=97593069709 model=Burning_Land
[YgoDuelist] YgoSecondHandLayoutPatch: AFTER holder.Position.Y = -745
[YgoDuelist] YgoSecondHandLayoutPatch: AFTER holder.TargetPosition.Y = -745
[YgoDuelist] YgoSecondHandLayoutPatch: AFTER holder.Hitbox.Position.Y = -132
[YgoDuelist] YgoSecondHandLayoutPatch: AFTER holder.Position.Y = -745
[YgoDuelist] YgoSecondHandLayoutPatch: AFTER holder.TargetPosition.Y = -745
[YgoDuelist] YgoSecondHandLayoutPatch: AFTER holder.Hitbox.Position.Y = -132
[YgoDuelist] YgoSecondHandLayoutPatch EXIT return false
[YgoDuelist] YgoSecondHandLayoutPatch ENTER all=7 main=5 opts=2 FocusedHolderId=0 FocusedIsOpt=False
[YgoDuelist]   opts[0] holderId=98079609002 model=Gaia_Power
[YgoDuelist]   opts[1] holderId=97593069709 model=Burning_Land
[YgoDuelist] YgoSecondHandLayoutPatch: AFTER holder.Position.Y = -745
[YgoDuelist] YgoSecondHandLayoutPatch: AFTER holder.TargetPosition.Y = -745
[YgoDuelist] YgoSecondHandLayoutPatch: AFTER holder.Hitbox.Position.Y = -132
[YgoDuelist] YgoSecondHandLayoutPatch: AFTER holder.Position.Y = -745
[YgoDuelist] YgoSecondHandLayoutPatch: AFTER holder.TargetPosition.Y = -745
[YgoDuelist] YgoSecondHandLayoutPatch: AFTER holder.Hitbox.Position.Y = -132
[YgoDuelist] YgoSecondHandLayoutPatch EXIT return false
[YgoDuelist] YgoSecondHandLayoutPatch ENTER all=7 main=5 opts=2 FocusedHolderId=3623928990573 FocusedIsOpt=False
[YgoDuelist]   opts[0] holderId=98079609002 model=Gaia_Power
[YgoDuelist]   opts[1] holderId=97593069709 model=Burning_Land
[YgoDuelist] YgoSecondHandLayoutPatch: AFTER holder.Position.Y = -745
[YgoDuelist] YgoSecondHandLayoutPatch: AFTER holder.TargetPosition.Y = -745
[YgoDuelist] YgoSecondHandLayoutPatch: AFTER holder.Hitbox.Position.Y = -132
[YgoDuelist] YgoSecondHandLayoutPatch: AFTER holder.Position.Y = -745
[YgoDuelist] YgoSecondHandLayoutPatch: AFTER holder.TargetPosition.Y = -745
[YgoDuelist] YgoSecondHandLayoutPatch: AFTER holder.Hitbox.Position.Y = -132
[YgoDuelist] YgoSecondHandLayoutPatch EXIT return false
[YgoDuelist] YgoSecondHandLayoutPatch ENTER all=7 main=5 opts=2 FocusedHolderId=0 FocusedIsOpt=False
[YgoDuelist]   opts[0] holderId=98079609002 model=Gaia_Power
[YgoDuelist]   opts[1] holderId=97593069709 model=Burning_Land
[YgoDuelist] YgoSecondHandLayoutPatch: AFTER holder.Position.Y = -745
[YgoDuelist] YgoSecondHandLayoutPatch: AFTER holder.TargetPosition.Y = -745
[YgoDuelist] YgoSecondHandLayoutPatch: AFTER holder.Hitbox.Position.Y = -132
[YgoDuelist] YgoSecondHandLayoutPatch: AFTER holder.Position.Y = -745
[YgoDuelist] YgoSecondHandLayoutPatch: AFTER holder.TargetPosition.Y = -745
[YgoDuelist] YgoSecondHandLayoutPatch: AFTER holder.Hitbox.Position.Y = -132
[YgoDuelist] YgoSecondHandLayoutPatch EXIT return false
[YgoDuelist] YgoSecondHandLayoutPatch ENTER all=7 main=5 opts=2 FocusedHolderId=3642216156772 FocusedIsOpt=False
[YgoDuelist]   opts[0] holderId=98079609002 model=Gaia_Power
[YgoDuelist]   opts[1] holderId=97593069709 model=Burning_Land
[YgoDuelist] YgoSecondHandLayoutPatch: AFTER holder.Position.Y = -745
[YgoDuelist] YgoSecondHandLayoutPatch: AFTER holder.TargetPosition.Y = -745
[YgoDuelist] YgoSecondHandLayoutPatch: AFTER holder.Hitbox.Position.Y = -132
[YgoDuelist] YgoSecondHandLayoutPatch: AFTER holder.Position.Y = -745
[YgoDuelist] YgoSecondHandLayoutPatch: AFTER holder.TargetPosition.Y = -745
[YgoDuelist] YgoSecondHandLayoutPatch: AFTER holder.Hitbox.Position.Y = -132
[YgoDuelist] YgoSecondHandLayoutPatch EXIT return false
[YgoDuelist] YgoSecondHandLayoutPatch ENTER all=7 main=5 opts=2 FocusedHolderId=0 FocusedIsOpt=False
[YgoDuelist]   opts[0] holderId=98079609002 model=Gaia_Power
[YgoDuelist]   opts[1] holderId=97593069709 model=Burning_Land
[YgoDuelist] YgoSecondHandLayoutPatch: AFTER holder.Position.Y = -745
[YgoDuelist] YgoSecondHandLayoutPatch: AFTER holder.TargetPosition.Y = -745
[YgoDuelist] YgoSecondHandLayoutPatch: AFTER holder.Hitbox.Position.Y = -132
[YgoDuelist] YgoSecondHandLayoutPatch: AFTER holder.Position.Y = -745
[YgoDuelist] YgoSecondHandLayoutPatch: AFTER holder.TargetPosition.Y = -745
[YgoDuelist] YgoSecondHandLayoutPatch: AFTER holder.Hitbox.Position.Y = -132
[YgoDuelist] YgoSecondHandLayoutPatch EXIT return false
[YgoDuelist] YgoSecondHandLayoutPatch ENTER all=6 main=4 opts=2 FocusedHolderId=0 FocusedIsOpt=False
[YgoDuelist]   opts[0] holderId=98079609002 model=Gaia_Power
[YgoDuelist]   opts[1] holderId=97593069709 model=Burning_Land
[YgoDuelist] YgoSecondHandLayoutPatch: AFTER holder.Position.Y = -745
[YgoDuelist] YgoSecondHandLayoutPatch: AFTER holder.TargetPosition.Y = -745
[YgoDuelist] YgoSecondHandLayoutPatch: AFTER holder.Hitbox.Position.Y = -132
[YgoDuelist] YgoSecondHandLayoutPatch: AFTER holder.Position.Y = -745
[YgoDuelist] YgoSecondHandLayoutPatch: AFTER holder.TargetPosition.Y = -745
[YgoDuelist] YgoSecondHandLayoutPatch: AFTER holder.Hitbox.Position.Y = -132
[YgoDuelist] YgoSecondHandLayoutPatch EXIT return false
[DEBUG] [ActionQueueSynchronizer] Sending message to host requesting to enqueue action YgoSetSpellTrapFromHandGameAction owner=76561198136285041 netCard=NetCombatCard 2052 model=YGODUELIST-OJAMA_TRIO ord=0 at 08:26:30
[YgoDuelist][MP][Queue] SetSpellTrapFromHand -> YgoSetSpellTrapFromHandGameAction owner=76561198136285041 netCard=NetCombatCard 2052 model=YGODUELIST-OJAMA_TRIO ord=0
[YgoDuelist] YgoSecondHandLayoutPatch ENTER all=7 main=5 opts=2 FocusedHolderId=0 FocusedIsOpt=False
[YgoDuelist]   opts[0] holderId=98079609002 model=Gaia_Power
[YgoDuelist]   opts[1] holderId=97593069709 model=Burning_Land
[YgoDuelist] YgoSecondHandLayoutPatch: AFTER holder.Position.Y = -745
[YgoDuelist] YgoSecondHandLayoutPatch: AFTER holder.TargetPosition.Y = -745
[YgoDuelist] YgoSecondHandLayoutPatch: AFTER holder.Hitbox.Position.Y = -132
[YgoDuelist] YgoSecondHandLayoutPatch: AFTER holder.Position.Y = -745
[YgoDuelist] YgoSecondHandLayoutPatch: AFTER holder.TargetPosition.Y = -745
[YgoDuelist] YgoSecondHandLayoutPatch: AFTER holder.Hitbox.Position.Y = -132
[YgoDuelist] YgoSecondHandLayoutPatch EXIT return false
[YgoDuelist] YgoSecondHandLayoutPatch ENTER all=7 main=5 opts=2 FocusedHolderId=3642216156772 FocusedIsOpt=False
[YgoDuelist]   opts[0] holderId=98079609002 model=Gaia_Power
[YgoDuelist]   opts[1] holderId=97593069709 model=Burning_Land
[YgoDuelist] YgoSecondHandLayoutPatch: AFTER holder.Position.Y = -745
[YgoDuelist] YgoSecondHandLayoutPatch: AFTER holder.TargetPosition.Y = -745
[YgoDuelist] YgoSecondHandLayoutPatch: AFTER holder.Hitbox.Position.Y = -132
[YgoDuelist] YgoSecondHandLayoutPatch: AFTER holder.Position.Y = -745
[YgoDuelist] YgoSecondHandLayoutPatch: AFTER holder.TargetPosition.Y = -745
[YgoDuelist] YgoSecondHandLayoutPatch: AFTER holder.Hitbox.Position.Y = -132
[YgoDuelist] YgoSecondHandLayoutPatch EXIT return false
[DEBUG] [NetMessageBus] Received message ActionEnqueuedMessage PlayerID: 76561198136285041 Action: YgoDuelist.YgoDuelistCode.GameActions.NetYgoSetSpellTrapFromHandAction Source Location: act 0 coord (0, 1) , sending to 1 handlers
[VERYDEBUG] [RunLocationTargetedMessageBuffer] Handling map-targeted message ActionEnqueuedMessage PlayerID: 76561198136285041 Action: YgoDuelist.YgoDuelistCode.GameActions.NetYgoSetSpellTrapFromHandAction Source Location: act 0 coord (0, 1)  from 76561198345121322 for location act 0 coord (0, 1)
[DEBUG] [ActionQueueSynchronizer] Received handle action enqueued message ActionEnqueuedMessage PlayerID: 76561198136285041 Action: YgoDuelist.YgoDuelistCode.GameActions.NetYgoSetSpellTrapFromHandAction Source Location: act 0 coord (0, 1)  at 08:26:30
[DEBUG] [ActionQueueSynchronizer] Enqueueing action YgoSetSpellTrapFromHandGameAction owner=76561198136285041 netCard=NetCombatCard 2052 model=YGODUELIST-OJAMA_TRIO ord=0 from owner 76561198136285041
[DEBUG] [ActionQueueSet] Enqueueing action YgoSetSpellTrapFromHandGameAction owner=76561198136285041 netCard=NetCombatCard 2052 model=YGODUELIST-OJAMA_TRIO ord=0 to player queue owned by 76561198136285041
[DEBUG] [ActionExecutor] Action queue changed, beginning ExecuteActions
[VERYDEBUG] [ActionQueueSet] Attempting to find ready action
[VERYDEBUG] [ActionQueueSet] Queue for player 76561198345121322 is empty
[VERYDEBUG] [ActionQueueSet] Action YgoSetSpellTrapFromHandGameAction owner=76561198136285041 netCard=NetCombatCard 2052 model=YGODUELIST-OJAMA_TRIO ord=0 with id 40 belonging to 76561198136285041 becomes new ready action
[VERYDEBUG] [ActionQueueSet] Got ready action YgoSetSpellTrapFromHandGameAction owner=76561198136285041 netCard=NetCombatCard 2052 model=YGODUELIST-OJAMA_TRIO ord=0 (40)
[DEBUG] [ActionExecutor] Executing action: YgoSetSpellTrapFromHandGameAction owner=76561198136285041 netCard=NetCombatCard 2052 model=YGODUELIST-OJAMA_TRIO ord=0
[VERYDEBUG] [GameAction] Action YgoSetSpellTrapFromHandGameAction owner=76561198136285041 netCard=NetCombatCard 2052 model=YGODUELIST-OJAMA_TRIO ord=0 began executing
[YgoDuelist][MP] YgoSetSpellTrapFromHandGameAction: TrySetFromHandAsync card=YGODUELIST-OJAMA_TRIO owner=76561198136285041 netIndex=2052
[YgoDuelist] YgoSecondHandLayoutPatch ENTER all=7 main=5 opts=2 FocusedHolderId=0 FocusedIsOpt=False
[YgoDuelist]   opts[0] holderId=98079609002 model=Gaia_Power
[YgoDuelist]   opts[1] holderId=97593069709 model=Burning_Land
[YgoDuelist] YgoSecondHandLayoutPatch: AFTER holder.Position.Y = -745
[YgoDuelist] YgoSecondHandLayoutPatch: AFTER holder.TargetPosition.Y = -745
[YgoDuelist] YgoSecondHandLayoutPatch: AFTER holder.Hitbox.Position.Y = -132
[YgoDuelist] YgoSecondHandLayoutPatch: AFTER holder.Position.Y = -745
[YgoDuelist] YgoSecondHandLayoutPatch: AFTER holder.TargetPosition.Y = -745
[YgoDuelist] YgoSecondHandLayoutPatch: AFTER holder.Hitbox.Position.Y = -132
[YgoDuelist] YgoSecondHandLayoutPatch EXIT return false
[YgoDuelist] YgoSecondHandLayoutPatch ENTER all=6 main=4 opts=2 FocusedHolderId=0 FocusedIsOpt=False
[YgoDuelist]   opts[0] holderId=98079609002 model=Gaia_Power
[YgoDuelist]   opts[1] holderId=97593069709 model=Burning_Land
[YgoDuelist] YgoSecondHandLayoutPatch: AFTER holder.Position.Y = -745
[YgoDuelist] YgoSecondHandLayoutPatch: AFTER holder.TargetPosition.Y = -745
[YgoDuelist] YgoSecondHandLayoutPatch: AFTER holder.Hitbox.Position.Y = -132
[YgoDuelist] YgoSecondHandLayoutPatch: AFTER holder.Position.Y = -745
[YgoDuelist] YgoSecondHandLayoutPatch: AFTER holder.TargetPosition.Y = -745
[YgoDuelist] YgoSecondHandLayoutPatch: AFTER holder.Hitbox.Position.Y = -132
[YgoDuelist] YgoSecondHandLayoutPatch EXIT return false
[YgoDuelist] OnSecondHandCardsChanged ENTER player=27072766 cardsCount=3
[YgoDuelist]   cards[0]=Gaia_Power id=61537402
[YgoDuelist]   cards[1]=Ojama_Trio id=59147571
[YgoDuelist]   cards[2]=Burning_Land id=16965714
[YgoDuelist] RebuildForPlayer START handId=2911551624445 cardsCount=3
[YgoDuelist] TearDownSecondHandRow REMOVING 2 holders
[YgoDuelist] YgoSecondHandLayoutPatch ENTER all=5 main=4 opts=1 FocusedHolderId=0 FocusedIsOpt=False
[YgoDuelist]   opts[0] holderId=97593069709 model=Burning_Land
[YgoDuelist] YgoSecondHandLayoutPatch: AFTER holder.Position.Y = -745
[YgoDuelist] YgoSecondHandLayoutPatch: AFTER holder.TargetPosition.Y = -745
[YgoDuelist] YgoSecondHandLayoutPatch: AFTER holder.Hitbox.Position.Y = -132
[YgoDuelist] YgoSecondHandLayoutPatch EXIT return false
[YgoDuelist] YgoSecondHandLayoutPatch ENTER all=4 main=4 opts=0 FocusedHolderId=0 FocusedIsOpt=False
[YgoDuelist] YgoSecondHandLayoutPatch EXIT return false
[YgoDuelist] RebuildForPlayer ADDING 3 holders
[YgoDuelist]   add[0] CREATE holderId=3372287543869 model=Gaia_Power
[YgoDuelist] RegisterOptionHolder ENTER handId=2911551624445 holderId=3372287543869 index=-1 handChildCountBefore=7
[YgoDuelist] YgoSecondHandLayoutPatch ENTER all=5 main=4 opts=1 FocusedHolderId=0 FocusedIsOpt=False
[YgoDuelist]   opts[0] holderId=3372287543869 model=?
[YgoDuelist] YgoSecondHandLayoutPatch: AFTER holder.Position.Y = -745
[YgoDuelist] YgoSecondHandLayoutPatch: AFTER holder.TargetPosition.Y = -745
[YgoDuelist] YgoSecondHandLayoutPatch: AFTER holder.Hitbox.Position.Y = -132
[YgoDuelist] YgoSecondHandLayoutPatch EXIT return false
[YgoDuelist] RegisterOptionHolder EXIT handId=2911551624445 holderId=3372287543869 handChildCountAfter=7 holderIsInsideTree=True
[YgoDuelist]   add[0] after RegisterOptionHolder holderId=3372287543869 IsInsideTree=True ChildCount=7
[WARN] [BaseLib] GetRawText: Key 'YGO_RACE_SPELL_FIELD.title' not found in table 'static_hover_tips'
[WARN] [BaseLib] GetRawText: Key 'YGO_RACE_SPELL_FIELD.description' not found in table 'static_hover_tips'
[YgoDuelist]   add[0] after Initialize holderId=3372287543869 CardNode=3763632868294 CardModel=Gaia_Power
[YgoDuelist]   add[1] CREATE holderId=97945391266 model=Ojama_Trio
[YgoDuelist] RegisterOptionHolder ENTER handId=2911551624445 holderId=97945391266 index=-1 handChildCountBefore=7
[YgoDuelist] YgoSecondHandLayoutPatch ENTER all=6 main=4 opts=2 FocusedHolderId=0 FocusedIsOpt=False
[YgoDuelist]   opts[0] holderId=3372287543869 model=Gaia_Power
[YgoDuelist]   opts[1] holderId=97945391266 model=?
[YgoDuelist] YgoSecondHandLayoutPatch: AFTER holder.Position.Y = -745
[YgoDuelist] YgoSecondHandLayoutPatch: AFTER holder.TargetPosition.Y = -745
[YgoDuelist] YgoSecondHandLayoutPatch: AFTER holder.Hitbox.Position.Y = -132
[YgoDuelist] YgoSecondHandLayoutPatch: AFTER holder.Position.Y = -745
[YgoDuelist] YgoSecondHandLayoutPatch: AFTER holder.TargetPosition.Y = -745
[YgoDuelist] YgoSecondHandLayoutPatch: AFTER holder.Hitbox.Position.Y = -132
[YgoDuelist] YgoSecondHandLayoutPatch EXIT return false
[YgoDuelist] RegisterOptionHolder EXIT handId=2911551624445 holderId=97945391266 handChildCountAfter=7 holderIsInsideTree=True
[YgoDuelist]   add[1] after RegisterOptionHolder holderId=97945391266 IsInsideTree=True ChildCount=7
[YgoDuelist]   add[1] after Initialize holderId=97945391266 CardNode=3765629369816 CardModel=Ojama_Trio
[YgoDuelist]   add[2] CREATE holderId=98213826738 model=Burning_Land
[YgoDuelist] RegisterOptionHolder ENTER handId=2911551624445 holderId=98213826738 index=-1 handChildCountBefore=7
[YgoDuelist] YgoSecondHandLayoutPatch ENTER all=7 main=4 opts=3 FocusedHolderId=0 FocusedIsOpt=False
[YgoDuelist]   opts[0] holderId=3372287543869 model=Gaia_Power
[YgoDuelist]   opts[1] holderId=97945391266 model=Ojama_Trio
[YgoDuelist]   opts[2] holderId=98213826738 model=?
[YgoDuelist] YgoSecondHandLayoutPatch: AFTER holder.Position.Y = -745
[YgoDuelist] YgoSecondHandLayoutPatch: AFTER holder.TargetPosition.Y = -745
[YgoDuelist] YgoSecondHandLayoutPatch: AFTER holder.Hitbox.Position.Y = -132
[YgoDuelist] YgoSecondHandLayoutPatch: AFTER holder.Position.Y = -745
[YgoDuelist] YgoSecondHandLayoutPatch: AFTER holder.TargetPosition.Y = -745
[YgoDuelist] YgoSecondHandLayoutPatch: AFTER holder.Hitbox.Position.Y = -132
[YgoDuelist] YgoSecondHandLayoutPatch: AFTER holder.Position.Y = -745
[YgoDuelist] YgoSecondHandLayoutPatch: AFTER holder.TargetPosition.Y = -745
[YgoDuelist] YgoSecondHandLayoutPatch: AFTER holder.Hitbox.Position.Y = -132
[YgoDuelist] YgoSecondHandLayoutPatch EXIT return false
[YgoDuelist] RegisterOptionHolder EXIT handId=2911551624445 holderId=98213826738 handChildCountAfter=7 holderIsInsideTree=True
[YgoDuelist]   add[2] after RegisterOptionHolder holderId=98213826738 IsInsideTree=True ChildCount=7
[WARN] [BaseLib] GetRawText: Key 'YGO_RACE_SPELL_CONTINUOUS.title' not found in table 'static_hover_tips'
[WARN] [BaseLib] GetRawText: Key 'YGO_RACE_SPELL_CONTINUOUS.description' not found in table 'static_hover_tips'
[YgoDuelist]   add[2] after Initialize holderId=98213826738 CardNode=3767860738794 CardModel=Burning_Land
[YgoDuelist] RebuildForPlayer END totalHolders=3 handActiveHoldersCount=7
[YgoDuelist] OnSecondHandCardsChanged EXIT RebuildForPlayer done
[VERYDEBUG] [GameAction] Action YgoSetSpellTrapFromHandGameAction owner=76561198136285041 netCard=NetCombatCard 2052 model=YGODUELIST-OJAMA_TRIO ord=0 finished execution
[DEBUG] [ChecksumTracker] Generating checksum for context: after executing action YgoSetSpellTrapFromHandGameAction owner=76561198136285041 netCard=NetCombatCard 2052 model=YGODUELIST-OJAMA_TRIO ord=0 action: YgoSetSpellTrapFromHandGameAction owner=76561198136285041 netCard=NetCombatCard 2052 model=YGODUELIST-OJAMA_TRIO ord=0 id: 42
[YgoDuelist][MP][Checksum][fp] netId=76561198136285041 | pt=1 n=9:YGODUELIST-ARCANE_ARCHER_OF_THE_FOREST0bYgoDieForYouUserToggleOnFalseiPermanentAtkBonusFromExecutes01010000,20019,20043,YGODUELIST-DEFEND_YGO_DUELIST010,YGODUELIST-DEFEND_YGO_DUELIST010,YGODUELIST-OUTSTANDING_DOG_MARRON0bYgoDieForYouUserToggleOnFalseiPermanentAtkBonusFromExecutes01010004,20001,YGODUELIST-ROCKET_JUMPER0bYgoDieForYouUserToggleOnFalseiPermanentAtkBonusFromExecutes01010000,20015,20043,20045,YGODUELIST-SKELENGEL0bYgoDieForYouUserToggleOnFalseiPermanentAtkBonusFromExecutes01010004,20006,20041,YGODUELIST-STRIKE_YGO_DUELIST010,YGODUELIST-STRIKE_YGO_DUELIST010,YGODUELIST-TRAP_OF_BOARD_ERASER01010009,10011 | pt=2 n=4:YGODUELIST-DEFEND_YGO_DUELIST010,YGODUELIST-FIRE_SORCERER0bYgoDieForYouUserToggleOnFalseiPermanentAtkBonusFromExecutes01010002,20017,20041,20043,YGODUELIST-RECKLESS_GREED01010009,10011,YGODUELIST-STRIKE_YGO_DUELIST010 | pt=3 n=0: | pt=4 n=0: | pt=5 n=0: | pt=932200512 n=0: | pt=932200513 n=0: | pt=932200514 n=0: | pt=932200515 n=1:YGODUELIST-HOURGLASS_OF_COURAGE0bYgoDieForYouUserToggleOnFalseiPermanentAtkBonusFromExecutes01010004,20006,20043 | pt=932200516 n=2:YGODUELIST-EARTH_EFFIGY0bYgoDieForYouUserToggleOnFalseiPermanentAtkBonusFromExecutes01010000,20015,20043,YGODUELIST-TOTAL_DEFENSE_SHOGUN0bYgoDieForYouUserToggleOnFalseiPermanentAtkBonusFromExecutes01010005,20019,20034,20043 | pt=932200517 n=3:YGODUELIST-BURNING_LAND01010009,20024,YGODUELIST-GAIA_POWER01010009,20027,YGODUELIST-OJAMA_TRIO01010009,10011 | pt=932200518 n=0:
[YgoDuelist][MP][Checksum][fp] netId=76561198345121322 | pt=1 n=1:YGODUELIST-DEFEND_YGO_DUELIST010 | pt=2 n=5:YGODUELIST-DEFEND_YGO_DUELIST010,YGODUELIST-FIRE_PRINCESS0bYgoDieForYouUserToggleOnFalseiPermanentAtkBonusFromExecutes01010002,20013,20043,YGODUELIST-KURAMA0bYgoDieForYouUserToggleOnFalseiPermanentAtkBonusFromExecutes01010003,20020,20043,YGODUELIST-STRIKE_YGO_DUELIST010,YGODUELIST-ZABORG_THE_THUNDER_MONARCH0bYgoDieForYouUserToggleOnFalseiPermanentAtkBonusFromExecutes01010004,20018,20034,20043 | pt=3 n=4:GREED0104,7,YGODUELIST-DEFEND_YGO_DUELIST010,YGODUELIST-STRIKE_YGO_DUELIST010,YGODUELIST-STRIKE_YGO_DUELIST010 | pt=4 n=0: | pt=5 n=0: | pt=932200512 n=0: | pt=932200513 n=1:YGODUELIST-THE_LAST_WARRIOR_FROM_ANOTHER_PLANET0bYgoDieForYouUserToggleOnFalseiPermanentAtkBonusFromExecutes0iSummonAbsorbPrintedDefBonus01010000,20019,20036,20043 | pt=932200514 n=0: | pt=932200515 n=0: | pt=932200516 n=2:YGODUELIST-QUEEN_S_DOUBLE0bYgoDieForYouUserToggleOnFalseiPermanentAtkBonusFromExecutes01010000,20019,20045,YGODUELIST-VERSAGO_THE_DESTROYER0bYgoDieForYouUserToggleOnFalseiPermanentAtkBonusFromExecutes01010005,20007,20043 | pt=932200517 n=2:YGODUELIST-RAIGEKI_BREAK01010009,10011,20045,YGODUELIST-YELLOW_LUSTER_SHIELD01010009,20024 | pt=932200518 n=0:
[DEBUG] [ActionExecutor] Completed execution of action YgoSetSpellTrapFromHandGameAction owner=76561198136285041 netCard=NetCombatCard 2052 model=YGODUELIST-OJAMA_TRIO ord=0, attempting to find new action
[VERYDEBUG] [ActionQueueSet] Attempting to find ready action
[VERYDEBUG] [ActionQueueSet] Queue for player 76561198345121322 is empty
[VERYDEBUG] [ActionQueueSet] Queue for player 76561198136285041 is empty
[VERYDEBUG] [ActionQueueSet] No action is ready
[YgoDuelist] OnSecondHandCardsChanged ENTER player=27072766 cardsCount=3
[YgoDuelist]   cards[0]=Gaia_Power id=61537402
[YgoDuelist]   cards[1]=Ojama_Trio id=59147571
[YgoDuelist]   cards[2]=Burning_Land id=16965714
[YgoDuelist] RebuildForPlayer START handId=2911551624445 cardsCount=3
[YgoDuelist] TearDownSecondHandRow REMOVING 3 holders
[YgoDuelist] YgoSecondHandLayoutPatch ENTER all=6 main=4 opts=2 FocusedHolderId=0 FocusedIsOpt=False
[YgoDuelist]   opts[0] holderId=97945391266 model=Ojama_Trio
[YgoDuelist]   opts[1] holderId=98213826738 model=Burning_Land
[YgoDuelist] YgoSecondHandLayoutPatch: AFTER holder.Position.Y = -745
[YgoDuelist] YgoSecondHandLayoutPatch: AFTER holder.TargetPosition.Y = -745
[YgoDuelist] YgoSecondHandLayoutPatch: AFTER holder.Hitbox.Position.Y = -132
[YgoDuelist] YgoSecondHandLayoutPatch: AFTER holder.Position.Y = -745
[YgoDuelist] YgoSecondHandLayoutPatch: AFTER holder.TargetPosition.Y = -745
[YgoDuelist] YgoSecondHandLayoutPatch: AFTER holder.Hitbox.Position.Y = -132
[YgoDuelist] YgoSecondHandLayoutPatch EXIT return false
[YgoDuelist] YgoSecondHandLayoutPatch ENTER all=5 main=4 opts=1 FocusedHolderId=0 FocusedIsOpt=False
[YgoDuelist]   opts[0] holderId=98213826738 model=Burning_Land
[YgoDuelist] YgoSecondHandLayoutPatch: AFTER holder.Position.Y = -745
[YgoDuelist] YgoSecondHandLayoutPatch: AFTER holder.TargetPosition.Y = -745
[YgoDuelist] YgoSecondHandLayoutPatch: AFTER holder.Hitbox.Position.Y = -132
[YgoDuelist] YgoSecondHandLayoutPatch EXIT return false
[YgoDuelist] YgoSecondHandLayoutPatch ENTER all=4 main=4 opts=0 FocusedHolderId=0 FocusedIsOpt=False
[YgoDuelist] YgoSecondHandLayoutPatch EXIT return false
[YgoDuelist] RebuildForPlayer ADDING 3 holders
[YgoDuelist]   add[0] CREATE holderId=97593069709 model=Gaia_Power
[YgoDuelist] RegisterOptionHolder ENTER handId=2911551624445 holderId=97593069709 index=-1 handChildCountBefore=7
[YgoDuelist] YgoSecondHandLayoutPatch ENTER all=5 main=4 opts=1 FocusedHolderId=0 FocusedIsOpt=False
[YgoDuelist]   opts[0] holderId=97593069709 model=?
[YgoDuelist] YgoSecondHandLayoutPatch: AFTER holder.Position.Y = -745
[YgoDuelist] YgoSecondHandLayoutPatch: AFTER holder.TargetPosition.Y = -745
[YgoDuelist] YgoSecondHandLayoutPatch: AFTER holder.Hitbox.Position.Y = -132
[YgoDuelist] YgoSecondHandLayoutPatch EXIT return false
[YgoDuelist] RegisterOptionHolder EXIT handId=2911551624445 holderId=97593069709 handChildCountAfter=7 holderIsInsideTree=True
[YgoDuelist]   add[0] after RegisterOptionHolder holderId=97593069709 IsInsideTree=True ChildCount=7
[WARN] [BaseLib] GetRawText: Key 'YGO_RACE_SPELL_FIELD.title' not found in table 'static_hover_tips'
[WARN] [BaseLib] GetRawText: Key 'YGO_RACE_SPELL_FIELD.description' not found in table 'static_hover_tips'
[YgoDuelist]   add[0] after Initialize holderId=97593069709 CardNode=3773279767382 CardModel=Gaia_Power
[YgoDuelist]   add[1] CREATE holderId=98079609002 model=Ojama_Trio
[YgoDuelist] RegisterOptionHolder ENTER handId=2911551624445 holderId=98079609002 index=-1 handChildCountBefore=7
[YgoDuelist] YgoSecondHandLayoutPatch ENTER all=6 main=4 opts=2 FocusedHolderId=0 FocusedIsOpt=False
[YgoDuelist]   opts[0] holderId=97593069709 model=Gaia_Power
[YgoDuelist]   opts[1] holderId=98079609002 model=?
[YgoDuelist] YgoSecondHandLayoutPatch: AFTER holder.Position.Y = -745
[YgoDuelist] YgoSecondHandLayoutPatch: AFTER holder.TargetPosition.Y = -745
[YgoDuelist] YgoSecondHandLayoutPatch: AFTER holder.Hitbox.Position.Y = -132
[YgoDuelist] YgoSecondHandLayoutPatch: AFTER holder.Position.Y = -745
[YgoDuelist] YgoSecondHandLayoutPatch: AFTER holder.TargetPosition.Y = -745
[YgoDuelist] YgoSecondHandLayoutPatch: AFTER holder.Hitbox.Position.Y = -132
[YgoDuelist] YgoSecondHandLayoutPatch EXIT return false
[YgoDuelist] RegisterOptionHolder EXIT handId=2911551624445 holderId=98079609002 handChildCountAfter=7 holderIsInsideTree=True
[YgoDuelist]   add[1] after RegisterOptionHolder holderId=98079609002 IsInsideTree=True ChildCount=7
[YgoDuelist]   add[1] after Initialize holderId=98079609002 CardNode=3775276272517 CardModel=Ojama_Trio
[YgoDuelist]   add[2] CREATE holderId=98348044474 model=Burning_Land
[YgoDuelist] RegisterOptionHolder ENTER handId=2911551624445 holderId=98348044474 index=-1 handChildCountBefore=7
[YgoDuelist] YgoSecondHandLayoutPatch ENTER all=7 main=4 opts=3 FocusedHolderId=0 FocusedIsOpt=False
[YgoDuelist]   opts[0] holderId=97593069709 model=Gaia_Power
[YgoDuelist]   opts[1] holderId=98079609002 model=Ojama_Trio
[YgoDuelist]   opts[2] holderId=98348044474 model=?
[YgoDuelist] YgoSecondHandLayoutPatch: AFTER holder.Position.Y = -745
[YgoDuelist] YgoSecondHandLayoutPatch: AFTER holder.TargetPosition.Y = -745
[YgoDuelist] YgoSecondHandLayoutPatch: AFTER holder.Hitbox.Position.Y = -132
[YgoDuelist] YgoSecondHandLayoutPatch: AFTER holder.Position.Y = -745
[YgoDuelist] YgoSecondHandLayoutPatch: AFTER holder.TargetPosition.Y = -745
[YgoDuelist] YgoSecondHandLayoutPatch: AFTER holder.Hitbox.Position.Y = -132
[YgoDuelist] YgoSecondHandLayoutPatch: AFTER holder.Position.Y = -745
[YgoDuelist] YgoSecondHandLayoutPatch: AFTER holder.TargetPosition.Y = -745
[YgoDuelist] YgoSecondHandLayoutPatch: AFTER holder.Hitbox.Position.Y = -132
[YgoDuelist] YgoSecondHandLayoutPatch EXIT return false
[YgoDuelist] RegisterOptionHolder EXIT handId=2911551624445 holderId=98348044474 handChildCountAfter=7 holderIsInsideTree=True
[YgoDuelist]   add[2] after RegisterOptionHolder holderId=98348044474 IsInsideTree=True ChildCount=7
[WARN] [BaseLib] GetRawText: Key 'YGO_RACE_SPELL_CONTINUOUS.title' not found in table 'static_hover_tips'
[WARN] [BaseLib] GetRawText: Key 'YGO_RACE_SPELL_CONTINUOUS.description' not found in table 'static_hover_tips'
[YgoDuelist]   add[2] after Initialize holderId=98348044474 CardNode=3777507625557 CardModel=Burning_Land
[YgoDuelist] RebuildForPlayer END totalHolders=3 handActiveHoldersCount=7
[YgoDuelist] OnSecondHandCardsChanged EXIT RebuildForPlayer done
[YgoDuelist] YgoSecondHandLayoutPatch ENTER all=7 main=4 opts=3 FocusedHolderId=97593069709 FocusedIsOpt=True
[YgoDuelist]   opts[0] holderId=97593069709 model=Gaia_Power
[YgoDuelist]   opts[1] holderId=98079609002 model=Ojama_Trio
[YgoDuelist]   opts[2] holderId=98348044474 model=Burning_Land
[YgoDuelist] YgoSecondHandLayoutPatch: AFTER holder.Position.Y = -745
[YgoDuelist] YgoSecondHandLayoutPatch: AFTER holder.TargetPosition.Y = -745
[YgoDuelist] YgoSecondHandLayoutPatch: AFTER holder.Hitbox.Position.Y = -132
[YgoDuelist] YgoSecondHandLayoutPatch: AFTER holder.Position.Y = -745
[YgoDuelist] YgoSecondHandLayoutPatch: AFTER holder.TargetPosition.Y = -745
[YgoDuelist] YgoSecondHandLayoutPatch: AFTER holder.Hitbox.Position.Y = -132
[YgoDuelist] YgoSecondHandLayoutPatch: AFTER holder.Position.Y = -745
[YgoDuelist] YgoSecondHandLayoutPatch: AFTER holder.TargetPosition.Y = -745
[YgoDuelist] YgoSecondHandLayoutPatch: AFTER holder.Hitbox.Position.Y = -132
[YgoDuelist] YgoSecondHandLayoutPatch EXIT return false
[YgoDuelist] YgoSecondHandLayoutPatch ENTER all=7 main=4 opts=3 FocusedHolderId=0 FocusedIsOpt=False
[YgoDuelist]   opts[0] holderId=97593069709 model=Gaia_Power
[YgoDuelist]   opts[1] holderId=98079609002 model=Ojama_Trio
[YgoDuelist]   opts[2] holderId=98348044474 model=Burning_Land
[YgoDuelist] YgoSecondHandLayoutPatch: AFTER holder.Position.Y = -745
[YgoDuelist] YgoSecondHandLayoutPatch: AFTER holder.TargetPosition.Y = -745
[YgoDuelist] YgoSecondHandLayoutPatch: AFTER holder.Hitbox.Position.Y = -132
[YgoDuelist] YgoSecondHandLayoutPatch: AFTER holder.Position.Y = -745
[YgoDuelist] YgoSecondHandLayoutPatch: AFTER holder.TargetPosition.Y = -745
[YgoDuelist] YgoSecondHandLayoutPatch: AFTER holder.Hitbox.Position.Y = -132
[YgoDuelist] YgoSecondHandLayoutPatch: AFTER holder.Position.Y = -745
[YgoDuelist] YgoSecondHandLayoutPatch: AFTER holder.TargetPosition.Y = -745
[YgoDuelist] YgoSecondHandLayoutPatch: AFTER holder.Hitbox.Position.Y = -132
[YgoDuelist] YgoSecondHandLayoutPatch EXIT return false
[YgoDuelist] YgoSecondHandLayoutPatch ENTER all=7 main=4 opts=3 FocusedHolderId=98079609002 FocusedIsOpt=True
[YgoDuelist]   opts[0] holderId=97593069709 model=Gaia_Power
[YgoDuelist]   opts[1] holderId=98079609002 model=Ojama_Trio
[YgoDuelist]   opts[2] holderId=98348044474 model=Burning_Land
[YgoDuelist] YgoSecondHandLayoutPatch: AFTER holder.Position.Y = -745
[YgoDuelist] YgoSecondHandLayoutPatch: AFTER holder.TargetPosition.Y = -745
[YgoDuelist] YgoSecondHandLayoutPatch: AFTER holder.Hitbox.Position.Y = -132
[YgoDuelist] YgoSecondHandLayoutPatch: AFTER holder.Position.Y = -745
[YgoDuelist] YgoSecondHandLayoutPatch: AFTER holder.TargetPosition.Y = -745
[YgoDuelist] YgoSecondHandLayoutPatch: AFTER holder.Hitbox.Position.Y = -132
[YgoDuelist] YgoSecondHandLayoutPatch: AFTER holder.Position.Y = -745
[YgoDuelist] YgoSecondHandLayoutPatch: AFTER holder.TargetPosition.Y = -745
[YgoDuelist] YgoSecondHandLayoutPatch: AFTER holder.Hitbox.Position.Y = -132
[YgoDuelist] YgoSecondHandLayoutPatch EXIT return false
[YgoDuelist] YgoSecondHandLayoutPatch ENTER all=7 main=4 opts=3 FocusedHolderId=0 FocusedIsOpt=False
[YgoDuelist]   opts[0] holderId=97593069709 model=Gaia_Power
[YgoDuelist]   opts[1] holderId=98079609002 model=Ojama_Trio
[YgoDuelist]   opts[2] holderId=98348044474 model=Burning_Land
[YgoDuelist] YgoSecondHandLayoutPatch: AFTER holder.Position.Y = -745
[YgoDuelist] YgoSecondHandLayoutPatch: AFTER holder.TargetPosition.Y = -745
[YgoDuelist] YgoSecondHandLayoutPatch: AFTER holder.Hitbox.Position.Y = -132
[YgoDuelist] YgoSecondHandLayoutPatch: AFTER holder.Position.Y = -745
[YgoDuelist] YgoSecondHandLayoutPatch: AFTER holder.TargetPosition.Y = -745
[YgoDuelist] YgoSecondHandLayoutPatch: AFTER holder.Hitbox.Position.Y = -132
[YgoDuelist] YgoSecondHandLayoutPatch: AFTER holder.Position.Y = -745
[YgoDuelist] YgoSecondHandLayoutPatch: AFTER holder.TargetPosition.Y = -745
[YgoDuelist] YgoSecondHandLayoutPatch: AFTER holder.Hitbox.Position.Y = -132
[YgoDuelist] YgoSecondHandLayoutPatch EXIT return false
[YgoDuelist] Hover start on duel pet: DuelMonsterModel
[YgoDuelist] Hover end on duel pet: DuelMonsterModel
[YgoDuelist] YgoSecondHandLayoutPatch ENTER all=7 main=4 opts=3 FocusedHolderId=3620271573750 FocusedIsOpt=False
[YgoDuelist]   opts[0] holderId=97593069709 model=Gaia_Power
[YgoDuelist]   opts[1] holderId=98079609002 model=Ojama_Trio
[YgoDuelist]   opts[2] holderId=98348044474 model=Burning_Land
[YgoDuelist] YgoSecondHandLayoutPatch: AFTER holder.Position.Y = -745
[YgoDuelist] YgoSecondHandLayoutPatch: AFTER holder.TargetPosition.Y = -745
[YgoDuelist] YgoSecondHandLayoutPatch: AFTER holder.Hitbox.Position.Y = -132
[YgoDuelist] YgoSecondHandLayoutPatch: AFTER holder.Position.Y = -745
[YgoDuelist] YgoSecondHandLayoutPatch: AFTER holder.TargetPosition.Y = -745
[YgoDuelist] YgoSecondHandLayoutPatch: AFTER holder.Hitbox.Position.Y = -132
[YgoDuelist] YgoSecondHandLayoutPatch: AFTER holder.Position.Y = -745
[YgoDuelist] YgoSecondHandLayoutPatch: AFTER holder.TargetPosition.Y = -745
[YgoDuelist] YgoSecondHandLayoutPatch: AFTER holder.Hitbox.Position.Y = -132
[YgoDuelist] YgoSecondHandLayoutPatch EXIT return false
[YgoDuelist] YgoSecondHandLayoutPatch ENTER all=7 main=4 opts=3 FocusedHolderId=0 FocusedIsOpt=False
[YgoDuelist]   opts[0] holderId=97593069709 model=Gaia_Power
[YgoDuelist]   opts[1] holderId=98079609002 model=Ojama_Trio
[YgoDuelist]   opts[2] holderId=98348044474 model=Burning_Land
[YgoDuelist] YgoSecondHandLayoutPatch: AFTER holder.Position.Y = -745
[YgoDuelist] YgoSecondHandLayoutPatch: AFTER holder.TargetPosition.Y = -745
[YgoDuelist] YgoSecondHandLayoutPatch: AFTER holder.Hitbox.Position.Y = -132
[YgoDuelist] YgoSecondHandLayoutPatch: AFTER holder.Position.Y = -745
[YgoDuelist] YgoSecondHandLayoutPatch: AFTER holder.TargetPosition.Y = -745
[YgoDuelist] YgoSecondHandLayoutPatch: AFTER holder.Hitbox.Position.Y = -132
[YgoDuelist] YgoSecondHandLayoutPatch: AFTER holder.Position.Y = -745
[YgoDuelist] YgoSecondHandLayoutPatch: AFTER holder.TargetPosition.Y = -745
[YgoDuelist] YgoSecondHandLayoutPatch: AFTER holder.Hitbox.Position.Y = -132
[YgoDuelist] YgoSecondHandLayoutPatch EXIT return false
[YgoDuelist] YgoSecondHandLayoutPatch ENTER all=6 main=3 opts=3 FocusedHolderId=0 FocusedIsOpt=False
[YgoDuelist]   opts[0] holderId=97593069709 model=Gaia_Power
[YgoDuelist]   opts[1] holderId=98079609002 model=Ojama_Trio
[YgoDuelist]   opts[2] holderId=98348044474 model=Burning_Land
[YgoDuelist] YgoSecondHandLayoutPatch: AFTER holder.Position.Y = -745
[YgoDuelist] YgoSecondHandLayoutPatch: AFTER holder.TargetPosition.Y = -745
[YgoDuelist] YgoSecondHandLayoutPatch: AFTER holder.Hitbox.Position.Y = -132
[YgoDuelist] YgoSecondHandLayoutPatch: AFTER holder.Position.Y = -745
[YgoDuelist] YgoSecondHandLayoutPatch: AFTER holder.TargetPosition.Y = -745
[YgoDuelist] YgoSecondHandLayoutPatch: AFTER holder.Hitbox.Position.Y = -132
[YgoDuelist] YgoSecondHandLayoutPatch: AFTER holder.Position.Y = -745
[YgoDuelist] YgoSecondHandLayoutPatch: AFTER holder.TargetPosition.Y = -745
[YgoDuelist] YgoSecondHandLayoutPatch: AFTER holder.Hitbox.Position.Y = -132
[YgoDuelist] YgoSecondHandLayoutPatch EXIT return false
[DEBUG] [ActionQueueSynchronizer] Sending message to host requesting to enqueue action YgoSetSpellTrapFromHandGameAction owner=76561198136285041 netCard=NetCombatCard 2065 model=YGODUELIST-RECKLESS_GREED ord=0 at 08:26:32
[YgoDuelist][MP][Queue] SetSpellTrapFromHand -> YgoSetSpellTrapFromHandGameAction owner=76561198136285041 netCard=NetCombatCard 2065 model=YGODUELIST-RECKLESS_GREED ord=0
[YgoDuelist] YgoSecondHandLayoutPatch ENTER all=7 main=4 opts=3 FocusedHolderId=0 FocusedIsOpt=False
[YgoDuelist]   opts[0] holderId=97593069709 model=Gaia_Power
[YgoDuelist]   opts[1] holderId=98079609002 model=Ojama_Trio
[YgoDuelist]   opts[2] holderId=98348044474 model=Burning_Land
[YgoDuelist] YgoSecondHandLayoutPatch: AFTER holder.Position.Y = -745
[YgoDuelist] YgoSecondHandLayoutPatch: AFTER holder.TargetPosition.Y = -745
[YgoDuelist] YgoSecondHandLayoutPatch: AFTER holder.Hitbox.Position.Y = -132
[YgoDuelist] YgoSecondHandLayoutPatch: AFTER holder.Position.Y = -745
[YgoDuelist] YgoSecondHandLayoutPatch: AFTER holder.TargetPosition.Y = -745
[YgoDuelist] YgoSecondHandLayoutPatch: AFTER holder.Hitbox.Position.Y = -132
[YgoDuelist] YgoSecondHandLayoutPatch: AFTER holder.Position.Y = -745
[YgoDuelist] YgoSecondHandLayoutPatch: AFTER holder.TargetPosition.Y = -745
[YgoDuelist] YgoSecondHandLayoutPatch: AFTER holder.Hitbox.Position.Y = -132
[YgoDuelist] YgoSecondHandLayoutPatch EXIT return false
[YgoDuelist] YgoSecondHandLayoutPatch ENTER all=7 main=4 opts=3 FocusedHolderId=3620271573750 FocusedIsOpt=False
[YgoDuelist]   opts[0] holderId=97593069709 model=Gaia_Power
[YgoDuelist]   opts[1] holderId=98079609002 model=Ojama_Trio
[YgoDuelist]   opts[2] holderId=98348044474 model=Burning_Land
[YgoDuelist] YgoSecondHandLayoutPatch: AFTER holder.Position.Y = -745
[YgoDuelist] YgoSecondHandLayoutPatch: AFTER holder.TargetPosition.Y = -745
[YgoDuelist] YgoSecondHandLayoutPatch: AFTER holder.Hitbox.Position.Y = -132
[YgoDuelist] YgoSecondHandLayoutPatch: AFTER holder.Position.Y = -745
[YgoDuelist] YgoSecondHandLayoutPatch: AFTER holder.TargetPosition.Y = -745
[YgoDuelist] YgoSecondHandLayoutPatch: AFTER holder.Hitbox.Position.Y = -132
[YgoDuelist] YgoSecondHandLayoutPatch: AFTER holder.Position.Y = -745
[YgoDuelist] YgoSecondHandLayoutPatch: AFTER holder.TargetPosition.Y = -745
[YgoDuelist] YgoSecondHandLayoutPatch: AFTER holder.Hitbox.Position.Y = -132
[YgoDuelist] YgoSecondHandLayoutPatch EXIT return false
[DEBUG] [NetMessageBus] Received message ActionEnqueuedMessage PlayerID: 76561198136285041 Action: YgoDuelist.YgoDuelistCode.GameActions.NetYgoSetSpellTrapFromHandAction Source Location: act 0 coord (0, 1) , sending to 1 handlers
[VERYDEBUG] [RunLocationTargetedMessageBuffer] Handling map-targeted message ActionEnqueuedMessage PlayerID: 76561198136285041 Action: YgoDuelist.YgoDuelistCode.GameActions.NetYgoSetSpellTrapFromHandAction Source Location: act 0 coord (0, 1)  from 76561198345121322 for location act 0 coord (0, 1)
[DEBUG] [ActionQueueSynchronizer] Received handle action enqueued message ActionEnqueuedMessage PlayerID: 76561198136285041 Action: YgoDuelist.YgoDuelistCode.GameActions.NetYgoSetSpellTrapFromHandAction Source Location: act 0 coord (0, 1)  at 08:26:32
[DEBUG] [ActionQueueSynchronizer] Enqueueing action YgoSetSpellTrapFromHandGameAction owner=76561198136285041 netCard=NetCombatCard 2065 model=YGODUELIST-RECKLESS_GREED ord=0 from owner 76561198136285041
[DEBUG] [ActionQueueSet] Enqueueing action YgoSetSpellTrapFromHandGameAction owner=76561198136285041 netCard=NetCombatCard 2065 model=YGODUELIST-RECKLESS_GREED ord=0 to player queue owned by 76561198136285041
[DEBUG] [ActionExecutor] Action queue changed, beginning ExecuteActions
[VERYDEBUG] [ActionQueueSet] Attempting to find ready action
[VERYDEBUG] [ActionQueueSet] Queue for player 76561198345121322 is empty
[VERYDEBUG] [ActionQueueSet] Action YgoSetSpellTrapFromHandGameAction owner=76561198136285041 netCard=NetCombatCard 2065 model=YGODUELIST-RECKLESS_GREED ord=0 with id 41 belonging to 76561198136285041 becomes new ready action
[VERYDEBUG] [ActionQueueSet] Got ready action YgoSetSpellTrapFromHandGameAction owner=76561198136285041 netCard=NetCombatCard 2065 model=YGODUELIST-RECKLESS_GREED ord=0 (41)
[DEBUG] [ActionExecutor] Executing action: YgoSetSpellTrapFromHandGameAction owner=76561198136285041 netCard=NetCombatCard 2065 model=YGODUELIST-RECKLESS_GREED ord=0
[VERYDEBUG] [GameAction] Action YgoSetSpellTrapFromHandGameAction owner=76561198136285041 netCard=NetCombatCard 2065 model=YGODUELIST-RECKLESS_GREED ord=0 began executing
[YgoDuelist][MP] YgoSetSpellTrapFromHandGameAction: TrySetFromHandAsync card=YGODUELIST-RECKLESS_GREED owner=76561198136285041 netIndex=2065
[YgoDuelist] YgoSecondHandLayoutPatch ENTER all=7 main=4 opts=3 FocusedHolderId=0 FocusedIsOpt=False
[YgoDuelist]   opts[0] holderId=97593069709 model=Gaia_Power
[YgoDuelist]   opts[1] holderId=98079609002 model=Ojama_Trio
[YgoDuelist]   opts[2] holderId=98348044474 model=Burning_Land
[YgoDuelist] YgoSecondHandLayoutPatch: AFTER holder.Position.Y = -745
[YgoDuelist] YgoSecondHandLayoutPatch: AFTER holder.TargetPosition.Y = -745
[YgoDuelist] YgoSecondHandLayoutPatch: AFTER holder.Hitbox.Position.Y = -132
[YgoDuelist] YgoSecondHandLayoutPatch: AFTER holder.Position.Y = -745
[YgoDuelist] YgoSecondHandLayoutPatch: AFTER holder.TargetPosition.Y = -745
[YgoDuelist] YgoSecondHandLayoutPatch: AFTER holder.Hitbox.Position.Y = -132
[YgoDuelist] YgoSecondHandLayoutPatch: AFTER holder.Position.Y = -745
[YgoDuelist] YgoSecondHandLayoutPatch: AFTER holder.TargetPosition.Y = -745
[YgoDuelist] YgoSecondHandLayoutPatch: AFTER holder.Hitbox.Position.Y = -132
[YgoDuelist] YgoSecondHandLayoutPatch EXIT return false
[YgoDuelist] YgoSecondHandLayoutPatch ENTER all=6 main=3 opts=3 FocusedHolderId=0 FocusedIsOpt=False
[YgoDuelist]   opts[0] holderId=97593069709 model=Gaia_Power
[YgoDuelist]   opts[1] holderId=98079609002 model=Ojama_Trio
[YgoDuelist]   opts[2] holderId=98348044474 model=Burning_Land
[YgoDuelist] YgoSecondHandLayoutPatch: AFTER holder.Position.Y = -745
[YgoDuelist] YgoSecondHandLayoutPatch: AFTER holder.TargetPosition.Y = -745
[YgoDuelist] YgoSecondHandLayoutPatch: AFTER holder.Hitbox.Position.Y = -132
[YgoDuelist] YgoSecondHandLayoutPatch: AFTER holder.Position.Y = -745
[YgoDuelist] YgoSecondHandLayoutPatch: AFTER holder.TargetPosition.Y = -745
[YgoDuelist] YgoSecondHandLayoutPatch: AFTER holder.Hitbox.Position.Y = -132
[YgoDuelist] YgoSecondHandLayoutPatch: AFTER holder.Position.Y = -745
[YgoDuelist] YgoSecondHandLayoutPatch: AFTER holder.TargetPosition.Y = -745
[YgoDuelist] YgoSecondHandLayoutPatch: AFTER holder.Hitbox.Position.Y = -132
[YgoDuelist] YgoSecondHandLayoutPatch EXIT return false
[YgoDuelist] OnSecondHandCardsChanged ENTER player=27072766 cardsCount=4
[YgoDuelist]   cards[0]=Gaia_Power id=61537402
[YgoDuelist]   cards[1]=Reckless_Greed id=19975066
[YgoDuelist]   cards[2]=Ojama_Trio id=59147571
[YgoDuelist]   cards[3]=Burning_Land id=16965714
[YgoDuelist] RebuildForPlayer START handId=2911551624445 cardsCount=4
[YgoDuelist] TearDownSecondHandRow REMOVING 3 holders
[YgoDuelist] YgoSecondHandLayoutPatch ENTER all=5 main=3 opts=2 FocusedHolderId=0 FocusedIsOpt=False
[YgoDuelist]   opts[0] holderId=98079609002 model=Ojama_Trio
[YgoDuelist]   opts[1] holderId=98348044474 model=Burning_Land
[YgoDuelist] YgoSecondHandLayoutPatch: AFTER holder.Position.Y = -745
[YgoDuelist] YgoSecondHandLayoutPatch: AFTER holder.TargetPosition.Y = -745
[YgoDuelist] YgoSecondHandLayoutPatch: AFTER holder.Hitbox.Position.Y = -132
[YgoDuelist] YgoSecondHandLayoutPatch: AFTER holder.Position.Y = -745
[YgoDuelist] YgoSecondHandLayoutPatch: AFTER holder.TargetPosition.Y = -745
[YgoDuelist] YgoSecondHandLayoutPatch: AFTER holder.Hitbox.Position.Y = -132
[YgoDuelist] YgoSecondHandLayoutPatch EXIT return false
[YgoDuelist] YgoSecondHandLayoutPatch ENTER all=4 main=3 opts=1 FocusedHolderId=0 FocusedIsOpt=False
[YgoDuelist]   opts[0] holderId=98348044474 model=Burning_Land
[YgoDuelist] YgoSecondHandLayoutPatch: AFTER holder.Position.Y = -745
[YgoDuelist] YgoSecondHandLayoutPatch: AFTER holder.TargetPosition.Y = -745
[YgoDuelist] YgoSecondHandLayoutPatch: AFTER holder.Hitbox.Position.Y = -132
[YgoDuelist] YgoSecondHandLayoutPatch EXIT return false
[YgoDuelist] YgoSecondHandLayoutPatch ENTER all=3 main=3 opts=0 FocusedHolderId=0 FocusedIsOpt=False
[YgoDuelist] YgoSecondHandLayoutPatch EXIT return false
[YgoDuelist] RebuildForPlayer ADDING 4 holders
[YgoDuelist]   add[0] CREATE holderId=98213826738 model=Gaia_Power
[YgoDuelist] RegisterOptionHolder ENTER handId=2911551624445 holderId=98213826738 index=-1 handChildCountBefore=7
[YgoDuelist] YgoSecondHandLayoutPatch ENTER all=4 main=3 opts=1 FocusedHolderId=0 FocusedIsOpt=False
[YgoDuelist]   opts[0] holderId=98213826738 model=?
[YgoDuelist] YgoSecondHandLayoutPatch: AFTER holder.Position.Y = -745
[YgoDuelist] YgoSecondHandLayoutPatch: AFTER holder.TargetPosition.Y = -745
[YgoDuelist] YgoSecondHandLayoutPatch: AFTER holder.Hitbox.Position.Y = -132
[YgoDuelist] YgoSecondHandLayoutPatch EXIT return false
[YgoDuelist] RegisterOptionHolder EXIT handId=2911551624445 holderId=98213826738 handChildCountAfter=7 holderIsInsideTree=True
[YgoDuelist]   add[0] after RegisterOptionHolder holderId=98213826738 IsInsideTree=True ChildCount=7
[WARN] [BaseLib] GetRawText: Key 'YGO_RACE_SPELL_FIELD.title' not found in table 'static_hover_tips'
[WARN] [BaseLib] GetRawText: Key 'YGO_RACE_SPELL_FIELD.description' not found in table 'static_hover_tips'
[YgoDuelist]   add[0] after Initialize holderId=98213826738 CardNode=59290682980 CardModel=Gaia_Power
[YgoDuelist]   add[1] CREATE holderId=97945391266 model=Reckless_Greed
[YgoDuelist] RegisterOptionHolder ENTER handId=2911551624445 holderId=97945391266 index=-1 handChildCountBefore=7
[YgoDuelist] YgoSecondHandLayoutPatch ENTER all=5 main=3 opts=2 FocusedHolderId=0 FocusedIsOpt=False
[YgoDuelist]   opts[0] holderId=98213826738 model=Gaia_Power
[YgoDuelist]   opts[1] holderId=97945391266 model=?
[YgoDuelist] YgoSecondHandLayoutPatch: AFTER holder.Position.Y = -745
[YgoDuelist] YgoSecondHandLayoutPatch: AFTER holder.TargetPosition.Y = -745
[YgoDuelist] YgoSecondHandLayoutPatch: AFTER holder.Hitbox.Position.Y = -132
[YgoDuelist] YgoSecondHandLayoutPatch: AFTER holder.Position.Y = -745
[YgoDuelist] YgoSecondHandLayoutPatch: AFTER holder.TargetPosition.Y = -745
[YgoDuelist] YgoSecondHandLayoutPatch: AFTER holder.Hitbox.Position.Y = -132
[YgoDuelist] YgoSecondHandLayoutPatch EXIT return false
[YgoDuelist] RegisterOptionHolder EXIT handId=2911551624445 holderId=97945391266 handChildCountAfter=7 holderIsInsideTree=True
[YgoDuelist]   add[1] after RegisterOptionHolder holderId=97945391266 IsInsideTree=True ChildCount=7
[YgoDuelist]   add[1] after Initialize holderId=97945391266 CardNode=3804535737184 CardModel=Reckless_Greed
[YgoDuelist]   add[2] CREATE holderId=3372287543869 model=Ojama_Trio
[YgoDuelist] RegisterOptionHolder ENTER handId=2911551624445 holderId=3372287543869 index=-1 handChildCountBefore=7
[YgoDuelist] YgoSecondHandLayoutPatch ENTER all=6 main=3 opts=3 FocusedHolderId=0 FocusedIsOpt=False
[YgoDuelist]   opts[0] holderId=98213826738 model=Gaia_Power
[YgoDuelist]   opts[1] holderId=97945391266 model=Reckless_Greed
[YgoDuelist]   opts[2] holderId=3372287543869 model=?
[YgoDuelist] YgoSecondHandLayoutPatch: AFTER holder.Position.Y = -745
[YgoDuelist] YgoSecondHandLayoutPatch: AFTER holder.TargetPosition.Y = -745
[YgoDuelist] YgoSecondHandLayoutPatch: AFTER holder.Hitbox.Position.Y = -132
[YgoDuelist] YgoSecondHandLayoutPatch: AFTER holder.Position.Y = -745
[YgoDuelist] YgoSecondHandLayoutPatch: AFTER holder.TargetPosition.Y = -745
[YgoDuelist] YgoSecondHandLayoutPatch: AFTER holder.Hitbox.Position.Y = -132
[YgoDuelist] YgoSecondHandLayoutPatch: AFTER holder.Position.Y = -745
[YgoDuelist] YgoSecondHandLayoutPatch: AFTER holder.TargetPosition.Y = -745
[YgoDuelist] YgoSecondHandLayoutPatch: AFTER holder.Hitbox.Position.Y = -132
[YgoDuelist] YgoSecondHandLayoutPatch EXIT return false
[YgoDuelist] RegisterOptionHolder EXIT handId=2911551624445 holderId=3372287543869 handChildCountAfter=7 holderIsInsideTree=True
[YgoDuelist]   add[2] after RegisterOptionHolder holderId=3372287543869 IsInsideTree=True ChildCount=7
[YgoDuelist]   add[2] after Initialize holderId=3372287543869 CardNode=3806800657148 CardModel=Ojama_Trio
[YgoDuelist]   add[3] CREATE holderId=98482262210 model=Burning_Land
[YgoDuelist] RegisterOptionHolder ENTER handId=2911551624445 holderId=98482262210 index=-1 handChildCountBefore=7
[YgoDuelist] YgoSecondHandLayoutPatch ENTER all=7 main=3 opts=4 FocusedHolderId=0 FocusedIsOpt=False
[YgoDuelist]   opts[0] holderId=98213826738 model=Gaia_Power
[YgoDuelist]   opts[1] holderId=97945391266 model=Reckless_Greed
[YgoDuelist]   opts[2] holderId=3372287543869 model=Ojama_Trio
[YgoDuelist]   opts[3] holderId=98482262210 model=?
[YgoDuelist] YgoSecondHandLayoutPatch: AFTER holder.Position.Y = -745
[YgoDuelist] YgoSecondHandLayoutPatch: AFTER holder.TargetPosition.Y = -745
[YgoDuelist] YgoSecondHandLayoutPatch: AFTER holder.Hitbox.Position.Y = -132
[YgoDuelist] YgoSecondHandLayoutPatch: AFTER holder.Position.Y = -745
[YgoDuelist] YgoSecondHandLayoutPatch: AFTER holder.TargetPosition.Y = -745
[YgoDuelist] YgoSecondHandLayoutPatch: AFTER holder.Hitbox.Position.Y = -132
[YgoDuelist] YgoSecondHandLayoutPatch: AFTER holder.Position.Y = -745
[YgoDuelist] YgoSecondHandLayoutPatch: AFTER holder.TargetPosition.Y = -745
[YgoDuelist] YgoSecondHandLayoutPatch: AFTER holder.Hitbox.Position.Y = -132
[YgoDuelist] YgoSecondHandLayoutPatch: AFTER holder.Position.Y = -745
[YgoDuelist] YgoSecondHandLayoutPatch: AFTER holder.TargetPosition.Y = -745
[YgoDuelist] YgoSecondHandLayoutPatch: AFTER holder.Hitbox.Position.Y = -132
[YgoDuelist] YgoSecondHandLayoutPatch EXIT return false
[YgoDuelist] RegisterOptionHolder EXIT handId=2911551624445 holderId=98482262210 handChildCountAfter=7 holderIsInsideTree=True
[YgoDuelist]   add[3] after RegisterOptionHolder holderId=98482262210 IsInsideTree=True ChildCount=7
[WARN] [BaseLib] GetRawText: Key 'YGO_RACE_SPELL_CONTINUOUS.title' not found in table 'static_hover_tips'
[WARN] [BaseLib] GetRawText: Key 'YGO_RACE_SPELL_CONTINUOUS.description' not found in table 'static_hover_tips'
[YgoDuelist]   add[3] after Initialize holderId=98482262210 CardNode=3809099140412 CardModel=Burning_Land
[YgoDuelist] RebuildForPlayer END totalHolders=4 handActiveHoldersCount=7
[YgoDuelist] OnSecondHandCardsChanged EXIT RebuildForPlayer done
[VERYDEBUG] [GameAction] Action YgoSetSpellTrapFromHandGameAction owner=76561198136285041 netCard=NetCombatCard 2065 model=YGODUELIST-RECKLESS_GREED ord=0 finished execution
[DEBUG] [ChecksumTracker] Generating checksum for context: after executing action YgoSetSpellTrapFromHandGameAction owner=76561198136285041 netCard=NetCombatCard 2065 model=YGODUELIST-RECKLESS_GREED ord=0 action: YgoSetSpellTrapFromHandGameAction owner=76561198136285041 netCard=NetCombatCard 2065 model=YGODUELIST-RECKLESS_GREED ord=0 id: 43
[YgoDuelist][MP][Checksum][fp] netId=76561198136285041 | pt=1 n=9:YGODUELIST-ARCANE_ARCHER_OF_THE_FOREST0bYgoDieForYouUserToggleOnFalseiPermanentAtkBonusFromExecutes01010000,20019,20043,YGODUELIST-DEFEND_YGO_DUELIST010,YGODUELIST-DEFEND_YGO_DUELIST010,YGODUELIST-OUTSTANDING_DOG_MARRON0bYgoDieForYouUserToggleOnFalseiPermanentAtkBonusFromExecutes01010004,20001,YGODUELIST-ROCKET_JUMPER0bYgoDieForYouUserToggleOnFalseiPermanentAtkBonusFromExecutes01010000,20015,20043,20045,YGODUELIST-SKELENGEL0bYgoDieForYouUserToggleOnFalseiPermanentAtkBonusFromExecutes01010004,20006,20041,YGODUELIST-STRIKE_YGO_DUELIST010,YGODUELIST-STRIKE_YGO_DUELIST010,YGODUELIST-TRAP_OF_BOARD_ERASER01010009,10011 | pt=2 n=3:YGODUELIST-DEFEND_YGO_DUELIST010,YGODUELIST-FIRE_SORCERER0bYgoDieForYouUserToggleOnFalseiPermanentAtkBonusFromExecutes01010002,20017,20041,20043,YGODUELIST-STRIKE_YGO_DUELIST010 | pt=3 n=0: | pt=4 n=0: | pt=5 n=0: | pt=932200512 n=0: | pt=932200513 n=0: | pt=932200514 n=0: | pt=932200515 n=1:YGODUELIST-HOURGLASS_OF_COURAGE0bYgoDieForYouUserToggleOnFalseiPermanentAtkBonusFromExecutes01010004,20006,20043 | pt=932200516 n=2:YGODUELIST-EARTH_EFFIGY0bYgoDieForYouUserToggleOnFalseiPermanentAtkBonusFromExecutes01010000,20015,20043,YGODUELIST-TOTAL_DEFENSE_SHOGUN0bYgoDieForYouUserToggleOnFalseiPermanentAtkBonusFromExecutes01010005,20019,20034,20043 | pt=932200517 n=4:YGODUELIST-BURNING_LAND01010009,20024,YGODUELIST-GAIA_POWER01010009,20027,YGODUELIST-OJAMA_TRIO01010009,10011,YGODUELIST-RECKLESS_GREED01010009,10011 | pt=932200518 n=0:
[YgoDuelist][MP][Checksum][fp] netId=76561198345121322 | pt=1 n=1:YGODUELIST-DEFEND_YGO_DUELIST010 | pt=2 n=5:YGODUELIST-DEFEND_YGO_DUELIST010,YGODUELIST-FIRE_PRINCESS0bYgoDieForYouUserToggleOnFalseiPermanentAtkBonusFromExecutes01010002,20013,20043,YGODUELIST-KURAMA0bYgoDieForYouUserToggleOnFalseiPermanentAtkBonusFromExecutes01010003,20020,20043,YGODUELIST-STRIKE_YGO_DUELIST010,YGODUELIST-ZABORG_THE_THUNDER_MONARCH0bYgoDieForYouUserToggleOnFalseiPermanentAtkBonusFromExecutes01010004,20018,20034,20043 | pt=3 n=4:GREED0104,7,YGODUELIST-DEFEND_YGO_DUELIST010,YGODUELIST-STRIKE_YGO_DUELIST010,YGODUELIST-STRIKE_YGO_DUELIST010 | pt=4 n=0: | pt=5 n=0: | pt=932200512 n=0: | pt=932200513 n=1:YGODUELIST-THE_LAST_WARRIOR_FROM_ANOTHER_PLANET0bYgoDieForYouUserToggleOnFalseiPermanentAtkBonusFromExecutes0iSummonAbsorbPrintedDefBonus01010000,20019,20036,20043 | pt=932200514 n=0: | pt=932200515 n=0: | pt=932200516 n=2:YGODUELIST-QUEEN_S_DOUBLE0bYgoDieForYouUserToggleOnFalseiPermanentAtkBonusFromExecutes01010000,20019,20045,YGODUELIST-VERSAGO_THE_DESTROYER0bYgoDieForYouUserToggleOnFalseiPermanentAtkBonusFromExecutes01010005,20007,20043 | pt=932200517 n=2:YGODUELIST-RAIGEKI_BREAK01010009,10011,20045,YGODUELIST-YELLOW_LUSTER_SHIELD01010009,20024 | pt=932200518 n=0:
[DEBUG] [ActionExecutor] Completed execution of action YgoSetSpellTrapFromHandGameAction owner=76561198136285041 netCard=NetCombatCard 2065 model=YGODUELIST-RECKLESS_GREED ord=0, attempting to find new action
[VERYDEBUG] [ActionQueueSet] Attempting to find ready action
[VERYDEBUG] [ActionQueueSet] Queue for player 76561198345121322 is empty
[VERYDEBUG] [ActionQueueSet] Queue for player 76561198136285041 is empty
[VERYDEBUG] [ActionQueueSet] No action is ready
[YgoDuelist] OnSecondHandCardsChanged ENTER player=27072766 cardsCount=4
[YgoDuelist]   cards[0]=Gaia_Power id=61537402
[YgoDuelist]   cards[1]=Reckless_Greed id=19975066
[YgoDuelist]   cards[2]=Ojama_Trio id=59147571
[YgoDuelist]   cards[3]=Burning_Land id=16965714
[YgoDuelist] RebuildForPlayer START handId=2911551624445 cardsCount=4
[YgoDuelist] TearDownSecondHandRow REMOVING 4 holders
[YgoDuelist] YgoSecondHandLayoutPatch ENTER all=6 main=3 opts=3 FocusedHolderId=0 FocusedIsOpt=False
[YgoDuelist]   opts[0] holderId=97945391266 model=Reckless_Greed
[YgoDuelist]   opts[1] holderId=3372287543869 model=Ojama_Trio
[YgoDuelist]   opts[2] holderId=98482262210 model=Burning_Land
[YgoDuelist] YgoSecondHandLayoutPatch: AFTER holder.Position.Y = -745
[YgoDuelist] YgoSecondHandLayoutPatch: AFTER holder.TargetPosition.Y = -745
[YgoDuelist] YgoSecondHandLayoutPatch: AFTER holder.Hitbox.Position.Y = -132
[YgoDuelist] YgoSecondHandLayoutPatch: AFTER holder.Position.Y = -745
[YgoDuelist] YgoSecondHandLayoutPatch: AFTER holder.TargetPosition.Y = -745
[YgoDuelist] YgoSecondHandLayoutPatch: AFTER holder.Hitbox.Position.Y = -132
[YgoDuelist] YgoSecondHandLayoutPatch: AFTER holder.Position.Y = -745
[YgoDuelist] YgoSecondHandLayoutPatch: AFTER holder.TargetPosition.Y = -745
[YgoDuelist] YgoSecondHandLayoutPatch: AFTER holder.Hitbox.Position.Y = -132
[YgoDuelist] YgoSecondHandLayoutPatch EXIT return false
[YgoDuelist] YgoSecondHandLayoutPatch ENTER all=5 main=3 opts=2 FocusedHolderId=0 FocusedIsOpt=False
[YgoDuelist]   opts[0] holderId=3372287543869 model=Ojama_Trio
[YgoDuelist]   opts[1] holderId=98482262210 model=Burning_Land
[YgoDuelist] YgoSecondHandLayoutPatch: AFTER holder.Position.Y = -745
[YgoDuelist] YgoSecondHandLayoutPatch: AFTER holder.TargetPosition.Y = -745
[YgoDuelist] YgoSecondHandLayoutPatch: AFTER holder.Hitbox.Position.Y = -132
[YgoDuelist] YgoSecondHandLayoutPatch: AFTER holder.Position.Y = -745
[YgoDuelist] YgoSecondHandLayoutPatch: AFTER holder.TargetPosition.Y = -745
[YgoDuelist] YgoSecondHandLayoutPatch: AFTER holder.Hitbox.Position.Y = -132
[YgoDuelist] YgoSecondHandLayoutPatch EXIT return false
[YgoDuelist] YgoSecondHandLayoutPatch ENTER all=4 main=3 opts=1 FocusedHolderId=0 FocusedIsOpt=False
[YgoDuelist]   opts[0] holderId=98482262210 model=Burning_Land
[YgoDuelist] YgoSecondHandLayoutPatch: AFTER holder.Position.Y = -745
[YgoDuelist] YgoSecondHandLayoutPatch: AFTER holder.TargetPosition.Y = -745
[YgoDuelist] YgoSecondHandLayoutPatch: AFTER holder.Hitbox.Position.Y = -132
[YgoDuelist] YgoSecondHandLayoutPatch EXIT return false
[YgoDuelist] YgoSecondHandLayoutPatch ENTER all=3 main=3 opts=0 FocusedHolderId=0 FocusedIsOpt=False
[YgoDuelist] YgoSecondHandLayoutPatch EXIT return false
[YgoDuelist] RebuildForPlayer ADDING 4 holders
[YgoDuelist]   add[0] CREATE holderId=98348044474 model=Gaia_Power
[YgoDuelist] RegisterOptionHolder ENTER handId=2911551624445 holderId=98348044474 index=-1 handChildCountBefore=7
[YgoDuelist] YgoSecondHandLayoutPatch ENTER all=4 main=3 opts=1 FocusedHolderId=0 FocusedIsOpt=False
[YgoDuelist]   opts[0] holderId=98348044474 model=?
[YgoDuelist] YgoSecondHandLayoutPatch: AFTER holder.Position.Y = -745
[YgoDuelist] YgoSecondHandLayoutPatch: AFTER holder.TargetPosition.Y = -745
[YgoDuelist] YgoSecondHandLayoutPatch: AFTER holder.Hitbox.Position.Y = -132
[YgoDuelist] YgoSecondHandLayoutPatch EXIT return false
[YgoDuelist] RegisterOptionHolder EXIT handId=2911551624445 holderId=98348044474 handChildCountAfter=7 holderIsInsideTree=True
[YgoDuelist]   add[0] after RegisterOptionHolder holderId=98348044474 IsInsideTree=True ChildCount=7
[WARN] [BaseLib] GetRawText: Key 'YGO_RACE_SPELL_FIELD.title' not found in table 'static_hover_tips'
[WARN] [BaseLib] GetRawText: Key 'YGO_RACE_SPELL_FIELD.description' not found in table 'static_hover_tips'
[YgoDuelist]   add[0] after Initialize holderId=98348044474 CardNode=3816598556185 CardModel=Gaia_Power
[YgoDuelist]   add[1] CREATE holderId=98079609002 model=Reckless_Greed
[YgoDuelist] RegisterOptionHolder ENTER handId=2911551624445 holderId=98079609002 index=-1 handChildCountBefore=7
[YgoDuelist] YgoSecondHandLayoutPatch ENTER all=5 main=3 opts=2 FocusedHolderId=0 FocusedIsOpt=False
[YgoDuelist]   opts[0] holderId=98348044474 model=Gaia_Power
[YgoDuelist]   opts[1] holderId=98079609002 model=?
[YgoDuelist] YgoSecondHandLayoutPatch: AFTER holder.Position.Y = -745
[YgoDuelist] YgoSecondHandLayoutPatch: AFTER holder.TargetPosition.Y = -745
[YgoDuelist] YgoSecondHandLayoutPatch: AFTER holder.Hitbox.Position.Y = -132
[YgoDuelist] YgoSecondHandLayoutPatch: AFTER holder.Position.Y = -745
[YgoDuelist] YgoSecondHandLayoutPatch: AFTER holder.TargetPosition.Y = -745
[YgoDuelist] YgoSecondHandLayoutPatch: AFTER holder.Hitbox.Position.Y = -132
[YgoDuelist] YgoSecondHandLayoutPatch EXIT return false
[YgoDuelist] RegisterOptionHolder EXIT handId=2911551624445 holderId=98079609002 handChildCountAfter=7 holderIsInsideTree=True
[YgoDuelist]   add[1] after RegisterOptionHolder holderId=98079609002 IsInsideTree=True ChildCount=7
[YgoDuelist]   add[1] after Initialize holderId=98079609002 CardNode=3818595044967 CardModel=Reckless_Greed
[YgoDuelist]   add[2] CREATE holderId=97593069709 model=Ojama_Trio
[YgoDuelist] RegisterOptionHolder ENTER handId=2911551624445 holderId=97593069709 index=-1 handChildCountBefore=7
[YgoDuelist] YgoSecondHandLayoutPatch ENTER all=6 main=3 opts=3 FocusedHolderId=0 FocusedIsOpt=False
[YgoDuelist]   opts[0] holderId=98348044474 model=Gaia_Power
[YgoDuelist]   opts[1] holderId=98079609002 model=Reckless_Greed
[YgoDuelist]   opts[2] holderId=97593069709 model=?
[YgoDuelist] YgoSecondHandLayoutPatch: AFTER holder.Position.Y = -745
[YgoDuelist] YgoSecondHandLayoutPatch: AFTER holder.TargetPosition.Y = -745
[YgoDuelist] YgoSecondHandLayoutPatch: AFTER holder.Hitbox.Position.Y = -132
[YgoDuelist] YgoSecondHandLayoutPatch: AFTER holder.Position.Y = -745
[YgoDuelist] YgoSecondHandLayoutPatch: AFTER holder.TargetPosition.Y = -745
[YgoDuelist] YgoSecondHandLayoutPatch: AFTER holder.Hitbox.Position.Y = -132
[YgoDuelist] YgoSecondHandLayoutPatch: AFTER holder.Position.Y = -745
[YgoDuelist] YgoSecondHandLayoutPatch: AFTER holder.TargetPosition.Y = -745
[YgoDuelist] YgoSecondHandLayoutPatch: AFTER holder.Hitbox.Position.Y = -132
[YgoDuelist] YgoSecondHandLayoutPatch EXIT return false
[YgoDuelist] RegisterOptionHolder EXIT handId=2911551624445 holderId=97593069709 handChildCountAfter=7 holderIsInsideTree=True
[YgoDuelist]   add[2] after RegisterOptionHolder holderId=97593069709 IsInsideTree=True ChildCount=7
[YgoDuelist]   add[2] after Initialize holderId=97593069709 CardNode=3820859969205 CardModel=Ojama_Trio
[YgoDuelist]   add[3] CREATE holderId=3822772571904 model=Burning_Land
[YgoDuelist] RegisterOptionHolder ENTER handId=2911551624445 holderId=3822772571904 index=-1 handChildCountBefore=7
[YgoDuelist] YgoSecondHandLayoutPatch ENTER all=7 main=3 opts=4 FocusedHolderId=0 FocusedIsOpt=False
[YgoDuelist]   opts[0] holderId=98348044474 model=Gaia_Power
[YgoDuelist]   opts[1] holderId=98079609002 model=Reckless_Greed
[YgoDuelist]   opts[2] holderId=97593069709 model=Ojama_Trio
[YgoDuelist]   opts[3] holderId=3822772571904 model=?
[YgoDuelist] YgoSecondHandLayoutPatch: AFTER holder.Position.Y = -745
[YgoDuelist] YgoSecondHandLayoutPatch: AFTER holder.TargetPosition.Y = -745
[YgoDuelist] YgoSecondHandLayoutPatch: AFTER holder.Hitbox.Position.Y = -132
[YgoDuelist] YgoSecondHandLayoutPatch: AFTER holder.Position.Y = -745
[YgoDuelist] YgoSecondHandLayoutPatch: AFTER holder.TargetPosition.Y = -745
[YgoDuelist] YgoSecondHandLayoutPatch: AFTER holder.Hitbox.Position.Y = -132
[YgoDuelist] YgoSecondHandLayoutPatch: AFTER holder.Position.Y = -745
[YgoDuelist] YgoSecondHandLayoutPatch: AFTER holder.TargetPosition.Y = -745
[YgoDuelist] YgoSecondHandLayoutPatch: AFTER holder.Hitbox.Position.Y = -132
[YgoDuelist] YgoSecondHandLayoutPatch: AFTER holder.Position.Y = -313.37747
[YgoDuelist] YgoSecondHandLayoutPatch: AFTER holder.TargetPosition.Y = -745
[YgoDuelist] YgoSecondHandLayoutPatch: AFTER holder.Hitbox.Position.Y = -132
[YgoDuelist] YgoSecondHandLayoutPatch EXIT return false
[YgoDuelist] RegisterOptionHolder EXIT handId=2911551624445 holderId=3822772571904 handChildCountAfter=7 holderIsInsideTree=True
[YgoDuelist]   add[3] after RegisterOptionHolder holderId=3822772571904 IsInsideTree=True ChildCount=7
[WARN] [BaseLib] GetRawText: Key 'YGO_RACE_SPELL_CONTINUOUS.title' not found in table 'static_hover_tips'
[WARN] [BaseLib] GetRawText: Key 'YGO_RACE_SPELL_CONTINUOUS.description' not found in table 'static_hover_tips'
[YgoDuelist]   add[3] after Initialize holderId=3822772571904 CardNode=3823292665609 CardModel=Burning_Land
[YgoDuelist] RebuildForPlayer END totalHolders=4 handActiveHoldersCount=7
[YgoDuelist] OnSecondHandCardsChanged EXIT RebuildForPlayer done
[YgoDuelist] Hover start on duel pet: DuelMonsterModel
[YgoDuelist] Hover end on duel pet: DuelMonsterModel
[YgoDuelist] YgoSecondHandLayoutPatch ENTER all=7 main=3 opts=4 FocusedHolderId=3616295370135 FocusedIsOpt=False
[YgoDuelist]   opts[0] holderId=98348044474 model=Gaia_Power
[YgoDuelist]   opts[1] holderId=98079609002 model=Reckless_Greed
[YgoDuelist]   opts[2] holderId=97593069709 model=Ojama_Trio
[YgoDuelist]   opts[3] holderId=3822772571904 model=Burning_Land
[YgoDuelist] YgoSecondHandLayoutPatch: AFTER holder.Position.Y = -745
[YgoDuelist] YgoSecondHandLayoutPatch: AFTER holder.TargetPosition.Y = -745
[YgoDuelist] YgoSecondHandLayoutPatch: AFTER holder.Hitbox.Position.Y = -132
[YgoDuelist] YgoSecondHandLayoutPatch: AFTER holder.Position.Y = -745
[YgoDuelist] YgoSecondHandLayoutPatch: AFTER holder.TargetPosition.Y = -745
[YgoDuelist] YgoSecondHandLayoutPatch: AFTER holder.Hitbox.Position.Y = -132
[YgoDuelist] YgoSecondHandLayoutPatch: AFTER holder.Position.Y = -745
[YgoDuelist] YgoSecondHandLayoutPatch: AFTER holder.TargetPosition.Y = -745
[YgoDuelist] YgoSecondHandLayoutPatch: AFTER holder.Hitbox.Position.Y = -132
[YgoDuelist] YgoSecondHandLayoutPatch: AFTER holder.Position.Y = -739.3155
[YgoDuelist] YgoSecondHandLayoutPatch: AFTER holder.TargetPosition.Y = -745
[YgoDuelist] YgoSecondHandLayoutPatch: AFTER holder.Hitbox.Position.Y = -132
[YgoDuelist] YgoSecondHandLayoutPatch EXIT return false
[YgoDuelist] YgoSecondHandLayoutPatch ENTER all=7 main=3 opts=4 FocusedHolderId=0 FocusedIsOpt=False
[YgoDuelist]   opts[0] holderId=98348044474 model=Gaia_Power
[YgoDuelist]   opts[1] holderId=98079609002 model=Reckless_Greed
[YgoDuelist]   opts[2] holderId=97593069709 model=Ojama_Trio
[YgoDuelist]   opts[3] holderId=3822772571904 model=Burning_Land
[YgoDuelist] YgoSecondHandLayoutPatch: AFTER holder.Position.Y = -745
[YgoDuelist] YgoSecondHandLayoutPatch: AFTER holder.TargetPosition.Y = -745
[YgoDuelist] YgoSecondHandLayoutPatch: AFTER holder.Hitbox.Position.Y = -132
[YgoDuelist] YgoSecondHandLayoutPatch: AFTER holder.Position.Y = -745
[YgoDuelist] YgoSecondHandLayoutPatch: AFTER holder.TargetPosition.Y = -745
[YgoDuelist] YgoSecondHandLayoutPatch: AFTER holder.Hitbox.Position.Y = -132
[YgoDuelist] YgoSecondHandLayoutPatch: AFTER holder.Position.Y = -745
[YgoDuelist] YgoSecondHandLayoutPatch: AFTER holder.TargetPosition.Y = -745
[YgoDuelist] YgoSecondHandLayoutPatch: AFTER holder.Hitbox.Position.Y = -132
[YgoDuelist] YgoSecondHandLayoutPatch: AFTER holder.Position.Y = -742.9161
[YgoDuelist] YgoSecondHandLayoutPatch: AFTER holder.TargetPosition.Y = -745
[YgoDuelist] YgoSecondHandLayoutPatch: AFTER holder.Hitbox.Position.Y = -132
[YgoDuelist] YgoSecondHandLayoutPatch EXIT return false
[YgoDuelist] YgoSecondHandLayoutPatch ENTER all=7 main=3 opts=4 FocusedHolderId=3612134620203 FocusedIsOpt=False
[YgoDuelist]   opts[0] holderId=98348044474 model=Gaia_Power
[YgoDuelist]   opts[1] holderId=98079609002 model=Reckless_Greed
[YgoDuelist]   opts[2] holderId=97593069709 model=Ojama_Trio
[YgoDuelist]   opts[3] holderId=3822772571904 model=Burning_Land
[YgoDuelist] YgoSecondHandLayoutPatch: AFTER holder.Position.Y = -745
[YgoDuelist] YgoSecondHandLayoutPatch: AFTER holder.TargetPosition.Y = -745
[YgoDuelist] YgoSecondHandLayoutPatch: AFTER holder.Hitbox.Position.Y = -132
[YgoDuelist] YgoSecondHandLayoutPatch: AFTER holder.Position.Y = -745
[YgoDuelist] YgoSecondHandLayoutPatch: AFTER holder.TargetPosition.Y = -745
[YgoDuelist] YgoSecondHandLayoutPatch: AFTER holder.Hitbox.Position.Y = -132
[YgoDuelist] YgoSecondHandLayoutPatch: AFTER holder.Position.Y = -745
[YgoDuelist] YgoSecondHandLayoutPatch: AFTER holder.TargetPosition.Y = -745
[YgoDuelist] YgoSecondHandLayoutPatch: AFTER holder.Hitbox.Position.Y = -132
[YgoDuelist] YgoSecondHandLayoutPatch: AFTER holder.Position.Y = -743.37396
[YgoDuelist] YgoSecondHandLayoutPatch: AFTER holder.TargetPosition.Y = -745
[YgoDuelist] YgoSecondHandLayoutPatch: AFTER holder.Hitbox.Position.Y = -132
[YgoDuelist] YgoSecondHandLayoutPatch EXIT return false
[WARN] [BaseLib] GetRawText: Key 'YGODUELIST-FIRE_SORCERER.flip_effect.description' not found in table 'cards'
[YgoDuelist] Right mouse button pressed.
[YgoDuelist] Right-click: no currently hovered duel pet.
[WARN] [BaseLib] GetRawText: Key 'YGO_ATTRIBUTE_FIRE.title' not found in table 'static_hover_tips'
[WARN] [BaseLib] GetRawText: Key 'YGO_ATTRIBUTE_FIRE.description' not found in table 'static_hover_tips'
[WARN] [BaseLib] GetRawText: Key 'YGO_RACE_SPELLCASTER.title' not found in table 'static_hover_tips'
[WARN] [BaseLib] GetRawText: Key 'YGO_RACE_SPELLCASTER.description' not found in table 'static_hover_tips'
[WARN] [BaseLib] GetRawText: Key 'YGO_ATTRIBUTE_FIRE.title' not found in table 'static_hover_tips'
[WARN] [BaseLib] GetRawText: Key 'YGO_ATTRIBUTE_FIRE.description' not found in table 'static_hover_tips'
[WARN] [BaseLib] GetRawText: Key 'YGO_RACE_SPELLCASTER.title' not found in table 'static_hover_tips'
[WARN] [BaseLib] GetRawText: Key 'YGO_RACE_SPELLCASTER.description' not found in table 'static_hover_tips'
[YgoDuelist] YgoSecondHandLayoutPatch ENTER all=7 main=3 opts=4 FocusedHolderId=3612134620203 FocusedIsOpt=False
[YgoDuelist]   opts[0] holderId=98348044474 model=Gaia_Power
[YgoDuelist]   opts[1] holderId=98079609002 model=Reckless_Greed
[YgoDuelist]   opts[2] holderId=97593069709 model=Ojama_Trio
[YgoDuelist]   opts[3] holderId=3822772571904 model=Burning_Land
[YgoDuelist] YgoSecondHandLayoutPatch: AFTER holder.Position.Y = -745
[YgoDuelist] YgoSecondHandLayoutPatch: AFTER holder.TargetPosition.Y = -745
[YgoDuelist] YgoSecondHandLayoutPatch: AFTER holder.Hitbox.Position.Y = -132
[YgoDuelist] YgoSecondHandLayoutPatch: AFTER holder.Position.Y = -745
[YgoDuelist] YgoSecondHandLayoutPatch: AFTER holder.TargetPosition.Y = -745
[YgoDuelist] YgoSecondHandLayoutPatch: AFTER holder.Hitbox.Position.Y = -132
[YgoDuelist] YgoSecondHandLayoutPatch: AFTER holder.Position.Y = -745
[YgoDuelist] YgoSecondHandLayoutPatch: AFTER holder.TargetPosition.Y = -745
[YgoDuelist] YgoSecondHandLayoutPatch: AFTER holder.Hitbox.Position.Y = -132
[YgoDuelist] YgoSecondHandLayoutPatch: AFTER holder.Position.Y = -745
[YgoDuelist] YgoSecondHandLayoutPatch: AFTER holder.TargetPosition.Y = -745
[YgoDuelist] YgoSecondHandLayoutPatch: AFTER holder.Hitbox.Position.Y = -132
[YgoDuelist] YgoSecondHandLayoutPatch EXIT return false
[YgoDuelist] YgoSecondHandLayoutPatch ENTER all=7 main=3 opts=4 FocusedHolderId=0 FocusedIsOpt=False
[YgoDuelist]   opts[0] holderId=98348044474 model=Gaia_Power
[YgoDuelist]   opts[1] holderId=98079609002 model=Reckless_Greed
[YgoDuelist]   opts[2] holderId=97593069709 model=Ojama_Trio
[YgoDuelist]   opts[3] holderId=3822772571904 model=Burning_Land
[YgoDuelist] YgoSecondHandLayoutPatch: AFTER holder.Position.Y = -745
[YgoDuelist] YgoSecondHandLayoutPatch: AFTER holder.TargetPosition.Y = -745
[YgoDuelist] YgoSecondHandLayoutPatch: AFTER holder.Hitbox.Position.Y = -132
[YgoDuelist] YgoSecondHandLayoutPatch: AFTER holder.Position.Y = -745
[YgoDuelist] YgoSecondHandLayoutPatch: AFTER holder.TargetPosition.Y = -745
[YgoDuelist] YgoSecondHandLayoutPatch: AFTER holder.Hitbox.Position.Y = -132
[YgoDuelist] YgoSecondHandLayoutPatch: AFTER holder.Position.Y = -745
[YgoDuelist] YgoSecondHandLayoutPatch: AFTER holder.TargetPosition.Y = -745
[YgoDuelist] YgoSecondHandLayoutPatch: AFTER holder.Hitbox.Position.Y = -132
[YgoDuelist] YgoSecondHandLayoutPatch: AFTER holder.Position.Y = -745
[YgoDuelist] YgoSecondHandLayoutPatch: AFTER holder.TargetPosition.Y = -745
[YgoDuelist] YgoSecondHandLayoutPatch: AFTER holder.Hitbox.Position.Y = -132
[YgoDuelist] YgoSecondHandLayoutPatch EXIT return false
[YgoDuelist] YgoSecondHandLayoutPatch ENTER all=7 main=3 opts=4 FocusedHolderId=3612134620203 FocusedIsOpt=False
[YgoDuelist]   opts[0] holderId=98348044474 model=Gaia_Power
[YgoDuelist]   opts[1] holderId=98079609002 model=Reckless_Greed
[YgoDuelist]   opts[2] holderId=97593069709 model=Ojama_Trio
[YgoDuelist]   opts[3] holderId=3822772571904 model=Burning_Land
[YgoDuelist] YgoSecondHandLayoutPatch: AFTER holder.Position.Y = -745
[YgoDuelist] YgoSecondHandLayoutPatch: AFTER holder.TargetPosition.Y = -745
[YgoDuelist] YgoSecondHandLayoutPatch: AFTER holder.Hitbox.Position.Y = -132
[YgoDuelist] YgoSecondHandLayoutPatch: AFTER holder.Position.Y = -745
[YgoDuelist] YgoSecondHandLayoutPatch: AFTER holder.TargetPosition.Y = -745
[YgoDuelist] YgoSecondHandLayoutPatch: AFTER holder.Hitbox.Position.Y = -132
[YgoDuelist] YgoSecondHandLayoutPatch: AFTER holder.Position.Y = -745
[YgoDuelist] YgoSecondHandLayoutPatch: AFTER holder.TargetPosition.Y = -745
[YgoDuelist] YgoSecondHandLayoutPatch: AFTER holder.Hitbox.Position.Y = -132
[YgoDuelist] YgoSecondHandLayoutPatch: AFTER holder.Position.Y = -745
[YgoDuelist] YgoSecondHandLayoutPatch: AFTER holder.TargetPosition.Y = -745
[YgoDuelist] YgoSecondHandLayoutPatch: AFTER holder.Hitbox.Position.Y = -132
[YgoDuelist] YgoSecondHandLayoutPatch EXIT return false
[WARN] [BaseLib] GetRawText: Key 'YGODUELIST-FIRE_SORCERER.flip_effect.description' not found in table 'cards'
[YgoDuelist] YgoSecondHandLayoutPatch ENTER all=7 main=3 opts=4 FocusedHolderId=0 FocusedIsOpt=False
[YgoDuelist]   opts[0] holderId=98348044474 model=Gaia_Power
[YgoDuelist]   opts[1] holderId=98079609002 model=Reckless_Greed
[YgoDuelist]   opts[2] holderId=97593069709 model=Ojama_Trio
[YgoDuelist]   opts[3] holderId=3822772571904 model=Burning_Land
[YgoDuelist] YgoSecondHandLayoutPatch: AFTER holder.Position.Y = -745
[YgoDuelist] YgoSecondHandLayoutPatch: AFTER holder.TargetPosition.Y = -745
[YgoDuelist] YgoSecondHandLayoutPatch: AFTER holder.Hitbox.Position.Y = -132
[YgoDuelist] YgoSecondHandLayoutPatch: AFTER holder.Position.Y = -745
[YgoDuelist] YgoSecondHandLayoutPatch: AFTER holder.TargetPosition.Y = -745
[YgoDuelist] YgoSecondHandLayoutPatch: AFTER holder.Hitbox.Position.Y = -132
[YgoDuelist] YgoSecondHandLayoutPatch: AFTER holder.Position.Y = -745
[YgoDuelist] YgoSecondHandLayoutPatch: AFTER holder.TargetPosition.Y = -745
[YgoDuelist] YgoSecondHandLayoutPatch: AFTER holder.Hitbox.Position.Y = -132
[YgoDuelist] YgoSecondHandLayoutPatch: AFTER holder.Position.Y = -745
[YgoDuelist] YgoSecondHandLayoutPatch: AFTER holder.TargetPosition.Y = -745
[YgoDuelist] YgoSecondHandLayoutPatch: AFTER holder.Hitbox.Position.Y = -132
[YgoDuelist] YgoSecondHandLayoutPatch EXIT return false
[YgoDuelist] Hover start on duel pet: DuelMonsterModel
[YgoDuelist] Hover end on duel pet: DuelMonsterModel
[YgoDuelist] Hover start on duel pet: DuelMonsterModel
[YgoDuelist] Hover end on duel pet: DuelMonsterModel
[YgoDuelist] YgoSecondHandLayoutPatch ENTER all=7 main=3 opts=4 FocusedHolderId=3612134620203 FocusedIsOpt=False
[YgoDuelist]   opts[0] holderId=98348044474 model=Gaia_Power
[YgoDuelist]   opts[1] holderId=98079609002 model=Reckless_Greed
[YgoDuelist]   opts[2] holderId=97593069709 model=Ojama_Trio
[YgoDuelist]   opts[3] holderId=3822772571904 model=Burning_Land
[YgoDuelist] YgoSecondHandLayoutPatch: AFTER holder.Position.Y = -745
[YgoDuelist] YgoSecondHandLayoutPatch: AFTER holder.TargetPosition.Y = -745
[YgoDuelist] YgoSecondHandLayoutPatch: AFTER holder.Hitbox.Position.Y = -132
[YgoDuelist] YgoSecondHandLayoutPatch: AFTER holder.Position.Y = -745
[YgoDuelist] YgoSecondHandLayoutPatch: AFTER holder.TargetPosition.Y = -745
[YgoDuelist] YgoSecondHandLayoutPatch: AFTER holder.Hitbox.Position.Y = -132
[YgoDuelist] YgoSecondHandLayoutPatch: AFTER holder.Position.Y = -745
[YgoDuelist] YgoSecondHandLayoutPatch: AFTER holder.TargetPosition.Y = -745
[YgoDuelist] YgoSecondHandLayoutPatch: AFTER holder.Hitbox.Position.Y = -132
[YgoDuelist] YgoSecondHandLayoutPatch: AFTER holder.Position.Y = -745
[YgoDuelist] YgoSecondHandLayoutPatch: AFTER holder.TargetPosition.Y = -745
[YgoDuelist] YgoSecondHandLayoutPatch: AFTER holder.Hitbox.Position.Y = -132
[YgoDuelist] YgoSecondHandLayoutPatch EXIT return false
[WARN] [BaseLib] GetRawText: Key 'YGODUELIST-FIRE_SORCERER.flip_effect.description' not found in table 'cards'
[YgoDuelist] YgoSecondHandLayoutPatch ENTER all=7 main=3 opts=4 FocusedHolderId=0 FocusedIsOpt=False
[YgoDuelist]   opts[0] holderId=98348044474 model=Gaia_Power
[YgoDuelist]   opts[1] holderId=98079609002 model=Reckless_Greed
[YgoDuelist]   opts[2] holderId=97593069709 model=Ojama_Trio
[YgoDuelist]   opts[3] holderId=3822772571904 model=Burning_Land
[YgoDuelist] YgoSecondHandLayoutPatch: AFTER holder.Position.Y = -745
[YgoDuelist] YgoSecondHandLayoutPatch: AFTER holder.TargetPosition.Y = -745
[YgoDuelist] YgoSecondHandLayoutPatch: AFTER holder.Hitbox.Position.Y = -132
[YgoDuelist] YgoSecondHandLayoutPatch: AFTER holder.Position.Y = -745
[YgoDuelist] YgoSecondHandLayoutPatch: AFTER holder.TargetPosition.Y = -745
[YgoDuelist] YgoSecondHandLayoutPatch: AFTER holder.Hitbox.Position.Y = -132
[YgoDuelist] YgoSecondHandLayoutPatch: AFTER holder.Position.Y = -745
[YgoDuelist] YgoSecondHandLayoutPatch: AFTER holder.TargetPosition.Y = -745
[YgoDuelist] YgoSecondHandLayoutPatch: AFTER holder.Hitbox.Position.Y = -132
[YgoDuelist] YgoSecondHandLayoutPatch: AFTER holder.Position.Y = -745
[YgoDuelist] YgoSecondHandLayoutPatch: AFTER holder.TargetPosition.Y = -745
[YgoDuelist] YgoSecondHandLayoutPatch: AFTER holder.Hitbox.Position.Y = -132
[YgoDuelist] YgoSecondHandLayoutPatch EXIT return false
[YgoDuelist] Hover start on duel pet: DuelMonsterModel
[YgoDuelist] Hover end on duel pet: DuelMonsterModel
[YgoDuelist] Hover start on duel pet: DuelMonsterModel
[YgoDuelist] Hover end on duel pet: DuelMonsterModel
[YgoDuelist] YgoSecondHandLayoutPatch ENTER all=7 main=3 opts=4 FocusedHolderId=3612134620203 FocusedIsOpt=False
[YgoDuelist]   opts[0] holderId=98348044474 model=Gaia_Power
[YgoDuelist]   opts[1] holderId=98079609002 model=Reckless_Greed
[YgoDuelist]   opts[2] holderId=97593069709 model=Ojama_Trio
[YgoDuelist]   opts[3] holderId=3822772571904 model=Burning_Land
[YgoDuelist] YgoSecondHandLayoutPatch: AFTER holder.Position.Y = -745
[YgoDuelist] YgoSecondHandLayoutPatch: AFTER holder.TargetPosition.Y = -745
[YgoDuelist] YgoSecondHandLayoutPatch: AFTER holder.Hitbox.Position.Y = -132
[YgoDuelist] YgoSecondHandLayoutPatch: AFTER holder.Position.Y = -745
[YgoDuelist] YgoSecondHandLayoutPatch: AFTER holder.TargetPosition.Y = -745
[YgoDuelist] YgoSecondHandLayoutPatch: AFTER holder.Hitbox.Position.Y = -132
[YgoDuelist] YgoSecondHandLayoutPatch: AFTER holder.Position.Y = -745
[YgoDuelist] YgoSecondHandLayoutPatch: AFTER holder.TargetPosition.Y = -745
[YgoDuelist] YgoSecondHandLayoutPatch: AFTER holder.Hitbox.Position.Y = -132
[YgoDuelist] YgoSecondHandLayoutPatch: AFTER holder.Position.Y = -745
[YgoDuelist] YgoSecondHandLayoutPatch: AFTER holder.TargetPosition.Y = -745
[YgoDuelist] YgoSecondHandLayoutPatch: AFTER holder.Hitbox.Position.Y = -132
[YgoDuelist] YgoSecondHandLayoutPatch EXIT return false
[WARN] [BaseLib] GetRawText: Key 'YGODUELIST-FIRE_SORCERER.flip_effect.description' not found in table 'cards'
[YgoDuelist] YgoSecondHandLayoutPatch ENTER all=7 main=3 opts=4 FocusedHolderId=0 FocusedIsOpt=False
[YgoDuelist]   opts[0] holderId=98348044474 model=Gaia_Power
[YgoDuelist]   opts[1] holderId=98079609002 model=Reckless_Greed
[YgoDuelist]   opts[2] holderId=97593069709 model=Ojama_Trio
[YgoDuelist]   opts[3] holderId=3822772571904 model=Burning_Land
[YgoDuelist] YgoSecondHandLayoutPatch: AFTER holder.Position.Y = -745
[YgoDuelist] YgoSecondHandLayoutPatch: AFTER holder.TargetPosition.Y = -745
[YgoDuelist] YgoSecondHandLayoutPatch: AFTER holder.Hitbox.Position.Y = -132
[YgoDuelist] YgoSecondHandLayoutPatch: AFTER holder.Position.Y = -745
[YgoDuelist] YgoSecondHandLayoutPatch: AFTER holder.TargetPosition.Y = -745
[YgoDuelist] YgoSecondHandLayoutPatch: AFTER holder.Hitbox.Position.Y = -132
[YgoDuelist] YgoSecondHandLayoutPatch: AFTER holder.Position.Y = -745
[YgoDuelist] YgoSecondHandLayoutPatch: AFTER holder.TargetPosition.Y = -745
[YgoDuelist] YgoSecondHandLayoutPatch: AFTER holder.Hitbox.Position.Y = -132
[YgoDuelist] YgoSecondHandLayoutPatch: AFTER holder.Position.Y = -745
[YgoDuelist] YgoSecondHandLayoutPatch: AFTER holder.TargetPosition.Y = -745
[YgoDuelist] YgoSecondHandLayoutPatch: AFTER holder.Hitbox.Position.Y = -132
[YgoDuelist] YgoSecondHandLayoutPatch EXIT return false
[YgoDuelist] YgoSecondHandLayoutPatch ENTER all=6 main=2 opts=4 FocusedHolderId=0 FocusedIsOpt=False
[YgoDuelist]   opts[0] holderId=98348044474 model=Gaia_Power
[YgoDuelist]   opts[1] holderId=98079609002 model=Reckless_Greed
[YgoDuelist]   opts[2] holderId=97593069709 model=Ojama_Trio
[YgoDuelist]   opts[3] holderId=3822772571904 model=Burning_Land
[YgoDuelist] YgoSecondHandLayoutPatch: AFTER holder.Position.Y = -745
[YgoDuelist] YgoSecondHandLayoutPatch: AFTER holder.TargetPosition.Y = -745
[YgoDuelist] YgoSecondHandLayoutPatch: AFTER holder.Hitbox.Position.Y = -132
[YgoDuelist] YgoSecondHandLayoutPatch: AFTER holder.Position.Y = -745
[YgoDuelist] YgoSecondHandLayoutPatch: AFTER holder.TargetPosition.Y = -745
[YgoDuelist] YgoSecondHandLayoutPatch: AFTER holder.Hitbox.Position.Y = -132
[YgoDuelist] YgoSecondHandLayoutPatch: AFTER holder.Position.Y = -745
[YgoDuelist] YgoSecondHandLayoutPatch: AFTER holder.TargetPosition.Y = -745
[YgoDuelist] YgoSecondHandLayoutPatch: AFTER holder.Hitbox.Position.Y = -132
[YgoDuelist] YgoSecondHandLayoutPatch: AFTER holder.Position.Y = -745
[YgoDuelist] YgoSecondHandLayoutPatch: AFTER holder.TargetPosition.Y = -745
[YgoDuelist] YgoSecondHandLayoutPatch: AFTER holder.Hitbox.Position.Y = -132
[YgoDuelist] YgoSecondHandLayoutPatch EXIT return false
[YgoDuelist] Hover start on duel pet: DuelMonsterModel
[DEBUG] [ActionQueueSynchronizer] Sending message to host requesting to enqueue action PlayCardAction card: CARD.YGODUELIST-FIRE_SORCERER (18473704) index: 2063 targetid:  at 08:26:38
[YgoDuelist] YgoSecondHandLayoutPatch ENTER all=6 main=2 opts=4 FocusedHolderId=0 FocusedIsOpt=False
[YgoDuelist]   opts[0] holderId=98348044474 model=Gaia_Power
[YgoDuelist]   opts[1] holderId=98079609002 model=Reckless_Greed
[YgoDuelist]   opts[2] holderId=97593069709 model=Ojama_Trio
[YgoDuelist]   opts[3] holderId=3822772571904 model=Burning_Land
[YgoDuelist] YgoSecondHandLayoutPatch: AFTER holder.Position.Y = -745
[YgoDuelist] YgoSecondHandLayoutPatch: AFTER holder.TargetPosition.Y = -745
[YgoDuelist] YgoSecondHandLayoutPatch: AFTER holder.Hitbox.Position.Y = -132
[YgoDuelist] YgoSecondHandLayoutPatch: AFTER holder.Position.Y = -745
[YgoDuelist] YgoSecondHandLayoutPatch: AFTER holder.TargetPosition.Y = -745
[YgoDuelist] YgoSecondHandLayoutPatch: AFTER holder.Hitbox.Position.Y = -132
[YgoDuelist] YgoSecondHandLayoutPatch: AFTER holder.Position.Y = -745
[YgoDuelist] YgoSecondHandLayoutPatch: AFTER holder.TargetPosition.Y = -745
[YgoDuelist] YgoSecondHandLayoutPatch: AFTER holder.Hitbox.Position.Y = -132
[YgoDuelist] YgoSecondHandLayoutPatch: AFTER holder.Position.Y = -745
[YgoDuelist] YgoSecondHandLayoutPatch: AFTER holder.TargetPosition.Y = -745
[YgoDuelist] YgoSecondHandLayoutPatch: AFTER holder.Hitbox.Position.Y = -132
[YgoDuelist] YgoSecondHandLayoutPatch EXIT return false
[DEBUG] [NetMessageBus] Received message ActionEnqueuedMessage PlayerID: 76561198136285041 Action: NetPlayCardAction (NetCombatCard 2063) target: null Source Location: act 0 coord (0, 1) (card: Fire Sorcerer), sending to 1 handlers
[VERYDEBUG] [RunLocationTargetedMessageBuffer] Handling map-targeted message ActionEnqueuedMessage PlayerID: 76561198136285041 Action: NetPlayCardAction (NetCombatCard 2063) target: null Source Location: act 0 coord (0, 1) (card: Fire Sorcerer) from 76561198345121322 for location act 0 coord (0, 1)
[DEBUG] [ActionQueueSynchronizer] Received handle action enqueued message ActionEnqueuedMessage PlayerID: 76561198136285041 Action: NetPlayCardAction (NetCombatCard 2063) target: null Source Location: act 0 coord (0, 1) (card: Fire Sorcerer) at 08:26:38
[DEBUG] [ActionQueueSynchronizer] Enqueueing action PlayCardAction card: CARD.YGODUELIST-FIRE_SORCERER (18473704) index: 2063 targetid:  from owner 76561198136285041
[YgoDuelist] YgoSecondHandLayoutPatch ENTER all=6 main=2 opts=4 FocusedHolderId=0 FocusedIsOpt=False
[YgoDuelist]   opts[0] holderId=98348044474 model=Gaia_Power
[YgoDuelist]   opts[1] holderId=98079609002 model=Reckless_Greed
[YgoDuelist]   opts[2] holderId=97593069709 model=Ojama_Trio
[YgoDuelist]   opts[3] holderId=3822772571904 model=Burning_Land
[YgoDuelist] YgoSecondHandLayoutPatch: AFTER holder.Position.Y = -745
[YgoDuelist] YgoSecondHandLayoutPatch: AFTER holder.TargetPosition.Y = -745
[YgoDuelist] YgoSecondHandLayoutPatch: AFTER holder.Hitbox.Position.Y = -132
[YgoDuelist] YgoSecondHandLayoutPatch: AFTER holder.Position.Y = -745
[YgoDuelist] YgoSecondHandLayoutPatch: AFTER holder.TargetPosition.Y = -745
[YgoDuelist] YgoSecondHandLayoutPatch: AFTER holder.Hitbox.Position.Y = -132
[YgoDuelist] YgoSecondHandLayoutPatch: AFTER holder.Position.Y = -745
[YgoDuelist] YgoSecondHandLayoutPatch: AFTER holder.TargetPosition.Y = -745
[YgoDuelist] YgoSecondHandLayoutPatch: AFTER holder.Hitbox.Position.Y = -132
[YgoDuelist] YgoSecondHandLayoutPatch: AFTER holder.Position.Y = -745
[YgoDuelist] YgoSecondHandLayoutPatch: AFTER holder.TargetPosition.Y = -745
[YgoDuelist] YgoSecondHandLayoutPatch: AFTER holder.Hitbox.Position.Y = -132
[YgoDuelist] YgoSecondHandLayoutPatch EXIT return false
[DEBUG] [ActionQueueSet] Enqueueing action PlayCardAction card: CARD.YGODUELIST-FIRE_SORCERER (18473704) index: 2063 targetid:  to player queue owned by 76561198136285041
[DEBUG] [ActionExecutor] Action queue changed, beginning ExecuteActions
[VERYDEBUG] [ActionQueueSet] Attempting to find ready action
[VERYDEBUG] [ActionQueueSet] Queue for player 76561198345121322 is empty
[VERYDEBUG] [ActionQueueSet] Action PlayCardAction card: CARD.YGODUELIST-FIRE_SORCERER (18473704) index: 2063 targetid:  with id 42 belonging to 76561198136285041 becomes new ready action
[VERYDEBUG] [ActionQueueSet] Got ready action PlayCardAction card: CARD.YGODUELIST-FIRE_SORCERER (18473704) index: 2063 targetid:  (42)
[DEBUG] [ActionExecutor] Executing action: PlayCardAction card: CARD.YGODUELIST-FIRE_SORCERER (18473704) index: 2063 targetid: 
[VERYDEBUG] [GameAction] Action PlayCardAction card: CARD.YGODUELIST-FIRE_SORCERER (18473704) index: 2063 targetid:  began executing
[INFO] Player 76561198136285041 playing card YGODUELIST-FIRE_SORCERER (no target)
[YgoDuelist] Hover end on duel pet: DuelMonsterModel
[YgoDuelist] Hover start on duel pet: DuelMonsterModel
[YgoDuelist] Hover end on duel pet: DuelMonsterModel
[YgoDuelist] Hover start on duel pet: DuelMonsterModel
[YgoDuelist] Hover end on duel pet: DuelMonsterModel
[YgoDuelist] YgoSecondHandLayoutPatch ENTER all=6 main=2 opts=4 FocusedHolderId=3822772571904 FocusedIsOpt=True
[YgoDuelist]   opts[0] holderId=98348044474 model=Gaia_Power
[YgoDuelist]   opts[1] holderId=98079609002 model=Reckless_Greed
[YgoDuelist]   opts[2] holderId=97593069709 model=Ojama_Trio
[YgoDuelist]   opts[3] holderId=3822772571904 model=Burning_Land
[YgoDuelist] YgoSecondHandLayoutPatch: AFTER holder.Position.Y = -745
[YgoDuelist] YgoSecondHandLayoutPatch: AFTER holder.TargetPosition.Y = -745
[YgoDuelist] YgoSecondHandLayoutPatch: AFTER holder.Hitbox.Position.Y = -132
[YgoDuelist] YgoSecondHandLayoutPatch: AFTER holder.Position.Y = -745
[YgoDuelist] YgoSecondHandLayoutPatch: AFTER holder.TargetPosition.Y = -745
[YgoDuelist] YgoSecondHandLayoutPatch: AFTER holder.Hitbox.Position.Y = -132
[YgoDuelist] YgoSecondHandLayoutPatch: AFTER holder.Position.Y = -745
[YgoDuelist] YgoSecondHandLayoutPatch: AFTER holder.TargetPosition.Y = -745
[YgoDuelist] YgoSecondHandLayoutPatch: AFTER holder.Hitbox.Position.Y = -132
[YgoDuelist] YgoSecondHandLayoutPatch: AFTER holder.Position.Y = -745
[YgoDuelist] YgoSecondHandLayoutPatch: AFTER holder.TargetPosition.Y = -745
[YgoDuelist] YgoSecondHandLayoutPatch: AFTER holder.Hitbox.Position.Y = -132
[YgoDuelist] YgoSecondHandLayoutPatch EXIT return false
[VERYDEBUG] [GameAction] Action PlayCardAction card: CARD.YGODUELIST-FIRE_SORCERER (18473704) index: 2063 targetid:  finished execution
[DEBUG] [ChecksumTracker] Generating checksum for context: after executing action PlayCardAction card: CARD.YGODUELIST-FIRE_SORCERER (18473704) index: 2063 targetid:  action: PlayCardAction card: CARD.YGODUELIST-FIRE_SORCERER (18473704) index: 2063 targetid:  id: 44
[YgoDuelist][MP][Checksum][fp] netId=76561198136285041 | pt=1 n=9:YGODUELIST-ARCANE_ARCHER_OF_THE_FOREST0bYgoDieForYouUserToggleOnFalseiPermanentAtkBonusFromExecutes01010000,20019,20043,YGODUELIST-DEFEND_YGO_DUELIST010,YGODUELIST-DEFEND_YGO_DUELIST010,YGODUELIST-OUTSTANDING_DOG_MARRON0bYgoDieForYouUserToggleOnFalseiPermanentAtkBonusFromExecutes01010004,20001,YGODUELIST-ROCKET_JUMPER0bYgoDieForYouUserToggleOnFalseiPermanentAtkBonusFromExecutes01010000,20015,20043,20045,YGODUELIST-SKELENGEL0bYgoDieForYouUserToggleOnFalseiPermanentAtkBonusFromExecutes01010004,20006,20041,YGODUELIST-STRIKE_YGO_DUELIST010,YGODUELIST-STRIKE_YGO_DUELIST010,YGODUELIST-TRAP_OF_BOARD_ERASER01010009,10011 | pt=2 n=2:YGODUELIST-DEFEND_YGO_DUELIST010,YGODUELIST-STRIKE_YGO_DUELIST010 | pt=3 n=0: | pt=4 n=0: | pt=5 n=0: | pt=932200512 n=0: | pt=932200513 n=0: | pt=932200514 n=0: | pt=932200515 n=1:YGODUELIST-HOURGLASS_OF_COURAGE0bYgoDieForYouUserToggleOnFalseiPermanentAtkBonusFromExecutes01010004,20006,20043 | pt=932200516 n=3:YGODUELIST-EARTH_EFFIGY0bYgoDieForYouUserToggleOnFalseiPermanentAtkBonusFromExecutes01010000,20015,20043,YGODUELIST-FIRE_SORCERER0bYgoDieForYouUserToggleOnFalseiPermanentAtkBonusFromExecutes01010002,20017,20041,20043,YGODUELIST-TOTAL_DEFENSE_SHOGUN0bYgoDieForYouUserToggleOnFalseiPermanentAtkBonusFromExecutes01010005,20019,20034,20043 | pt=932200517 n=4:YGODUELIST-BURNING_LAND01010009,20024,YGODUELIST-GAIA_POWER01010009,20027,YGODUELIST-OJAMA_TRIO01010009,10011,YGODUELIST-RECKLESS_GREED01010009,10011 | pt=932200518 n=0:
[YgoDuelist][MP][Checksum][fp] netId=76561198345121322 | pt=1 n=1:YGODUELIST-DEFEND_YGO_DUELIST010 | pt=2 n=5:YGODUELIST-DEFEND_YGO_DUELIST010,YGODUELIST-FIRE_PRINCESS0bYgoDieForYouUserToggleOnFalseiPermanentAtkBonusFromExecutes01010002,20013,20043,YGODUELIST-KURAMA0bYgoDieForYouUserToggleOnFalseiPermanentAtkBonusFromExecutes01010003,20020,20043,YGODUELIST-STRIKE_YGO_DUELIST010,YGODUELIST-ZABORG_THE_THUNDER_MONARCH0bYgoDieForYouUserToggleOnFalseiPermanentAtkBonusFromExecutes01010004,20018,20034,20043 | pt=3 n=4:GREED0104,7,YGODUELIST-DEFEND_YGO_DUELIST010,YGODUELIST-STRIKE_YGO_DUELIST010,YGODUELIST-STRIKE_YGO_DUELIST010 | pt=4 n=0: | pt=5 n=0: | pt=932200512 n=0: | pt=932200513 n=1:YGODUELIST-THE_LAST_WARRIOR_FROM_ANOTHER_PLANET0bYgoDieForYouUserToggleOnFalseiPermanentAtkBonusFromExecutes0iSummonAbsorbPrintedDefBonus01010000,20019,20036,20043 | pt=932200514 n=0: | pt=932200515 n=0: | pt=932200516 n=2:YGODUELIST-QUEEN_S_DOUBLE0bYgoDieForYouUserToggleOnFalseiPermanentAtkBonusFromExecutes01010000,20019,20045,YGODUELIST-VERSAGO_THE_DESTROYER0bYgoDieForYouUserToggleOnFalseiPermanentAtkBonusFromExecutes01010005,20007,20043 | pt=932200517 n=2:YGODUELIST-RAIGEKI_BREAK01010009,10011,20045,YGODUELIST-YELLOW_LUSTER_SHIELD01010009,20024 | pt=932200518 n=0:
[DEBUG] [ActionExecutor] Completed execution of action PlayCardAction card: CARD.YGODUELIST-FIRE_SORCERER (18473704) index: 2063 targetid: , attempting to find new action
[VERYDEBUG] [ActionQueueSet] Attempting to find ready action
[VERYDEBUG] [ActionQueueSet] Queue for player 76561198345121322 is empty
[VERYDEBUG] [ActionQueueSet] Queue for player 76561198136285041 is empty
[VERYDEBUG] [ActionQueueSet] No action is ready
[YgoDuelist] YgoSecondHandLayoutPatch ENTER all=6 main=2 opts=4 FocusedHolderId=0 FocusedIsOpt=False
[YgoDuelist]   opts[0] holderId=98348044474 model=Gaia_Power
[YgoDuelist]   opts[1] holderId=98079609002 model=Reckless_Greed
[YgoDuelist]   opts[2] holderId=97593069709 model=Ojama_Trio
[YgoDuelist]   opts[3] holderId=3822772571904 model=Burning_Land
[YgoDuelist] YgoSecondHandLayoutPatch: AFTER holder.Position.Y = -745
[YgoDuelist] YgoSecondHandLayoutPatch: AFTER holder.TargetPosition.Y = -745
[YgoDuelist] YgoSecondHandLayoutPatch: AFTER holder.Hitbox.Position.Y = -132
[YgoDuelist] YgoSecondHandLayoutPatch: AFTER holder.Position.Y = -745
[YgoDuelist] YgoSecondHandLayoutPatch: AFTER holder.TargetPosition.Y = -745
[YgoDuelist] YgoSecondHandLayoutPatch: AFTER holder.Hitbox.Position.Y = -132
[YgoDuelist] YgoSecondHandLayoutPatch: AFTER holder.Position.Y = -745
[YgoDuelist] YgoSecondHandLayoutPatch: AFTER holder.TargetPosition.Y = -745
[YgoDuelist] YgoSecondHandLayoutPatch: AFTER holder.Hitbox.Position.Y = -132
[YgoDuelist] YgoSecondHandLayoutPatch: AFTER holder.Position.Y = -745
[YgoDuelist] YgoSecondHandLayoutPatch: AFTER holder.TargetPosition.Y = -745
[YgoDuelist] YgoSecondHandLayoutPatch: AFTER holder.Hitbox.Position.Y = -132
[YgoDuelist] YgoSecondHandLayoutPatch EXIT return false
[YgoDuelist] Hover start on duel pet: DuelMonsterModel
[YgoDuelist] Hover end on duel pet: DuelMonsterModel
[YgoDuelist] Hover start on duel pet: DuelMonsterModel
[YgoDuelist] Right mouse button pressed.
[YgoDuelist] Right-click on duel pet: DuelMonsterModel
[DEBUG] [ActionQueueSynchronizer] Sending message to host requesting to enqueue action YgoMonsterMenuCommandGameAction owner=76561198136285041 OpenMonsterOptions pet=8 at 08:26:41
[YgoDuelist][MP][Queue] OpenMonsterOptions -> YgoMonsterMenuCommandGameAction owner=76561198136285041 OpenMonsterOptions pet=8
[YgoDuelist][MP] OpenMonsterOptions enqueued ownerNetId=76561198136285041 petCombatId=8
[DEBUG] [NetMessageBus] Received message ActionEnqueuedMessage PlayerID: 76561198136285041 Action: YgoDuelist.YgoDuelistCode.GameActions.NetYgoMonsterMenuCommandAction Source Location: act 0 coord (0, 1) , sending to 1 handlers
[VERYDEBUG] [RunLocationTargetedMessageBuffer] Handling map-targeted message ActionEnqueuedMessage PlayerID: 76561198136285041 Action: YgoDuelist.YgoDuelistCode.GameActions.NetYgoMonsterMenuCommandAction Source Location: act 0 coord (0, 1)  from 76561198345121322 for location act 0 coord (0, 1)
[DEBUG] [ActionQueueSynchronizer] Received handle action enqueued message ActionEnqueuedMessage PlayerID: 76561198136285041 Action: YgoDuelist.YgoDuelistCode.GameActions.NetYgoMonsterMenuCommandAction Source Location: act 0 coord (0, 1)  at 08:26:41
[DEBUG] [ActionQueueSynchronizer] Enqueueing action YgoMonsterMenuCommandGameAction owner=76561198136285041 OpenMonsterOptions pet=8 from owner 76561198136285041
[DEBUG] [ActionQueueSet] Enqueueing action YgoMonsterMenuCommandGameAction owner=76561198136285041 OpenMonsterOptions pet=8 to player queue owned by 76561198136285041
[DEBUG] [ActionExecutor] Action queue changed, beginning ExecuteActions
[VERYDEBUG] [ActionQueueSet] Attempting to find ready action
[VERYDEBUG] [ActionQueueSet] Queue for player 76561198345121322 is empty
[VERYDEBUG] [ActionQueueSet] Action YgoMonsterMenuCommandGameAction owner=76561198136285041 OpenMonsterOptions pet=8 with id 43 belonging to 76561198136285041 becomes new ready action
[VERYDEBUG] [ActionQueueSet] Got ready action YgoMonsterMenuCommandGameAction owner=76561198136285041 OpenMonsterOptions pet=8 (43)
[DEBUG] [ActionExecutor] Executing action: YgoMonsterMenuCommandGameAction owner=76561198136285041 OpenMonsterOptions pet=8
[VERYDEBUG] [GameAction] Action YgoMonsterMenuCommandGameAction owner=76561198136285041 OpenMonsterOptions pet=8 began executing
[YgoDuelist][MP] YgoMonsterMenuCommandGameAction: kind=OpenMonsterOptions ownerNetId=76561198136285041 petCombatId=8 hasEnemy=False
[YgoDuelist] OnSecondHandCardsChanged ENTER player=27072766 cardsCount=5
[YgoDuelist]   cards[0]=Command_Defend id=58921362
[YgoDuelist]   cards[1]=Command_Attack id=60530217
[YgoDuelist]   cards[2]=Command_Change_Battle_Position id=7901043
[YgoDuelist]   cards[3]=Toggle_Die_For_You id=4000531
[YgoDuelist]   cards[4]=Exit_Monster_Options id=36004785
[YgoDuelist] RebuildForPlayer START handId=2911551624445 cardsCount=5
[YgoDuelist] TearDownSecondHandRow REMOVING 4 holders
[YgoDuelist] YgoSecondHandLayoutPatch ENTER all=5 main=2 opts=3 FocusedHolderId=0 FocusedIsOpt=False
[YgoDuelist]   opts[0] holderId=98079609002 model=Reckless_Greed
[YgoDuelist]   opts[1] holderId=97593069709 model=Ojama_Trio
[YgoDuelist]   opts[2] holderId=3822772571904 model=Burning_Land
[YgoDuelist] YgoSecondHandLayoutPatch: AFTER holder.Position.Y = -745
[YgoDuelist] YgoSecondHandLayoutPatch: AFTER holder.TargetPosition.Y = -745
[YgoDuelist] YgoSecondHandLayoutPatch: AFTER holder.Hitbox.Position.Y = -132
[YgoDuelist] YgoSecondHandLayoutPatch: AFTER holder.Position.Y = -745
[YgoDuelist] YgoSecondHandLayoutPatch: AFTER holder.TargetPosition.Y = -745
[YgoDuelist] YgoSecondHandLayoutPatch: AFTER holder.Hitbox.Position.Y = -132
[YgoDuelist] YgoSecondHandLayoutPatch: AFTER holder.Position.Y = -745
[YgoDuelist] YgoSecondHandLayoutPatch: AFTER holder.TargetPosition.Y = -745
[YgoDuelist] YgoSecondHandLayoutPatch: AFTER holder.Hitbox.Position.Y = -132
[YgoDuelist] YgoSecondHandLayoutPatch EXIT return false
[YgoDuelist] YgoSecondHandLayoutPatch ENTER all=4 main=2 opts=2 FocusedHolderId=0 FocusedIsOpt=False
[YgoDuelist]   opts[0] holderId=97593069709 model=Ojama_Trio
[YgoDuelist]   opts[1] holderId=3822772571904 model=Burning_Land
[YgoDuelist] YgoSecondHandLayoutPatch: AFTER holder.Position.Y = -745
[YgoDuelist] YgoSecondHandLayoutPatch: AFTER holder.TargetPosition.Y = -745
[YgoDuelist] YgoSecondHandLayoutPatch: AFTER holder.Hitbox.Position.Y = -132
[YgoDuelist] YgoSecondHandLayoutPatch: AFTER holder.Position.Y = -745
[YgoDuelist] YgoSecondHandLayoutPatch: AFTER holder.TargetPosition.Y = -745
[YgoDuelist] YgoSecondHandLayoutPatch: AFTER holder.Hitbox.Position.Y = -132
[YgoDuelist] YgoSecondHandLayoutPatch EXIT return false
[YgoDuelist] YgoSecondHandLayoutPatch ENTER all=3 main=2 opts=1 FocusedHolderId=0 FocusedIsOpt=False
[YgoDuelist]   opts[0] holderId=3822772571904 model=Burning_Land
[YgoDuelist] YgoSecondHandLayoutPatch: AFTER holder.Position.Y = -745
[YgoDuelist] YgoSecondHandLayoutPatch: AFTER holder.TargetPosition.Y = -745
[YgoDuelist] YgoSecondHandLayoutPatch: AFTER holder.Hitbox.Position.Y = -132
[YgoDuelist] YgoSecondHandLayoutPatch EXIT return false
[YgoDuelist] YgoSecondHandLayoutPatch ENTER all=2 main=2 opts=0 FocusedHolderId=0 FocusedIsOpt=False
[YgoDuelist] YgoSecondHandLayoutPatch EXIT return false
[YgoDuelist] RebuildForPlayer ADDING 5 holders
[YgoDuelist]   add[0] CREATE holderId=98482262210 model=Command_Defend
[YgoDuelist] RegisterOptionHolder ENTER handId=2911551624445 holderId=98482262210 index=-1 handChildCountBefore=7
[YgoDuelist] YgoSecondHandLayoutPatch ENTER all=3 main=2 opts=1 FocusedHolderId=0 FocusedIsOpt=False
[YgoDuelist]   opts[0] holderId=98482262210 model=?
[YgoDuelist] YgoSecondHandLayoutPatch: AFTER holder.Position.Y = -745
[YgoDuelist] YgoSecondHandLayoutPatch: AFTER holder.TargetPosition.Y = -745
[YgoDuelist] YgoSecondHandLayoutPatch: AFTER holder.Hitbox.Position.Y = -132
[YgoDuelist] YgoSecondHandLayoutPatch EXIT return false
[YgoDuelist] RegisterOptionHolder EXIT handId=2911551624445 holderId=98482262210 handChildCountAfter=7 holderIsInsideTree=True
[YgoDuelist]   add[0] after RegisterOptionHolder holderId=98482262210 IsInsideTree=True ChildCount=7
[WARN] [BaseLib] GetRawText: Key 'YGO_ATTRIBUTE_EARTH.title' not found in table 'static_hover_tips'
[WARN] [BaseLib] GetRawText: Key 'YGO_ATTRIBUTE_EARTH.description' not found in table 'static_hover_tips'
[WARN] [BaseLib] GetRawText: Key 'YGO_RACE_ROCK.title' not found in table 'static_hover_tips'
[WARN] [BaseLib] GetRawText: Key 'YGO_RACE_ROCK.description' not found in table 'static_hover_tips'
[WARN] [BaseLib] GetRawText: Key 'YGO_RACE_ROCK.title' not found in table 'static_hover_tips'
[WARN] [BaseLib] GetRawText: Key 'YGO_RACE_ROCK.description' not found in table 'static_hover_tips'
[YgoDuelist]   add[0] after Initialize holderId=98482262210 CardNode=88650813115 CardModel=Command_Defend
[YgoDuelist]   add[1] CREATE holderId=3372287543869 model=Command_Attack
[YgoDuelist] RegisterOptionHolder ENTER handId=2911551624445 holderId=3372287543869 index=-1 handChildCountBefore=7
[YgoDuelist] YgoSecondHandLayoutPatch ENTER all=4 main=2 opts=2 FocusedHolderId=0 FocusedIsOpt=False
[YgoDuelist]   opts[0] holderId=98482262210 model=Command_Defend
[YgoDuelist]   opts[1] holderId=3372287543869 model=?
[YgoDuelist] YgoSecondHandLayoutPatch: AFTER holder.Position.Y = -745
[YgoDuelist] YgoSecondHandLayoutPatch: AFTER holder.TargetPosition.Y = -745
[YgoDuelist] YgoSecondHandLayoutPatch: AFTER holder.Hitbox.Position.Y = -132
[YgoDuelist] YgoSecondHandLayoutPatch: AFTER holder.Position.Y = -745
[YgoDuelist] YgoSecondHandLayoutPatch: AFTER holder.TargetPosition.Y = -745
[YgoDuelist] YgoSecondHandLayoutPatch: AFTER holder.Hitbox.Position.Y = -132
[YgoDuelist] YgoSecondHandLayoutPatch EXIT return false
[YgoDuelist] RegisterOptionHolder EXIT handId=2911551624445 holderId=3372287543869 handChildCountAfter=7 holderIsInsideTree=True
[YgoDuelist]   add[1] after RegisterOptionHolder holderId=3372287543869 IsInsideTree=True ChildCount=7
[WARN] [BaseLib] GetRawText: Key 'YGO_ATTRIBUTE_EARTH.title' not found in table 'static_hover_tips'
[WARN] [BaseLib] GetRawText: Key 'YGO_ATTRIBUTE_EARTH.description' not found in table 'static_hover_tips'
[WARN] [BaseLib] GetRawText: Key 'YGO_RACE_ROCK.title' not found in table 'static_hover_tips'
[WARN] [BaseLib] GetRawText: Key 'YGO_RACE_ROCK.description' not found in table 'static_hover_tips'
[WARN] [BaseLib] GetRawText: Key 'YGO_RACE_ROCK.title' not found in table 'static_hover_tips'
[WARN] [BaseLib] GetRawText: Key 'YGO_RACE_ROCK.description' not found in table 'static_hover_tips'
[YgoDuelist]   add[1] after Initialize holderId=3372287543869 CardNode=92174028679 CardModel=Command_Attack
[YgoDuelist]   add[2] CREATE holderId=97945391266 model=Command_Change_Battle_Position
[YgoDuelist] RegisterOptionHolder ENTER handId=2911551624445 holderId=97945391266 index=-1 handChildCountBefore=7
[YgoDuelist] YgoSecondHandLayoutPatch ENTER all=5 main=2 opts=3 FocusedHolderId=0 FocusedIsOpt=False
[YgoDuelist]   opts[0] holderId=98482262210 model=Command_Defend
[YgoDuelist]   opts[1] holderId=3372287543869 model=Command_Attack
[YgoDuelist]   opts[2] holderId=97945391266 model=?
[YgoDuelist] YgoSecondHandLayoutPatch: AFTER holder.Position.Y = -745
[YgoDuelist] YgoSecondHandLayoutPatch: AFTER holder.TargetPosition.Y = -745
[YgoDuelist] YgoSecondHandLayoutPatch: AFTER holder.Hitbox.Position.Y = -132
[YgoDuelist] YgoSecondHandLayoutPatch: AFTER holder.Position.Y = -745
[YgoDuelist] YgoSecondHandLayoutPatch: AFTER holder.TargetPosition.Y = -745
[YgoDuelist] YgoSecondHandLayoutPatch: AFTER holder.Hitbox.Position.Y = -132
[YgoDuelist] YgoSecondHandLayoutPatch: AFTER holder.Position.Y = -745
[YgoDuelist] YgoSecondHandLayoutPatch: AFTER holder.TargetPosition.Y = -745
[YgoDuelist] YgoSecondHandLayoutPatch: AFTER holder.Hitbox.Position.Y = -132
[YgoDuelist] YgoSecondHandLayoutPatch EXIT return false
[YgoDuelist] RegisterOptionHolder EXIT handId=2911551624445 holderId=97945391266 handChildCountAfter=7 holderIsInsideTree=True
[YgoDuelist]   add[2] after RegisterOptionHolder holderId=97945391266 IsInsideTree=True ChildCount=7
[WARN] [BaseLib] GetRawText: Key 'YGO_ATTRIBUTE_EARTH.title' not found in table 'static_hover_tips'
[WARN] [BaseLib] GetRawText: Key 'YGO_ATTRIBUTE_EARTH.description' not found in table 'static_hover_tips'
[WARN] [BaseLib] GetRawText: Key 'YGO_RACE_ROCK.title' not found in table 'static_hover_tips'
[WARN] [BaseLib] GetRawText: Key 'YGO_RACE_ROCK.description' not found in table 'static_hover_tips'
[WARN] [BaseLib] GetRawText: Key 'YGO_RACE_ROCK.title' not found in table 'static_hover_tips'
[WARN] [BaseLib] GetRawText: Key 'YGO_RACE_ROCK.description' not found in table 'static_hover_tips'
[YgoDuelist]   add[2] after Initialize holderId=97945391266 CardNode=3914124512752 CardModel=Command_Change_Battle_Position
[YgoDuelist]   add[3] CREATE holderId=98213826738 model=Toggle_Die_For_You
[YgoDuelist] RegisterOptionHolder ENTER handId=2911551624445 holderId=98213826738 index=-1 handChildCountBefore=7
[YgoDuelist] YgoSecondHandLayoutPatch ENTER all=6 main=2 opts=4 FocusedHolderId=0 FocusedIsOpt=False
[YgoDuelist]   opts[0] holderId=98482262210 model=Command_Defend
[YgoDuelist]   opts[1] holderId=3372287543869 model=Command_Attack
[YgoDuelist]   opts[2] holderId=97945391266 model=Command_Change_Battle_Position
[YgoDuelist]   opts[3] holderId=98213826738 model=?
[YgoDuelist] YgoSecondHandLayoutPatch: AFTER holder.Position.Y = -745
[YgoDuelist] YgoSecondHandLayoutPatch: AFTER holder.TargetPosition.Y = -745
[YgoDuelist] YgoSecondHandLayoutPatch: AFTER holder.Hitbox.Position.Y = -132
[YgoDuelist] YgoSecondHandLayoutPatch: AFTER holder.Position.Y = -745
[YgoDuelist] YgoSecondHandLayoutPatch: AFTER holder.TargetPosition.Y = -745
[YgoDuelist] YgoSecondHandLayoutPatch: AFTER holder.Hitbox.Position.Y = -132
[YgoDuelist] YgoSecondHandLayoutPatch: AFTER holder.Position.Y = -745
[YgoDuelist] YgoSecondHandLayoutPatch: AFTER holder.TargetPosition.Y = -745
[YgoDuelist] YgoSecondHandLayoutPatch: AFTER holder.Hitbox.Position.Y = -132
[YgoDuelist] YgoSecondHandLayoutPatch: AFTER holder.Position.Y = -745
[YgoDuelist] YgoSecondHandLayoutPatch: AFTER holder.TargetPosition.Y = -745
[YgoDuelist] YgoSecondHandLayoutPatch: AFTER holder.Hitbox.Position.Y = -132
[YgoDuelist] YgoSecondHandLayoutPatch EXIT return false
[YgoDuelist] RegisterOptionHolder EXIT handId=2911551624445 holderId=98213826738 handChildCountAfter=7 holderIsInsideTree=True
[YgoDuelist]   add[3] after RegisterOptionHolder holderId=98213826738 IsInsideTree=True ChildCount=7
[WARN] [BaseLib] GetRawText: Key 'YGO_ATTRIBUTE_EARTH.title' not found in table 'static_hover_tips'
[WARN] [BaseLib] GetRawText: Key 'YGO_ATTRIBUTE_EARTH.description' not found in table 'static_hover_tips'
[WARN] [BaseLib] GetRawText: Key 'YGO_RACE_ROCK.title' not found in table 'static_hover_tips'
[WARN] [BaseLib] GetRawText: Key 'YGO_RACE_ROCK.description' not found in table 'static_hover_tips'
[WARN] [BaseLib] GetRawText: Key 'YGO_RACE_ROCK.title' not found in table 'static_hover_tips'
[WARN] [BaseLib] GetRawText: Key 'YGO_RACE_ROCK.description' not found in table 'static_hover_tips'
[YgoDuelist]   add[3] after Initialize holderId=98213826738 CardNode=3916255218731 CardModel=Toggle_Die_For_You
[YgoDuelist]   add[4] CREATE holderId=3918000049312 model=Exit_Monster_Options
[YgoDuelist] RegisterOptionHolder ENTER handId=2911551624445 holderId=3918000049312 index=-1 handChildCountBefore=7
[YgoDuelist] YgoSecondHandLayoutPatch ENTER all=7 main=2 opts=5 FocusedHolderId=0 FocusedIsOpt=False
[YgoDuelist]   opts[0] holderId=98482262210 model=Command_Defend
[YgoDuelist]   opts[1] holderId=3372287543869 model=Command_Attack
[YgoDuelist]   opts[2] holderId=97945391266 model=Command_Change_Battle_Position
[YgoDuelist]   opts[3] holderId=98213826738 model=Toggle_Die_For_You
[YgoDuelist]   opts[4] holderId=3918000049312 model=?
[YgoDuelist] YgoSecondHandLayoutPatch: AFTER holder.Position.Y = -745
[YgoDuelist] YgoSecondHandLayoutPatch: AFTER holder.TargetPosition.Y = -745
[YgoDuelist] YgoSecondHandLayoutPatch: AFTER holder.Hitbox.Position.Y = -132
[YgoDuelist] YgoSecondHandLayoutPatch: AFTER holder.Position.Y = -745
[YgoDuelist] YgoSecondHandLayoutPatch: AFTER holder.TargetPosition.Y = -745
[YgoDuelist] YgoSecondHandLayoutPatch: AFTER holder.Hitbox.Position.Y = -132
[YgoDuelist] YgoSecondHandLayoutPatch: AFTER holder.Position.Y = -745
[YgoDuelist] YgoSecondHandLayoutPatch: AFTER holder.TargetPosition.Y = -745
[YgoDuelist] YgoSecondHandLayoutPatch: AFTER holder.Hitbox.Position.Y = -132
[YgoDuelist] YgoSecondHandLayoutPatch: AFTER holder.Position.Y = -745
[YgoDuelist] YgoSecondHandLayoutPatch: AFTER holder.TargetPosition.Y = -745
[YgoDuelist] YgoSecondHandLayoutPatch: AFTER holder.Hitbox.Position.Y = -132
[YgoDuelist] YgoSecondHandLayoutPatch: AFTER holder.Position.Y = -86.91667
[YgoDuelist] YgoSecondHandLayoutPatch: AFTER holder.TargetPosition.Y = -745
[YgoDuelist] YgoSecondHandLayoutPatch: AFTER holder.Hitbox.Position.Y = -132
[YgoDuelist] YgoSecondHandLayoutPatch EXIT return false
[YgoDuelist] RegisterOptionHolder EXIT handId=2911551624445 holderId=3918000049312 handChildCountAfter=7 holderIsInsideTree=True
[YgoDuelist]   add[4] after RegisterOptionHolder holderId=3918000049312 IsInsideTree=True ChildCount=7
[WARN] [BaseLib] GetRawText: Key 'YGO_ATTRIBUTE_EARTH.title' not found in table 'static_hover_tips'
[WARN] [BaseLib] GetRawText: Key 'YGO_ATTRIBUTE_EARTH.description' not found in table 'static_hover_tips'
[WARN] [BaseLib] GetRawText: Key 'YGO_RACE_ROCK.title' not found in table 'static_hover_tips'
[WARN] [BaseLib] GetRawText: Key 'YGO_RACE_ROCK.description' not found in table 'static_hover_tips'
[WARN] [BaseLib] GetRawText: Key 'YGO_RACE_ROCK.title' not found in table 'static_hover_tips'
[WARN] [BaseLib] GetRawText: Key 'YGO_RACE_ROCK.description' not found in table 'static_hover_tips'
[YgoDuelist]   add[4] after Initialize holderId=3918000049312 CardNode=3918587235200 CardModel=Exit_Monster_Options
[YgoDuelist] RebuildForPlayer END totalHolders=5 handActiveHoldersCount=7
[YgoDuelist] OnSecondHandCardsChanged EXIT RebuildForPlayer done
[YgoDuelist][MP][OptionPile] OpenMonsterOptions: player=76561198136285041 count=5 ids=[YGODUELIST-EXIT_MONSTER_OPTIONS=2076, YGODUELIST-TOGGLE_DIE_FOR_YOU=2075, YGODUELIST-COMMAND_CHANGE_BATTLE_POSITION=2074, YGODUELIST-COMMAND_ATTACK=2073, YGODUELIST-COMMAND_DEFEND=2072]
[VERYDEBUG] [GameAction] Action YgoMonsterMenuCommandGameAction owner=76561198136285041 OpenMonsterOptions pet=8 finished execution
[DEBUG] [ChecksumTracker] Generating checksum for context: after executing action YgoMonsterMenuCommandGameAction owner=76561198136285041 OpenMonsterOptions pet=8 action: YgoMonsterMenuCommandGameAction owner=76561198136285041 OpenMonsterOptions pet=8 id: 45
[YgoDuelist][MP][Checksum][fp] netId=76561198136285041 | pt=1 n=9:YGODUELIST-ARCANE_ARCHER_OF_THE_FOREST0bYgoDieForYouUserToggleOnFalseiPermanentAtkBonusFromExecutes01010000,20019,20043,YGODUELIST-DEFEND_YGO_DUELIST010,YGODUELIST-DEFEND_YGO_DUELIST010,YGODUELIST-OUTSTANDING_DOG_MARRON0bYgoDieForYouUserToggleOnFalseiPermanentAtkBonusFromExecutes01010004,20001,YGODUELIST-ROCKET_JUMPER0bYgoDieForYouUserToggleOnFalseiPermanentAtkBonusFromExecutes01010000,20015,20043,20045,YGODUELIST-SKELENGEL0bYgoDieForYouUserToggleOnFalseiPermanentAtkBonusFromExecutes01010004,20006,20041,YGODUELIST-STRIKE_YGO_DUELIST010,YGODUELIST-STRIKE_YGO_DUELIST010,YGODUELIST-TRAP_OF_BOARD_ERASER01010009,10011 | pt=2 n=2:YGODUELIST-DEFEND_YGO_DUELIST010,YGODUELIST-STRIKE_YGO_DUELIST010 | pt=3 n=0: | pt=4 n=0: | pt=5 n=0: | pt=932200512 n=0: | pt=932200513 n=0: | pt=932200514 n=0: | pt=932200515 n=1:YGODUELIST-HOURGLASS_OF_COURAGE0bYgoDieForYouUserToggleOnFalseiPermanentAtkBonusFromExecutes01010004,20006,20043 | pt=932200516 n=3:YGODUELIST-EARTH_EFFIGY0bYgoDieForYouUserToggleOnFalseiPermanentAtkBonusFromExecutes01010000,20015,20043,YGODUELIST-FIRE_SORCERER0bYgoDieForYouUserToggleOnFalseiPermanentAtkBonusFromExecutes01010002,20017,20041,20043,YGODUELIST-TOTAL_DEFENSE_SHOGUN0bYgoDieForYouUserToggleOnFalseiPermanentAtkBonusFromExecutes01010005,20019,20034,20043 | pt=932200517 n=4:YGODUELIST-BURNING_LAND01010009,20024,YGODUELIST-GAIA_POWER01010009,20027,YGODUELIST-OJAMA_TRIO01010009,10011,YGODUELIST-RECKLESS_GREED01010009,10011 | pt=932200518 n=0:
[YgoDuelist][MP][Checksum][fp] netId=76561198345121322 | pt=1 n=1:YGODUELIST-DEFEND_YGO_DUELIST010 | pt=2 n=5:YGODUELIST-DEFEND_YGO_DUELIST010,YGODUELIST-FIRE_PRINCESS0bYgoDieForYouUserToggleOnFalseiPermanentAtkBonusFromExecutes01010002,20013,20043,YGODUELIST-KURAMA0bYgoDieForYouUserToggleOnFalseiPermanentAtkBonusFromExecutes01010003,20020,20043,YGODUELIST-STRIKE_YGO_DUELIST010,YGODUELIST-ZABORG_THE_THUNDER_MONARCH0bYgoDieForYouUserToggleOnFalseiPermanentAtkBonusFromExecutes01010004,20018,20034,20043 | pt=3 n=4:GREED0104,7,YGODUELIST-DEFEND_YGO_DUELIST010,YGODUELIST-STRIKE_YGO_DUELIST010,YGODUELIST-STRIKE_YGO_DUELIST010 | pt=4 n=0: | pt=5 n=0: | pt=932200512 n=0: | pt=932200513 n=1:YGODUELIST-THE_LAST_WARRIOR_FROM_ANOTHER_PLANET0bYgoDieForYouUserToggleOnFalseiPermanentAtkBonusFromExecutes0iSummonAbsorbPrintedDefBonus01010000,20019,20036,20043 | pt=932200514 n=0: | pt=932200515 n=0: | pt=932200516 n=2:YGODUELIST-QUEEN_S_DOUBLE0bYgoDieForYouUserToggleOnFalseiPermanentAtkBonusFromExecutes01010000,20019,20045,YGODUELIST-VERSAGO_THE_DESTROYER0bYgoDieForYouUserToggleOnFalseiPermanentAtkBonusFromExecutes01010005,20007,20043 | pt=932200517 n=2:YGODUELIST-RAIGEKI_BREAK01010009,10011,20045,YGODUELIST-YELLOW_LUSTER_SHIELD01010009,20024 | pt=932200518 n=0:
[DEBUG] [ActionExecutor] Completed execution of action YgoMonsterMenuCommandGameAction owner=76561198136285041 OpenMonsterOptions pet=8, attempting to find new action
[VERYDEBUG] [ActionQueueSet] Attempting to find ready action
[VERYDEBUG] [ActionQueueSet] Queue for player 76561198345121322 is empty
[VERYDEBUG] [ActionQueueSet] Queue for player 76561198136285041 is empty
[VERYDEBUG] [ActionQueueSet] No action is ready
[YgoDuelist] Hover end on duel pet: DuelMonsterModel
[YgoDuelist] YgoSecondHandLayoutPatch ENTER all=7 main=2 opts=5 FocusedHolderId=3372287543869 FocusedIsOpt=True
[YgoDuelist]   opts[0] holderId=98482262210 model=Command_Defend
[YgoDuelist]   opts[1] holderId=3372287543869 model=Command_Attack
[YgoDuelist]   opts[2] holderId=97945391266 model=Command_Change_Battle_Position
[YgoDuelist]   opts[3] holderId=98213826738 model=Toggle_Die_For_You
[YgoDuelist]   opts[4] holderId=3918000049312 model=Exit_Monster_Options
[YgoDuelist] YgoSecondHandLayoutPatch: AFTER holder.Position.Y = -745
[YgoDuelist] YgoSecondHandLayoutPatch: AFTER holder.TargetPosition.Y = -745
[YgoDuelist] YgoSecondHandLayoutPatch: AFTER holder.Hitbox.Position.Y = -132
[YgoDuelist] YgoSecondHandLayoutPatch: AFTER holder.Position.Y = -745
[YgoDuelist] YgoSecondHandLayoutPatch: AFTER holder.TargetPosition.Y = -745
[YgoDuelist] YgoSecondHandLayoutPatch: AFTER holder.Hitbox.Position.Y = -132
[YgoDuelist] YgoSecondHandLayoutPatch: AFTER holder.Position.Y = -745
[YgoDuelist] YgoSecondHandLayoutPatch: AFTER holder.TargetPosition.Y = -745
[YgoDuelist] YgoSecondHandLayoutPatch: AFTER holder.Hitbox.Position.Y = -132
[YgoDuelist] YgoSecondHandLayoutPatch: AFTER holder.Position.Y = -745
[YgoDuelist] YgoSecondHandLayoutPatch: AFTER holder.TargetPosition.Y = -745
[YgoDuelist] YgoSecondHandLayoutPatch: AFTER holder.Hitbox.Position.Y = -132
[YgoDuelist] YgoSecondHandLayoutPatch: AFTER holder.Position.Y = -705.17346
[YgoDuelist] YgoSecondHandLayoutPatch: AFTER holder.TargetPosition.Y = -745
[YgoDuelist] YgoSecondHandLayoutPatch: AFTER holder.Hitbox.Position.Y = -132
[YgoDuelist] YgoSecondHandLayoutPatch EXIT return false
[YgoDuelist] YgoSecondHandLayoutPatch ENTER all=7 main=2 opts=5 FocusedHolderId=0 FocusedIsOpt=False
[YgoDuelist]   opts[0] holderId=98482262210 model=Command_Defend
[YgoDuelist]   opts[1] holderId=3372287543869 model=Command_Attack
[YgoDuelist]   opts[2] holderId=97945391266 model=Command_Change_Battle_Position
[YgoDuelist]   opts[3] holderId=98213826738 model=Toggle_Die_For_You
[YgoDuelist]   opts[4] holderId=3918000049312 model=Exit_Monster_Options
[YgoDuelist] YgoSecondHandLayoutPatch: AFTER holder.Position.Y = -745
[YgoDuelist] YgoSecondHandLayoutPatch: AFTER holder.TargetPosition.Y = -745
[YgoDuelist] YgoSecondHandLayoutPatch: AFTER holder.Hitbox.Position.Y = -132
[YgoDuelist] YgoSecondHandLayoutPatch: AFTER holder.Position.Y = -745
[YgoDuelist] YgoSecondHandLayoutPatch: AFTER holder.TargetPosition.Y = -745
[YgoDuelist] YgoSecondHandLayoutPatch: AFTER holder.Hitbox.Position.Y = -132
[YgoDuelist] YgoSecondHandLayoutPatch: AFTER holder.Position.Y = -745
[YgoDuelist] YgoSecondHandLayoutPatch: AFTER holder.TargetPosition.Y = -745
[YgoDuelist] YgoSecondHandLayoutPatch: AFTER holder.Hitbox.Position.Y = -132
[YgoDuelist] YgoSecondHandLayoutPatch: AFTER holder.Position.Y = -745
[YgoDuelist] YgoSecondHandLayoutPatch: AFTER holder.TargetPosition.Y = -745
[YgoDuelist] YgoSecondHandLayoutPatch: AFTER holder.Hitbox.Position.Y = -132
[YgoDuelist] YgoSecondHandLayoutPatch: AFTER holder.Position.Y = -742.056
[YgoDuelist] YgoSecondHandLayoutPatch: AFTER holder.TargetPosition.Y = -745
[YgoDuelist] YgoSecondHandLayoutPatch: AFTER holder.Hitbox.Position.Y = -132
[YgoDuelist] YgoSecondHandLayoutPatch EXIT return false
[YgoDuelist] YgoSecondHandLayoutPatch ENTER all=7 main=2 opts=5 FocusedHolderId=98482262210 FocusedIsOpt=True
[YgoDuelist]   opts[0] holderId=98482262210 model=Command_Defend
[YgoDuelist]   opts[1] holderId=3372287543869 model=Command_Attack
[YgoDuelist]   opts[2] holderId=97945391266 model=Command_Change_Battle_Position
[YgoDuelist]   opts[3] holderId=98213826738 model=Toggle_Die_For_You
[YgoDuelist]   opts[4] holderId=3918000049312 model=Exit_Monster_Options
[YgoDuelist] YgoSecondHandLayoutPatch: AFTER holder.Position.Y = -745
[YgoDuelist] YgoSecondHandLayoutPatch: AFTER holder.TargetPosition.Y = -745
[YgoDuelist] YgoSecondHandLayoutPatch: AFTER holder.Hitbox.Position.Y = -132
[YgoDuelist] YgoSecondHandLayoutPatch: AFTER holder.Position.Y = -745
[YgoDuelist] YgoSecondHandLayoutPatch: AFTER holder.TargetPosition.Y = -745
[YgoDuelist] YgoSecondHandLayoutPatch: AFTER holder.Hitbox.Position.Y = -132
[YgoDuelist] YgoSecondHandLayoutPatch: AFTER holder.Position.Y = -745
[YgoDuelist] YgoSecondHandLayoutPatch: AFTER holder.TargetPosition.Y = -745
[YgoDuelist] YgoSecondHandLayoutPatch: AFTER holder.Hitbox.Position.Y = -132
[YgoDuelist] YgoSecondHandLayoutPatch: AFTER holder.Position.Y = -745
[YgoDuelist] YgoSecondHandLayoutPatch: AFTER holder.TargetPosition.Y = -745
[YgoDuelist] YgoSecondHandLayoutPatch: AFTER holder.Hitbox.Position.Y = -132
[YgoDuelist] YgoSecondHandLayoutPatch: AFTER holder.Position.Y = -742.3995
[YgoDuelist] YgoSecondHandLayoutPatch: AFTER holder.TargetPosition.Y = -745
[YgoDuelist] YgoSecondHandLayoutPatch: AFTER holder.Hitbox.Position.Y = -132
[YgoDuelist] YgoSecondHandLayoutPatch EXIT return false
[YgoDuelist] YgoSecondHandLayoutPatch ENTER all=7 main=2 opts=5 FocusedHolderId=0 FocusedIsOpt=False
[YgoDuelist]   opts[0] holderId=98482262210 model=Command_Defend
[YgoDuelist]   opts[1] holderId=3372287543869 model=Command_Attack
[YgoDuelist]   opts[2] holderId=97945391266 model=Command_Change_Battle_Position
[YgoDuelist]   opts[3] holderId=98213826738 model=Toggle_Die_For_You
[YgoDuelist]   opts[4] holderId=3918000049312 model=Exit_Monster_Options
[YgoDuelist] YgoSecondHandLayoutPatch: AFTER holder.Position.Y = -745
[YgoDuelist] YgoSecondHandLayoutPatch: AFTER holder.TargetPosition.Y = -745
[YgoDuelist] YgoSecondHandLayoutPatch: AFTER holder.Hitbox.Position.Y = -132
[YgoDuelist] YgoSecondHandLayoutPatch: AFTER holder.Position.Y = -745
[YgoDuelist] YgoSecondHandLayoutPatch: AFTER holder.TargetPosition.Y = -745
[YgoDuelist] YgoSecondHandLayoutPatch: AFTER holder.Hitbox.Position.Y = -132
[YgoDuelist] YgoSecondHandLayoutPatch: AFTER holder.Position.Y = -745
[YgoDuelist] YgoSecondHandLayoutPatch: AFTER holder.TargetPosition.Y = -745
[YgoDuelist] YgoSecondHandLayoutPatch: AFTER holder.Hitbox.Position.Y = -132
[YgoDuelist] YgoSecondHandLayoutPatch: AFTER holder.Position.Y = -745
[YgoDuelist] YgoSecondHandLayoutPatch: AFTER holder.TargetPosition.Y = -745
[YgoDuelist] YgoSecondHandLayoutPatch: AFTER holder.Hitbox.Position.Y = -132
[YgoDuelist] YgoSecondHandLayoutPatch: AFTER holder.Position.Y = -745
[YgoDuelist] YgoSecondHandLayoutPatch: AFTER holder.TargetPosition.Y = -745
[YgoDuelist] YgoSecondHandLayoutPatch: AFTER holder.Hitbox.Position.Y = -132
[YgoDuelist] YgoSecondHandLayoutPatch EXIT return false
[YgoDuelist] YgoSecondHandLayoutPatch ENTER all=7 main=2 opts=5 FocusedHolderId=3372287543869 FocusedIsOpt=True
[YgoDuelist]   opts[0] holderId=98482262210 model=Command_Defend
[YgoDuelist]   opts[1] holderId=3372287543869 model=Command_Attack
[YgoDuelist]   opts[2] holderId=97945391266 model=Command_Change_Battle_Position
[YgoDuelist]   opts[3] holderId=98213826738 model=Toggle_Die_For_You
[YgoDuelist]   opts[4] holderId=3918000049312 model=Exit_Monster_Options
[YgoDuelist] YgoSecondHandLayoutPatch: AFTER holder.Position.Y = -745
[YgoDuelist] YgoSecondHandLayoutPatch: AFTER holder.TargetPosition.Y = -745
[YgoDuelist] YgoSecondHandLayoutPatch: AFTER holder.Hitbox.Position.Y = -132
[YgoDuelist] YgoSecondHandLayoutPatch: AFTER holder.Position.Y = -745
[YgoDuelist] YgoSecondHandLayoutPatch: AFTER holder.TargetPosition.Y = -745
[YgoDuelist] YgoSecondHandLayoutPatch: AFTER holder.Hitbox.Position.Y = -132
[YgoDuelist] YgoSecondHandLayoutPatch: AFTER holder.Position.Y = -745
[YgoDuelist] YgoSecondHandLayoutPatch: AFTER holder.TargetPosition.Y = -745
[YgoDuelist] YgoSecondHandLayoutPatch: AFTER holder.Hitbox.Position.Y = -132
[YgoDuelist] YgoSecondHandLayoutPatch: AFTER holder.Position.Y = -745
[YgoDuelist] YgoSecondHandLayoutPatch: AFTER holder.TargetPosition.Y = -745
[YgoDuelist] YgoSecondHandLayoutPatch: AFTER holder.Hitbox.Position.Y = -132
[YgoDuelist] YgoSecondHandLayoutPatch: AFTER holder.Position.Y = -745
[YgoDuelist] YgoSecondHandLayoutPatch: AFTER holder.TargetPosition.Y = -745
[YgoDuelist] YgoSecondHandLayoutPatch: AFTER holder.Hitbox.Position.Y = -132
[YgoDuelist] YgoSecondHandLayoutPatch EXIT return false
[YgoDuelist] OnHolderPressed option holder id=3372287543869 card=Command_Attack
[YgoLifecycle] StartCardPlay S1_EnterPrefix holderId=3372287543869 model=Command_Attack index=3 inTree=True extra=needsSafePath=True
[YgoLifecycle] StartCardPlay S2_QueuedHolder holderId=3372287543869 model=Command_Attack index=3 inTree=True extra=queuedIndex=3
[YgoDuelist] YgoSecondHandLayoutPatch ENTER all=7 main=2 opts=5 FocusedHolderId=0 FocusedIsOpt=False
[YgoDuelist]   opts[0] holderId=98482262210 model=Command_Defend
[YgoDuelist]   opts[1] holderId=3372287543869 model=Command_Attack
[YgoDuelist]   opts[2] holderId=97945391266 model=Command_Change_Battle_Position
[YgoDuelist]   opts[3] holderId=98213826738 model=Toggle_Die_For_You
[YgoDuelist]   opts[4] holderId=3918000049312 model=Exit_Monster_Options
[YgoDuelist] YgoSecondHandLayoutPatch: AFTER holder.Position.Y = -745
[YgoDuelist] YgoSecondHandLayoutPatch: AFTER holder.TargetPosition.Y = -745
[YgoDuelist] YgoSecondHandLayoutPatch: AFTER holder.Hitbox.Position.Y = -132
[YgoDuelist] YgoSecondHandLayoutPatch: AFTER holder.Position.Y = -745
[YgoDuelist] YgoSecondHandLayoutPatch: AFTER holder.TargetPosition.Y = -745
[YgoDuelist] YgoSecondHandLayoutPatch: AFTER holder.Hitbox.Position.Y = -132
[YgoDuelist] YgoSecondHandLayoutPatch: AFTER holder.Position.Y = -745
[YgoDuelist] YgoSecondHandLayoutPatch: AFTER holder.TargetPosition.Y = -745
[YgoDuelist] YgoSecondHandLayoutPatch: AFTER holder.Hitbox.Position.Y = -132
[YgoDuelist] YgoSecondHandLayoutPatch: AFTER holder.Position.Y = -745
[YgoDuelist] YgoSecondHandLayoutPatch: AFTER holder.TargetPosition.Y = -745
[YgoDuelist] YgoSecondHandLayoutPatch: AFTER holder.Hitbox.Position.Y = -132
[YgoDuelist] YgoSecondHandLayoutPatch: AFTER holder.Position.Y = -745
[YgoDuelist] YgoSecondHandLayoutPatch: AFTER holder.TargetPosition.Y = -745
[YgoDuelist] YgoSecondHandLayoutPatch: AFTER holder.Hitbox.Position.Y = -132
[YgoDuelist] YgoSecondHandLayoutPatch EXIT return false
[YgoLifecycle] StartCardPlay S3_BeginDrag holderId=3372287543869 model=Command_Attack index=7 inTree=True extra=
[YgoLifecycle] StartCardPlay S4_CardPlayCreated holderId=3372287543869 model=Command_Attack index=7 inTree=True extra=cardPlayType=NMouseCardPlay
[YgoLifecycle] MouseStartAsync M1_Enter holderId=3372287543869 model=Command_Attack holderInTree=True selfInTree=True extra=
[YgoLifecycle] MouseStartAsync M4_StartCardDrag_BeginAwait holderId=3372287543869 model=Command_Attack holderInTree=True selfInTree=True extra=
[YgoLifecycle] MouseStartAsync M5_StartCardDrag_EndAwait holderId=3372287543869 model=Command_Attack holderInTree=True selfInTree=True extra=
[YgoDuelist] StartTargeting ENTER validTargetsType=AnyEnemy secondArgType=NCard
[YgoDuelist] StartTargeting POSTFIX cardPlay=NMouseCardPlay holderIsOption=True
[YgoDuelist] StartTargeting: option holder play - disabling exit-early condition so targeting/arrow stay active
[YgoDuelist] YgoSecondHandLayoutPatch ENTER all=6 main=2 opts=4 FocusedHolderId=0 FocusedIsOpt=False
[YgoDuelist]   opts[0] holderId=98482262210 model=Command_Defend
[YgoDuelist]   opts[1] holderId=97945391266 model=Command_Change_Battle_Position
[YgoDuelist]   opts[2] holderId=98213826738 model=Toggle_Die_For_You
[YgoDuelist]   opts[3] holderId=3918000049312 model=Exit_Monster_Options
[YgoDuelist] YgoSecondHandLayoutPatch: AFTER holder.Position.Y = -745
[YgoDuelist] YgoSecondHandLayoutPatch: AFTER holder.TargetPosition.Y = -745
[YgoDuelist] YgoSecondHandLayoutPatch: AFTER holder.Hitbox.Position.Y = -132
[YgoDuelist] YgoSecondHandLayoutPatch: AFTER holder.Position.Y = -745
[YgoDuelist] YgoSecondHandLayoutPatch: AFTER holder.TargetPosition.Y = -745
[YgoDuelist] YgoSecondHandLayoutPatch: AFTER holder.Hitbox.Position.Y = -132
[YgoDuelist] YgoSecondHandLayoutPatch: AFTER holder.Position.Y = -745
[YgoDuelist] YgoSecondHandLayoutPatch: AFTER holder.TargetPosition.Y = -745
[YgoDuelist] YgoSecondHandLayoutPatch: AFTER holder.Hitbox.Position.Y = -132
[YgoDuelist] YgoSecondHandLayoutPatch: AFTER holder.Position.Y = -745
[YgoDuelist] YgoSecondHandLayoutPatch: AFTER holder.TargetPosition.Y = -745
[YgoDuelist] YgoSecondHandLayoutPatch: AFTER holder.Hitbox.Position.Y = -132
[YgoDuelist] YgoSecondHandLayoutPatch EXIT return false
[YgoLifecycle] StartCardPlay S8_StartCalled holderId=3372287543869 model=Command_Attack index=7 inTree=True extra=
[YgoDuelist] StartCardPlay PREFIX: custom safe start path holderId=3372287543869 index=3 isOption=True
[YgoDuelist] StartCardPlay POSTFIX: option holder - NMouseCardPlay created and Start() called
[YgoDuelist] FinishTargeting: blocking (no hovered target, option holder) - wait for enemy click or right-click to cancel
[YgoDuelist] YgoSecondHandLayoutPatch ENTER all=6 main=2 opts=4 FocusedHolderId=97945391266 FocusedIsOpt=True
[YgoDuelist]   opts[0] holderId=98482262210 model=Command_Defend
[YgoDuelist]   opts[1] holderId=97945391266 model=Command_Change_Battle_Position
[YgoDuelist]   opts[2] holderId=98213826738 model=Toggle_Die_For_You
[YgoDuelist]   opts[3] holderId=3918000049312 model=Exit_Monster_Options
[YgoDuelist] YgoSecondHandLayoutPatch: AFTER holder.Position.Y = -745
[YgoDuelist] YgoSecondHandLayoutPatch: AFTER holder.TargetPosition.Y = -745
[YgoDuelist] YgoSecondHandLayoutPatch: AFTER holder.Hitbox.Position.Y = -132
[YgoDuelist] YgoSecondHandLayoutPatch: AFTER holder.Position.Y = -745
[YgoDuelist] YgoSecondHandLayoutPatch: AFTER holder.TargetPosition.Y = -745
[YgoDuelist] YgoSecondHandLayoutPatch: AFTER holder.Hitbox.Position.Y = -132
[YgoDuelist] YgoSecondHandLayoutPatch: AFTER holder.Position.Y = -745
[YgoDuelist] YgoSecondHandLayoutPatch: AFTER holder.TargetPosition.Y = -745
[YgoDuelist] YgoSecondHandLayoutPatch: AFTER holder.Hitbox.Position.Y = -132
[YgoDuelist] YgoSecondHandLayoutPatch: AFTER holder.Position.Y = -745
[YgoDuelist] YgoSecondHandLayoutPatch: AFTER holder.TargetPosition.Y = -745
[YgoDuelist] YgoSecondHandLayoutPatch: AFTER holder.Hitbox.Position.Y = -132
[YgoDuelist] YgoSecondHandLayoutPatch EXIT return false
[YgoDuelist] YgoSecondHandLayoutPatch ENTER all=6 main=2 opts=4 FocusedHolderId=0 FocusedIsOpt=False
[YgoDuelist]   opts[0] holderId=98482262210 model=Command_Defend
[YgoDuelist]   opts[1] holderId=97945391266 model=Command_Change_Battle_Position
[YgoDuelist]   opts[2] holderId=98213826738 model=Toggle_Die_For_You
[YgoDuelist]   opts[3] holderId=3918000049312 model=Exit_Monster_Options
[YgoDuelist] YgoSecondHandLayoutPatch: AFTER holder.Position.Y = -745
[YgoDuelist] YgoSecondHandLayoutPatch: AFTER holder.TargetPosition.Y = -745
[YgoDuelist] YgoSecondHandLayoutPatch: AFTER holder.Hitbox.Position.Y = -132
[YgoDuelist] YgoSecondHandLayoutPatch: AFTER holder.Position.Y = -745
[YgoDuelist] YgoSecondHandLayoutPatch: AFTER holder.TargetPosition.Y = -745
[YgoDuelist] YgoSecondHandLayoutPatch: AFTER holder.Hitbox.Position.Y = -132
[YgoDuelist] YgoSecondHandLayoutPatch: AFTER holder.Position.Y = -745
[YgoDuelist] YgoSecondHandLayoutPatch: AFTER holder.TargetPosition.Y = -745
[YgoDuelist] YgoSecondHandLayoutPatch: AFTER holder.Hitbox.Position.Y = -132
[YgoDuelist] YgoSecondHandLayoutPatch: AFTER holder.Position.Y = -745
[YgoDuelist] YgoSecondHandLayoutPatch: AFTER holder.TargetPosition.Y = -745
[YgoDuelist] YgoSecondHandLayoutPatch: AFTER holder.Hitbox.Position.Y = -132
[YgoDuelist] YgoSecondHandLayoutPatch EXIT return false
[YgoDuelist] YgoSecondHandLayoutPatch ENTER all=6 main=2 opts=4 FocusedHolderId=98213826738 FocusedIsOpt=True
[YgoDuelist]   opts[0] holderId=98482262210 model=Command_Defend
[YgoDuelist]   opts[1] holderId=97945391266 model=Command_Change_Battle_Position
[YgoDuelist]   opts[2] holderId=98213826738 model=Toggle_Die_For_You
[YgoDuelist]   opts[3] holderId=3918000049312 model=Exit_Monster_Options
[YgoDuelist] YgoSecondHandLayoutPatch: AFTER holder.Position.Y = -745
[YgoDuelist] YgoSecondHandLayoutPatch: AFTER holder.TargetPosition.Y = -745
[YgoDuelist] YgoSecondHandLayoutPatch: AFTER holder.Hitbox.Position.Y = -132
[YgoDuelist] YgoSecondHandLayoutPatch: AFTER holder.Position.Y = -745
[YgoDuelist] YgoSecondHandLayoutPatch: AFTER holder.TargetPosition.Y = -745
[YgoDuelist] YgoSecondHandLayoutPatch: AFTER holder.Hitbox.Position.Y = -132
[YgoDuelist] YgoSecondHandLayoutPatch: AFTER holder.Position.Y = -745
[YgoDuelist] YgoSecondHandLayoutPatch: AFTER holder.TargetPosition.Y = -745
[YgoDuelist] YgoSecondHandLayoutPatch: AFTER holder.Hitbox.Position.Y = -132
[YgoDuelist] YgoSecondHandLayoutPatch: AFTER holder.Position.Y = -745
[YgoDuelist] YgoSecondHandLayoutPatch: AFTER holder.TargetPosition.Y = -745
[YgoDuelist] YgoSecondHandLayoutPatch: AFTER holder.Hitbox.Position.Y = -132
[YgoDuelist] YgoSecondHandLayoutPatch EXIT return false
[YgoDuelist] YgoSecondHandLayoutPatch ENTER all=6 main=2 opts=4 FocusedHolderId=0 FocusedIsOpt=False
[YgoDuelist]   opts[0] holderId=98482262210 model=Command_Defend
[YgoDuelist]   opts[1] holderId=97945391266 model=Command_Change_Battle_Position
[YgoDuelist]   opts[2] holderId=98213826738 model=Toggle_Die_For_You
[YgoDuelist]   opts[3] holderId=3918000049312 model=Exit_Monster_Options
[YgoDuelist] YgoSecondHandLayoutPatch: AFTER holder.Position.Y = -745
[YgoDuelist] YgoSecondHandLayoutPatch: AFTER holder.TargetPosition.Y = -745
[YgoDuelist] YgoSecondHandLayoutPatch: AFTER holder.Hitbox.Position.Y = -132
[YgoDuelist] YgoSecondHandLayoutPatch: AFTER holder.Position.Y = -745
[YgoDuelist] YgoSecondHandLayoutPatch: AFTER holder.TargetPosition.Y = -745
[YgoDuelist] YgoSecondHandLayoutPatch: AFTER holder.Hitbox.Position.Y = -132
[YgoDuelist] YgoSecondHandLayoutPatch: AFTER holder.Position.Y = -745
[YgoDuelist] YgoSecondHandLayoutPatch: AFTER holder.TargetPosition.Y = -745
[YgoDuelist] YgoSecondHandLayoutPatch: AFTER holder.Hitbox.Position.Y = -132
[YgoDuelist] YgoSecondHandLayoutPatch: AFTER holder.Position.Y = -745
[YgoDuelist] YgoSecondHandLayoutPatch: AFTER holder.TargetPosition.Y = -745
[YgoDuelist] YgoSecondHandLayoutPatch: AFTER holder.Hitbox.Position.Y = -132
[YgoDuelist] YgoSecondHandLayoutPatch EXIT return false
[DEBUG] [NetQualityTracker] Connection statistics at 08:26:44:
[DEBUG] [NetQualityTracker] 	76561198345121322 - Ping: 61.986004. Packet Loss: 3E-45.
[YgoLifecycle] MouseStartAsync M10_TargetSelectionCompleted holderId=3372287543869 model=Command_Attack holderInTree=True selfInTree=True extra=targetMode=ClickMouseToTarget
[YgoLifecycle] MouseStartAsync M13_InvokeTryPlayCard holderId=3372287543869 model=Command_Attack holderInTree=True selfInTree=True extra=
[YgoDuelist] TryPlayCard ENTER option holder TargetType=AnyEnemy target=CREATURE
[DEBUG] [ActionQueueSynchronizer] Sending message to host requesting to enqueue action PlayCardAction card: CARD.YGODUELIST-COMMAND_ATTACK (60530217) index: 2073 targetid: 3 at 08:26:44
[YgoLifecycle] StartCardPlay S5_FinishedSignal holderId=3372287543869 model=Command_Attack index=7 inTree=True extra=success=True
[YgoLifecycle] OptionHandUi O3_ShouldScrap_Decision holderId=3372287543869 model=Command_Attack inTree=True visible=True inActive=False extra=playerNull=False cardInOptionPile=True shouldScrap=False
[YgoLifecycle] StartCardPlay S6b_SuccessPathScrapDecision holderId=3372287543869 model=Command_Attack index=7 inTree=True extra=shouldScrap=False
[YgoDuelist] YgoSecondHandLayoutPatch ENTER all=6 main=2 opts=4 FocusedHolderId=0 FocusedIsOpt=False
[YgoDuelist]   opts[0] holderId=98482262210 model=Command_Defend
[YgoDuelist]   opts[1] holderId=97945391266 model=Command_Change_Battle_Position
[YgoDuelist]   opts[2] holderId=98213826738 model=Toggle_Die_For_You
[YgoDuelist]   opts[3] holderId=3918000049312 model=Exit_Monster_Options
[YgoDuelist] YgoSecondHandLayoutPatch: AFTER holder.Position.Y = -745
[YgoDuelist] YgoSecondHandLayoutPatch: AFTER holder.TargetPosition.Y = -745
[YgoDuelist] YgoSecondHandLayoutPatch: AFTER holder.Hitbox.Position.Y = -132
[YgoDuelist] YgoSecondHandLayoutPatch: AFTER holder.Position.Y = -745
[YgoDuelist] YgoSecondHandLayoutPatch: AFTER holder.TargetPosition.Y = -745
[YgoDuelist] YgoSecondHandLayoutPatch: AFTER holder.Hitbox.Position.Y = -132
[YgoDuelist] YgoSecondHandLayoutPatch: AFTER holder.Position.Y = -745
[YgoDuelist] YgoSecondHandLayoutPatch: AFTER holder.TargetPosition.Y = -745
[YgoDuelist] YgoSecondHandLayoutPatch: AFTER holder.Hitbox.Position.Y = -132
[YgoDuelist] YgoSecondHandLayoutPatch: AFTER holder.Position.Y = -745
[YgoDuelist] YgoSecondHandLayoutPatch: AFTER holder.TargetPosition.Y = -745
[YgoDuelist] YgoSecondHandLayoutPatch: AFTER holder.Hitbox.Position.Y = -132
[YgoDuelist] YgoSecondHandLayoutPatch EXIT return false
[YgoLifecycle] StartCardPlay S7_FinishedCleanupDone holderId=3372287543869 model=Command_Attack index=7 inTree=True extra=
[DEBUG] [NetMessageBus] Received message ActionEnqueuedMessage PlayerID: 76561198136285041 Action: NetPlayCardAction (NetCombatCard 2073) target: 3 Source Location: act 0 coord (0, 1) (card: Command Attack), sending to 1 handlers
[VERYDEBUG] [RunLocationTargetedMessageBuffer] Handling map-targeted message ActionEnqueuedMessage PlayerID: 76561198136285041 Action: NetPlayCardAction (NetCombatCard 2073) target: 3 Source Location: act 0 coord (0, 1) (card: Command Attack) from 76561198345121322 for location act 0 coord (0, 1)
[DEBUG] [ActionQueueSynchronizer] Received handle action enqueued message ActionEnqueuedMessage PlayerID: 76561198136285041 Action: NetPlayCardAction (NetCombatCard 2073) target: 3 Source Location: act 0 coord (0, 1) (card: Command Attack) at 08:26:44
[DEBUG] [ActionQueueSynchronizer] Enqueueing action PlayCardAction card: CARD.YGODUELIST-COMMAND_ATTACK (60530217) index: 2073 targetid: 3 from owner 76561198136285041
[DEBUG] [ActionQueueSet] Enqueueing action PlayCardAction card: CARD.YGODUELIST-COMMAND_ATTACK (60530217) index: 2073 targetid: 3 to player queue owned by 76561198136285041
[DEBUG] [ActionExecutor] Action queue changed, beginning ExecuteActions
[VERYDEBUG] [ActionQueueSet] Attempting to find ready action
[VERYDEBUG] [ActionQueueSet] Queue for player 76561198345121322 is empty
[VERYDEBUG] [ActionQueueSet] Action PlayCardAction card: CARD.YGODUELIST-COMMAND_ATTACK (60530217) index: 2073 targetid: 3 with id 44 belonging to 76561198136285041 becomes new ready action
[VERYDEBUG] [ActionQueueSet] Got ready action PlayCardAction card: CARD.YGODUELIST-COMMAND_ATTACK (60530217) index: 2073 targetid: 3 (44)
[DEBUG] [ActionExecutor] Executing action: PlayCardAction card: CARD.YGODUELIST-COMMAND_ATTACK (60530217) index: 2073 targetid: 3
[VERYDEBUG] [GameAction] Action PlayCardAction card: CARD.YGODUELIST-COMMAND_ATTACK (60530217) index: 2073 targetid: 3 began executing
[YgoDuelist] PlayCardFromOptionPile: ExecutePlayFromOptionPileAsync START
[YgoDuelist] PlayCardFromOptionPile: card=YGODUELIST-COMMAND_ATTACK type=Command_Attack TargetType=AnyEnemy
[YgoDuelist][MP][OptionPile] post-target-resolve card=YGODUELIST-COMMAND_ATTACK source=YGODUELIST-EARTH_EFFIGY sourcePetId=8 actionTargetId=3 resolvedTargetCombatId=3
[YgoDuelist][MP][Command_Attack] OnPlay source=YGODUELIST-EARTH_EFFIGY targetCombat=3 owner=76561198136285041
[YgoDuelist] Hover start on duel pet: DuelMonsterModel
[YgoDuelist] Right mouse button pressed.
[YgoDuelist] Right-click on duel pet: DuelMonsterModel
[DEBUG] [ActionQueueSynchronizer] Sending message to host requesting to enqueue action YgoMonsterMenuCommandGameAction owner=76561198136285041 OpenMonsterOptions pet=6 at 08:26:45
[YgoDuelist][MP][Queue] OpenMonsterOptions -> YgoMonsterMenuCommandGameAction owner=76561198136285041 OpenMonsterOptions pet=6
[YgoDuelist][MP] OpenMonsterOptions enqueued ownerNetId=76561198136285041 petCombatId=6
[DEBUG] [NetMessageBus] Received message ActionEnqueuedMessage PlayerID: 76561198136285041 Action: YgoDuelist.YgoDuelistCode.GameActions.NetYgoMonsterMenuCommandAction Source Location: act 0 coord (0, 1) , sending to 1 handlers
[VERYDEBUG] [RunLocationTargetedMessageBuffer] Handling map-targeted message ActionEnqueuedMessage PlayerID: 76561198136285041 Action: YgoDuelist.YgoDuelistCode.GameActions.NetYgoMonsterMenuCommandAction Source Location: act 0 coord (0, 1)  from 76561198345121322 for location act 0 coord (0, 1)
[DEBUG] [ActionQueueSynchronizer] Received handle action enqueued message ActionEnqueuedMessage PlayerID: 76561198136285041 Action: YgoDuelist.YgoDuelistCode.GameActions.NetYgoMonsterMenuCommandAction Source Location: act 0 coord (0, 1)  at 08:26:46
[DEBUG] [ActionQueueSynchronizer] Enqueueing action YgoMonsterMenuCommandGameAction owner=76561198136285041 OpenMonsterOptions pet=6 from owner 76561198136285041
[DEBUG] [ActionQueueSet] Enqueueing action YgoMonsterMenuCommandGameAction owner=76561198136285041 OpenMonsterOptions pet=6 to player queue owned by 76561198136285041
[YgoDuelist] PlayCardFromOptionPile: ExecutePlayFromOptionPileAsync END
[VERYDEBUG] [GameAction] Action PlayCardAction card: CARD.YGODUELIST-COMMAND_ATTACK (60530217) index: 2073 targetid: 3 finished execution
[DEBUG] [ChecksumTracker] Generating checksum for context: after executing action PlayCardAction card: CARD.YGODUELIST-COMMAND_ATTACK (60530217) index: 2073 targetid: 3 action: PlayCardAction card: CARD.YGODUELIST-COMMAND_ATTACK (60530217) index: 2073 targetid: 3 id: 46
[YgoDuelist][MP][Checksum][fp] netId=76561198136285041 | pt=1 n=9:YGODUELIST-ARCANE_ARCHER_OF_THE_FOREST0bYgoDieForYouUserToggleOnFalseiPermanentAtkBonusFromExecutes01010000,20019,20043,YGODUELIST-DEFEND_YGO_DUELIST010,YGODUELIST-DEFEND_YGO_DUELIST010,YGODUELIST-OUTSTANDING_DOG_MARRON0bYgoDieForYouUserToggleOnFalseiPermanentAtkBonusFromExecutes01010004,20001,YGODUELIST-ROCKET_JUMPER0bYgoDieForYouUserToggleOnFalseiPermanentAtkBonusFromExecutes01010000,20015,20043,20045,YGODUELIST-SKELENGEL0bYgoDieForYouUserToggleOnFalseiPermanentAtkBonusFromExecutes01010004,20006,20041,YGODUELIST-STRIKE_YGO_DUELIST010,YGODUELIST-STRIKE_YGO_DUELIST010,YGODUELIST-TRAP_OF_BOARD_ERASER01010009,10011 | pt=2 n=2:YGODUELIST-DEFEND_YGO_DUELIST010,YGODUELIST-STRIKE_YGO_DUELIST010 | pt=3 n=0: | pt=4 n=0: | pt=5 n=0: | pt=932200512 n=0: | pt=932200513 n=0: | pt=932200514 n=0: | pt=932200515 n=1:YGODUELIST-HOURGLASS_OF_COURAGE0bYgoDieForYouUserToggleOnFalseiPermanentAtkBonusFromExecutes01010004,20006,20043 | pt=932200516 n=3:YGODUELIST-EARTH_EFFIGY0bYgoDieForYouUserToggleOnFalseiPermanentAtkBonusFromExecutes01010000,20015,20043,YGODUELIST-FIRE_SORCERER0bYgoDieForYouUserToggleOnFalseiPermanentAtkBonusFromExecutes01010002,20017,20041,20043,YGODUELIST-TOTAL_DEFENSE_SHOGUN0bYgoDieForYouUserToggleOnFalseiPermanentAtkBonusFromExecutes01010005,20019,20034,20043 | pt=932200517 n=4:YGODUELIST-BURNING_LAND01010009,20024,YGODUELIST-GAIA_POWER01010009,20027,YGODUELIST-OJAMA_TRIO01010009,10011,YGODUELIST-RECKLESS_GREED01010009,10011 | pt=932200518 n=0:
[YgoDuelist][MP][Checksum][fp] netId=76561198345121322 | pt=1 n=1:YGODUELIST-DEFEND_YGO_DUELIST010 | pt=2 n=5:YGODUELIST-DEFEND_YGO_DUELIST010,YGODUELIST-FIRE_PRINCESS0bYgoDieForYouUserToggleOnFalseiPermanentAtkBonusFromExecutes01010002,20013,20043,YGODUELIST-KURAMA0bYgoDieForYouUserToggleOnFalseiPermanentAtkBonusFromExecutes01010003,20020,20043,YGODUELIST-STRIKE_YGO_DUELIST010,YGODUELIST-ZABORG_THE_THUNDER_MONARCH0bYgoDieForYouUserToggleOnFalseiPermanentAtkBonusFromExecutes01010004,20018,20034,20043 | pt=3 n=4:GREED0104,7,YGODUELIST-DEFEND_YGO_DUELIST010,YGODUELIST-STRIKE_YGO_DUELIST010,YGODUELIST-STRIKE_YGO_DUELIST010 | pt=4 n=0: | pt=5 n=0: | pt=932200512 n=0: | pt=932200513 n=1:YGODUELIST-THE_LAST_WARRIOR_FROM_ANOTHER_PLANET0bYgoDieForYouUserToggleOnFalseiPermanentAtkBonusFromExecutes0iSummonAbsorbPrintedDefBonus01010000,20019,20036,20043 | pt=932200514 n=0: | pt=932200515 n=0: | pt=932200516 n=2:YGODUELIST-QUEEN_S_DOUBLE0bYgoDieForYouUserToggleOnFalseiPermanentAtkBonusFromExecutes01010000,20019,20045,YGODUELIST-VERSAGO_THE_DESTROYER0bYgoDieForYouUserToggleOnFalseiPermanentAtkBonusFromExecutes01010005,20007,20043 | pt=932200517 n=2:YGODUELIST-RAIGEKI_BREAK01010009,10011,20045,YGODUELIST-YELLOW_LUSTER_SHIELD01010009,20024 | pt=932200518 n=0:
[DEBUG] [ActionExecutor] Completed execution of action PlayCardAction card: CARD.YGODUELIST-COMMAND_ATTACK (60530217) index: 2073 targetid: 3, attempting to find new action
[VERYDEBUG] [ActionQueueSet] Attempting to find ready action
[VERYDEBUG] [ActionQueueSet] Queue for player 76561198345121322 is empty
[VERYDEBUG] [ActionQueueSet] Action YgoMonsterMenuCommandGameAction owner=76561198136285041 OpenMonsterOptions pet=6 with id 45 belonging to 76561198136285041 becomes new ready action
[VERYDEBUG] [ActionQueueSet] Got ready action YgoMonsterMenuCommandGameAction owner=76561198136285041 OpenMonsterOptions pet=6 (45)
[DEBUG] [ActionExecutor] Executing action: YgoMonsterMenuCommandGameAction owner=76561198136285041 OpenMonsterOptions pet=6
[VERYDEBUG] [GameAction] Action YgoMonsterMenuCommandGameAction owner=76561198136285041 OpenMonsterOptions pet=6 began executing
[YgoDuelist][MP] YgoMonsterMenuCommandGameAction: kind=OpenMonsterOptions ownerNetId=76561198136285041 petCombatId=6 hasEnemy=False
[YgoDuelist] OnSecondHandCardsChanged ENTER player=27072766 cardsCount=5
[YgoDuelist]   cards[0]=Command_Defend id=2597239
[YgoDuelist]   cards[1]=Command_Attack id=23375159
[YgoDuelist]   cards[2]=Command_Change_Battle_Position id=9049843
[YgoDuelist]   cards[3]=Toggle_Die_For_You id=14339723
[YgoDuelist]   cards[4]=Exit_Monster_Options id=61948650
[YgoDuelist] RebuildForPlayer START handId=2911551624445 cardsCount=5
[YgoDuelist] TearDownSecondHandRow REMOVING 5 holders
[YgoDuelist] YgoSecondHandLayoutPatch ENTER all=5 main=2 opts=3 FocusedHolderId=0 FocusedIsOpt=False
[YgoDuelist]   opts[0] holderId=97945391266 model=Command_Change_Battle_Position
[YgoDuelist]   opts[1] holderId=98213826738 model=Toggle_Die_For_You
[YgoDuelist]   opts[2] holderId=3918000049312 model=Exit_Monster_Options
[YgoDuelist] YgoSecondHandLayoutPatch: AFTER holder.Position.Y = -745
[YgoDuelist] YgoSecondHandLayoutPatch: AFTER holder.TargetPosition.Y = -745
[YgoDuelist] YgoSecondHandLayoutPatch: AFTER holder.Hitbox.Position.Y = -132
[YgoDuelist] YgoSecondHandLayoutPatch: AFTER holder.Position.Y = -745
[YgoDuelist] YgoSecondHandLayoutPatch: AFTER holder.TargetPosition.Y = -745
[YgoDuelist] YgoSecondHandLayoutPatch: AFTER holder.Hitbox.Position.Y = -132
[YgoDuelist] YgoSecondHandLayoutPatch: AFTER holder.Position.Y = -745
[YgoDuelist] YgoSecondHandLayoutPatch: AFTER holder.TargetPosition.Y = -745
[YgoDuelist] YgoSecondHandLayoutPatch: AFTER holder.Hitbox.Position.Y = -132
[YgoDuelist] YgoSecondHandLayoutPatch EXIT return false
[YgoDuelist] YgoSecondHandLayoutPatch ENTER all=4 main=2 opts=2 FocusedHolderId=0 FocusedIsOpt=False
[YgoDuelist]   opts[0] holderId=98213826738 model=Toggle_Die_For_You
[YgoDuelist]   opts[1] holderId=3918000049312 model=Exit_Monster_Options
[YgoDuelist] YgoSecondHandLayoutPatch: AFTER holder.Position.Y = -745
[YgoDuelist] YgoSecondHandLayoutPatch: AFTER holder.TargetPosition.Y = -745
[YgoDuelist] YgoSecondHandLayoutPatch: AFTER holder.Hitbox.Position.Y = -132
[YgoDuelist] YgoSecondHandLayoutPatch: AFTER holder.Position.Y = -745
[YgoDuelist] YgoSecondHandLayoutPatch: AFTER holder.TargetPosition.Y = -745
[YgoDuelist] YgoSecondHandLayoutPatch: AFTER holder.Hitbox.Position.Y = -132
[YgoDuelist] YgoSecondHandLayoutPatch EXIT return false
[YgoDuelist] YgoSecondHandLayoutPatch ENTER all=3 main=2 opts=1 FocusedHolderId=0 FocusedIsOpt=False
[YgoDuelist]   opts[0] holderId=3918000049312 model=Exit_Monster_Options
[YgoDuelist] YgoSecondHandLayoutPatch: AFTER holder.Position.Y = -745
[YgoDuelist] YgoSecondHandLayoutPatch: AFTER holder.TargetPosition.Y = -745
[YgoDuelist] YgoSecondHandLayoutPatch: AFTER holder.Hitbox.Position.Y = -132
[YgoDuelist] YgoSecondHandLayoutPatch EXIT return false
[YgoDuelist] YgoSecondHandLayoutPatch ENTER all=2 main=2 opts=0 FocusedHolderId=0 FocusedIsOpt=False
[YgoDuelist] YgoSecondHandLayoutPatch EXIT return false
[YgoDuelist] RebuildForPlayer ADDING 5 holders
[YgoDuelist]   add[0] CREATE holderId=3822772571904 model=Command_Defend
[YgoDuelist] RegisterOptionHolder ENTER handId=2911551624445 holderId=3822772571904 index=-1 handChildCountBefore=8
[YgoDuelist] YgoSecondHandLayoutPatch ENTER all=3 main=2 opts=1 FocusedHolderId=0 FocusedIsOpt=False
[YgoDuelist]   opts[0] holderId=3822772571904 model=?
[YgoDuelist] YgoSecondHandLayoutPatch: AFTER holder.Position.Y = -745
[YgoDuelist] YgoSecondHandLayoutPatch: AFTER holder.TargetPosition.Y = -745
[YgoDuelist] YgoSecondHandLayoutPatch: AFTER holder.Hitbox.Position.Y = -132
[YgoDuelist] YgoSecondHandLayoutPatch EXIT return false
[YgoDuelist] RegisterOptionHolder EXIT handId=2911551624445 holderId=3822772571904 handChildCountAfter=8 holderIsInsideTree=True
[YgoDuelist]   add[0] after RegisterOptionHolder holderId=3822772571904 IsInsideTree=True ChildCount=8
[WARN] [BaseLib] GetRawText: Key 'YGO_ATTRIBUTE_DARK.title' not found in table 'static_hover_tips'
[WARN] [BaseLib] GetRawText: Key 'YGO_ATTRIBUTE_DARK.description' not found in table 'static_hover_tips'
[WARN] [BaseLib] GetRawText: Key 'YGO_RACE_WARRIOR.title' not found in table 'static_hover_tips'
[WARN] [BaseLib] GetRawText: Key 'YGO_RACE_WARRIOR.description' not found in table 'static_hover_tips'
[YgoDuelist]   add[0] after Initialize holderId=3822772571904 CardNode=3956335988889 CardModel=Command_Defend
[YgoDuelist]   add[1] CREATE holderId=97593069709 model=Command_Attack
[YgoDuelist] RegisterOptionHolder ENTER handId=2911551624445 holderId=97593069709 index=-1 handChildCountBefore=8
[YgoDuelist] YgoSecondHandLayoutPatch ENTER all=4 main=2 opts=2 FocusedHolderId=0 FocusedIsOpt=False
[YgoDuelist]   opts[0] holderId=3822772571904 model=Command_Defend
[YgoDuelist]   opts[1] holderId=97593069709 model=?
[YgoDuelist] YgoSecondHandLayoutPatch: AFTER holder.Position.Y = -745
[YgoDuelist] YgoSecondHandLayoutPatch: AFTER holder.TargetPosition.Y = -745
[YgoDuelist] YgoSecondHandLayoutPatch: AFTER holder.Hitbox.Position.Y = -132
[YgoDuelist] YgoSecondHandLayoutPatch: AFTER holder.Position.Y = -745
[YgoDuelist] YgoSecondHandLayoutPatch: AFTER holder.TargetPosition.Y = -745
[YgoDuelist] YgoSecondHandLayoutPatch: AFTER holder.Hitbox.Position.Y = -132
[YgoDuelist] YgoSecondHandLayoutPatch EXIT return false
[YgoDuelist] RegisterOptionHolder EXIT handId=2911551624445 holderId=97593069709 handChildCountAfter=8 holderIsInsideTree=True
[YgoDuelist]   add[1] after RegisterOptionHolder holderId=97593069709 IsInsideTree=True ChildCount=8
[WARN] [BaseLib] GetRawText: Key 'YGO_ATTRIBUTE_DARK.title' not found in table 'static_hover_tips'
[WARN] [BaseLib] GetRawText: Key 'YGO_ATTRIBUTE_DARK.description' not found in table 'static_hover_tips'
[WARN] [BaseLib] GetRawText: Key 'YGO_RACE_WARRIOR.title' not found in table 'static_hover_tips'
[WARN] [BaseLib] GetRawText: Key 'YGO_RACE_WARRIOR.description' not found in table 'static_hover_tips'
[YgoDuelist]   add[1] after Initialize holderId=97593069709 CardNode=3958366032064 CardModel=Command_Attack
[YgoDuelist]   add[2] CREATE holderId=98079609002 model=Command_Change_Battle_Position
[YgoDuelist] RegisterOptionHolder ENTER handId=2911551624445 holderId=98079609002 index=-1 handChildCountBefore=8
[YgoDuelist] YgoSecondHandLayoutPatch ENTER all=5 main=2 opts=3 FocusedHolderId=0 FocusedIsOpt=False
[YgoDuelist]   opts[0] holderId=3822772571904 model=Command_Defend
[YgoDuelist]   opts[1] holderId=97593069709 model=Command_Attack
[YgoDuelist]   opts[2] holderId=98079609002 model=?
[YgoDuelist] YgoSecondHandLayoutPatch: AFTER holder.Position.Y = -745
[YgoDuelist] YgoSecondHandLayoutPatch: AFTER holder.TargetPosition.Y = -745
[YgoDuelist] YgoSecondHandLayoutPatch: AFTER holder.Hitbox.Position.Y = -132
[YgoDuelist] YgoSecondHandLayoutPatch: AFTER holder.Position.Y = -745
[YgoDuelist] YgoSecondHandLayoutPatch: AFTER holder.TargetPosition.Y = -745
[YgoDuelist] YgoSecondHandLayoutPatch: AFTER holder.Hitbox.Position.Y = -132
[YgoDuelist] YgoSecondHandLayoutPatch: AFTER holder.Position.Y = -745
[YgoDuelist] YgoSecondHandLayoutPatch: AFTER holder.TargetPosition.Y = -745
[YgoDuelist] YgoSecondHandLayoutPatch: AFTER holder.Hitbox.Position.Y = -132
[YgoDuelist] YgoSecondHandLayoutPatch EXIT return false
[YgoDuelist] RegisterOptionHolder EXIT handId=2911551624445 holderId=98079609002 handChildCountAfter=8 holderIsInsideTree=True
[YgoDuelist]   add[2] after RegisterOptionHolder holderId=98079609002 IsInsideTree=True ChildCount=8
[WARN] [BaseLib] GetRawText: Key 'YGO_ATTRIBUTE_DARK.title' not found in table 'static_hover_tips'
[WARN] [BaseLib] GetRawText: Key 'YGO_ATTRIBUTE_DARK.description' not found in table 'static_hover_tips'
[WARN] [BaseLib] GetRawText: Key 'YGO_RACE_WARRIOR.title' not found in table 'static_hover_tips'
[WARN] [BaseLib] GetRawText: Key 'YGO_RACE_WARRIOR.description' not found in table 'static_hover_tips'
[YgoDuelist]   add[2] after Initialize holderId=98079609002 CardNode=3960463184350 CardModel=Command_Change_Battle_Position
[YgoDuelist]   add[3] CREATE holderId=98348044474 model=Toggle_Die_For_You
[YgoDuelist] RegisterOptionHolder ENTER handId=2911551624445 holderId=98348044474 index=-1 handChildCountBefore=8
[YgoDuelist] YgoSecondHandLayoutPatch ENTER all=6 main=2 opts=4 FocusedHolderId=0 FocusedIsOpt=False
[YgoDuelist]   opts[0] holderId=3822772571904 model=Command_Defend
[YgoDuelist]   opts[1] holderId=97593069709 model=Command_Attack
[YgoDuelist]   opts[2] holderId=98079609002 model=Command_Change_Battle_Position
[YgoDuelist]   opts[3] holderId=98348044474 model=?
[YgoDuelist] YgoSecondHandLayoutPatch: AFTER holder.Position.Y = -745
[YgoDuelist] YgoSecondHandLayoutPatch: AFTER holder.TargetPosition.Y = -745
[YgoDuelist] YgoSecondHandLayoutPatch: AFTER holder.Hitbox.Position.Y = -132
[YgoDuelist] YgoSecondHandLayoutPatch: AFTER holder.Position.Y = -745
[YgoDuelist] YgoSecondHandLayoutPatch: AFTER holder.TargetPosition.Y = -745
[YgoDuelist] YgoSecondHandLayoutPatch: AFTER holder.Hitbox.Position.Y = -132
[YgoDuelist] YgoSecondHandLayoutPatch: AFTER holder.Position.Y = -745
[YgoDuelist] YgoSecondHandLayoutPatch: AFTER holder.TargetPosition.Y = -745
[YgoDuelist] YgoSecondHandLayoutPatch: AFTER holder.Hitbox.Position.Y = -132
[YgoDuelist] YgoSecondHandLayoutPatch: AFTER holder.Position.Y = -745
[YgoDuelist] YgoSecondHandLayoutPatch: AFTER holder.TargetPosition.Y = -745
[YgoDuelist] YgoSecondHandLayoutPatch: AFTER holder.Hitbox.Position.Y = -132
[YgoDuelist] YgoSecondHandLayoutPatch EXIT return false
[YgoDuelist] RegisterOptionHolder EXIT handId=2911551624445 holderId=98348044474 handChildCountAfter=8 holderIsInsideTree=True
[YgoDuelist]   add[3] after RegisterOptionHolder holderId=98348044474 IsInsideTree=True ChildCount=8
[WARN] [BaseLib] GetRawText: Key 'YGO_ATTRIBUTE_DARK.title' not found in table 'static_hover_tips'
[WARN] [BaseLib] GetRawText: Key 'YGO_ATTRIBUTE_DARK.description' not found in table 'static_hover_tips'
[WARN] [BaseLib] GetRawText: Key 'YGO_RACE_WARRIOR.title' not found in table 'static_hover_tips'
[WARN] [BaseLib] GetRawText: Key 'YGO_RACE_WARRIOR.description' not found in table 'static_hover_tips'
[YgoDuelist]   add[3] after Initialize holderId=98348044474 CardNode=3962560335714 CardModel=Toggle_Die_For_You
[YgoDuelist]   add[4] CREATE holderId=3964271611748 model=Exit_Monster_Options
[YgoDuelist] RegisterOptionHolder ENTER handId=2911551624445 holderId=3964271611748 index=-1 handChildCountBefore=8
[YgoDuelist] YgoSecondHandLayoutPatch ENTER all=7 main=2 opts=5 FocusedHolderId=0 FocusedIsOpt=False
[YgoDuelist]   opts[0] holderId=3822772571904 model=Command_Defend
[YgoDuelist]   opts[1] holderId=97593069709 model=Command_Attack
[YgoDuelist]   opts[2] holderId=98079609002 model=Command_Change_Battle_Position
[YgoDuelist]   opts[3] holderId=98348044474 model=Toggle_Die_For_You
[YgoDuelist]   opts[4] holderId=3964271611748 model=?
[YgoDuelist] YgoSecondHandLayoutPatch: AFTER holder.Position.Y = -745
[YgoDuelist] YgoSecondHandLayoutPatch: AFTER holder.TargetPosition.Y = -745
[YgoDuelist] YgoSecondHandLayoutPatch: AFTER holder.Hitbox.Position.Y = -132
[YgoDuelist] YgoSecondHandLayoutPatch: AFTER holder.Position.Y = -745
[YgoDuelist] YgoSecondHandLayoutPatch: AFTER holder.TargetPosition.Y = -745
[YgoDuelist] YgoSecondHandLayoutPatch: AFTER holder.Hitbox.Position.Y = -132
[YgoDuelist] YgoSecondHandLayoutPatch: AFTER holder.Position.Y = -745
[YgoDuelist] YgoSecondHandLayoutPatch: AFTER holder.TargetPosition.Y = -745
[YgoDuelist] YgoSecondHandLayoutPatch: AFTER holder.Hitbox.Position.Y = -132
[YgoDuelist] YgoSecondHandLayoutPatch: AFTER holder.Position.Y = -745
[YgoDuelist] YgoSecondHandLayoutPatch: AFTER holder.TargetPosition.Y = -745
[YgoDuelist] YgoSecondHandLayoutPatch: AFTER holder.Hitbox.Position.Y = -132
[YgoDuelist] YgoSecondHandLayoutPatch: AFTER holder.Position.Y = -86.91667
[YgoDuelist] YgoSecondHandLayoutPatch: AFTER holder.TargetPosition.Y = -745
[YgoDuelist] YgoSecondHandLayoutPatch: AFTER holder.Hitbox.Position.Y = -132
[YgoDuelist] YgoSecondHandLayoutPatch EXIT return false
[YgoDuelist] RegisterOptionHolder EXIT handId=2911551624445 holderId=3964271611748 handChildCountAfter=8 holderIsInsideTree=True
[YgoDuelist]   add[4] after RegisterOptionHolder holderId=3964271611748 IsInsideTree=True ChildCount=8
[WARN] [BaseLib] GetRawText: Key 'YGO_ATTRIBUTE_DARK.title' not found in table 'static_hover_tips'
[WARN] [BaseLib] GetRawText: Key 'YGO_ATTRIBUTE_DARK.description' not found in table 'static_hover_tips'
[WARN] [BaseLib] GetRawText: Key 'YGO_RACE_WARRIOR.title' not found in table 'static_hover_tips'
[WARN] [BaseLib] GetRawText: Key 'YGO_RACE_WARRIOR.description' not found in table 'static_hover_tips'
[YgoDuelist]   add[4] after Initialize holderId=3964271611748 CardNode=3964858814368 CardModel=Exit_Monster_Options
[YgoDuelist] RebuildForPlayer END totalHolders=5 handActiveHoldersCount=7
[YgoDuelist] OnSecondHandCardsChanged EXIT RebuildForPlayer done
[YgoDuelist][MP][OptionPile] OpenMonsterOptions: player=76561198136285041 count=5 ids=[YGODUELIST-EXIT_MONSTER_OPTIONS=2081, YGODUELIST-TOGGLE_DIE_FOR_YOU=2080, YGODUELIST-COMMAND_CHANGE_BATTLE_POSITION=2079, YGODUELIST-COMMAND_ATTACK=2078, YGODUELIST-COMMAND_DEFEND=2077]
[VERYDEBUG] [GameAction] Action YgoMonsterMenuCommandGameAction owner=76561198136285041 OpenMonsterOptions pet=6 finished execution
[DEBUG] [ChecksumTracker] Generating checksum for context: after executing action YgoMonsterMenuCommandGameAction owner=76561198136285041 OpenMonsterOptions pet=6 action: YgoMonsterMenuCommandGameAction owner=76561198136285041 OpenMonsterOptions pet=6 id: 47
[YgoDuelist][MP][Checksum][fp] netId=76561198136285041 | pt=1 n=9:YGODUELIST-ARCANE_ARCHER_OF_THE_FOREST0bYgoDieForYouUserToggleOnFalseiPermanentAtkBonusFromExecutes01010000,20019,20043,YGODUELIST-DEFEND_YGO_DUELIST010,YGODUELIST-DEFEND_YGO_DUELIST010,YGODUELIST-OUTSTANDING_DOG_MARRON0bYgoDieForYouUserToggleOnFalseiPermanentAtkBonusFromExecutes01010004,20001,YGODUELIST-ROCKET_JUMPER0bYgoDieForYouUserToggleOnFalseiPermanentAtkBonusFromExecutes01010000,20015,20043,20045,YGODUELIST-SKELENGEL0bYgoDieForYouUserToggleOnFalseiPermanentAtkBonusFromExecutes01010004,20006,20041,YGODUELIST-STRIKE_YGO_DUELIST010,YGODUELIST-STRIKE_YGO_DUELIST010,YGODUELIST-TRAP_OF_BOARD_ERASER01010009,10011 | pt=2 n=2:YGODUELIST-DEFEND_YGO_DUELIST010,YGODUELIST-STRIKE_YGO_DUELIST010 | pt=3 n=0: | pt=4 n=0: | pt=5 n=0: | pt=932200512 n=0: | pt=932200513 n=0: | pt=932200514 n=0: | pt=932200515 n=1:YGODUELIST-HOURGLASS_OF_COURAGE0bYgoDieForYouUserToggleOnFalseiPermanentAtkBonusFromExecutes01010004,20006,20043 | pt=932200516 n=3:YGODUELIST-EARTH_EFFIGY0bYgoDieForYouUserToggleOnFalseiPermanentAtkBonusFromExecutes01010000,20015,20043,YGODUELIST-FIRE_SORCERER0bYgoDieForYouUserToggleOnFalseiPermanentAtkBonusFromExecutes01010002,20017,20041,20043,YGODUELIST-TOTAL_DEFENSE_SHOGUN0bYgoDieForYouUserToggleOnFalseiPermanentAtkBonusFromExecutes01010005,20019,20034,20043 | pt=932200517 n=4:YGODUELIST-BURNING_LAND01010009,20024,YGODUELIST-GAIA_POWER01010009,20027,YGODUELIST-OJAMA_TRIO01010009,10011,YGODUELIST-RECKLESS_GREED01010009,10011 | pt=932200518 n=0:
[YgoDuelist][MP][Checksum][fp] netId=76561198345121322 | pt=1 n=1:YGODUELIST-DEFEND_YGO_DUELIST010 | pt=2 n=5:YGODUELIST-DEFEND_YGO_DUELIST010,YGODUELIST-FIRE_PRINCESS0bYgoDieForYouUserToggleOnFalseiPermanentAtkBonusFromExecutes01010002,20013,20043,YGODUELIST-KURAMA0bYgoDieForYouUserToggleOnFalseiPermanentAtkBonusFromExecutes01010003,20020,20043,YGODUELIST-STRIKE_YGO_DUELIST010,YGODUELIST-ZABORG_THE_THUNDER_MONARCH0bYgoDieForYouUserToggleOnFalseiPermanentAtkBonusFromExecutes01010004,20018,20034,20043 | pt=3 n=4:GREED0104,7,YGODUELIST-DEFEND_YGO_DUELIST010,YGODUELIST-STRIKE_YGO_DUELIST010,YGODUELIST-STRIKE_YGO_DUELIST010 | pt=4 n=0: | pt=5 n=0: | pt=932200512 n=0: | pt=932200513 n=1:YGODUELIST-THE_LAST_WARRIOR_FROM_ANOTHER_PLANET0bYgoDieForYouUserToggleOnFalseiPermanentAtkBonusFromExecutes0iSummonAbsorbPrintedDefBonus01010000,20019,20036,20043 | pt=932200514 n=0: | pt=932200515 n=0: | pt=932200516 n=2:YGODUELIST-QUEEN_S_DOUBLE0bYgoDieForYouUserToggleOnFalseiPermanentAtkBonusFromExecutes01010000,20019,20045,YGODUELIST-VERSAGO_THE_DESTROYER0bYgoDieForYouUserToggleOnFalseiPermanentAtkBonusFromExecutes01010005,20007,20043 | pt=932200517 n=2:YGODUELIST-RAIGEKI_BREAK01010009,10011,20045,YGODUELIST-YELLOW_LUSTER_SHIELD01010009,20024 | pt=932200518 n=0:
[DEBUG] [ActionExecutor] Completed execution of action YgoMonsterMenuCommandGameAction owner=76561198136285041 OpenMonsterOptions pet=6, attempting to find new action
[VERYDEBUG] [ActionQueueSet] Attempting to find ready action
[VERYDEBUG] [ActionQueueSet] Queue for player 76561198345121322 is empty
[VERYDEBUG] [ActionQueueSet] Queue for player 76561198136285041 is empty
[VERYDEBUG] [ActionQueueSet] No action is ready
[YgoDuelist] OnSecondHandCardsChanged ENTER player=27072766 cardsCount=5
[YgoDuelist]   cards[0]=Command_Defend id=2597239
[YgoDuelist]   cards[1]=Command_Attack id=23375159
[YgoDuelist]   cards[2]=Command_Change_Battle_Position id=9049843
[YgoDuelist]   cards[3]=Toggle_Die_For_You id=14339723
[YgoDuelist]   cards[4]=Exit_Monster_Options id=61948650
[YgoDuelist] RebuildForPlayer START handId=2911551624445 cardsCount=5
[YgoDuelist] TearDownSecondHandRow REMOVING 5 holders
[YgoDuelist] YgoSecondHandLayoutPatch ENTER all=6 main=2 opts=4 FocusedHolderId=0 FocusedIsOpt=False
[YgoDuelist]   opts[0] holderId=97593069709 model=Command_Attack
[YgoDuelist]   opts[1] holderId=98079609002 model=Command_Change_Battle_Position
[YgoDuelist]   opts[2] holderId=98348044474 model=Toggle_Die_For_You
[YgoDuelist]   opts[3] holderId=3964271611748 model=Exit_Monster_Options
[YgoDuelist] YgoSecondHandLayoutPatch: AFTER holder.Position.Y = -745
[YgoDuelist] YgoSecondHandLayoutPatch: AFTER holder.TargetPosition.Y = -745
[YgoDuelist] YgoSecondHandLayoutPatch: AFTER holder.Hitbox.Position.Y = -132
[YgoDuelist] YgoSecondHandLayoutPatch: AFTER holder.Position.Y = -745
[YgoDuelist] YgoSecondHandLayoutPatch: AFTER holder.TargetPosition.Y = -745
[YgoDuelist] YgoSecondHandLayoutPatch: AFTER holder.Hitbox.Position.Y = -132
[YgoDuelist] YgoSecondHandLayoutPatch: AFTER holder.Position.Y = -745
[YgoDuelist] YgoSecondHandLayoutPatch: AFTER holder.TargetPosition.Y = -745
[YgoDuelist] YgoSecondHandLayoutPatch: AFTER holder.Hitbox.Position.Y = -132
[YgoDuelist] YgoSecondHandLayoutPatch: AFTER holder.Position.Y = -163.69305
[YgoDuelist] YgoSecondHandLayoutPatch: AFTER holder.TargetPosition.Y = -745
[YgoDuelist] YgoSecondHandLayoutPatch: AFTER holder.Hitbox.Position.Y = -132
[YgoDuelist] YgoSecondHandLayoutPatch EXIT return false
[YgoDuelist] YgoSecondHandLayoutPatch ENTER all=5 main=2 opts=3 FocusedHolderId=0 FocusedIsOpt=False
[YgoDuelist]   opts[0] holderId=98079609002 model=Command_Change_Battle_Position
[YgoDuelist]   opts[1] holderId=98348044474 model=Toggle_Die_For_You
[YgoDuelist]   opts[2] holderId=3964271611748 model=Exit_Monster_Options
[YgoDuelist] YgoSecondHandLayoutPatch: AFTER holder.Position.Y = -745
[YgoDuelist] YgoSecondHandLayoutPatch: AFTER holder.TargetPosition.Y = -745
[YgoDuelist] YgoSecondHandLayoutPatch: AFTER holder.Hitbox.Position.Y = -132
[YgoDuelist] YgoSecondHandLayoutPatch: AFTER holder.Position.Y = -745
[YgoDuelist] YgoSecondHandLayoutPatch: AFTER holder.TargetPosition.Y = -745
[YgoDuelist] YgoSecondHandLayoutPatch: AFTER holder.Hitbox.Position.Y = -132
[YgoDuelist] YgoSecondHandLayoutPatch: AFTER holder.Position.Y = -231.5122
[YgoDuelist] YgoSecondHandLayoutPatch: AFTER holder.TargetPosition.Y = -745
[YgoDuelist] YgoSecondHandLayoutPatch: AFTER holder.Hitbox.Position.Y = -132
[YgoDuelist] YgoSecondHandLayoutPatch EXIT return false
[YgoDuelist] YgoSecondHandLayoutPatch ENTER all=4 main=2 opts=2 FocusedHolderId=0 FocusedIsOpt=False
[YgoDuelist]   opts[0] holderId=98348044474 model=Toggle_Die_For_You
[YgoDuelist]   opts[1] holderId=3964271611748 model=Exit_Monster_Options
[YgoDuelist] YgoSecondHandLayoutPatch: AFTER holder.Position.Y = -745
[YgoDuelist] YgoSecondHandLayoutPatch: AFTER holder.TargetPosition.Y = -745
[YgoDuelist] YgoSecondHandLayoutPatch: AFTER holder.Hitbox.Position.Y = -132
[YgoDuelist] YgoSecondHandLayoutPatch: AFTER holder.Position.Y = -291.41913
[YgoDuelist] YgoSecondHandLayoutPatch: AFTER holder.TargetPosition.Y = -745
[YgoDuelist] YgoSecondHandLayoutPatch: AFTER holder.Hitbox.Position.Y = -132
[YgoDuelist] YgoSecondHandLayoutPatch EXIT return false
[YgoDuelist] YgoSecondHandLayoutPatch ENTER all=3 main=2 opts=1 FocusedHolderId=0 FocusedIsOpt=False
[YgoDuelist]   opts[0] holderId=3964271611748 model=Exit_Monster_Options
[YgoDuelist] YgoSecondHandLayoutPatch: AFTER holder.Position.Y = -344.3369
[YgoDuelist] YgoSecondHandLayoutPatch: AFTER holder.TargetPosition.Y = -745
[YgoDuelist] YgoSecondHandLayoutPatch: AFTER holder.Hitbox.Position.Y = -132
[YgoDuelist] YgoSecondHandLayoutPatch EXIT return false
[YgoDuelist] YgoSecondHandLayoutPatch ENTER all=2 main=2 opts=0 FocusedHolderId=0 FocusedIsOpt=False
[YgoDuelist] YgoSecondHandLayoutPatch EXIT return false
[YgoDuelist] RebuildForPlayer ADDING 5 holders
[YgoDuelist]   add[0] CREATE holderId=3918000049312 model=Command_Defend
[YgoDuelist] RegisterOptionHolder ENTER handId=2911551624445 holderId=3918000049312 index=-1 handChildCountBefore=8
[YgoDuelist] YgoSecondHandLayoutPatch ENTER all=3 main=2 opts=1 FocusedHolderId=0 FocusedIsOpt=False
[YgoDuelist]   opts[0] holderId=3918000049312 model=?
[YgoDuelist] YgoSecondHandLayoutPatch: AFTER holder.Position.Y = -745
[YgoDuelist] YgoSecondHandLayoutPatch: AFTER holder.TargetPosition.Y = -745
[YgoDuelist] YgoSecondHandLayoutPatch: AFTER holder.Hitbox.Position.Y = -132
[YgoDuelist] YgoSecondHandLayoutPatch EXIT return false
[YgoDuelist] RegisterOptionHolder EXIT handId=2911551624445 holderId=3918000049312 handChildCountAfter=8 holderIsInsideTree=True
[YgoDuelist]   add[0] after RegisterOptionHolder holderId=3918000049312 IsInsideTree=True ChildCount=8
[WARN] [BaseLib] GetRawText: Key 'YGO_ATTRIBUTE_DARK.title' not found in table 'static_hover_tips'
[WARN] [BaseLib] GetRawText: Key 'YGO_ATTRIBUTE_DARK.description' not found in table 'static_hover_tips'
[WARN] [BaseLib] GetRawText: Key 'YGO_RACE_WARRIOR.title' not found in table 'static_hover_tips'
[WARN] [BaseLib] GetRawText: Key 'YGO_RACE_WARRIOR.description' not found in table 'static_hover_tips'
[YgoDuelist]   add[0] after Initialize holderId=3918000049312 CardNode=3970848281260 CardModel=Command_Defend
[YgoDuelist]   add[1] CREATE holderId=98213826738 model=Command_Attack
[YgoDuelist] RegisterOptionHolder ENTER handId=2911551624445 holderId=98213826738 index=-1 handChildCountBefore=8
[YgoDuelist] YgoSecondHandLayoutPatch ENTER all=4 main=2 opts=2 FocusedHolderId=0 FocusedIsOpt=False
[YgoDuelist]   opts[0] holderId=3918000049312 model=Command_Defend
[YgoDuelist]   opts[1] holderId=98213826738 model=?
[YgoDuelist] YgoSecondHandLayoutPatch: AFTER holder.Position.Y = -745
[YgoDuelist] YgoSecondHandLayoutPatch: AFTER holder.TargetPosition.Y = -745
[YgoDuelist] YgoSecondHandLayoutPatch: AFTER holder.Hitbox.Position.Y = -132
[YgoDuelist] YgoSecondHandLayoutPatch: AFTER holder.Position.Y = -745
[YgoDuelist] YgoSecondHandLayoutPatch: AFTER holder.TargetPosition.Y = -745
[YgoDuelist] YgoSecondHandLayoutPatch: AFTER holder.Hitbox.Position.Y = -132
[YgoDuelist] YgoSecondHandLayoutPatch EXIT return false
[YgoDuelist] RegisterOptionHolder EXIT handId=2911551624445 holderId=98213826738 handChildCountAfter=8 holderIsInsideTree=True
[YgoDuelist]   add[1] after RegisterOptionHolder holderId=98213826738 IsInsideTree=True ChildCount=8
[WARN] [BaseLib] GetRawText: Key 'YGO_ATTRIBUTE_DARK.title' not found in table 'static_hover_tips'
[WARN] [BaseLib] GetRawText: Key 'YGO_ATTRIBUTE_DARK.description' not found in table 'static_hover_tips'
[WARN] [BaseLib] GetRawText: Key 'YGO_RACE_WARRIOR.title' not found in table 'static_hover_tips'
[WARN] [BaseLib] GetRawText: Key 'YGO_RACE_WARRIOR.description' not found in table 'static_hover_tips'
[YgoDuelist]   add[1] after Initialize holderId=98213826738 CardNode=3972878324481 CardModel=Command_Attack
[YgoDuelist]   add[2] CREATE holderId=97945391266 model=Command_Change_Battle_Position
[YgoDuelist] RegisterOptionHolder ENTER handId=2911551624445 holderId=97945391266 index=-1 handChildCountBefore=8
[YgoDuelist] YgoSecondHandLayoutPatch ENTER all=5 main=2 opts=3 FocusedHolderId=0 FocusedIsOpt=False
[YgoDuelist]   opts[0] holderId=3918000049312 model=Command_Defend
[YgoDuelist]   opts[1] holderId=98213826738 model=Command_Attack
[YgoDuelist]   opts[2] holderId=97945391266 model=?
[YgoDuelist] YgoSecondHandLayoutPatch: AFTER holder.Position.Y = -745
[YgoDuelist] YgoSecondHandLayoutPatch: AFTER holder.TargetPosition.Y = -745
[YgoDuelist] YgoSecondHandLayoutPatch: AFTER holder.Hitbox.Position.Y = -132
[YgoDuelist] YgoSecondHandLayoutPatch: AFTER holder.Position.Y = -745
[YgoDuelist] YgoSecondHandLayoutPatch: AFTER holder.TargetPosition.Y = -745
[YgoDuelist] YgoSecondHandLayoutPatch: AFTER holder.Hitbox.Position.Y = -132
[YgoDuelist] YgoSecondHandLayoutPatch: AFTER holder.Position.Y = -745
[YgoDuelist] YgoSecondHandLayoutPatch: AFTER holder.TargetPosition.Y = -745
[YgoDuelist] YgoSecondHandLayoutPatch: AFTER holder.Hitbox.Position.Y = -132
[YgoDuelist] YgoSecondHandLayoutPatch EXIT return false
[YgoDuelist] RegisterOptionHolder EXIT handId=2911551624445 holderId=97945391266 handChildCountAfter=8 holderIsInsideTree=True
[YgoDuelist]   add[2] after RegisterOptionHolder holderId=97945391266 IsInsideTree=True ChildCount=8
[WARN] [BaseLib] GetRawText: Key 'YGO_ATTRIBUTE_DARK.title' not found in table 'static_hover_tips'
[WARN] [BaseLib] GetRawText: Key 'YGO_ATTRIBUTE_DARK.description' not found in table 'static_hover_tips'
[WARN] [BaseLib] GetRawText: Key 'YGO_RACE_WARRIOR.title' not found in table 'static_hover_tips'
[WARN] [BaseLib] GetRawText: Key 'YGO_RACE_WARRIOR.description' not found in table 'static_hover_tips'
[YgoDuelist]   add[2] after Initialize holderId=97945391266 CardNode=3974975476566 CardModel=Command_Change_Battle_Position
[YgoDuelist]   add[3] CREATE holderId=98482262210 model=Toggle_Die_For_You
[YgoDuelist] RegisterOptionHolder ENTER handId=2911551624445 holderId=98482262210 index=-1 handChildCountBefore=8
[YgoDuelist] YgoSecondHandLayoutPatch ENTER all=6 main=2 opts=4 FocusedHolderId=0 FocusedIsOpt=False
[YgoDuelist]   opts[0] holderId=3918000049312 model=Command_Defend
[YgoDuelist]   opts[1] holderId=98213826738 model=Command_Attack
[YgoDuelist]   opts[2] holderId=97945391266 model=Command_Change_Battle_Position
[YgoDuelist]   opts[3] holderId=98482262210 model=?
[YgoDuelist] YgoSecondHandLayoutPatch: AFTER holder.Position.Y = -745
[YgoDuelist] YgoSecondHandLayoutPatch: AFTER holder.TargetPosition.Y = -745
[YgoDuelist] YgoSecondHandLayoutPatch: AFTER holder.Hitbox.Position.Y = -132
[YgoDuelist] YgoSecondHandLayoutPatch: AFTER holder.Position.Y = -745
[YgoDuelist] YgoSecondHandLayoutPatch: AFTER holder.TargetPosition.Y = -745
[YgoDuelist] YgoSecondHandLayoutPatch: AFTER holder.Hitbox.Position.Y = -132
[YgoDuelist] YgoSecondHandLayoutPatch: AFTER holder.Position.Y = -745
[YgoDuelist] YgoSecondHandLayoutPatch: AFTER holder.TargetPosition.Y = -745
[YgoDuelist] YgoSecondHandLayoutPatch: AFTER holder.Hitbox.Position.Y = -132
[YgoDuelist] YgoSecondHandLayoutPatch: AFTER holder.Position.Y = -745
[YgoDuelist] YgoSecondHandLayoutPatch: AFTER holder.TargetPosition.Y = -745
[YgoDuelist] YgoSecondHandLayoutPatch: AFTER holder.Hitbox.Position.Y = -132
[YgoDuelist] YgoSecondHandLayoutPatch EXIT return false
[YgoDuelist] RegisterOptionHolder EXIT handId=2911551624445 holderId=98482262210 handChildCountAfter=8 holderIsInsideTree=True
[YgoDuelist]   add[3] after RegisterOptionHolder holderId=98482262210 IsInsideTree=True ChildCount=8
[WARN] [BaseLib] GetRawText: Key 'YGO_ATTRIBUTE_DARK.title' not found in table 'static_hover_tips'
[WARN] [BaseLib] GetRawText: Key 'YGO_ATTRIBUTE_DARK.description' not found in table 'static_hover_tips'
[WARN] [BaseLib] GetRawText: Key 'YGO_RACE_WARRIOR.title' not found in table 'static_hover_tips'
[WARN] [BaseLib] GetRawText: Key 'YGO_RACE_WARRIOR.description' not found in table 'static_hover_tips'
[YgoDuelist]   add[3] after Initialize holderId=98482262210 CardNode=3977072628647 CardModel=Toggle_Die_For_You
[YgoDuelist]   add[4] CREATE holderId=3978783904759 model=Exit_Monster_Options
[YgoDuelist] RegisterOptionHolder ENTER handId=2911551624445 holderId=3978783904759 index=-1 handChildCountBefore=8
[YgoDuelist] YgoSecondHandLayoutPatch ENTER all=7 main=2 opts=5 FocusedHolderId=0 FocusedIsOpt=False
[YgoDuelist]   opts[0] holderId=3918000049312 model=Command_Defend
[YgoDuelist]   opts[1] holderId=98213826738 model=Command_Attack
[YgoDuelist]   opts[2] holderId=97945391266 model=Command_Change_Battle_Position
[YgoDuelist]   opts[3] holderId=98482262210 model=Toggle_Die_For_You
[YgoDuelist]   opts[4] holderId=3978783904759 model=?
[YgoDuelist] YgoSecondHandLayoutPatch: AFTER holder.Position.Y = -745
[YgoDuelist] YgoSecondHandLayoutPatch: AFTER holder.TargetPosition.Y = -745
[YgoDuelist] YgoSecondHandLayoutPatch: AFTER holder.Hitbox.Position.Y = -132
[YgoDuelist] YgoSecondHandLayoutPatch: AFTER holder.Position.Y = -745
[YgoDuelist] YgoSecondHandLayoutPatch: AFTER holder.TargetPosition.Y = -745
[YgoDuelist] YgoSecondHandLayoutPatch: AFTER holder.Hitbox.Position.Y = -132
[YgoDuelist] YgoSecondHandLayoutPatch: AFTER holder.Position.Y = -745
[YgoDuelist] YgoSecondHandLayoutPatch: AFTER holder.TargetPosition.Y = -745
[YgoDuelist] YgoSecondHandLayoutPatch: AFTER holder.Hitbox.Position.Y = -132
[YgoDuelist] YgoSecondHandLayoutPatch: AFTER holder.Position.Y = -745
[YgoDuelist] YgoSecondHandLayoutPatch: AFTER holder.TargetPosition.Y = -745
[YgoDuelist] YgoSecondHandLayoutPatch: AFTER holder.Hitbox.Position.Y = -132
[YgoDuelist] YgoSecondHandLayoutPatch: AFTER holder.Position.Y = -86.91667
[YgoDuelist] YgoSecondHandLayoutPatch: AFTER holder.TargetPosition.Y = -745
[YgoDuelist] YgoSecondHandLayoutPatch: AFTER holder.Hitbox.Position.Y = -132
[YgoDuelist] YgoSecondHandLayoutPatch EXIT return false
[YgoDuelist] RegisterOptionHolder EXIT handId=2911551624445 holderId=3978783904759 handChildCountAfter=8 holderIsInsideTree=True
[YgoDuelist]   add[4] after RegisterOptionHolder holderId=3978783904759 IsInsideTree=True ChildCount=8
[WARN] [BaseLib] GetRawText: Key 'YGO_ATTRIBUTE_DARK.title' not found in table 'static_hover_tips'
[WARN] [BaseLib] GetRawText: Key 'YGO_ATTRIBUTE_DARK.description' not found in table 'static_hover_tips'
[WARN] [BaseLib] GetRawText: Key 'YGO_RACE_WARRIOR.title' not found in table 'static_hover_tips'
[WARN] [BaseLib] GetRawText: Key 'YGO_RACE_WARRIOR.description' not found in table 'static_hover_tips'
[YgoDuelist]   add[4] after Initialize holderId=3978783904759 CardNode=3979371107328 CardModel=Exit_Monster_Options
[YgoDuelist] RebuildForPlayer END totalHolders=5 handActiveHoldersCount=7
[YgoDuelist] OnSecondHandCardsChanged EXIT RebuildForPlayer done
[YgoDuelist] Hover end on duel pet: DuelMonsterModel
[YgoDuelist] YgoSecondHandLayoutPatch ENTER all=7 main=2 opts=5 FocusedHolderId=3918000049312 FocusedIsOpt=True
[YgoDuelist]   opts[0] holderId=3918000049312 model=Command_Defend
[YgoDuelist]   opts[1] holderId=98213826738 model=Command_Attack
[YgoDuelist]   opts[2] holderId=97945391266 model=Command_Change_Battle_Position
[YgoDuelist]   opts[3] holderId=98482262210 model=Toggle_Die_For_You
[YgoDuelist]   opts[4] holderId=3978783904759 model=Exit_Monster_Options
[YgoDuelist] YgoSecondHandLayoutPatch: AFTER holder.Position.Y = -745
[YgoDuelist] YgoSecondHandLayoutPatch: AFTER holder.TargetPosition.Y = -745
[YgoDuelist] YgoSecondHandLayoutPatch: AFTER holder.Hitbox.Position.Y = -132
[YgoDuelist] YgoSecondHandLayoutPatch: AFTER holder.Position.Y = -745
[YgoDuelist] YgoSecondHandLayoutPatch: AFTER holder.TargetPosition.Y = -745
[YgoDuelist] YgoSecondHandLayoutPatch: AFTER holder.Hitbox.Position.Y = -132
[YgoDuelist] YgoSecondHandLayoutPatch: AFTER holder.Position.Y = -745
[YgoDuelist] YgoSecondHandLayoutPatch: AFTER holder.TargetPosition.Y = -745
[YgoDuelist] YgoSecondHandLayoutPatch: AFTER holder.Hitbox.Position.Y = -132
[YgoDuelist] YgoSecondHandLayoutPatch: AFTER holder.Position.Y = -745
[YgoDuelist] YgoSecondHandLayoutPatch: AFTER holder.TargetPosition.Y = -745
[YgoDuelist] YgoSecondHandLayoutPatch: AFTER holder.Hitbox.Position.Y = -132
[YgoDuelist] YgoSecondHandLayoutPatch: AFTER holder.Position.Y = -745
[YgoDuelist] YgoSecondHandLayoutPatch: AFTER holder.TargetPosition.Y = -745
[YgoDuelist] YgoSecondHandLayoutPatch: AFTER holder.Hitbox.Position.Y = -132
[YgoDuelist] YgoSecondHandLayoutPatch EXIT return false
[YgoDuelist] YgoSecondHandLayoutPatch ENTER all=7 main=2 opts=5 FocusedHolderId=0 FocusedIsOpt=False
[YgoDuelist]   opts[0] holderId=3918000049312 model=Command_Defend
[YgoDuelist]   opts[1] holderId=98213826738 model=Command_Attack
[YgoDuelist]   opts[2] holderId=97945391266 model=Command_Change_Battle_Position
[YgoDuelist]   opts[3] holderId=98482262210 model=Toggle_Die_For_You
[YgoDuelist]   opts[4] holderId=3978783904759 model=Exit_Monster_Options
[YgoDuelist] YgoSecondHandLayoutPatch: AFTER holder.Position.Y = -745
[YgoDuelist] YgoSecondHandLayoutPatch: AFTER holder.TargetPosition.Y = -745
[YgoDuelist] YgoSecondHandLayoutPatch: AFTER holder.Hitbox.Position.Y = -132
[YgoDuelist] YgoSecondHandLayoutPatch: AFTER holder.Position.Y = -745
[YgoDuelist] YgoSecondHandLayoutPatch: AFTER holder.TargetPosition.Y = -745
[YgoDuelist] YgoSecondHandLayoutPatch: AFTER holder.Hitbox.Position.Y = -132
[YgoDuelist] YgoSecondHandLayoutPatch: AFTER holder.Position.Y = -745
[YgoDuelist] YgoSecondHandLayoutPatch: AFTER holder.TargetPosition.Y = -745
[YgoDuelist] YgoSecondHandLayoutPatch: AFTER holder.Hitbox.Position.Y = -132
[YgoDuelist] YgoSecondHandLayoutPatch: AFTER holder.Position.Y = -745
[YgoDuelist] YgoSecondHandLayoutPatch: AFTER holder.TargetPosition.Y = -745
[YgoDuelist] YgoSecondHandLayoutPatch: AFTER holder.Hitbox.Position.Y = -132
[YgoDuelist] YgoSecondHandLayoutPatch: AFTER holder.Position.Y = -745
[YgoDuelist] YgoSecondHandLayoutPatch: AFTER holder.TargetPosition.Y = -745
[YgoDuelist] YgoSecondHandLayoutPatch: AFTER holder.Hitbox.Position.Y = -132
[YgoDuelist] YgoSecondHandLayoutPatch EXIT return false
[YgoDuelist] YgoSecondHandLayoutPatch ENTER all=7 main=2 opts=5 FocusedHolderId=98213826738 FocusedIsOpt=True
[YgoDuelist]   opts[0] holderId=3918000049312 model=Command_Defend
[YgoDuelist]   opts[1] holderId=98213826738 model=Command_Attack
[YgoDuelist]   opts[2] holderId=97945391266 model=Command_Change_Battle_Position
[YgoDuelist]   opts[3] holderId=98482262210 model=Toggle_Die_For_You
[YgoDuelist]   opts[4] holderId=3978783904759 model=Exit_Monster_Options
[YgoDuelist] YgoSecondHandLayoutPatch: AFTER holder.Position.Y = -745
[YgoDuelist] YgoSecondHandLayoutPatch: AFTER holder.TargetPosition.Y = -745
[YgoDuelist] YgoSecondHandLayoutPatch: AFTER holder.Hitbox.Position.Y = -132
[YgoDuelist] YgoSecondHandLayoutPatch: AFTER holder.Position.Y = -745
[YgoDuelist] YgoSecondHandLayoutPatch: AFTER holder.TargetPosition.Y = -745
[YgoDuelist] YgoSecondHandLayoutPatch: AFTER holder.Hitbox.Position.Y = -132
[YgoDuelist] YgoSecondHandLayoutPatch: AFTER holder.Position.Y = -745
[YgoDuelist] YgoSecondHandLayoutPatch: AFTER holder.TargetPosition.Y = -745
[YgoDuelist] YgoSecondHandLayoutPatch: AFTER holder.Hitbox.Position.Y = -132
[YgoDuelist] YgoSecondHandLayoutPatch: AFTER holder.Position.Y = -745
[YgoDuelist] YgoSecondHandLayoutPatch: AFTER holder.TargetPosition.Y = -745
[YgoDuelist] YgoSecondHandLayoutPatch: AFTER holder.Hitbox.Position.Y = -132
[YgoDuelist] YgoSecondHandLayoutPatch: AFTER holder.Position.Y = -745
[YgoDuelist] YgoSecondHandLayoutPatch: AFTER holder.TargetPosition.Y = -745
[YgoDuelist] YgoSecondHandLayoutPatch: AFTER holder.Hitbox.Position.Y = -132
[YgoDuelist] YgoSecondHandLayoutPatch EXIT return false
[YgoDuelist] YgoSecondHandLayoutPatch ENTER all=7 main=2 opts=5 FocusedHolderId=0 FocusedIsOpt=False
[YgoDuelist]   opts[0] holderId=3918000049312 model=Command_Defend
[YgoDuelist]   opts[1] holderId=98213826738 model=Command_Attack
[YgoDuelist]   opts[2] holderId=97945391266 model=Command_Change_Battle_Position
[YgoDuelist]   opts[3] holderId=98482262210 model=Toggle_Die_For_You
[YgoDuelist]   opts[4] holderId=3978783904759 model=Exit_Monster_Options
[YgoDuelist] YgoSecondHandLayoutPatch: AFTER holder.Position.Y = -745
[YgoDuelist] YgoSecondHandLayoutPatch: AFTER holder.TargetPosition.Y = -745
[YgoDuelist] YgoSecondHandLayoutPatch: AFTER holder.Hitbox.Position.Y = -132
[YgoDuelist] YgoSecondHandLayoutPatch: AFTER holder.Position.Y = -745
[YgoDuelist] YgoSecondHandLayoutPatch: AFTER holder.TargetPosition.Y = -745
[YgoDuelist] YgoSecondHandLayoutPatch: AFTER holder.Hitbox.Position.Y = -132
[YgoDuelist] YgoSecondHandLayoutPatch: AFTER holder.Position.Y = -745
[YgoDuelist] YgoSecondHandLayoutPatch: AFTER holder.TargetPosition.Y = -745
[YgoDuelist] YgoSecondHandLayoutPatch: AFTER holder.Hitbox.Position.Y = -132
[YgoDuelist] YgoSecondHandLayoutPatch: AFTER holder.Position.Y = -745
[YgoDuelist] YgoSecondHandLayoutPatch: AFTER holder.TargetPosition.Y = -745
[YgoDuelist] YgoSecondHandLayoutPatch: AFTER holder.Hitbox.Position.Y = -132
[YgoDuelist] YgoSecondHandLayoutPatch: AFTER holder.Position.Y = -745
[YgoDuelist] YgoSecondHandLayoutPatch: AFTER holder.TargetPosition.Y = -745
[YgoDuelist] YgoSecondHandLayoutPatch: AFTER holder.Hitbox.Position.Y = -132
[YgoDuelist] YgoSecondHandLayoutPatch EXIT return false
[YgoDuelist] YgoSecondHandLayoutPatch ENTER all=7 main=2 opts=5 FocusedHolderId=97945391266 FocusedIsOpt=True
[YgoDuelist]   opts[0] holderId=3918000049312 model=Command_Defend
[YgoDuelist]   opts[1] holderId=98213826738 model=Command_Attack
[YgoDuelist]   opts[2] holderId=97945391266 model=Command_Change_Battle_Position
[YgoDuelist]   opts[3] holderId=98482262210 model=Toggle_Die_For_You
[YgoDuelist]   opts[4] holderId=3978783904759 model=Exit_Monster_Options
[YgoDuelist] YgoSecondHandLayoutPatch: AFTER holder.Position.Y = -745
[YgoDuelist] YgoSecondHandLayoutPatch: AFTER holder.TargetPosition.Y = -745
[YgoDuelist] YgoSecondHandLayoutPatch: AFTER holder.Hitbox.Position.Y = -132
[YgoDuelist] YgoSecondHandLayoutPatch: AFTER holder.Position.Y = -745
[YgoDuelist] YgoSecondHandLayoutPatch: AFTER holder.TargetPosition.Y = -745
[YgoDuelist] YgoSecondHandLayoutPatch: AFTER holder.Hitbox.Position.Y = -132
[YgoDuelist] YgoSecondHandLayoutPatch: AFTER holder.Position.Y = -745
[YgoDuelist] YgoSecondHandLayoutPatch: AFTER holder.TargetPosition.Y = -745
[YgoDuelist] YgoSecondHandLayoutPatch: AFTER holder.Hitbox.Position.Y = -132
[YgoDuelist] YgoSecondHandLayoutPatch: AFTER holder.Position.Y = -745
[YgoDuelist] YgoSecondHandLayoutPatch: AFTER holder.TargetPosition.Y = -745
[YgoDuelist] YgoSecondHandLayoutPatch: AFTER holder.Hitbox.Position.Y = -132
[YgoDuelist] YgoSecondHandLayoutPatch: AFTER holder.Position.Y = -745
[YgoDuelist] YgoSecondHandLayoutPatch: AFTER holder.TargetPosition.Y = -745
[YgoDuelist] YgoSecondHandLayoutPatch: AFTER holder.Hitbox.Position.Y = -132
[YgoDuelist] YgoSecondHandLayoutPatch EXIT return false
[YgoDuelist] YgoSecondHandLayoutPatch ENTER all=7 main=2 opts=5 FocusedHolderId=0 FocusedIsOpt=False
[YgoDuelist]   opts[0] holderId=3918000049312 model=Command_Defend
[YgoDuelist]   opts[1] holderId=98213826738 model=Command_Attack
[YgoDuelist]   opts[2] holderId=97945391266 model=Command_Change_Battle_Position
[YgoDuelist]   opts[3] holderId=98482262210 model=Toggle_Die_For_You
[YgoDuelist]   opts[4] holderId=3978783904759 model=Exit_Monster_Options
[YgoDuelist] YgoSecondHandLayoutPatch: AFTER holder.Position.Y = -745
[YgoDuelist] YgoSecondHandLayoutPatch: AFTER holder.TargetPosition.Y = -745
[YgoDuelist] YgoSecondHandLayoutPatch: AFTER holder.Hitbox.Position.Y = -132
[YgoDuelist] YgoSecondHandLayoutPatch: AFTER holder.Position.Y = -745
[YgoDuelist] YgoSecondHandLayoutPatch: AFTER holder.TargetPosition.Y = -745
[YgoDuelist] YgoSecondHandLayoutPatch: AFTER holder.Hitbox.Position.Y = -132
[YgoDuelist] YgoSecondHandLayoutPatch: AFTER holder.Position.Y = -745
[YgoDuelist] YgoSecondHandLayoutPatch: AFTER holder.TargetPosition.Y = -745
[YgoDuelist] YgoSecondHandLayoutPatch: AFTER holder.Hitbox.Position.Y = -132
[YgoDuelist] YgoSecondHandLayoutPatch: AFTER holder.Position.Y = -745
[YgoDuelist] YgoSecondHandLayoutPatch: AFTER holder.TargetPosition.Y = -745
[YgoDuelist] YgoSecondHandLayoutPatch: AFTER holder.Hitbox.Position.Y = -132
[YgoDuelist] YgoSecondHandLayoutPatch: AFTER holder.Position.Y = -745
[YgoDuelist] YgoSecondHandLayoutPatch: AFTER holder.TargetPosition.Y = -745
[YgoDuelist] YgoSecondHandLayoutPatch: AFTER holder.Hitbox.Position.Y = -132
[YgoDuelist] YgoSecondHandLayoutPatch EXIT return false
[YgoDuelist] YgoSecondHandLayoutPatch ENTER all=7 main=2 opts=5 FocusedHolderId=98482262210 FocusedIsOpt=True
[YgoDuelist]   opts[0] holderId=3918000049312 model=Command_Defend
[YgoDuelist]   opts[1] holderId=98213826738 model=Command_Attack
[YgoDuelist]   opts[2] holderId=97945391266 model=Command_Change_Battle_Position
[YgoDuelist]   opts[3] holderId=98482262210 model=Toggle_Die_For_You
[YgoDuelist]   opts[4] holderId=3978783904759 model=Exit_Monster_Options
[YgoDuelist] YgoSecondHandLayoutPatch: AFTER holder.Position.Y = -745
[YgoDuelist] YgoSecondHandLayoutPatch: AFTER holder.TargetPosition.Y = -745
[YgoDuelist] YgoSecondHandLayoutPatch: AFTER holder.Hitbox.Position.Y = -132
[YgoDuelist] YgoSecondHandLayoutPatch: AFTER holder.Position.Y = -745
[YgoDuelist] YgoSecondHandLayoutPatch: AFTER holder.TargetPosition.Y = -745
[YgoDuelist] YgoSecondHandLayoutPatch: AFTER holder.Hitbox.Position.Y = -132
[YgoDuelist] YgoSecondHandLayoutPatch: AFTER holder.Position.Y = -745
[YgoDuelist] YgoSecondHandLayoutPatch: AFTER holder.TargetPosition.Y = -745
[YgoDuelist] YgoSecondHandLayoutPatch: AFTER holder.Hitbox.Position.Y = -132
[YgoDuelist] YgoSecondHandLayoutPatch: AFTER holder.Position.Y = -745
[YgoDuelist] YgoSecondHandLayoutPatch: AFTER holder.TargetPosition.Y = -745
[YgoDuelist] YgoSecondHandLayoutPatch: AFTER holder.Hitbox.Position.Y = -132
[YgoDuelist] YgoSecondHandLayoutPatch: AFTER holder.Position.Y = -745
[YgoDuelist] YgoSecondHandLayoutPatch: AFTER holder.TargetPosition.Y = -745
[YgoDuelist] YgoSecondHandLayoutPatch: AFTER holder.Hitbox.Position.Y = -132
[YgoDuelist] YgoSecondHandLayoutPatch EXIT return false
[YgoDuelist] YgoSecondHandLayoutPatch ENTER all=7 main=2 opts=5 FocusedHolderId=0 FocusedIsOpt=False
[YgoDuelist]   opts[0] holderId=3918000049312 model=Command_Defend
[YgoDuelist]   opts[1] holderId=98213826738 model=Command_Attack
[YgoDuelist]   opts[2] holderId=97945391266 model=Command_Change_Battle_Position
[YgoDuelist]   opts[3] holderId=98482262210 model=Toggle_Die_For_You
[YgoDuelist]   opts[4] holderId=3978783904759 model=Exit_Monster_Options
[YgoDuelist] YgoSecondHandLayoutPatch: AFTER holder.Position.Y = -745
[YgoDuelist] YgoSecondHandLayoutPatch: AFTER holder.TargetPosition.Y = -745
[YgoDuelist] YgoSecondHandLayoutPatch: AFTER holder.Hitbox.Position.Y = -132
[YgoDuelist] YgoSecondHandLayoutPatch: AFTER holder.Position.Y = -745
[YgoDuelist] YgoSecondHandLayoutPatch: AFTER holder.TargetPosition.Y = -745
[YgoDuelist] YgoSecondHandLayoutPatch: AFTER holder.Hitbox.Position.Y = -132
[YgoDuelist] YgoSecondHandLayoutPatch: AFTER holder.Position.Y = -745
[YgoDuelist] YgoSecondHandLayoutPatch: AFTER holder.TargetPosition.Y = -745
[YgoDuelist] YgoSecondHandLayoutPatch: AFTER holder.Hitbox.Position.Y = -132
[YgoDuelist] YgoSecondHandLayoutPatch: AFTER holder.Position.Y = -745
[YgoDuelist] YgoSecondHandLayoutPatch: AFTER holder.TargetPosition.Y = -745
[YgoDuelist] YgoSecondHandLayoutPatch: AFTER holder.Hitbox.Position.Y = -132
[YgoDuelist] YgoSecondHandLayoutPatch: AFTER holder.Position.Y = -745
[YgoDuelist] YgoSecondHandLayoutPatch: AFTER holder.TargetPosition.Y = -745
[YgoDuelist] YgoSecondHandLayoutPatch: AFTER holder.Hitbox.Position.Y = -132
[YgoDuelist] YgoSecondHandLayoutPatch EXIT return false
[YgoDuelist] YgoSecondHandLayoutPatch ENTER all=7 main=2 opts=5 FocusedHolderId=3978783904759 FocusedIsOpt=True
[YgoDuelist]   opts[0] holderId=3918000049312 model=Command_Defend
[YgoDuelist]   opts[1] holderId=98213826738 model=Command_Attack
[YgoDuelist]   opts[2] holderId=97945391266 model=Command_Change_Battle_Position
[YgoDuelist]   opts[3] holderId=98482262210 model=Toggle_Die_For_You
[YgoDuelist]   opts[4] holderId=3978783904759 model=Exit_Monster_Options
[YgoDuelist] YgoSecondHandLayoutPatch: AFTER holder.Position.Y = -745
[YgoDuelist] YgoSecondHandLayoutPatch: AFTER holder.TargetPosition.Y = -745
[YgoDuelist] YgoSecondHandLayoutPatch: AFTER holder.Hitbox.Position.Y = -132
[YgoDuelist] YgoSecondHandLayoutPatch: AFTER holder.Position.Y = -745
[YgoDuelist] YgoSecondHandLayoutPatch: AFTER holder.TargetPosition.Y = -745
[YgoDuelist] YgoSecondHandLayoutPatch: AFTER holder.Hitbox.Position.Y = -132
[YgoDuelist] YgoSecondHandLayoutPatch: AFTER holder.Position.Y = -745
[YgoDuelist] YgoSecondHandLayoutPatch: AFTER holder.TargetPosition.Y = -745
[YgoDuelist] YgoSecondHandLayoutPatch: AFTER holder.Hitbox.Position.Y = -132
[YgoDuelist] YgoSecondHandLayoutPatch: AFTER holder.Position.Y = -745
[YgoDuelist] YgoSecondHandLayoutPatch: AFTER holder.TargetPosition.Y = -745
[YgoDuelist] YgoSecondHandLayoutPatch: AFTER holder.Hitbox.Position.Y = -132
[YgoDuelist] YgoSecondHandLayoutPatch: AFTER holder.Position.Y = -745
[YgoDuelist] YgoSecondHandLayoutPatch: AFTER holder.TargetPosition.Y = -745
[YgoDuelist] YgoSecondHandLayoutPatch: AFTER holder.Hitbox.Position.Y = -132
[YgoDuelist] YgoSecondHandLayoutPatch EXIT return false
[YgoDuelist] OnHolderPressed option holder id=3978783904759 card=Exit_Monster_Options
[YgoLifecycle] StartCardPlay S1_EnterPrefix holderId=3978783904759 model=Exit_Monster_Options index=6 inTree=True extra=needsSafePath=True
[YgoLifecycle] StartCardPlay S2_QueuedHolder holderId=3978783904759 model=Exit_Monster_Options index=6 inTree=True extra=queuedIndex=6
[YgoDuelist] YgoSecondHandLayoutPatch ENTER all=7 main=2 opts=5 FocusedHolderId=0 FocusedIsOpt=False
[YgoDuelist]   opts[0] holderId=3918000049312 model=Command_Defend
[YgoDuelist]   opts[1] holderId=98213826738 model=Command_Attack
[YgoDuelist]   opts[2] holderId=97945391266 model=Command_Change_Battle_Position
[YgoDuelist]   opts[3] holderId=98482262210 model=Toggle_Die_For_You
[YgoDuelist]   opts[4] holderId=3978783904759 model=Exit_Monster_Options
[YgoDuelist] YgoSecondHandLayoutPatch: AFTER holder.Position.Y = -745
[YgoDuelist] YgoSecondHandLayoutPatch: AFTER holder.TargetPosition.Y = -745
[YgoDuelist] YgoSecondHandLayoutPatch: AFTER holder.Hitbox.Position.Y = -132
[YgoDuelist] YgoSecondHandLayoutPatch: AFTER holder.Position.Y = -745
[YgoDuelist] YgoSecondHandLayoutPatch: AFTER holder.TargetPosition.Y = -745
[YgoDuelist] YgoSecondHandLayoutPatch: AFTER holder.Hitbox.Position.Y = -132
[YgoDuelist] YgoSecondHandLayoutPatch: AFTER holder.Position.Y = -745
[YgoDuelist] YgoSecondHandLayoutPatch: AFTER holder.TargetPosition.Y = -745
[YgoDuelist] YgoSecondHandLayoutPatch: AFTER holder.Hitbox.Position.Y = -132
[YgoDuelist] YgoSecondHandLayoutPatch: AFTER holder.Position.Y = -745
[YgoDuelist] YgoSecondHandLayoutPatch: AFTER holder.TargetPosition.Y = -745
[YgoDuelist] YgoSecondHandLayoutPatch: AFTER holder.Hitbox.Position.Y = -132
[YgoDuelist] YgoSecondHandLayoutPatch: AFTER holder.Position.Y = -745
[YgoDuelist] YgoSecondHandLayoutPatch: AFTER holder.TargetPosition.Y = -745
[YgoDuelist] YgoSecondHandLayoutPatch: AFTER holder.Hitbox.Position.Y = -132
[YgoDuelist] YgoSecondHandLayoutPatch EXIT return false
[YgoLifecycle] StartCardPlay S3_BeginDrag holderId=3978783904759 model=Exit_Monster_Options index=7 inTree=True extra=
[YgoLifecycle] StartCardPlay S4_CardPlayCreated holderId=3978783904759 model=Exit_Monster_Options index=7 inTree=True extra=cardPlayType=NMouseCardPlay
[YgoLifecycle] MouseStartAsync M1_Enter holderId=3978783904759 model=Exit_Monster_Options holderInTree=True selfInTree=True extra=
[YgoLifecycle] MouseStartAsync M4_StartCardDrag_BeginAwait holderId=3978783904759 model=Exit_Monster_Options holderInTree=True selfInTree=True extra=
[YgoLifecycle] MouseStartAsync M5_StartCardDrag_EndAwait holderId=3978783904759 model=Exit_Monster_Options holderInTree=True selfInTree=True extra=
[YgoLifecycle] MouseStartAsync M9_CannotPlay_Cancel holderId=3978783904759 model=Exit_Monster_Options holderInTree=True selfInTree=True extra=reason=BlockedByCardLogic
[DEBUG] [ActionQueueSynchronizer] Sending message to host requesting to enqueue action YgoMonsterMenuCommandGameAction owner=76561198136285041 ExitMonsterOptions pet=0 at 08:26:47
[YgoDuelist][MP][Queue] YgoMonsterMenuCommand -> YgoMonsterMenuCommandGameAction owner=76561198136285041 ExitMonsterOptions pet=0
[YgoLifecycle] StartCardPlay S5_FinishedSignal holderId=3978783904759 model=Exit_Monster_Options index=7 inTree=True extra=success=False
[YgoLifecycle] StartCardPlay S6_InvokeReturnHolderToHand holderId=3978783904759 model=Exit_Monster_Options index=7 inTree=True extra=
[YgoLifecycle] ReturnHolderToHand P1_EnterPrefix holderId=3978783904759 model=Exit_Monster_Options inTree=True visible=True extra=
[YgoLifecycle] ReturnHolderToHand P5_ReparentStart holderId=3978783904759 model=Exit_Monster_Options inTree=True visible=True extra=queued=6 clamped=6 childCount=6
[YgoLifecycle] ReturnHolderToHand P6_ReparentDone holderId=3978783904759 model=Exit_Monster_Options inTree=True visible=True extra=
[YgoLifecycle] ReturnHolderToHand P9_ScheduleSyncFromOptionPile holderId=3978783904759 model=Exit_Monster_Options inTree=True visible=True extra=
[YgoLifecycle] ReturnHolderToHand P10_ExitHandled holderId=3978783904759 model=Exit_Monster_Options inTree=True visible=True extra=
[YgoDuelist] YgoSecondHandLayoutPatch ENTER all=7 main=2 opts=5 FocusedHolderId=0 FocusedIsOpt=False
[YgoDuelist]   opts[0] holderId=3918000049312 model=Command_Defend
[YgoDuelist]   opts[1] holderId=98213826738 model=Command_Attack
[YgoDuelist]   opts[2] holderId=97945391266 model=Command_Change_Battle_Position
[YgoDuelist]   opts[3] holderId=98482262210 model=Toggle_Die_For_You
[YgoDuelist]   opts[4] holderId=3978783904759 model=Exit_Monster_Options
[YgoDuelist] YgoSecondHandLayoutPatch: AFTER holder.Position.Y = -745
[YgoDuelist] YgoSecondHandLayoutPatch: AFTER holder.TargetPosition.Y = -745
[YgoDuelist] YgoSecondHandLayoutPatch: AFTER holder.Hitbox.Position.Y = -132
[YgoDuelist] YgoSecondHandLayoutPatch: AFTER holder.Position.Y = -745
[YgoDuelist] YgoSecondHandLayoutPatch: AFTER holder.TargetPosition.Y = -745
[YgoDuelist] YgoSecondHandLayoutPatch: AFTER holder.Hitbox.Position.Y = -132
[YgoDuelist] YgoSecondHandLayoutPatch: AFTER holder.Position.Y = -745
[YgoDuelist] YgoSecondHandLayoutPatch: AFTER holder.TargetPosition.Y = -745
[YgoDuelist] YgoSecondHandLayoutPatch: AFTER holder.Hitbox.Position.Y = -132
[YgoDuelist] YgoSecondHandLayoutPatch: AFTER holder.Position.Y = -745
[YgoDuelist] YgoSecondHandLayoutPatch: AFTER holder.TargetPosition.Y = -745
[YgoDuelist] YgoSecondHandLayoutPatch: AFTER holder.Hitbox.Position.Y = -132
[YgoDuelist] YgoSecondHandLayoutPatch: AFTER holder.Position.Y = -745
[YgoDuelist] YgoSecondHandLayoutPatch: AFTER holder.TargetPosition.Y = -745
[YgoDuelist] YgoSecondHandLayoutPatch: AFTER holder.Hitbox.Position.Y = -132
[YgoDuelist] YgoSecondHandLayoutPatch EXIT return false
[YgoLifecycle] StartCardPlay S7_FinishedCleanupDone holderId=3978783904759 model=Exit_Monster_Options index=6 inTree=True extra=
[YgoDuelist] YgoSecondHandLayoutPatch ENTER all=7 main=2 opts=5 FocusedHolderId=0 FocusedIsOpt=False
[YgoDuelist]   opts[0] holderId=3918000049312 model=Command_Defend
[YgoDuelist]   opts[1] holderId=98213826738 model=Command_Attack
[YgoDuelist]   opts[2] holderId=97945391266 model=Command_Change_Battle_Position
[YgoDuelist]   opts[3] holderId=98482262210 model=Toggle_Die_For_You
[YgoDuelist]   opts[4] holderId=3978783904759 model=Exit_Monster_Options
[YgoDuelist] YgoSecondHandLayoutPatch: AFTER holder.Position.Y = -745
[YgoDuelist] YgoSecondHandLayoutPatch: AFTER holder.TargetPosition.Y = -745
[YgoDuelist] YgoSecondHandLayoutPatch: AFTER holder.Hitbox.Position.Y = -132
[YgoDuelist] YgoSecondHandLayoutPatch: AFTER holder.Position.Y = -745
[YgoDuelist] YgoSecondHandLayoutPatch: AFTER holder.TargetPosition.Y = -745
[YgoDuelist] YgoSecondHandLayoutPatch: AFTER holder.Hitbox.Position.Y = -132
[YgoDuelist] YgoSecondHandLayoutPatch: AFTER holder.Position.Y = -745
[YgoDuelist] YgoSecondHandLayoutPatch: AFTER holder.TargetPosition.Y = -745
[YgoDuelist] YgoSecondHandLayoutPatch: AFTER holder.Hitbox.Position.Y = -132
[YgoDuelist] YgoSecondHandLayoutPatch: AFTER holder.Position.Y = -745
[YgoDuelist] YgoSecondHandLayoutPatch: AFTER holder.TargetPosition.Y = -745
[YgoDuelist] YgoSecondHandLayoutPatch: AFTER holder.Hitbox.Position.Y = -132
[YgoDuelist] YgoSecondHandLayoutPatch: AFTER holder.Position.Y = -745
[YgoDuelist] YgoSecondHandLayoutPatch: AFTER holder.TargetPosition.Y = -745
[YgoDuelist] YgoSecondHandLayoutPatch: AFTER holder.Hitbox.Position.Y = -132
[YgoDuelist] YgoSecondHandLayoutPatch EXIT return false
[YgoLifecycle] StartCardPlay S8_StartCalled holderId=3978783904759 model=Exit_Monster_Options index=6 inTree=True extra=
[YgoDuelist] StartCardPlay PREFIX: custom safe start path holderId=3978783904759 index=6 isOption=True
[YgoDuelist] StartCardPlay POSTFIX: option holder - NMouseCardPlay created and Start() called
[DEBUG] [NetMessageBus] Received message ActionEnqueuedMessage PlayerID: 76561198136285041 Action: YgoDuelist.YgoDuelistCode.GameActions.NetYgoMonsterMenuCommandAction Source Location: act 0 coord (0, 1) , sending to 1 handlers
[VERYDEBUG] [RunLocationTargetedMessageBuffer] Handling map-targeted message ActionEnqueuedMessage PlayerID: 76561198136285041 Action: YgoDuelist.YgoDuelistCode.GameActions.NetYgoMonsterMenuCommandAction Source Location: act 0 coord (0, 1)  from 76561198345121322 for location act 0 coord (0, 1)
[DEBUG] [ActionQueueSynchronizer] Received handle action enqueued message ActionEnqueuedMessage PlayerID: 76561198136285041 Action: YgoDuelist.YgoDuelistCode.GameActions.NetYgoMonsterMenuCommandAction Source Location: act 0 coord (0, 1)  at 08:26:47
[DEBUG] [ActionQueueSynchronizer] Enqueueing action YgoMonsterMenuCommandGameAction owner=76561198136285041 ExitMonsterOptions pet=0 from owner 76561198136285041
[DEBUG] [ActionQueueSet] Enqueueing action YgoMonsterMenuCommandGameAction owner=76561198136285041 ExitMonsterOptions pet=0 to player queue owned by 76561198136285041
[DEBUG] [ActionExecutor] Action queue changed, beginning ExecuteActions
[VERYDEBUG] [ActionQueueSet] Attempting to find ready action
[VERYDEBUG] [ActionQueueSet] Queue for player 76561198345121322 is empty
[VERYDEBUG] [ActionQueueSet] Action YgoMonsterMenuCommandGameAction owner=76561198136285041 ExitMonsterOptions pet=0 with id 46 belonging to 76561198136285041 becomes new ready action
[VERYDEBUG] [ActionQueueSet] Got ready action YgoMonsterMenuCommandGameAction owner=76561198136285041 ExitMonsterOptions pet=0 (46)
[DEBUG] [ActionExecutor] Executing action: YgoMonsterMenuCommandGameAction owner=76561198136285041 ExitMonsterOptions pet=0
[VERYDEBUG] [GameAction] Action YgoMonsterMenuCommandGameAction owner=76561198136285041 ExitMonsterOptions pet=0 began executing
[YgoDuelist][MP] YgoMonsterMenuCommandGameAction: kind=ExitMonsterOptions ownerNetId=76561198136285041 petCombatId=0 hasEnemy=False
[ZGO] Exit_Monster_Options.ExecuteExitAsync() entered
[ZGO] Exit_Monster_Options: Clearing YgoCardOptionPile. Previous count=5
[YgoDuelist] OnSecondHandCardsChanged ENTER player=27072766 cardsCount=0
[YgoDuelist] RebuildForPlayer START handId=2911551624445 cardsCount=0
[YgoDuelist] TearDownSecondHandRow REMOVING 5 holders
[YgoDuelist] YgoSecondHandLayoutPatch ENTER all=6 main=2 opts=4 FocusedHolderId=0 FocusedIsOpt=False
[YgoDuelist]   opts[0] holderId=98213826738 model=Command_Attack
[YgoDuelist]   opts[1] holderId=97945391266 model=Command_Change_Battle_Position
[YgoDuelist]   opts[2] holderId=98482262210 model=Toggle_Die_For_You
[YgoDuelist]   opts[3] holderId=3978783904759 model=Exit_Monster_Options
[YgoDuelist] YgoSecondHandLayoutPatch: AFTER holder.Position.Y = -745
[YgoDuelist] YgoSecondHandLayoutPatch: AFTER holder.TargetPosition.Y = -745
[YgoDuelist] YgoSecondHandLayoutPatch: AFTER holder.Hitbox.Position.Y = -132
[YgoDuelist] YgoSecondHandLayoutPatch: AFTER holder.Position.Y = -745
[YgoDuelist] YgoSecondHandLayoutPatch: AFTER holder.TargetPosition.Y = -745
[YgoDuelist] YgoSecondHandLayoutPatch: AFTER holder.Hitbox.Position.Y = -132
[YgoDuelist] YgoSecondHandLayoutPatch: AFTER holder.Position.Y = -745
[YgoDuelist] YgoSecondHandLayoutPatch: AFTER holder.TargetPosition.Y = -745
[YgoDuelist] YgoSecondHandLayoutPatch: AFTER holder.Hitbox.Position.Y = -132
[YgoDuelist] YgoSecondHandLayoutPatch: AFTER holder.Position.Y = -745
[YgoDuelist] YgoSecondHandLayoutPatch: AFTER holder.TargetPosition.Y = -745
[YgoDuelist] YgoSecondHandLayoutPatch: AFTER holder.Hitbox.Position.Y = -132
[YgoDuelist] YgoSecondHandLayoutPatch EXIT return false
[YgoDuelist] YgoSecondHandLayoutPatch ENTER all=5 main=2 opts=3 FocusedHolderId=0 FocusedIsOpt=False
[YgoDuelist]   opts[0] holderId=97945391266 model=Command_Change_Battle_Position
[YgoDuelist]   opts[1] holderId=98482262210 model=Toggle_Die_For_You
[YgoDuelist]   opts[2] holderId=3978783904759 model=Exit_Monster_Options
[YgoDuelist] YgoSecondHandLayoutPatch: AFTER holder.Position.Y = -745
[YgoDuelist] YgoSecondHandLayoutPatch: AFTER holder.TargetPosition.Y = -745
[YgoDuelist] YgoSecondHandLayoutPatch: AFTER holder.Hitbox.Position.Y = -132
[YgoDuelist] YgoSecondHandLayoutPatch: AFTER holder.Position.Y = -745
[YgoDuelist] YgoSecondHandLayoutPatch: AFTER holder.TargetPosition.Y = -745
[YgoDuelist] YgoSecondHandLayoutPatch: AFTER holder.Hitbox.Position.Y = -132
[YgoDuelist] YgoSecondHandLayoutPatch: AFTER holder.Position.Y = -745
[YgoDuelist] YgoSecondHandLayoutPatch: AFTER holder.TargetPosition.Y = -745
[YgoDuelist] YgoSecondHandLayoutPatch: AFTER holder.Hitbox.Position.Y = -132
[YgoDuelist] YgoSecondHandLayoutPatch EXIT return false
[YgoDuelist] YgoSecondHandLayoutPatch ENTER all=4 main=2 opts=2 FocusedHolderId=0 FocusedIsOpt=False
[YgoDuelist]   opts[0] holderId=98482262210 model=Toggle_Die_For_You
[YgoDuelist]   opts[1] holderId=3978783904759 model=Exit_Monster_Options
[YgoDuelist] YgoSecondHandLayoutPatch: AFTER holder.Position.Y = -745
[YgoDuelist] YgoSecondHandLayoutPatch: AFTER holder.TargetPosition.Y = -745
[YgoDuelist] YgoSecondHandLayoutPatch: AFTER holder.Hitbox.Position.Y = -132
[YgoDuelist] YgoSecondHandLayoutPatch: AFTER holder.Position.Y = -745
[YgoDuelist] YgoSecondHandLayoutPatch: AFTER holder.TargetPosition.Y = -745
[YgoDuelist] YgoSecondHandLayoutPatch: AFTER holder.Hitbox.Position.Y = -132
[YgoDuelist] YgoSecondHandLayoutPatch EXIT return false
[YgoDuelist] YgoSecondHandLayoutPatch ENTER all=3 main=2 opts=1 FocusedHolderId=0 FocusedIsOpt=False
[YgoDuelist]   opts[0] holderId=3978783904759 model=Exit_Monster_Options
[YgoDuelist] YgoSecondHandLayoutPatch: AFTER holder.Position.Y = -745
[YgoDuelist] YgoSecondHandLayoutPatch: AFTER holder.TargetPosition.Y = -745
[YgoDuelist] YgoSecondHandLayoutPatch: AFTER holder.Hitbox.Position.Y = -132
[YgoDuelist] YgoSecondHandLayoutPatch EXIT return false
[YgoDuelist] YgoSecondHandLayoutPatch ENTER all=2 main=2 opts=0 FocusedHolderId=0 FocusedIsOpt=False
[YgoDuelist] YgoSecondHandLayoutPatch EXIT return false
[YgoDuelist] RebuildForPlayer EXIT cards null or empty (row torn down)
[YgoDuelist] OnSecondHandCardsChanged EXIT RebuildForPlayer done
[ZGO] Exit_Monster_Options.ExecuteExitAsync() done
[VERYDEBUG] [GameAction] Action YgoMonsterMenuCommandGameAction owner=76561198136285041 ExitMonsterOptions pet=0 finished execution
[DEBUG] [ChecksumTracker] Generating checksum for context: after executing action YgoMonsterMenuCommandGameAction owner=76561198136285041 ExitMonsterOptions pet=0 action: YgoMonsterMenuCommandGameAction owner=76561198136285041 ExitMonsterOptions pet=0 id: 48
[YgoDuelist][MP][Checksum][fp] netId=76561198136285041 | pt=1 n=9:YGODUELIST-ARCANE_ARCHER_OF_THE_FOREST0bYgoDieForYouUserToggleOnFalseiPermanentAtkBonusFromExecutes01010000,20019,20043,YGODUELIST-DEFEND_YGO_DUELIST010,YGODUELIST-DEFEND_YGO_DUELIST010,YGODUELIST-OUTSTANDING_DOG_MARRON0bYgoDieForYouUserToggleOnFalseiPermanentAtkBonusFromExecutes01010004,20001,YGODUELIST-ROCKET_JUMPER0bYgoDieForYouUserToggleOnFalseiPermanentAtkBonusFromExecutes01010000,20015,20043,20045,YGODUELIST-SKELENGEL0bYgoDieForYouUserToggleOnFalseiPermanentAtkBonusFromExecutes01010004,20006,20041,YGODUELIST-STRIKE_YGO_DUELIST010,YGODUELIST-STRIKE_YGO_DUELIST010,YGODUELIST-TRAP_OF_BOARD_ERASER01010009,10011 | pt=2 n=2:YGODUELIST-DEFEND_YGO_DUELIST010,YGODUELIST-STRIKE_YGO_DUELIST010 | pt=3 n=0: | pt=4 n=0: | pt=5 n=0: | pt=932200512 n=0: | pt=932200513 n=0: | pt=932200514 n=0: | pt=932200515 n=1:YGODUELIST-HOURGLASS_OF_COURAGE0bYgoDieForYouUserToggleOnFalseiPermanentAtkBonusFromExecutes01010004,20006,20043 | pt=932200516 n=3:YGODUELIST-EARTH_EFFIGY0bYgoDieForYouUserToggleOnFalseiPermanentAtkBonusFromExecutes01010000,20015,20043,YGODUELIST-FIRE_SORCERER0bYgoDieForYouUserToggleOnFalseiPermanentAtkBonusFromExecutes01010002,20017,20041,20043,YGODUELIST-TOTAL_DEFENSE_SHOGUN0bYgoDieForYouUserToggleOnFalseiPermanentAtkBonusFromExecutes01010005,20019,20034,20043 | pt=932200517 n=4:YGODUELIST-BURNING_LAND01010009,20024,YGODUELIST-GAIA_POWER01010009,20027,YGODUELIST-OJAMA_TRIO01010009,10011,YGODUELIST-RECKLESS_GREED01010009,10011 | pt=932200518 n=0:
[YgoDuelist][MP][Checksum][fp] netId=76561198345121322 | pt=1 n=1:YGODUELIST-DEFEND_YGO_DUELIST010 | pt=2 n=5:YGODUELIST-DEFEND_YGO_DUELIST010,YGODUELIST-FIRE_PRINCESS0bYgoDieForYouUserToggleOnFalseiPermanentAtkBonusFromExecutes01010002,20013,20043,YGODUELIST-KURAMA0bYgoDieForYouUserToggleOnFalseiPermanentAtkBonusFromExecutes01010003,20020,20043,YGODUELIST-STRIKE_YGO_DUELIST010,YGODUELIST-ZABORG_THE_THUNDER_MONARCH0bYgoDieForYouUserToggleOnFalseiPermanentAtkBonusFromExecutes01010004,20018,20034,20043 | pt=3 n=4:GREED0104,7,YGODUELIST-DEFEND_YGO_DUELIST010,YGODUELIST-STRIKE_YGO_DUELIST010,YGODUELIST-STRIKE_YGO_DUELIST010 | pt=4 n=0: | pt=5 n=0: | pt=932200512 n=0: | pt=932200513 n=1:YGODUELIST-THE_LAST_WARRIOR_FROM_ANOTHER_PLANET0bYgoDieForYouUserToggleOnFalseiPermanentAtkBonusFromExecutes0iSummonAbsorbPrintedDefBonus01010000,20019,20036,20043 | pt=932200514 n=0: | pt=932200515 n=0: | pt=932200516 n=2:YGODUELIST-QUEEN_S_DOUBLE0bYgoDieForYouUserToggleOnFalseiPermanentAtkBonusFromExecutes01010000,20019,20045,YGODUELIST-VERSAGO_THE_DESTROYER0bYgoDieForYouUserToggleOnFalseiPermanentAtkBonusFromExecutes01010005,20007,20043 | pt=932200517 n=2:YGODUELIST-RAIGEKI_BREAK01010009,10011,20045,YGODUELIST-YELLOW_LUSTER_SHIELD01010009,20024 | pt=932200518 n=0:
[DEBUG] [ActionExecutor] Completed execution of action YgoMonsterMenuCommandGameAction owner=76561198136285041 ExitMonsterOptions pet=0, attempting to find new action
[VERYDEBUG] [ActionQueueSet] Attempting to find ready action
[VERYDEBUG] [ActionQueueSet] Queue for player 76561198345121322 is empty
[VERYDEBUG] [ActionQueueSet] Queue for player 76561198136285041 is empty
[VERYDEBUG] [ActionQueueSet] No action is ready
[YgoDuelist] Hover start on duel pet: DuelMonsterModel
[YgoDuelist] Hover end on duel pet: DuelMonsterModel
[YgoDuelist] Hover start on duel pet: DuelMonsterModel
[YgoDuelist] Hover end on duel pet: DuelMonsterModel
[YgoDuelist] Hover start on duel pet: DuelMonsterModel
[YgoDuelist] Hover end on duel pet: DuelMonsterModel
[WARN] [BaseLib] GetRawText: Key 'YGO_ATTRIBUTE_DARK.title' not found in table 'static_hover_tips'
[WARN] [BaseLib] GetRawText: Key 'YGO_ATTRIBUTE_DARK.description' not found in table 'static_hover_tips'
[WARN] [BaseLib] GetRawText: Key 'YGO_RACE_FIEND.title' not found in table 'static_hover_tips'
[WARN] [BaseLib] GetRawText: Key 'YGO_RACE_FIEND.description' not found in table 'static_hover_tips'
[WARN] [BaseLib] GetRawText: Key 'YGO_RACE_FIEND.title' not found in table 'static_hover_tips'
[WARN] [BaseLib] GetRawText: Key 'YGO_RACE_FIEND.description' not found in table 'static_hover_tips'
[WARN] [BaseLib] GetRawText: Key 'YGO_ATTRIBUTE_DARK.title' not found in table 'static_hover_tips'
[WARN] [BaseLib] GetRawText: Key 'YGO_ATTRIBUTE_DARK.description' not found in table 'static_hover_tips'
[WARN] [BaseLib] GetRawText: Key 'YGO_RACE_FIEND.title' not found in table 'static_hover_tips'
[WARN] [BaseLib] GetRawText: Key 'YGO_RACE_FIEND.description' not found in table 'static_hover_tips'
[WARN] [BaseLib] GetRawText: Key 'YGO_RACE_FIEND.title' not found in table 'static_hover_tips'
[WARN] [BaseLib] GetRawText: Key 'YGO_RACE_FIEND.description' not found in table 'static_hover_tips'
[WARN] [BaseLib] GetRawText: Key 'YGO_ATTRIBUTE_DARK.title' not found in table 'static_hover_tips'
[WARN] [BaseLib] GetRawText: Key 'YGO_ATTRIBUTE_DARK.description' not found in table 'static_hover_tips'
[WARN] [BaseLib] GetRawText: Key 'YGO_RACE_FIEND.title' not found in table 'static_hover_tips'
[WARN] [BaseLib] GetRawText: Key 'YGO_RACE_FIEND.description' not found in table 'static_hover_tips'
[WARN] [BaseLib] GetRawText: Key 'YGO_RACE_FIEND.title' not found in table 'static_hover_tips'
[WARN] [BaseLib] GetRawText: Key 'YGO_RACE_FIEND.description' not found in table 'static_hover_tips'
[WARN] [BaseLib] GetRawText: Key 'YGO_ATTRIBUTE_DARK.title' not found in table 'static_hover_tips'
[WARN] [BaseLib] GetRawText: Key 'YGO_ATTRIBUTE_DARK.description' not found in table 'static_hover_tips'
[WARN] [BaseLib] GetRawText: Key 'YGO_RACE_FIEND.title' not found in table 'static_hover_tips'
[WARN] [BaseLib] GetRawText: Key 'YGO_RACE_FIEND.description' not found in table 'static_hover_tips'
[WARN] [BaseLib] GetRawText: Key 'YGO_RACE_FIEND.title' not found in table 'static_hover_tips'
[WARN] [BaseLib] GetRawText: Key 'YGO_RACE_FIEND.description' not found in table 'static_hover_tips'
[DEBUG] [NetMessageBus] Received message ActionEnqueuedMessage PlayerID: 76561198345121322 Action: YgoDuelist.YgoDuelistCode.GameActions.NetYgoMonsterMenuCommandAction Source Location: act 0 coord (0, 1) , sending to 1 handlers
[VERYDEBUG] [RunLocationTargetedMessageBuffer] Handling map-targeted message ActionEnqueuedMessage PlayerID: 76561198345121322 Action: YgoDuelist.YgoDuelistCode.GameActions.NetYgoMonsterMenuCommandAction Source Location: act 0 coord (0, 1)  from 76561198345121322 for location act 0 coord (0, 1)
[DEBUG] [ActionQueueSynchronizer] Received handle action enqueued message ActionEnqueuedMessage PlayerID: 76561198345121322 Action: YgoDuelist.YgoDuelistCode.GameActions.NetYgoMonsterMenuCommandAction Source Location: act 0 coord (0, 1)  at 08:26:59
[DEBUG] [ActionQueueSynchronizer] Enqueueing action YgoMonsterMenuCommandGameAction owner=76561198345121322 ExitMonsterOptions pet=0 from owner 76561198345121322
[DEBUG] [ActionQueueSet] Enqueueing action YgoMonsterMenuCommandGameAction owner=76561198345121322 ExitMonsterOptions pet=0 to player queue owned by 76561198345121322
[DEBUG] [ActionExecutor] Action queue changed, beginning ExecuteActions
[VERYDEBUG] [ActionQueueSet] Attempting to find ready action
[VERYDEBUG] [ActionQueueSet] Action YgoMonsterMenuCommandGameAction owner=76561198345121322 ExitMonsterOptions pet=0 with id 47 belonging to 76561198345121322 becomes new ready action
[VERYDEBUG] [ActionQueueSet] Queue for player 76561198136285041 is empty
[VERYDEBUG] [ActionQueueSet] Got ready action YgoMonsterMenuCommandGameAction owner=76561198345121322 ExitMonsterOptions pet=0 (47)
[DEBUG] [ActionExecutor] Executing action: YgoMonsterMenuCommandGameAction owner=76561198345121322 ExitMonsterOptions pet=0
[VERYDEBUG] [GameAction] Action YgoMonsterMenuCommandGameAction owner=76561198345121322 ExitMonsterOptions pet=0 began executing
[YgoDuelist][MP] YgoMonsterMenuCommandGameAction: kind=ExitMonsterOptions ownerNetId=76561198345121322 petCombatId=0 hasEnemy=False
[ZGO] Exit_Monster_Options.ExecuteExitAsync() entered
[ZGO] Exit_Monster_Options: Clearing YgoCardOptionPile. Previous count=5
[YgoDuelist] OnSecondHandCardsChanged ENTER player=10464625 cardsCount=0
[YgoDuelist] OnSecondHandCardsChanged EXIT me != player
[ZGO] Exit_Monster_Options.ExecuteExitAsync() done
[VERYDEBUG] [GameAction] Action YgoMonsterMenuCommandGameAction owner=76561198345121322 ExitMonsterOptions pet=0 finished execution
[DEBUG] [ChecksumTracker] Generating checksum for context: after executing action YgoMonsterMenuCommandGameAction owner=76561198345121322 ExitMonsterOptions pet=0 action: YgoMonsterMenuCommandGameAction owner=76561198345121322 ExitMonsterOptions pet=0 id: 49
[YgoDuelist][MP][Checksum][fp] netId=76561198136285041 | pt=1 n=9:YGODUELIST-ARCANE_ARCHER_OF_THE_FOREST0bYgoDieForYouUserToggleOnFalseiPermanentAtkBonusFromExecutes01010000,20019,20043,YGODUELIST-DEFEND_YGO_DUELIST010,YGODUELIST-DEFEND_YGO_DUELIST010,YGODUELIST-OUTSTANDING_DOG_MARRON0bYgoDieForYouUserToggleOnFalseiPermanentAtkBonusFromExecutes01010004,20001,YGODUELIST-ROCKET_JUMPER0bYgoDieForYouUserToggleOnFalseiPermanentAtkBonusFromExecutes01010000,20015,20043,20045,YGODUELIST-SKELENGEL0bYgoDieForYouUserToggleOnFalseiPermanentAtkBonusFromExecutes01010004,20006,20041,YGODUELIST-STRIKE_YGO_DUELIST010,YGODUELIST-STRIKE_YGO_DUELIST010,YGODUELIST-TRAP_OF_BOARD_ERASER01010009,10011 | pt=2 n=2:YGODUELIST-DEFEND_YGO_DUELIST010,YGODUELIST-STRIKE_YGO_DUELIST010 | pt=3 n=0: | pt=4 n=0: | pt=5 n=0: | pt=932200512 n=0: | pt=932200513 n=0: | pt=932200514 n=0: | pt=932200515 n=1:YGODUELIST-HOURGLASS_OF_COURAGE0bYgoDieForYouUserToggleOnFalseiPermanentAtkBonusFromExecutes01010004,20006,20043 | pt=932200516 n=3:YGODUELIST-EARTH_EFFIGY0bYgoDieForYouUserToggleOnFalseiPermanentAtkBonusFromExecutes01010000,20015,20043,YGODUELIST-FIRE_SORCERER0bYgoDieForYouUserToggleOnFalseiPermanentAtkBonusFromExecutes01010002,20017,20041,20043,YGODUELIST-TOTAL_DEFENSE_SHOGUN0bYgoDieForYouUserToggleOnFalseiPermanentAtkBonusFromExecutes01010005,20019,20034,20043 | pt=932200517 n=4:YGODUELIST-BURNING_LAND01010009,20024,YGODUELIST-GAIA_POWER01010009,20027,YGODUELIST-OJAMA_TRIO01010009,10011,YGODUELIST-RECKLESS_GREED01010009,10011 | pt=932200518 n=0:
[YgoDuelist][MP][Checksum][fp] netId=76561198345121322 | pt=1 n=1:YGODUELIST-DEFEND_YGO_DUELIST010 | pt=2 n=5:YGODUELIST-DEFEND_YGO_DUELIST010,YGODUELIST-FIRE_PRINCESS0bYgoDieForYouUserToggleOnFalseiPermanentAtkBonusFromExecutes01010002,20013,20043,YGODUELIST-KURAMA0bYgoDieForYouUserToggleOnFalseiPermanentAtkBonusFromExecutes01010003,20020,20043,YGODUELIST-STRIKE_YGO_DUELIST010,YGODUELIST-ZABORG_THE_THUNDER_MONARCH0bYgoDieForYouUserToggleOnFalseiPermanentAtkBonusFromExecutes01010004,20018,20034,20043 | pt=3 n=4:GREED0104,7,YGODUELIST-DEFEND_YGO_DUELIST010,YGODUELIST-STRIKE_YGO_DUELIST010,YGODUELIST-STRIKE_YGO_DUELIST010 | pt=4 n=0: | pt=5 n=0: | pt=932200512 n=0: | pt=932200513 n=1:YGODUELIST-THE_LAST_WARRIOR_FROM_ANOTHER_PLANET0bYgoDieForYouUserToggleOnFalseiPermanentAtkBonusFromExecutes0iSummonAbsorbPrintedDefBonus01010000,20019,20036,20043 | pt=932200514 n=0: | pt=932200515 n=0: | pt=932200516 n=2:YGODUELIST-QUEEN_S_DOUBLE0bYgoDieForYouUserToggleOnFalseiPermanentAtkBonusFromExecutes01010000,20019,20045,YGODUELIST-VERSAGO_THE_DESTROYER0bYgoDieForYouUserToggleOnFalseiPermanentAtkBonusFromExecutes01010005,20007,20043 | pt=932200517 n=2:YGODUELIST-RAIGEKI_BREAK01010009,10011,20045,YGODUELIST-YELLOW_LUSTER_SHIELD01010009,20024 | pt=932200518 n=0:
[DEBUG] [ActionExecutor] Completed execution of action YgoMonsterMenuCommandGameAction owner=76561198345121322 ExitMonsterOptions pet=0, attempting to find new action
[VERYDEBUG] [ActionQueueSet] Attempting to find ready action
[VERYDEBUG] [ActionQueueSet] Queue for player 76561198345121322 is empty
[VERYDEBUG] [ActionQueueSet] Queue for player 76561198136285041 is empty
[VERYDEBUG] [ActionQueueSet] No action is ready
[WARN] [BaseLib] GetRawText: Key 'YGO_ATTRIBUTE_WIND.title' not found in table 'static_hover_tips'
[WARN] [BaseLib] GetRawText: Key 'YGO_ATTRIBUTE_WIND.description' not found in table 'static_hover_tips'
[WARN] [BaseLib] GetRawText: Key 'YGO_RACE_WINGED_BEAST.title' not found in table 'static_hover_tips'
[WARN] [BaseLib] GetRawText: Key 'YGO_RACE_WINGED_BEAST.description' not found in table 'static_hover_tips'
[WARN] [BaseLib] GetRawText: Key 'YGO_ATTRIBUTE_LIGHT.title' not found in table 'static_hover_tips'
[WARN] [BaseLib] GetRawText: Key 'YGO_ATTRIBUTE_LIGHT.description' not found in table 'static_hover_tips'
[WARN] [BaseLib] GetRawText: Key 'YGO_RACE_THUNDER.title' not found in table 'static_hover_tips'
[WARN] [BaseLib] GetRawText: Key 'YGO_RACE_THUNDER.description' not found in table 'static_hover_tips'
[DEBUG] [NetQualityTracker] Connection statistics at 08:27:04:
[DEBUG] [NetQualityTracker] 	76561198345121322 - Ping: 66.07774. Packet Loss: 3E-45.
[YgoSetVisualDebug] Id=YGODUELIST-FIRE_PRINCESS, YgoCardType=EffectMonster, IsHandEffectFormActive=False, WillSet=True, FaceDown=True, ShouldUseSetVisual=True
[YgoStripVisualDebug] Id=YGODUELIST-FIRE_PRINCESS, YgoCardType=EffectMonster, Attr=Fire, Race=Pyro, IsHandEffectFormActive=False, WillSet=True, FaceDown=True, UseFaceDownStrip=True
[WARN] [BaseLib] GetRawText: Key 'YGO_ATTRIBUTE_FIRE.title' not found in table 'static_hover_tips'
[WARN] [BaseLib] GetRawText: Key 'YGO_ATTRIBUTE_FIRE.description' not found in table 'static_hover_tips'
[WARN] [BaseLib] GetRawText: Key 'YGO_RACE_PYRO.title' not found in table 'static_hover_tips'
[WARN] [BaseLib] GetRawText: Key 'YGO_RACE_PYRO.description' not found in table 'static_hover_tips'
[WARN] [BaseLib] GetRawText: Key 'YGO_ATTRIBUTE_FIRE.title' not found in table 'static_hover_tips'
[WARN] [BaseLib] GetRawText: Key 'YGO_ATTRIBUTE_FIRE.description' not found in table 'static_hover_tips'
[WARN] [BaseLib] GetRawText: Key 'YGO_RACE_PYRO.title' not found in table 'static_hover_tips'
[WARN] [BaseLib] GetRawText: Key 'YGO_RACE_PYRO.description' not found in table 'static_hover_tips'
[WARN] [BaseLib] GetRawText: Key 'YGO_ATTRIBUTE_WIND.title' not found in table 'static_hover_tips'
[WARN] [BaseLib] GetRawText: Key 'YGO_ATTRIBUTE_WIND.description' not found in table 'static_hover_tips'
[WARN] [BaseLib] GetRawText: Key 'YGO_RACE_WINGED_BEAST.title' not found in table 'static_hover_tips'
[WARN] [BaseLib] GetRawText: Key 'YGO_RACE_WINGED_BEAST.description' not found in table 'static_hover_tips'
[WARN] [BaseLib] GetRawText: Key 'YGO_ATTRIBUTE_LIGHT.title' not found in table 'static_hover_tips'
[WARN] [BaseLib] GetRawText: Key 'YGO_ATTRIBUTE_LIGHT.description' not found in table 'static_hover_tips'
[WARN] [BaseLib] GetRawText: Key 'YGO_RACE_THUNDER.title' not found in table 'static_hover_tips'
[WARN] [BaseLib] GetRawText: Key 'YGO_RACE_THUNDER.description' not found in table 'static_hover_tips'
[WARN] [BaseLib] GetRawText: Key 'YGO_RACE_SPELL_CONTINUOUS.title' not found in table 'static_hover_tips'
[WARN] [BaseLib] GetRawText: Key 'YGO_RACE_SPELL_CONTINUOUS.description' not found in table 'static_hover_tips'
[DEBUG] [NetQualityTracker] Connection statistics at 08:27:24:
[DEBUG] [NetQualityTracker] 	76561198345121322 - Ping: 61.00011. Packet Loss: 3E-45.
[WARN] [BaseLib] GetRawText: Key 'YGO_ATTRIBUTE_LIGHT.title' not found in table 'static_hover_tips'
[WARN] [BaseLib] GetRawText: Key 'YGO_ATTRIBUTE_LIGHT.description' not found in table 'static_hover_tips'
[WARN] [BaseLib] GetRawText: Key 'YGO_RACE_THUNDER.title' not found in table 'static_hover_tips'
[WARN] [BaseLib] GetRawText: Key 'YGO_RACE_THUNDER.description' not found in table 'static_hover_tips'
[DEBUG] [NetMessageBus] Received message ActionEnqueuedMessage PlayerID: 76561198345121322 Action: NetPlayCardAction (NetCombatCard 2) target: 2 Source Location: act 0 coord (0, 1) (card: Zaborg the Thunder Monarch), sending to 1 handlers
[VERYDEBUG] [RunLocationTargetedMessageBuffer] Handling map-targeted message ActionEnqueuedMessage PlayerID: 76561198345121322 Action: NetPlayCardAction (NetCombatCard 2) target: 2 Source Location: act 0 coord (0, 1) (card: Zaborg the Thunder Monarch) from 76561198345121322 for location act 0 coord (0, 1)
[DEBUG] [ActionQueueSynchronizer] Received handle action enqueued message ActionEnqueuedMessage PlayerID: 76561198345121322 Action: NetPlayCardAction (NetCombatCard 2) target: 2 Source Location: act 0 coord (0, 1) (card: Zaborg the Thunder Monarch) at 08:27:40
[DEBUG] [ActionQueueSynchronizer] Enqueueing action PlayCardAction card: CARD.YGODUELIST-ZABORG_THE_THUNDER_MONARCH (31299946) index: 2 targetid: 2 from owner 76561198345121322
[YgoDuelist][Queue][Defer] Skipping OnActionEnqueued until execute after confirm (hand_tribute_normal_summon, player 76561198345121322, card YGODUELIST-ZABORG_THE_THUNDER_MONARCH)
[DEBUG] [ActionQueueSet] Enqueueing action PlayCardAction card: CARD.YGODUELIST-ZABORG_THE_THUNDER_MONARCH (31299946) index: 2 targetid: 2 to player queue owned by 76561198345121322
[DEBUG] [ActionExecutor] Action queue changed, beginning ExecuteActions
[VERYDEBUG] [ActionQueueSet] Attempting to find ready action
[VERYDEBUG] [ActionQueueSet] Action PlayCardAction card: CARD.YGODUELIST-ZABORG_THE_THUNDER_MONARCH (31299946) index: 2 targetid: 2 with id 48 belonging to 76561198345121322 becomes new ready action
[VERYDEBUG] [ActionQueueSet] Queue for player 76561198136285041 is empty
[VERYDEBUG] [ActionQueueSet] Got ready action PlayCardAction card: CARD.YGODUELIST-ZABORG_THE_THUNDER_MONARCH (31299946) index: 2 targetid: 2 (48)
[DEBUG] [ActionExecutor] Executing action: PlayCardAction card: CARD.YGODUELIST-ZABORG_THE_THUNDER_MONARCH (31299946) index: 2 targetid: 2
[VERYDEBUG] [GameAction] Action PlayCardAction card: CARD.YGODUELIST-ZABORG_THE_THUNDER_MONARCH (31299946) index: 2 targetid: 2 began executing
[WARN] [BaseLib] GetRawText: Key 'YGO_ATTRIBUTE_LIGHT.title' not found in table 'static_hover_tips'
[WARN] [BaseLib] GetRawText: Key 'YGO_ATTRIBUTE_LIGHT.description' not found in table 'static_hover_tips'
[WARN] [BaseLib] GetRawText: Key 'YGO_RACE_THUNDER.title' not found in table 'static_hover_tips'
[WARN] [BaseLib] GetRawText: Key 'YGO_RACE_THUNDER.description' not found in table 'static_hover_tips'
[YgoDuelist][MP][HandStance] Observer applied wire hand stance atk=True handEffect=False faceDown=False willSet=True netIdx=2 card=YGODUELIST-ZABORG_THE_THUNDER_MONARCH
[YgoDuelist][MP][Tribute] TrySelectVariableTribute owner=76561198345121322 summon=YGODUELIST-ZABORG_THE_THUNDER_MONARCH need=1 combatWire=True candidates=2
[VERYDEBUG] [PlayerChoiceSynchronizer] Reserved choice id 1 for player 76561198345121322, next is 2
[DEBUG] [PlayerChoiceSynchronizer] Awaiting remote choice 1 for player 76561198345121322
[DEBUG] [PlayerChoiceSynchronizer] Received choice from 76561198345121322 for choice ID 1: NetPlayerChoiceResult combat NetCombatCard 3
[DEBUG] [PlayerChoiceSynchronizer] We are already waiting for the choice, fulfilling the task
[DEBUG] [PlayerChoiceSynchronizer] Finished waiting for remote choice 1 for player 76561198345121322: PlayerChoiceResult combat CARD.YGODUELIST-VERSAGO_THE_DESTROYER (13264066)
[YgoDuelist][MP][Tribute] SetPending netCardIdx=2 owner=76561198345121322 pets=1 card=YGODUELIST-ZABORG_THE_THUNDER_MONARCH
[YgoDuelist][Queue][Defer] Execute body: UpdateCardBeforeExecution after tribute confirm (player 76561198345121322, card YGODUELIST-ZABORG_THE_THUNDER_MONARCH)
[WARN] [BaseLib] GetRawText: Key 'YGO_ATTRIBUTE_LIGHT.title' not found in table 'static_hover_tips'
[WARN] [BaseLib] GetRawText: Key 'YGO_ATTRIBUTE_LIGHT.description' not found in table 'static_hover_tips'
[WARN] [BaseLib] GetRawText: Key 'YGO_RACE_THUNDER.title' not found in table 'static_hover_tips'
[WARN] [BaseLib] GetRawText: Key 'YGO_RACE_THUNDER.description' not found in table 'static_hover_tips'
[YgoDuelist][MP][Tribute] TryTake ok (PlayCardAction): owner=76561198345121322 netIdx=2 pets=1
[ZGO] DuelMonsterPetDeathPatch: pet died: Versago the Destroyer
[YgoDuelist][MP][DuelDeath] card=YGODUELIST-VERSAGO_THE_DESTROYER combatCardIdx=3 ownerNet=76561198345121322 petCombatId=4
[ZGO] DuelMonsterPetDeathPatch: moving YGODUELIST-VERSAGO_THE_DESTROYER (and equips) toward Graveyard.
[ZGO] DuelMonsterPetDeathPatch: unregistered pet and cleared command state.
[ZGO] DuelMonsterPetDeathPatch: removing NCreature node for dead duel monster.
[DEBUG] [NetQualityTracker] Connection statistics at 08:27:44:
[DEBUG] [NetQualityTracker] 	76561198345121322 - Ping: 68.69968. Packet Loss: 3E-45.
[VERYDEBUG] [GameAction] Action PlayCardAction card: CARD.YGODUELIST-ZABORG_THE_THUNDER_MONARCH (31299946) index: 2 targetid: 2 finished execution
[DEBUG] [ChecksumTracker] Generating checksum for context: after executing action PlayCardAction card: CARD.YGODUELIST-ZABORG_THE_THUNDER_MONARCH (31299946) index: 2 targetid: 2 action: PlayCardAction card: CARD.YGODUELIST-ZABORG_THE_THUNDER_MONARCH (31299946) index: 2 targetid: 2 id: 50
[YgoDuelist][MP][Checksum][fp] netId=76561198136285041 | pt=1 n=9:YGODUELIST-ARCANE_ARCHER_OF_THE_FOREST0bYgoDieForYouUserToggleOnFalseiPermanentAtkBonusFromExecutes01010000,20019,20043,YGODUELIST-DEFEND_YGO_DUELIST010,YGODUELIST-DEFEND_YGO_DUELIST010,YGODUELIST-OUTSTANDING_DOG_MARRON0bYgoDieForYouUserToggleOnFalseiPermanentAtkBonusFromExecutes01010004,20001,YGODUELIST-ROCKET_JUMPER0bYgoDieForYouUserToggleOnFalseiPermanentAtkBonusFromExecutes01010000,20015,20043,20045,YGODUELIST-SKELENGEL0bYgoDieForYouUserToggleOnFalseiPermanentAtkBonusFromExecutes01010004,20006,20041,YGODUELIST-STRIKE_YGO_DUELIST010,YGODUELIST-STRIKE_YGO_DUELIST010,YGODUELIST-TRAP_OF_BOARD_ERASER01010009,10011 | pt=2 n=2:YGODUELIST-DEFEND_YGO_DUELIST010,YGODUELIST-STRIKE_YGO_DUELIST010 | pt=3 n=0: | pt=4 n=0: | pt=5 n=0: | pt=932200512 n=0: | pt=932200513 n=0: | pt=932200514 n=0: | pt=932200515 n=1:YGODUELIST-HOURGLASS_OF_COURAGE0bYgoDieForYouUserToggleOnFalseiPermanentAtkBonusFromExecutes01010004,20006,20043 | pt=932200516 n=3:YGODUELIST-EARTH_EFFIGY0bYgoDieForYouUserToggleOnFalseiPermanentAtkBonusFromExecutes01010000,20015,20043,YGODUELIST-FIRE_SORCERER0bYgoDieForYouUserToggleOnFalseiPermanentAtkBonusFromExecutes01010002,20017,20041,20043,YGODUELIST-TOTAL_DEFENSE_SHOGUN0bYgoDieForYouUserToggleOnFalseiPermanentAtkBonusFromExecutes01010005,20019,20034,20043 | pt=932200517 n=4:YGODUELIST-BURNING_LAND01010009,20024,YGODUELIST-GAIA_POWER01010009,20027,YGODUELIST-OJAMA_TRIO01010009,10011,YGODUELIST-RECKLESS_GREED01010009,10011 | pt=932200518 n=0:
[YgoDuelist][MP][Checksum][fp] netId=76561198345121322 | pt=1 n=1:YGODUELIST-DEFEND_YGO_DUELIST010 | pt=2 n=4:YGODUELIST-DEFEND_YGO_DUELIST010,YGODUELIST-FIRE_PRINCESS0bYgoDieForYouUserToggleOnFalseiPermanentAtkBonusFromExecutes01010002,20013,20043,YGODUELIST-KURAMA0bYgoDieForYouUserToggleOnFalseiPermanentAtkBonusFromExecutes01010003,20020,20043,YGODUELIST-STRIKE_YGO_DUELIST010 | pt=3 n=4:GREED0104,7,YGODUELIST-DEFEND_YGO_DUELIST010,YGODUELIST-STRIKE_YGO_DUELIST010,YGODUELIST-STRIKE_YGO_DUELIST010 | pt=4 n=0: | pt=5 n=0: | pt=932200512 n=0: | pt=932200513 n=1:YGODUELIST-THE_LAST_WARRIOR_FROM_ANOTHER_PLANET0bYgoDieForYouUserToggleOnFalseiPermanentAtkBonusFromExecutes0iSummonAbsorbPrintedDefBonus01010000,20019,20036,20043 | pt=932200514 n=0: | pt=932200515 n=1:YGODUELIST-VERSAGO_THE_DESTROYER0bYgoDieForYouUserToggleOnFalseiPermanentAtkBonusFromExecutes01010005,20007,20043 | pt=932200516 n=2:YGODUELIST-QUEEN_S_DOUBLE0bYgoDieForYouUserToggleOnFalseiPermanentAtkBonusFromExecutes01010000,20019,20045,YGODUELIST-ZABORG_THE_THUNDER_MONARCH0bYgoDieForYouUserToggleOnFalseiPermanentAtkBonusFromExecutes01010004,20018,20034,20043 | pt=932200517 n=2:YGODUELIST-RAIGEKI_BREAK01010009,10011,20045,YGODUELIST-YELLOW_LUSTER_SHIELD01010009,20024 | pt=932200518 n=0:
[DEBUG] [ActionExecutor] Completed execution of action PlayCardAction card: CARD.YGODUELIST-ZABORG_THE_THUNDER_MONARCH (31299946) index: 2 targetid: 2, attempting to find new action
[VERYDEBUG] [ActionQueueSet] Attempting to find ready action
[VERYDEBUG] [ActionQueueSet] Queue for player 76561198345121322 is empty
[VERYDEBUG] [ActionQueueSet] Queue for player 76561198136285041 is empty
[VERYDEBUG] [ActionQueueSet] No action is ready
[WARN] [BaseLib] GetRawText: Key 'YGO_RACE_SPELL_CONTINUOUS.title' not found in table 'static_hover_tips'
[WARN] [BaseLib] GetRawText: Key 'YGO_RACE_SPELL_CONTINUOUS.description' not found in table 'static_hover_tips'
[DEBUG] [NetMessageBus] Received message ActionEnqueuedMessage PlayerID: 76561198345121322 Action: NetPlayCardAction (NetCombatCard 11) target: 3 Source Location: act 0 coord (0, 1) (card: Raigeki Break), sending to 1 handlers
[VERYDEBUG] [RunLocationTargetedMessageBuffer] Handling map-targeted message ActionEnqueuedMessage PlayerID: 76561198345121322 Action: NetPlayCardAction (NetCombatCard 11) target: 3 Source Location: act 0 coord (0, 1) (card: Raigeki Break) from 76561198345121322 for location act 0 coord (0, 1)
[DEBUG] [ActionQueueSynchronizer] Received handle action enqueued message ActionEnqueuedMessage PlayerID: 76561198345121322 Action: NetPlayCardAction (NetCombatCard 11) target: 3 Source Location: act 0 coord (0, 1) (card: Raigeki Break) at 08:27:55
[DEBUG] [ActionQueueSynchronizer] Enqueueing action PlayCardAction card: CARD.YGODUELIST-RAIGEKI_BREAK (5074231) index: 11 targetid: 3 from owner 76561198345121322
[YgoDuelist][Queue][Defer] Skipping OnActionEnqueued until execute after confirm (pre_play_cancelable_grid, player 76561198345121322, card YGODUELIST-RAIGEKI_BREAK)
[DEBUG] [ActionQueueSet] Enqueueing action PlayCardAction card: CARD.YGODUELIST-RAIGEKI_BREAK (5074231) index: 11 targetid: 3 to player queue owned by 76561198345121322
[DEBUG] [ActionExecutor] Action queue changed, beginning ExecuteActions
[VERYDEBUG] [ActionQueueSet] Attempting to find ready action
[VERYDEBUG] [ActionQueueSet] Action PlayCardAction card: CARD.YGODUELIST-RAIGEKI_BREAK (5074231) index: 11 targetid: 3 with id 49 belonging to 76561198345121322 becomes new ready action
[VERYDEBUG] [ActionQueueSet] Queue for player 76561198136285041 is empty
[VERYDEBUG] [ActionQueueSet] Got ready action PlayCardAction card: CARD.YGODUELIST-RAIGEKI_BREAK (5074231) index: 11 targetid: 3 (49)
[DEBUG] [ActionExecutor] Executing action: PlayCardAction card: CARD.YGODUELIST-RAIGEKI_BREAK (5074231) index: 11 targetid: 3
[VERYDEBUG] [GameAction] Action PlayCardAction card: CARD.YGODUELIST-RAIGEKI_BREAK (5074231) index: 11 targetid: 3 began executing
[VERYDEBUG] [GameAction] Action PlayCardAction card: CARD.YGODUELIST-RAIGEKI_BREAK (5074231) index: 11 targetid: 3 finished execution
[DEBUG] [ChecksumTracker] Generating checksum for context: after executing action PlayCardAction card: CARD.YGODUELIST-RAIGEKI_BREAK (5074231) index: 11 targetid: 3 action: PlayCardAction card: CARD.YGODUELIST-RAIGEKI_BREAK (5074231) index: 11 targetid: 3 id: 51
[YgoDuelist][MP][Checksum][fp] netId=76561198136285041 | pt=1 n=9:YGODUELIST-ARCANE_ARCHER_OF_THE_FOREST0bYgoDieForYouUserToggleOnFalseiPermanentAtkBonusFromExecutes01010000,20019,20043,YGODUELIST-DEFEND_YGO_DUELIST010,YGODUELIST-DEFEND_YGO_DUELIST010,YGODUELIST-OUTSTANDING_DOG_MARRON0bYgoDieForYouUserToggleOnFalseiPermanentAtkBonusFromExecutes01010004,20001,YGODUELIST-ROCKET_JUMPER0bYgoDieForYouUserToggleOnFalseiPermanentAtkBonusFromExecutes01010000,20015,20043,20045,YGODUELIST-SKELENGEL0bYgoDieForYouUserToggleOnFalseiPermanentAtkBonusFromExecutes01010004,20006,20041,YGODUELIST-STRIKE_YGO_DUELIST010,YGODUELIST-STRIKE_YGO_DUELIST010,YGODUELIST-TRAP_OF_BOARD_ERASER01010009,10011 | pt=2 n=2:YGODUELIST-DEFEND_YGO_DUELIST010,YGODUELIST-STRIKE_YGO_DUELIST010 | pt=3 n=0: | pt=4 n=0: | pt=5 n=0: | pt=932200512 n=0: | pt=932200513 n=0: | pt=932200514 n=0: | pt=932200515 n=1:YGODUELIST-HOURGLASS_OF_COURAGE0bYgoDieForYouUserToggleOnFalseiPermanentAtkBonusFromExecutes01010004,20006,20043 | pt=932200516 n=3:YGODUELIST-EARTH_EFFIGY0bYgoDieForYouUserToggleOnFalseiPermanentAtkBonusFromExecutes01010000,20015,20043,YGODUELIST-FIRE_SORCERER0bYgoDieForYouUserToggleOnFalseiPermanentAtkBonusFromExecutes01010002,20017,20041,20043,YGODUELIST-TOTAL_DEFENSE_SHOGUN0bYgoDieForYouUserToggleOnFalseiPermanentAtkBonusFromExecutes01010005,20019,20034,20043 | pt=932200517 n=4:YGODUELIST-BURNING_LAND01010009,20024,YGODUELIST-GAIA_POWER01010009,20027,YGODUELIST-OJAMA_TRIO01010009,10011,YGODUELIST-RECKLESS_GREED01010009,10011 | pt=932200518 n=0:
[YgoDuelist][MP][Checksum][fp] netId=76561198345121322 | pt=1 n=1:YGODUELIST-DEFEND_YGO_DUELIST010 | pt=2 n=4:YGODUELIST-DEFEND_YGO_DUELIST010,YGODUELIST-FIRE_PRINCESS0bYgoDieForYouUserToggleOnFalseiPermanentAtkBonusFromExecutes01010002,20013,20043,YGODUELIST-KURAMA0bYgoDieForYouUserToggleOnFalseiPermanentAtkBonusFromExecutes01010003,20020,20043,YGODUELIST-STRIKE_YGO_DUELIST010 | pt=3 n=4:GREED0104,7,YGODUELIST-DEFEND_YGO_DUELIST010,YGODUELIST-STRIKE_YGO_DUELIST010,YGODUELIST-STRIKE_YGO_DUELIST010 | pt=4 n=0: | pt=5 n=0: | pt=932200512 n=0: | pt=932200513 n=1:YGODUELIST-THE_LAST_WARRIOR_FROM_ANOTHER_PLANET0bYgoDieForYouUserToggleOnFalseiPermanentAtkBonusFromExecutes0iSummonAbsorbPrintedDefBonus01010000,20019,20036,20043 | pt=932200514 n=0: | pt=932200515 n=1:YGODUELIST-VERSAGO_THE_DESTROYER0bYgoDieForYouUserToggleOnFalseiPermanentAtkBonusFromExecutes01010005,20007,20043 | pt=932200516 n=2:YGODUELIST-QUEEN_S_DOUBLE0bYgoDieForYouUserToggleOnFalseiPermanentAtkBonusFromExecutes01010000,20019,20045,YGODUELIST-ZABORG_THE_THUNDER_MONARCH0bYgoDieForYouUserToggleOnFalseiPermanentAtkBonusFromExecutes01010004,20018,20034,20043 | pt=932200517 n=2:YGODUELIST-RAIGEKI_BREAK01010009,10011,20045,YGODUELIST-YELLOW_LUSTER_SHIELD01010009,20024 | pt=932200518 n=0:
[DEBUG] [ActionExecutor] Completed execution of action PlayCardAction card: CARD.YGODUELIST-RAIGEKI_BREAK (5074231) index: 11 targetid: 3, attempting to find new action
[VERYDEBUG] [ActionQueueSet] Attempting to find ready action
[VERYDEBUG] [ActionQueueSet] Queue for player 76561198345121322 is empty
[VERYDEBUG] [ActionQueueSet] Queue for player 76561198136285041 is empty
[VERYDEBUG] [ActionQueueSet] No action is ready
[DEBUG] [PlayerChoiceSynchronizer] Received choice from 76561198345121322 for choice ID 2: NetPlayerChoiceResult indexes 2
[DEBUG] [PlayerChoiceSynchronizer] We are not yet waiting for the choice, creating a new received choice
[INFO] [NetMessageBus] Received message MegaCrit.Sts2.Core.Multiplayer.Messages.Game.Checksums.StateDivergenceMessage, sending to 1 handlers
[ERROR] State divergence message received for player 76561198345121322 checksum ID 51! (We are Client 76561198136285041)
Context: after executing action PlayCardAction card: CARD.YGODUELIST-RAIGEKI_BREAK (5074231) index: 11 targetid: 3. Local: 1027485692. Remote: 3566374650.
LOCAL STATE DUMP
Choice IDs: 
Last executed action ID: 49
Last executed hook ID: 
Creature with monster ID:  player ID: 76561198136285041
	Current HP: 64 Max HP: 80 Block: 20 Power count: 1
	Power POWER.YGODUELIST-BURNING_LAND_FIELD_POWER Amount: 1
Creature with monster ID:  player ID: 76561198345121322
	Current HP: 64 Max HP: 80 Block: 0 Power count: 0
Creature with monster ID: MONSTER.DUEL_MONSTER_MODEL player ID: 
	Current HP: 0 Max HP: 6 Block: 0 Power count: 0
Creature with monster ID: MONSTER.DUEL_MONSTER_MODEL player ID: 
	Current HP: 0 Max HP: 7 Block: 0 Power count: 0
Creature with monster ID: MONSTER.DUEL_MONSTER_MODEL player ID: 
	Current HP: 10 Max HP: 12 Block: 0 Power count: 1
	Power POWER.YGODUELIST-DEFENSE_POSITION_POWER Amount: 1
Creature with monster ID: MONSTER.DUEL_MONSTER_MODEL player ID: 
	Current HP: 3 Max HP: 3 Block: 0 Power count: 1
	Power POWER.YGODUELIST-DEFENSE_POSITION_POWER Amount: 1
Creature with monster ID: MONSTER.DUEL_MONSTER_MODEL player ID: 
	Current HP: 5 Max HP: 7 Block: 0 Power count: 3
	Power POWER.YGODUELIST-ATTACK_POSITION_POWER Amount: 1
	Power POWER.YGODUELIST-FATIGUE_POWER Amount: 1
	Power POWER.YGODUELIST-STIFF_POWER Amount: 1
Creature with monster ID: MONSTER.DUEL_MONSTER_MODEL player ID: 
	Current HP: 6 Max HP: 7 Block: 0 Power count: 4
	Power POWER.YGODUELIST-DEFENSE_POSITION_POWER Amount: 1
	Power POWER.YGODUELIST-FACE_DOWN_STANCE_POWER Amount: 1
	Power POWER.YGODUELIST-FATIGUE_POWER Amount: 1
	Power POWER.YGODUELIST-STIFF_POWER Amount: 1
Creature with monster ID: MONSTER.DUEL_MONSTER_MODEL player ID: 
	Current HP: 9 Max HP: 10 Block: 0 Power count: 3
	Power POWER.YGODUELIST-ATTACK_POSITION_POWER Amount: 1
	Power POWER.YGODUELIST-FATIGUE_POWER Amount: 1
	Power POWER.YGODUELIST-STIFF_POWER Amount: 1
Creature with monster ID: MONSTER.TOADPOLE player ID: 
	Current HP: 18 Max HP: 48 Block: 0 Power count: 1
	Power POWER.YGODUELIST-BLIGHT_POWER Amount: 16
Creature with monster ID: MONSTER.TOADPOLE player ID: 
	Current HP: 32 Max HP: 48 Block: 0 Power count: 0
Player with ID: 76561198136285041 Character: CHARACTER.YGODUELIST-YGO_DUELIST
	 Energy: 1 Stars: 0 Max Stars: 0 Max Potions: 2 Gold: 0
	Pile Count: 12 Potion Count: 0 Relic Count: 6 Orb Count: 0
	Pile Draw
		Serialized card: SerializableCard CARD.YGODUELIST-ARCANE_ARCHER_OF_THE_FOREST. Upgrades: 0 Enchantment:  Props: PermanentAtkBonusFromExecutes=0,YgoDieForYouUserToggleOn=False Floor: 1
			Keywords: 10000,20019,20043
		Serialized card: SerializableCard CARD.YGODUELIST-DEFEND_YGO_DUELIST. Upgrades: 0 Enchantment:  Props:  Floor: 1
		Serialized card: SerializableCard CARD.YGODUELIST-DEFEND_YGO_DUELIST. Upgrades: 0 Enchantment:  Props:  Floor: 1
		Serialized card: SerializableCard CARD.YGODUELIST-OUTSTANDING_DOG_MARRON. Upgrades: 0 Enchantment:  Props: PermanentAtkBonusFromExecutes=0,YgoDieForYouUserToggleOn=False Floor: 1
			Keywords: 10004,20001
		Serialized card: SerializableCard CARD.YGODUELIST-ROCKET_JUMPER. Upgrades: 0 Enchantment:  Props: PermanentAtkBonusFromExecutes=0,YgoDieForYouUserToggleOn=False Floor: 1
			Keywords: 10000,20015,20043,20045
		Serialized card: SerializableCard CARD.YGODUELIST-SKELENGEL. Upgrades: 0 Enchantment:  Props: PermanentAtkBonusFromExecutes=0,YgoDieForYouUserToggleOn=False Floor: 1
			Keywords: 10004,20006,20041
		Serialized card: SerializableCard CARD.YGODUELIST-STRIKE_YGO_DUELIST. Upgrades: 0 Enchantment:  Props:  Floor: 1
		Serialized card: SerializableCard CARD.YGODUELIST-STRIKE_YGO_DUELIST. Upgrades: 0 Enchantment:  Props:  Floor: 1
		Serialized card: SerializableCard CARD.YGODUELIST-TRAP_OF_BOARD_ERASER. Upgrades: 0 Enchantment:  Props:  Floor: 1
			Keywords: 10009,10011
	Pile Hand
		Serialized card: SerializableCard CARD.YGODUELIST-DEFEND_YGO_DUELIST. Upgrades: 0 Enchantment:  Props:  Floor: 1
		Serialized card: SerializableCard CARD.YGODUELIST-STRIKE_YGO_DUELIST. Upgrades: 0 Enchantment:  Props:  Floor: 1
	Pile Discard
	Pile Exhaust
	Pile Play
	Pile 932200512
	Pile 932200513
	Pile 932200514
	Pile 932200515
		Serialized card: SerializableCard CARD.YGODUELIST-HOURGLASS_OF_COURAGE. Upgrades: 0 Enchantment:  Props: PermanentAtkBonusFromExecutes=0,YgoDieForYouUserToggleOn=False Floor: 1
			Keywords: 10004,20006,20043
	Pile 932200516
		Serialized card: SerializableCard CARD.YGODUELIST-EARTH_EFFIGY. Upgrades: 0 Enchantment:  Props: PermanentAtkBonusFromExecutes=0,YgoDieForYouUserToggleOn=False Floor: 1
			Keywords: 10000,20015,20043
		Serialized card: SerializableCard CARD.YGODUELIST-FIRE_SORCERER. Upgrades: 0 Enchantment:  Props: PermanentAtkBonusFromExecutes=0,YgoDieForYouUserToggleOn=False Floor: 1
			Keywords: 10002,20017,20041,20043
		Serialized card: SerializableCard CARD.YGODUELIST-TOTAL_DEFENSE_SHOGUN. Upgrades: 0 Enchantment:  Props: PermanentAtkBonusFromExecutes=0,YgoDieForYouUserToggleOn=False Floor: 1
			Keywords: 10005,20019,20034,20043
	Pile 932200517
		Serialized card: SerializableCard CARD.YGODUELIST-BURNING_LAND. Upgrades: 0 Enchantment:  Props:  Floor: 1
			Keywords: 10009,20024
		Serialized card: SerializableCard CARD.YGODUELIST-GAIA_POWER. Upgrades: 0 Enchantment:  Props:  Floor: 1
			Keywords: 10009,20027
		Serialized card: SerializableCard CARD.YGODUELIST-OJAMA_TRIO. Upgrades: 0 Enchantment:  Props:  Floor: 1
			Keywords: 10009,10011
		Serialized card: SerializableCard CARD.YGODUELIST-RECKLESS_GREED. Upgrades: 0 Enchantment:  Props:  Floor: 1
			Keywords: 10009,10011
	Pile 932200518
	Relic RELIC.SCROLL_BOXES Props:  Floor added: 1
	Relic RELIC.YGODUELIST-BANISHED_RELIC Props:  Floor added: 1
	Relic RELIC.YGODUELIST-EXTRA_DECK_RELIC Props:  Floor added: 1
	Relic RELIC.YGODUELIST-GRAVEYARD_RELIC Props:  Floor added: 1
	Relic RELIC.YGODUELIST-SPELL_TRAP_ZONE_RELIC Props:  Floor added: 1
	Relic RELIC.YGODUELIST-TRUNK_SIDE_DECK_RELIC Props:  Floor added: 1
Player RNG seed: 2712180991
	RNG counter Rewards: 6
	RNG counter Shops: 0
	RNG counter Transformations: 0
Player Odds:
	Card rarity:-0.05
	Potion reward:0.4
Player relic grab bag:
	Rarity Uncommon: KUSARIGAMA,SPARKLING_ROUGE,BELLOWS,ORNAMENTAL_FAN,AKABEKO,PETRIFIED_TOAD,STONE_CRACKER,NUNCHAKU,REPTILE_TRINKET,HORN_CLEAT,ETERNAL_FEATHER,PANTOGRAPH,MERCURY_HOURGLASS,PEN_NIB,JOSS_PAPER,VAMBRACE,CANDELABRA,LETTER_OPENER,PARRYING_SHIELD,PEAR,RED_MASK,MINIATURE_CANNON,BAG_OF_MARBLES,RIPPLE_BASIN,PLANISPHERE,GREMLIN_HORN,LUCKY_FYSH,ORICHALCUM,BOWLER_HAT,TUNING_FORK
	Rarity Common: PENDULUM,BAG_OF_PREPARATION,JUZU_BRACELET,BOOK_OF_FIVE_RINGS,PERMAFROST,HAPPY_FLOWER,REGAL_PILLOW,VENERABLE_TEA_SET,LANTERN,BRONZE_SCALES,TINY_MAILBOX,STRAWBERRY,ODDLY_SMOOTH_STONE,AMETHYST_AUBERGINE,WHETSTONE,MEAL_TICKET,POTION_BELT,BLOOD_VIAL,VAJRA,GORGET,WAR_PAINT,FESTIVE_POPPER,STRIKE_DUMMY,ANCHOR,CENTENNIAL_PUZZLE
	Rarity Rare: THE_COURIER,OLD_COIN,WHITE_BEAST_STATUE,UNSETTLING_LAMP,RAINBOW_RING,POCKETWATCH,CLOAK_CLASP,INTIMIDATING_HELMET,PRAYER_WHEEL,WHITE_STAR,ART_OF_WAR,MANGO,ICE_CREAM,FROZEN_EGG,SHOVEL,UNCEASING_TOP,MUMMIFIED_HAND,TOXIC_EGG,MEAT_ON_THE_BONE,MOLTEN_EGG,VEXING_PUZZLEBOX,LIZARD_TAIL,CHANDELIER,GAMBLING_CHIP,GIRYA,SHURIKEN,KUNAI,RAZOR_TOOTH,GAME_PIECE,STONE_CALENDAR,CAPTAINS_WHEEL,TUNGSTEN_ROD,STURDY_CLAMP,BEATING_REMNANT,LASTING_CANDY
	Rarity Shop: MYSTIC_LIGHTER,GNARLED_HAMMER,WING_CHARM,DRAGON_FRUIT,LAVA_LAMP,THE_ABACUS,ORRERY,DINGY_RUG,GHOST_SEED,DOLLYS_MIRROR,MEMBERSHIP_CARD,ROYAL_STAMP,CHEMICAL_X,LEES_WAFFLE,CAULDRON,BREAD,PUNCH_DAGGER,RINGING_TRIANGLE,SLING_OF_COURAGE,SCREAMING_FLAGON,BURNING_STICKS,KIFUDA,MINIATURE_TENT,BELT_BUCKLE,TOOLBOX
Player with ID: 76561198345121322 Character: CHARACTER.YGODUELIST-YGO_DUELIST
	 Energy: 1 Stars: 0 Max Stars: 0 Max Potions: 2 Gold: 432
	Pile Count: 12 Potion Count: 0 Relic Count: 6 Orb Count: 0
	Pile Draw
		Serialized card: SerializableCard CARD.YGODUELIST-DEFEND_YGO_DUELIST. Upgrades: 0 Enchantment:  Props:  Floor: 1
	Pile Hand
		Serialized card: SerializableCard CARD.YGODUELIST-DEFEND_YGO_DUELIST. Upgrades: 0 Enchantment:  Props:  Floor: 1
		Serialized card: SerializableCard CARD.YGODUELIST-FIRE_PRINCESS. Upgrades: 0 Enchantment:  Props: PermanentAtkBonusFromExecutes=0,YgoDieForYouUserToggleOn=False Floor: 1
			Keywords: 10002,20013,20043
		Serialized card: SerializableCard CARD.YGODUELIST-KURAMA. Upgrades: 0 Enchantment:  Props: PermanentAtkBonusFromExecutes=0,YgoDieForYouUserToggleOn=False Floor: 1
			Keywords: 10003,20020,20043
		Serialized card: SerializableCard CARD.YGODUELIST-STRIKE_YGO_DUELIST. Upgrades: 0 Enchantment:  Props:  Floor: 1
	Pile Discard
		Serialized card: SerializableCard CARD.GREED. Upgrades: 0 Enchantment:  Props:  Floor: 1
			Keywords: Unplayable,Eternal
		Serialized card: SerializableCard CARD.YGODUELIST-DEFEND_YGO_DUELIST. Upgrades: 0 Enchantment:  Props:  Floor: 1
		Serialized card: SerializableCard CARD.YGODUELIST-STRIKE_YGO_DUELIST. Upgrades: 0 Enchantment:  Props:  Floor: 1
		Serialized card: SerializableCard CARD.YGODUELIST-STRIKE_YGO_DUELIST. Upgrades: 0 Enchantment:  Props:  Floor: 1
	Pile Exhaust
	Pile Play
	Pile 932200512
	Pile 932200513
		Serialized card: SerializableCard CARD.YGODUELIST-THE_LAST_WARRIOR_FROM_ANOTHER_PLANET. Upgrades: 0 Enchantment:  Props: PermanentAtkBonusFromExecutes=0,SummonAbsorbPrintedDefBonus=0,YgoDieForYouUserToggleOn=False Floor: 1
			Keywords: 10000,20019,20036,20043
	Pile 932200514
	Pile 932200515
		Serialized card: SerializableCard CARD.YGODUELIST-VERSAGO_THE_DESTROYER. Upgrades: 0 Enchantment:  Props: PermanentAtkBonusFromExecutes=0,YgoDieForYouUserToggleOn=False Floor: 1
			Keywords: 10005,20007,20043
	Pile 932200516
		Serialized card: SerializableCard CARD.YGODUELIST-QUEEN_S_DOUBLE. Upgrades: 0 Enchantment:  Props: PermanentAtkBonusFromExecutes=0,YgoDieForYouUserToggleOn=False Floor: 1
			Keywords: 10000,20019,20045
		Serialized card: SerializableCard CARD.YGODUELIST-ZABORG_THE_THUNDER_MONARCH. Upgrades: 0 Enchantment:  Props: PermanentAtkBonusFromExecutes=0,YgoDieForYouUserToggleOn=False Floor: 1
			Keywords: 10004,20018,20034,20043
	Pile 932200517
		Serialized card: SerializableCard CARD.YGODUELIST-RAIGEKI_BREAK. Upgrades: 0 Enchantment:  Props:  Floor: 1
			Keywords: 10009,10011,20045
		Serialized card: SerializableCard CARD.YGODUELIST-YELLOW_LUSTER_SHIELD. Upgrades: 0 Enchantment:  Props:  Floor: 1
			Keywords: 10009,20024
	Pile 932200518
	Relic RELIC.CURSED_PEARL Props:  Floor added: 1
	Relic RELIC.YGODUELIST-BANISHED_RELIC Props:  Floor added: 1
	Relic RELIC.YGODUELIST-EXTRA_DECK_RELIC Props:  Floor added: 1
	Relic RELIC.YGODUELIST-GRAVEYARD_RELIC Props:  Floor added: 1
	Relic RELIC.YGODUELIST-SPELL_TRAP_ZONE_RELIC Props:  Floor added: 1
	Relic RELIC.YGODUELIST-TRUNK_SIDE_DECK_RELIC Props:  Floor added: 1
Player RNG seed: 2921017272
	RNG counter Rewards: 0
	RNG counter Shops: 0
	RNG counter Transformations: 0
Player Odds:
	Card rarity:-0.05
	Potion reward:0.4
Player relic grab bag:
	Rarity Uncommon: VAMBRACE,SPARKLING_ROUGE,ETERNAL_FEATHER,BELLOWS,STONE_CRACKER,TUNING_FORK,PANTOGRAPH,MINIATURE_CANNON,ORICHALCUM,PEAR,MERCURY_HOURGLASS,LETTER_OPENER,BAG_OF_MARBLES,HORN_CLEAT,NUNCHAKU,GREMLIN_HORN,ORNAMENTAL_FAN,AKABEKO,CANDELABRA,RIPPLE_BASIN,PETRIFIED_TOAD,REPTILE_TRINKET,PEN_NIB,PLANISPHERE,LUCKY_FYSH,BOWLER_HAT,PARRYING_SHIELD,RED_MASK,JOSS_PAPER,KUSARIGAMA
	Rarity Common: LANTERN,VENERABLE_TEA_SET,GORGET,STRIKE_DUMMY,PERMAFROST,BAG_OF_PREPARATION,PENDULUM,FESTIVE_POPPER,ANCHOR,POTION_BELT,VAJRA,JUZU_BRACELET,CENTENNIAL_PUZZLE,AMETHYST_AUBERGINE,TINY_MAILBOX,WAR_PAINT,WHETSTONE,BOOK_OF_FIVE_RINGS,ODDLY_SMOOTH_STONE,HAPPY_FLOWER,STRAWBERRY,MEAL_TICKET,BRONZE_SCALES,BLOOD_VIAL,REGAL_PILLOW
	Rarity Rare: ART_OF_WAR,BEATING_REMNANT,MEAT_ON_THE_BONE,GAME_PIECE,TUNGSTEN_ROD,KUNAI,OLD_COIN,CHANDELIER,GIRYA,GAMBLING_CHIP,STONE_CALENDAR,STURDY_CLAMP,UNSETTLING_LAMP,SHURIKEN,MANGO,MUMMIFIED_HAND,FROZEN_EGG,RAZOR_TOOTH,LASTING_CANDY,THE_COURIER,CAPTAINS_WHEEL,LIZARD_TAIL,RAINBOW_RING,ICE_CREAM,VEXING_PUZZLEBOX,CLOAK_CLASP,POCKETWATCH,TOXIC_EGG,UNCEASING_TOP,MOLTEN_EGG,WHITE_STAR,INTIMIDATING_HELMET,PRAYER_WHEEL,SHOVEL,WHITE_BEAST_STATUE
	Rarity Shop: RINGING_TRIANGLE,ROYAL_STAMP,THE_ABACUS,GNARLED_HAMMER,MEMBERSHIP_CARD,CAULDRON,ORRERY,PUNCH_DAGGER,LAVA_LAMP,WING_CHARM,SLING_OF_COURAGE,LEES_WAFFLE,DOLLYS_MIRROR,BURNING_STICKS,BREAD,DINGY_RUG,TOOLBOX,BELT_BUCKLE,DRAGON_FRUIT,MINIATURE_TENT,KIFUDA,GHOST_SEED,SCREAMING_FLAGON,CHEMICAL_X,MYSTIC_LIGHTER
RNG global seed: EEA5XJP2Q3
	RNG counter UpFront: 511
	RNG counter Shuffle: 46
	RNG counter UnknownMapPoint: 0
	RNG counter CombatCardGeneration: 0
	RNG counter CombatPotionGeneration: 0
	RNG counter CombatCardSelection: 0
	RNG counter CombatEnergyCosts: 0
	RNG counter CombatTargets: 0
	RNG counter MonsterAi: 0
	RNG counter Niche: 2
	RNG counter CombatOrbs: 0
	RNG counter TreasureRoomRelics: 0

REMOTE STATE DUMP
Choice IDs: 
Last executed action ID: 49
Last executed hook ID: 
Creature with monster ID:  player ID: 76561198136285041
	Current HP: 64 Max HP: 80 Block: 20 Power count: 1
	Power POWER.YGODUELIST-BURNING_LAND_FIELD_POWER Amount: 1
Creature with monster ID:  player ID: 76561198345121322
	Current HP: 64 Max HP: 80 Block: 0 Power count: 0
Creature with monster ID: MONSTER.DUEL_MONSTER_MODEL player ID: 
	Current HP: 0 Max HP: 6 Block: 0 Power count: 0
Creature with monster ID: MONSTER.DUEL_MONSTER_MODEL player ID: 
	Current HP: 0 Max HP: 7 Block: 0 Power count: 0
Creature with monster ID: MONSTER.DUEL_MONSTER_MODEL player ID: 
	Current HP: 10 Max HP: 12 Block: 0 Power count: 1
	Power POWER.YGODUELIST-DEFENSE_POSITION_POWER Amount: 1
Creature with monster ID: MONSTER.DUEL_MONSTER_MODEL player ID: 
	Current HP: 3 Max HP: 3 Block: 0 Power count: 1
	Power POWER.YGODUELIST-DEFENSE_POSITION_POWER Amount: 1
Creature with monster ID: MONSTER.DUEL_MONSTER_MODEL player ID: 
	Current HP: 5 Max HP: 7 Block: 0 Power count: 3
	Power POWER.YGODUELIST-ATTACK_POSITION_POWER Amount: 1
	Power POWER.YGODUELIST-FATIGUE_POWER Amount: 1
	Power POWER.YGODUELIST-STIFF_POWER Amount: 1
Creature with monster ID: MONSTER.DUEL_MONSTER_MODEL player ID: 
	Current HP: 6 Max HP: 7 Block: 0 Power count: 4
	Power POWER.YGODUELIST-DEFENSE_POSITION_POWER Amount: 1
	Power POWER.YGODUELIST-FACE_DOWN_STANCE_POWER Amount: 1
	Power POWER.YGODUELIST-FATIGUE_POWER Amount: 1
	Power POWER.YGODUELIST-STIFF_POWER Amount: 1
Creature with monster ID: MONSTER.DUEL_MONSTER_MODEL player ID: 
	Current HP: 9 Max HP: 10 Block: 0 Power count: 3
	Power POWER.YGODUELIST-ATTACK_POSITION_POWER Amount: 1
	Power POWER.YGODUELIST-FATIGUE_POWER Amount: 1
	Power POWER.YGODUELIST-STIFF_POWER Amount: 1
Creature with monster ID: MONSTER.TOADPOLE player ID: 
	Current HP: 18 Max HP: 48 Block: 0 Power count: 1
	Power POWER.YGODUELIST-BLIGHT_POWER Amount: 16
Creature with monster ID: MONSTER.TOADPOLE player ID: 
	Current HP: 32 Max HP: 48 Block: 0 Power count: 1
	Power POWER.YGODUELIST-BLIGHT_POWER Amount: 10
Player with ID: 76561198136285041 Character: CHARACTER.YGODUELIST-YGO_DUELIST
	 Energy: 1 Stars: 0 Max Stars: 0 Max Potions: 2 Gold: 0
	Pile Count: 12 Potion Count: 0 Relic Count: 6 Orb Count: 0
	Pile Draw
		Serialized card: SerializableCard CARD.YGODUELIST-ARCANE_ARCHER_OF_THE_FOREST. Upgrades: 0 Enchantment:  Props: PermanentAtkBonusFromExecutes=0,YgoDieForYouUserToggleOn=False Floor: 1
			Keywords: 10000,20019,20043
		Serialized card: SerializableCard CARD.YGODUELIST-DEFEND_YGO_DUELIST. Upgrades: 0 Enchantment:  Props:  Floor: 1
		Serialized card: SerializableCard CARD.YGODUELIST-DEFEND_YGO_DUELIST. Upgrades: 0 Enchantment:  Props:  Floor: 1
		Serialized card: SerializableCard CARD.YGODUELIST-OUTSTANDING_DOG_MARRON. Upgrades: 0 Enchantment:  Props: PermanentAtkBonusFromExecutes=0,YgoDieForYouUserToggleOn=False Floor: 1
			Keywords: 10004,20001
		Serialized card: SerializableCard CARD.YGODUELIST-ROCKET_JUMPER. Upgrades: 0 Enchantment:  Props: PermanentAtkBonusFromExecutes=0,YgoDieForYouUserToggleOn=False Floor: 1
			Keywords: 10000,20015,20043,20045
		Serialized card: SerializableCard CARD.YGODUELIST-SKELENGEL. Upgrades: 0 Enchantment:  Props: PermanentAtkBonusFromExecutes=0,YgoDieForYouUserToggleOn=False Floor: 1
			Keywords: 10004,20006,20041
		Serialized card: SerializableCard CARD.YGODUELIST-STRIKE_YGO_DUELIST. Upgrades: 0 Enchantment:  Props:  Floor: 1
		Serialized card: SerializableCard CARD.YGODUELIST-STRIKE_YGO_DUELIST. Upgrades: 0 Enchantment:  Props:  Floor: 1
		Serialized card: SerializableCard CARD.YGODUELIST-TRAP_OF_BOARD_ERASER. Upgrades: 0 Enchantment:  Props:  Floor: 1
			Keywords: 10009,10011
	Pile Hand
		Serialized card: SerializableCard CARD.YGODUELIST-DEFEND_YGO_DUELIST. Upgrades: 0 Enchantment:  Props:  Floor: 1
		Serialized card: SerializableCard CARD.YGODUELIST-STRIKE_YGO_DUELIST. Upgrades: 0 Enchantment:  Props:  Floor: 1
	Pile Discard
	Pile Exhaust
	Pile Play
	Pile 932200512
	Pile 932200513
	Pile 932200514
	Pile 932200515
		Serialized card: SerializableCard CARD.YGODUELIST-HOURGLASS_OF_COURAGE. Upgrades: 0 Enchantment:  Props: PermanentAtkBonusFromExecutes=0,YgoDieForYouUserToggleOn=False Floor: 1
			Keywords: 10004,20006,20043
	Pile 932200516
		Serialized card: SerializableCard CARD.YGODUELIST-EARTH_EFFIGY. Upgrades: 0 Enchantment:  Props: PermanentAtkBonusFromExecutes=0,YgoDieForYouUserToggleOn=False Floor: 1
			Keywords: 10000,20015,20043
		Serialized card: SerializableCard CARD.YGODUELIST-FIRE_SORCERER. Upgrades: 0 Enchantment:  Props: PermanentAtkBonusFromExecutes=0,YgoDieForYouUserToggleOn=False Floor: 1
			Keywords: 10002,20017,20041,20043
		Serialized card: SerializableCard CARD.YGODUELIST-TOTAL_DEFENSE_SHOGUN. Upgrades: 0 Enchantment:  Props: PermanentAtkBonusFromExecutes=0,YgoDieForYouUserToggleOn=False Floor: 1
			Keywords: 10005,20019,20034,20043
	Pile 932200517
		Serialized card: SerializableCard CARD.YGODUELIST-BURNING_LAND. Upgrades: 0 Enchantment:  Props:  Floor: 1
			Keywords: 10009,20024
		Serialized card: SerializableCard CARD.YGODUELIST-GAIA_POWER. Upgrades: 0 Enchantment:  Props:  Floor: 1
			Keywords: 10009,20027
		Serialized card: SerializableCard CARD.YGODUELIST-OJAMA_TRIO. Upgrades: 0 Enchantment:  Props:  Floor: 1
			Keywords: 10009,10011
		Serialized card: SerializableCard CARD.YGODUELIST-RECKLESS_GREED. Upgrades: 0 Enchantment:  Props:  Floor: 1
			Keywords: 10009,10011
	Pile 932200518
	Relic RELIC.SCROLL_BOXES Props:  Floor added: 1
	Relic RELIC.YGODUELIST-BANISHED_RELIC Props:  Floor added: 1
	Relic RELIC.YGODUELIST-EXTRA_DECK_RELIC Props:  Floor added: 1
	Relic RELIC.YGODUELIST-GRAVEYARD_RELIC Props:  Floor added: 1
	Relic RELIC.YGODUELIST-SPELL_TRAP_ZONE_RELIC Props:  Floor added: 1
	Relic RELIC.YGODUELIST-TRUNK_SIDE_DECK_RELIC Props:  Floor added: 1
Player RNG seed: 2712180991
	RNG counter Rewards: 6
	RNG counter Shops: 0
	RNG counter Transformations: 0
Player Odds:
	Card rarity:-0.05
	Potion reward:0.4
Player relic grab bag:
	Rarity Common: PENDULUM,BAG_OF_PREPARATION,JUZU_BRACELET,BOOK_OF_FIVE_RINGS,PERMAFROST,HAPPY_FLOWER,REGAL_PILLOW,VENERABLE_TEA_SET,LANTERN,BRONZE_SCALES,TINY_MAILBOX,STRAWBERRY,ODDLY_SMOOTH_STONE,AMETHYST_AUBERGINE,WHETSTONE,MEAL_TICKET,POTION_BELT,BLOOD_VIAL,VAJRA,GORGET,WAR_PAINT,FESTIVE_POPPER,STRIKE_DUMMY,ANCHOR,CENTENNIAL_PUZZLE
	Rarity Uncommon: KUSARIGAMA,SPARKLING_ROUGE,BELLOWS,ORNAMENTAL_FAN,AKABEKO,PETRIFIED_TOAD,STONE_CRACKER,NUNCHAKU,REPTILE_TRINKET,HORN_CLEAT,ETERNAL_FEATHER,PANTOGRAPH,MERCURY_HOURGLASS,PEN_NIB,JOSS_PAPER,VAMBRACE,CANDELABRA,LETTER_OPENER,PARRYING_SHIELD,PEAR,RED_MASK,MINIATURE_CANNON,BAG_OF_MARBLES,RIPPLE_BASIN,PLANISPHERE,GREMLIN_HORN,LUCKY_FYSH,ORICHALCUM,BOWLER_HAT,TUNING_FORK
	Rarity Rare: THE_COURIER,OLD_COIN,WHITE_BEAST_STATUE,UNSETTLING_LAMP,RAINBOW_RING,POCKETWATCH,CLOAK_CLASP,INTIMIDATING_HELMET,PRAYER_WHEEL,WHITE_STAR,ART_OF_WAR,MANGO,ICE_CREAM,FROZEN_EGG,SHOVEL,UNCEASING_TOP,MUMMIFIED_HAND,TOXIC_EGG,MEAT_ON_THE_BONE,MOLTEN_EGG,VEXING_PUZZLEBOX,LIZARD_TAIL,CHANDELIER,GAMBLING_CHIP,GIRYA,SHURIKEN,KUNAI,RAZOR_TOOTH,GAME_PIECE,STONE_CALENDAR,CAPTAINS_WHEEL,TUNGSTEN_ROD,STURDY_CLAMP,BEATING_REMNANT,LASTING_CANDY
	Rarity Shop: MYSTIC_LIGHTER,GNARLED_HAMMER,WING_CHARM,DRAGON_FRUIT,LAVA_LAMP,THE_ABACUS,ORRERY,DINGY_RUG,GHOST_SEED,DOLLYS_MIRROR,MEMBERSHIP_CARD,ROYAL_STAMP,CHEMICAL_X,LEES_WAFFLE,CAULDRON,BREAD,PUNCH_DAGGER,RINGING_TRIANGLE,SLING_OF_COURAGE,SCREAMING_FLAGON,BURNING_STICKS,KIFUDA,MINIATURE_TENT,BELT_BUCKLE,TOOLBOX
Player with ID: 76561198345121322 Character: CHARACTER.YGODUELIST-YGO_DUELIST
	 Energy: 0 Stars: 0 Max Stars: 0 Max Potions: 2 Gold: 432
	Pile Count: 12 Potion Count: 0 Relic Count: 6 Orb Count: 0
	Pile Draw
		Serialized card: SerializableCard CARD.YGODUELIST-DEFEND_YGO_DUELIST. Upgrades: 0 Enchantment:  Props:  Floor: 1
	Pile Hand
		Serialized card: SerializableCard CARD.YGODUELIST-FIRE_PRINCESS. Upgrades: 0 Enchantment:  Props: PermanentAtkBonusFromExecutes=0,YgoDieForYouUserToggleOn=False Floor: 1
			Keywords: 10002,20013,20043
		Serialized card: SerializableCard CARD.YGODUELIST-KURAMA. Upgrades: 0 Enchantment:  Props: PermanentAtkBonusFromExecutes=0,YgoDieForYouUserToggleOn=False Floor: 1
			Keywords: 10003,20020,20043
		Serialized card: SerializableCard CARD.YGODUELIST-STRIKE_YGO_DUELIST. Upgrades: 0 Enchantment:  Props:  Floor: 1
	Pile Discard
		Serialized card: SerializableCard CARD.GREED. Upgrades: 0 Enchantment:  Props:  Floor: 1
			Keywords: Unplayable,Eternal
		Serialized card: SerializableCard CARD.YGODUELIST-DEFEND_YGO_DUELIST. Upgrades: 0 Enchantment:  Props:  Floor: 1
		Serialized card: SerializableCard CARD.YGODUELIST-STRIKE_YGO_DUELIST. Upgrades: 0 Enchantment:  Props:  Floor: 1
		Serialized card: SerializableCard CARD.YGODUELIST-STRIKE_YGO_DUELIST. Upgrades: 0 Enchantment:  Props:  Floor: 1
	Pile Exhaust
	Pile Play
	Pile 932200512
	Pile 932200513
		Serialized card: SerializableCard CARD.YGODUELIST-THE_LAST_WARRIOR_FROM_ANOTHER_PLANET. Upgrades: 0 Enchantment:  Props: PermanentAtkBonusFromExecutes=0,SummonAbsorbPrintedDefBonus=0,YgoDieForYouUserToggleOn=False Floor: 1
			Keywords: 10000,20019,20036,20043
	Pile 932200514
	Pile 932200515
		Serialized card: SerializableCard CARD.YGODUELIST-DEFEND_YGO_DUELIST. Upgrades: 0 Enchantment:  Props:  Floor: 1
		Serialized card: SerializableCard CARD.YGODUELIST-RAIGEKI_BREAK. Upgrades: 0 Enchantment:  Props:  Floor: 1
			Keywords: 10009,10011,20045
		Serialized card: SerializableCard CARD.YGODUELIST-VERSAGO_THE_DESTROYER. Upgrades: 0 Enchantment:  Props: PermanentAtkBonusFromExecutes=0,YgoDieForYouUserToggleOn=False Floor: 1
			Keywords: 10005,20007,20043
	Pile 932200516
		Serialized card: SerializableCard CARD.YGODUELIST-QUEEN_S_DOUBLE. Upgrades: 0 Enchantment:  Props: PermanentAtkBonusFromExecutes=0,YgoDieForYouUserToggleOn=False Floor: 1
			Keywords: 10000,20019,20045
		Serialized card: SerializableCard CARD.YGODUELIST-ZABORG_THE_THUNDER_MONARCH. Upgrades: 0 Enchantment:  Props: PermanentAtkBonusFromExecutes=0,YgoDieForYouUserToggleOn=False Floor: 1
			Keywords: 10004,20018,20034,20043
	Pile 932200517
		Serialized card: SerializableCard CARD.YGODUELIST-YELLOW_LUSTER_SHIELD. Upgrades: 0 Enchantment:  Props:  Floor: 1
			Keywords: 10009,20024
	Pile 932200518
	Relic RELIC.CURSED_PEARL Props:  Floor added: 1
	Relic RELIC.YGODUELIST-BANISHED_RELIC Props:  Floor added: 1
	Relic RELIC.YGODUELIST-EXTRA_DECK_RELIC Props:  Floor added: 1
	Relic RELIC.YGODUELIST-GRAVEYARD_RELIC Props:  Floor added: 1
	Relic RELIC.YGODUELIST-SPELL_TRAP_ZONE_RELIC Props:  Floor added: 1
	Relic RELIC.YGODUELIST-TRUNK_SIDE_DECK_RELIC Props:  Floor added: 1
Player RNG seed: 2921017272
	RNG counter Rewards: 0
	RNG counter Shops: 0
	RNG counter Transformations: 0
Player Odds:
	Card rarity:-0.05
	Potion reward:0.4
Player relic grab bag:
	Rarity Common: LANTERN,VENERABLE_TEA_SET,GORGET,STRIKE_DUMMY,PERMAFROST,BAG_OF_PREPARATION,PENDULUM,FESTIVE_POPPER,ANCHOR,POTION_BELT,VAJRA,JUZU_BRACELET,CENTENNIAL_PUZZLE,AMETHYST_AUBERGINE,TINY_MAILBOX,WAR_PAINT,WHETSTONE,BOOK_OF_FIVE_RINGS,ODDLY_SMOOTH_STONE,HAPPY_FLOWER,STRAWBERRY,MEAL_TICKET,BRONZE_SCALES,BLOOD_VIAL,REGAL_PILLOW
	Rarity Uncommon: VAMBRACE,SPARKLING_ROUGE,ETERNAL_FEATHER,BELLOWS,STONE_CRACKER,TUNING_FORK,PANTOGRAPH,MINIATURE_CANNON,ORICHALCUM,PEAR,MERCURY_HOURGLASS,LETTER_OPENER,BAG_OF_MARBLES,HORN_CLEAT,NUNCHAKU,GREMLIN_HORN,ORNAMENTAL_FAN,AKABEKO,CANDELABRA,RIPPLE_BASIN,PETRIFIED_TOAD,REPTILE_TRINKET,PEN_NIB,PLANISPHERE,LUCKY_FYSH,BOWLER_HAT,PARRYING_SHIELD,RED_MASK,JOSS_PAPER,KUSARIGAMA
	Rarity Rare: ART_OF_WAR,BEATING_REMNANT,MEAT_ON_THE_BONE,GAME_PIECE,TUNGSTEN_ROD,KUNAI,OLD_COIN,CHANDELIER,GIRYA,GAMBLING_CHIP,STONE_CALENDAR,STURDY_CLAMP,UNSETTLING_LAMP,SHURIKEN,MANGO,MUMMIFIED_HAND,FROZEN_EGG,RAZOR_TOOTH,LASTING_CANDY,THE_COURIER,CAPTAINS_WHEEL,LIZARD_TAIL,RAINBOW_RING,ICE_CREAM,VEXING_PUZZLEBOX,CLOAK_CLASP,POCKETWATCH,TOXIC_EGG,UNCEASING_TOP,MOLTEN_EGG,WHITE_STAR,INTIMIDATING_HELMET,PRAYER_WHEEL,SHOVEL,WHITE_BEAST_STATUE
	Rarity Shop: RINGING_TRIANGLE,ROYAL_STAMP,THE_ABACUS,GNARLED_HAMMER,MEMBERSHIP_CARD,CAULDRON,ORRERY,PUNCH_DAGGER,LAVA_LAMP,WING_CHARM,SLING_OF_COURAGE,LEES_WAFFLE,DOLLYS_MIRROR,BURNING_STICKS,BREAD,DINGY_RUG,TOOLBOX,BELT_BUCKLE,DRAGON_FRUIT,MINIATURE_TENT,KIFUDA,GHOST_SEED,SCREAMING_FLAGON,CHEMICAL_X,MYSTIC_LIGHTER
RNG global seed: EEA5XJP2Q3
	RNG counter UpFront: 511
	RNG counter Shuffle: 46
	RNG counter UnknownMapPoint: 0
	RNG counter CombatCardGeneration: 0
	RNG counter CombatPotionGeneration: 0
	RNG counter CombatCardSelection: 0
	RNG counter CombatEnergyCosts: 0
	RNG counter CombatTargets: 0
	RNG counter MonsterAi: 0
	RNG counter Niche: 2
	RNG counter CombatOrbs: 0
	RNG counter TreasureRoomRelics: 0


   at MegaCrit.Sts2.Core.Multiplayer.Game.ChecksumTracker.LogStateDivergence(TrackedChecksum localChecksum, StateDivergenceMessage message, UInt64 remoteId)
   at MegaCrit.Sts2.Core.Multiplayer.Game.ChecksumTracker.OnReceivedStateDivergenceMessage(StateDivergenceMessage message, UInt64 senderId)
   at MegaCrit.Sts2.Core.Multiplayer.NetMessageBus.<>c__DisplayClass10_0`1.<RegisterMessageHandler>b__0(INetMessage message, UInt64 senderId)
   at MegaCrit.Sts2.Core.Multiplayer.NetMessageBus.SendMessageToAllHandlers(INetMessage message, UInt64 senderId)
   at MegaCrit.Sts2.Core.Multiplayer.NetClientGameService.OnPacketReceived(UInt64 senderId, Byte[] packetBytes, NetTransferMode mode, Int32 channel)
   at MegaCrit.Sts2.Core.Multiplayer.Transport.Steam.SteamUtil.ProcessMessages(HSteamNetConnection conn, INetHandler handler, Logger logger)
   at MegaCrit.Sts2.Core.Multiplayer.NetClientGameService.Update()
   at Godot.Node.InvokeGodotClassMethod(godot_string_name& method, NativeVariantPtrArgs args, godot_variant& ret)
   at Godot.Control.InvokeGodotClassMethod(godot_string_name& method, NativeVariantPtrArgs args, godot_variant& ret)
   at MegaCrit.Sts2.Core.Nodes.NRun.InvokeGodotClassMethod(godot_string_name& method, NativeVariantPtrArgs args, godot_variant& ret)
   at Godot.Bridge.CSharpInstanceBridge.Call(IntPtr godotObjectGCHandle, godot_string_name* method, godot_variant** args, Int32 argCount, godot_variant_call_error* refCallError, godot_variant* ret)

[WARN] Warning: Packet writer is growing from 1024 bytes to 2048 bytes!
[INFO] Abandoning run and returning to main menu because our state diverged from host's
[WARN] Warning: Packet writer is growing from 1024 bytes to 2048 bytes!
[WARN] Warning: Packet writer is growing from 2048 bytes to 4096 bytes!
[WARN] Warning: Packet writer is growing from 4096 bytes to 8192 bytes!
[WARN] Warning: Packet writer is growing from 8192 bytes to 16384 bytes!
[WARN] Warning: Packet writer is growing from 16384 bytes to 32768 bytes!
[WARN] Warning: Packet writer is growing from 32768 bytes to 65536 bytes!
[WARN] Warning: Packet writer is growing from 65536 bytes to 131072 bytes!
[DEBUG] [SteamClient] Connection status changed: k_ESteamNetworkingConnectionState_Connected -> k_ESteamNetworkingConnectionState_ClosedByPeer
[INFO] [SteamClient] Steam connection closed by host. Reason: 1012, Application closed connection
[DEBUG] [SteamClient] Disconnecting from host (now: True reason: 1012 debug: Application closed connection)
[INFO] [RunLobby] Disconnected. Reason: StateDivergence
[INFO] Unloading 23 missed cache assets
[INFO] Preloading 'Common' assets... count=128 vfx=1
[DEBUG] [ActionExecutor] Action queue changed, beginning ExecuteActions
[VERYDEBUG] [ActionQueueSet] Attempting to find ready action
[VERYDEBUG] [ActionQueueSet] No action is ready
[DEBUG] [ActionQueueSynchronizer] Combat state becomes NotInCombat. Cancelling deferred actions and cancelling all remaining combat actions
[DEBUG] [ActionQueueSet] Combat ended. Cancelling all non-executing combat actions in all queues
[DEBUG] [ActionExecutor] Action queue changed, beginning ExecuteActions
[VERYDEBUG] [ActionQueueSet] Attempting to find ready action
[VERYDEBUG] [ActionQueueSet] No action is ready
[DEBUG] [ActionQueueSet] Unpausing all player queues
[DEBUG] [ActionExecutor] Action queue changed, beginning ExecuteActions
[VERYDEBUG] [ActionQueueSet] Attempting to find ready action
[VERYDEBUG] [ActionQueueSet] No action is ready
[WARN] Asset not cached: res://scenes/screens/main_menu.tscn
[INFO] [Startup] Time to main menu (Godot ticks): 2035005ms
[INFO] Preloading 'Common' Complete: assets=128 time_elapsed=757ms
[INFO] [BaseLib] NGame.Quit(): saving all ModConfigs
[INFO] NGame.Quit called
[INFO] Wrote 2507 bytes to path=user://steam/76561198136285041/settings.save save_dir=user://steam/76561198136285041
[INFO] Wrote 2507 bytes to settings.save in steam remote store
[INFO] Wrote 245 bytes to path=user://steam/76561198136285041/modded/profile1\saves\prefs.save save_dir=user://steam/76561198136285041
[INFO] Wrote 245 bytes to modded/profile1/saves/prefs.save in steam remote store
[INFO] Wrote 142987 bytes to path=user://steam/76561198136285041/modded/profile1\saves\progress.save save_dir=user://steam/76561198136285041
[INFO] Wrote 142987 bytes to modded/profile1/saves/progress.save in steam remote store
[INFO] Wrote 52 bytes to path=user://steam/76561198136285041/profile.save save_dir=user://steam/76561198136285041
[INFO] Wrote 52 bytes to profile.save in steam remote store
[INFO] Steamworks: shutting down...
[INFO] Steamworks shutdown succeeded!
[INFO] [Sentry.NET] Shutting down
FMOD Sound System: System released
WARNING: 2066 RIDs of type "CanvasItem" were leaked.
   at: _free_rids (servers/rendering/renderer_canvas_cull.cpp:2678)
ERROR: 1 RID allocations of type 'N26RendererEnvironmentStorage11EnvironmentE' were leaked at exit.
ERROR: 9 shaders of type CanvasShaderRD were never freed
   at: ~ShaderRD (servers/rendering/renderer_rd/shader_rd.cpp:1044)
ERROR: 52 RID allocations of type 'N10RendererRD16ParticlesStorage9ParticlesE' were leaked at exit.
ERROR: 1 shaders of type ParticlesShaderRD were never freed
   at: ~ShaderRD (servers/rendering/renderer_rd/shader_rd.cpp:1044)
ERROR: 52 RID allocations of type 'N10RendererRD11MeshStorage4MeshE' were leaked at exit.
ERROR: 167 RID allocations of type 'N10RendererRD15MaterialStorage8MaterialE' were leaked at exit.
ERROR: 10 RID allocations of type 'N10RendererRD15MaterialStorage6ShaderE' were leaked at exit.
ERROR: 53 RID allocations of type 'N10RendererRD14TextureStorage7TextureE' were leaked at exit.
WARNING: 225 RIDs of type "UniformBuffer" were leaked.
   at: _free_rids (servers/rendering/rendering_device.cpp:6981)
WARNING: 102 RIDs of type "Texture" were leaked.
   at: finalize (servers/rendering/rendering_device.cpp:7191)
ERROR: 907 RID allocations of type 'PN18TextServerAdvanced22ShapedTextDataAdvancedE' were leaked at exit.
ERROR: 4 RID allocations of type 'PN18TextServerAdvanced12FontAdvancedE' were leaked at exit.
ERROR: 5 RID allocations of type 'PN18TextServerAdvanced27FontAdvancedLinkedVariationE' were leaked at exit.
WARNING: ObjectDB instances leaked at exit (run with --verbose for details).
   at: cleanup (core/object/object.cpp:2514)
ERROR: 103 resources still in use at exit (run with --verbose for details).
   at: clear (core/io/resource.cpp:795)
