MegaDot v4.5.1.m.8.mono.custom_build - https://godotengine.org
D3D12 12_0 - Forward+ - Using Device #0: NVIDIA - NVIDIA GeForce RTX 3080
WARNING: PSO caching is not implemented yet in the Direct3D 12 driver.
   at: pipeline_cache_create (drivers/d3d12/rendering_device_driver_d3d12.cpp:4467)

FMOD Sound System: Successfully initialized
[INFO] Found release_info.json at: C:\SteamLibrary\steamapps\common\Slay the Spire 2\release_info.json
[INFO] [Sentry.NET] Initialized: env=playtesters, release=v0.99.1
[INFO] Steamworks: attempting initialization...
[INFO] Steam is running: True
[INFO] Steamworks initialization succeeded!
[INFO] Steam is enabled, we will write saves to steam storage. Enabled for account: True, app: True 
[INFO] Registered 8 migrations
[INFO] Current save versions: PrefsSave v2; ProfileSave v2; SerializableProgress v21; RunHistory v8; SerializableRun v14; SettingsSave v5
[INFO] Syncing cloud save files to the local save directory
[WARN] Asset not cached: res://scenes/cards/card.tscn
[WARN] Asset not cached: res://scenes/cards/holders/grid_card_holder.tscn
[INFO] AtlasManager: Loaded ui_atlas with 102 sprites
[INFO] AtlasManager: Loaded compressed with 45 sprites
[INFO] Found mod manifest file C:\SteamLibrary\steamapps\common\Slay the Spire 2\mods\BaseLib\BaseLib.json
[INFO] Found mod manifest file C:\SteamLibrary\steamapps\common\Slay the Spire 2\mods\YgoDuelist\YgoDuelist.json
[INFO] Loading assembly DLL C:\SteamLibrary\steamapps\common\Slay the Spire 2\mods\BaseLib\BaseLib.dll
[INFO] Loading Godot PCK C:\SteamLibrary\steamapps\common\Slay the Spire 2\mods\BaseLib\BaseLib.pck
[INFO] Calling initializer method of type BaseLib.BaseLibMain for BaseLib, Version=3.0.2.0, Culture=neutral, PublicKeyToken=null
[INFO] [BaseLib] Created node factory for Control.
[INFO] [BaseLib] Created node factory for NCreatureVisuals.
[INFO] [BaseLib] Created node factory for NRestSiteCharacter.
[INFO] [BaseLib] Created node factory for NMerchantCharacter.
[INFO] [BaseLib] Created node factory for NEnergyCounter.
[INFO] [BaseLib] Registered config for mod BaseLib
[INFO] [BaseLib] Performing CustomPile patch
[INFO] [BaseLib] Starting PatchAll for assembly BaseLib, Version=3.0.2.0, Culture=neutral, PublicKeyToken=null
[INFO] [BaseLib] Applied 123 patches successfully, 0 failed
[INFO] Finished mod initialization for 'BaseLib' (BaseLib).
[INFO] Loading assembly DLL C:\SteamLibrary\steamapps\common\Slay the Spire 2\mods\YgoDuelist\YgoDuelist.dll
[INFO] Loading Godot PCK C:\SteamLibrary\steamapps\common\Slay the Spire 2\mods\YgoDuelist\YgoDuelist.pck
[INFO] Calling initializer method of type YgoDuelist.MainFile for YgoDuelist, Version=1.0.0.0, Culture=neutral, PublicKeyToken=null
[INFO] [YgoDuelist] [YgoDuelist][ShopBundle] Patched ClearAfterPurchase (prefix count on method=1).
[INFO] [YgoDuelist] [YgoDuelist][ShopBundle] Patched RestockAfterPurchase (prefix count on method=1).
[INFO] [YgoDuelist] [YgoDuelist] Harmony AncientEventModel.SetInitialEventState prefix patches: 1
[INFO] Finished mod initialization for 'YgoDuelist' (YgoDuelist).
[INFO]  --- RUNNING MODDED! --- Loaded 2 mods (2 total)
[INFO] [BaseLib] Performing post-mod init patch
[INFO] [BaseLib] Patching act types for custom encounters and events | Glory | Hive | Overgrowth | Underdocks
[INFO] [BaseLib] Generating interop methods and properties
[WARN] [BaseLib] Recommended to add a prefix such as "YgoDuelist_" to SavedProperty ygo_extra_count for compatibility.
[WARN] [BaseLib] Recommended to add a prefix such as "YgoDuelist_" to SavedProperty MirageAtk for compatibility.
[WARN] [BaseLib] Recommended to add a prefix such as "YgoDuelist_" to SavedProperty MirageDef for compatibility.
[WARN] [BaseLib] Recommended to add a prefix such as "YgoDuelist_" to SavedProperty SpellCounters for compatibility.
[WARN] [BaseLib] Recommended to add a prefix such as "YgoDuelist_" to SavedProperty SpellCounters for compatibility.
[WARN] [BaseLib] Recommended to add a prefix such as "YgoDuelist_" to SavedProperty SpellCounters for compatibility.
[WARN] [BaseLib] Recommended to add a prefix such as "YgoDuelist_" to SavedProperty SpellCounters for compatibility.
[WARN] [BaseLib] Recommended to add a prefix such as "YgoDuelist_" to SavedProperty SpellCounters for compatibility.
[WARN] [BaseLib] Recommended to add a prefix such as "YgoDuelist_" to SavedProperty SpellCounters for compatibility.
[INFO] [BaseLib] Registered 0 SavedSpireFields.
[INFO] Loading locale path=res://localization/eng
[INFO] Found loc table from mod: eng ancients.json. Merging with base loc table
[INFO] Found loc table from mod: eng card_keywords.json. Merging with base loc table
[INFO] Found loc table from mod: eng cards.json. Merging with base loc table
[INFO] Found loc table from mod: eng characters.json. Merging with base loc table
[INFO] Found loc table from mod: eng combat_messages.json. Merging with base loc table
[INFO] Found loc table from mod: eng main_menu_ui.json. Merging with base loc table
[INFO] Found loc table from mod: eng monsters.json. Merging with base loc table
[INFO] Found loc table from mod: eng powers.json. Merging with base loc table
[INFO] Found loc table from mod: eng powers.json. Merging with base loc table
[INFO] Found loc table from mod: eng relics.json. Merging with base loc table
[INFO] Found loc table from mod: eng rest_site_ui.json. Merging with base loc table
[INFO] Found loc table from mod: eng settings_ui.json. Merging with base loc table
[INFO] Found loc table from mod: eng static_hover_tips.json. Merging with base loc table
[INFO] Found loc table from mod: eng static_hover_tips.json. Merging with base loc table
[INFO] [BaseLib] Generated KeyGenerator for enum MegaCrit.Sts2.Core.Entities.Cards.PileType with starting value 7 | IsFlag: False | Half-Size: 16
[INFO] [BaseLib] Generated KeyGenerator for enum MegaCrit.Sts2.Core.Entities.Cards.CardTag with starting value 6 | IsFlag: False | Half-Size: 16
[INFO] ModelIdSerializationCache initialized. Categories: 19 Entries: 3309 Epochs: 57 Hash: 3998928479
[Sentry.GDExtension] Initialized: env=playtesters, release=v0.99.1
[INFO] AtlasManager: Loaded epoch_atlas with 57 sprites
[INFO] AtlasManager: Loaded relic_atlas with 336 sprites
[INFO] AtlasManager: Loaded relic_outline_atlas with 336 sprites
[INFO] AtlasManager: Loaded power_atlas with 268 sprites
[INFO] AtlasManager: Loaded card_atlas with 840 sprites
[INFO] AtlasManager: Loaded potion_atlas with 63 sprites
[INFO] AtlasManager: Loaded potion_outline_atlas with 63 sprites
[INFO] AtlasManager: Loaded stats_screen_atlas with 16 sprites
[INFO] AtlasManager: Loaded intent_atlas with 310 sprites
[INFO] AtlasManager: Loaded era_atlas with 27 sprites
[INFO] [BaseLib] Registered scene 'res://scenes/creature_visuals/ironclad.tscn' for auto-conversion to NCreatureVisuals
[INFO] [BaseLib] Registered scene 'res://scenes/rest_site/characters/ironclad_rest_site.tscn' for auto-conversion to NRestSiteCharacter
[INFO] [BaseLib] Registered scene 'res://scenes/merchant/characters/ironclad_merchant.tscn' for auto-conversion to NMerchantCharacter
[INFO] [BaseLib] Registered scene 'res://scenes/combat/energy_counters/ironclad_energy_counter.tscn' for auto-conversion to NEnergyCounter
[INFO] Profile-scoped data path initialized: user://steam/76561198345121322/modded/profile1
[INFO] [Sentry.NET] Platform branch: public, sample rate: 10%
[INFO] AtlasManager: Loaded controller_atlas with 112 sprites
[INFO] Applying display settings...
  FULLSCREEN: True
  ASPECT_RATIO: (SixteenByNine)
  TARGET_DISPLAY: (0)
  WINDOW_SIZE: (1920, 1080)
  POSITION: (-1, -1)
[INFO] [Display] Min size: (64, 64) Max size: (16384, 16384)
[INFO] Window changed! New size: (1920, 1061)
[INFO] [Display] Setting FULLSCREEN on Display: 1 of 2
[INFO] Window changed! New size: (1934, 1100)
[INFO] Window changed! New size: (1920, 1080)
[INFO] VSync: Adaptive
[INFO] SteamStatsManager: Global stats received (found=True), architect damage = 138041629405
[INFO] SteamStatsManager: User stats received
[INFO] Wrote 2515 bytes to path=user://steam/76561198345121322/settings.save save_dir=user://steam/76561198345121322
[INFO] Wrote 2515 bytes to settings.save in steam remote store
[INFO] === Godot OS Debug Information ===
Timestamp: 4/15/2026 4:00:45 AM
OS: Windows
OS Version: 10.0.19045
Distribution Name: Windows
Device Model: Alienware Aurora R11
Is Debug Build: False
Is Sandboxed: False
Executable Path: C:/SteamLibrary/steamapps/common/Slay the Spire 2/SlayTheSpire2.exe
Data Directory: C:/Users/khjga/AppData/Roaming
User Data Directory: C:/Users/khjga/AppData/Roaming/SlayTheSpire2
Command Line Args: 
User Command Line Args: 
OS Locale: en_US
OS Language: en
Game Locale: en_US
Is UserFS Persistent: True
Is Stdout Verbose: False
Is Low Processor Usage Mode: False
Architecture: x86_64
Engine Version: 4.5.1-m.8 (custom_build)
Is Editor: False
Release Version: v0.99.1
Release Commit: 7ac1f450
Release Date: 3/14/2026 3:40:28 AM
Processor Count: 16
Processor Name: Intel(R) Core(TM) i7-10700 CPU @ 2.90GHz
Rendering device name: NVIDIA GeForce RTX 3080
  Graphics adapter 0: NVIDIA GeForce RTX 3080
  version: 32.0.15.0
  Graphics adapter 1: Microsoft Basic Render Driver
  version: 10.0.19041.0
Screen info (primary 0):
  Index 0: Size: (1920, 1080) Orientation: Landscape Scale: 1 DPI: 96 Refresh Rate: 60
  Index 1: Size: (1920, 1080) Orientation: Landscape Scale: 1 DPI: 96 Refresh Rate: 60
Video Memory Used: 0.0B
Memory Info:
  physical: 31.8GB
  free: 1.6GB
  available: 109.0GB
  stack: 8.0MB
  Static Memory Usage: 0.0B
  Static Memory Peak Usage: 0.0B
Important Environment Variables:
  PATH: C:\Program Files (x86)\Common Files\Oracle\Java\java8path;C:\Program Files (x86)\Common Files\Oracle\Java\javapath;C:\Program Files\ImageMagick-7.1.1-Q16-HDRI;C:\Program Files\Eclipse Adoptium\jre-8.0.422.5-hotspot\bin;C:\Program Files (x86)\Razer Chroma SDK\bin;C:\Program Files\Razer Chroma SDK\bin;C:\Program Files (x86)\Razer\ChromaBroadcast\bin;C:\Program Files\Razer\ChromaBroadcast\bin;C:\Windows\system32;C:\Windows;C:\Windows\System32\Wbem;C:\Windows\System32\WindowsPowerShell\v1.0\;C:\Windows\System32\OpenSSH\;C:\Program Files\dotnet\;C:\Users\khjga\AppData\Local\Microsoft\WindowsApps;C:\Users\khjga\AppData\Local\gitkraken\bin;C:\Users\khjga\AppData\Local\Programs\Microsoft VS Code\bin;C:\Windows\system32\config\systemprofile\AppData\Local\Microsoft\WindowsApps;C:\Program Files\Microsoft VS Code\bin;C:\Program Files (x86)\NVIDIA Corporation\PhysX\Common;C:\Program Files (x86)\Windows Kits\10\Windows Performance Toolkit\;C:\Spectrum\Development\C++\Libraries\SDL2_image-2.8.2\lib;C:\Spectrum\Development\C++\Libraries\SDL2-devel-2.28.5-VC\lib;D:\Spectrum\Desktop\Arcane_Lineage_Bot\LuaJIT;D:\Spectrum\Desktop\Arcane_Lineage_Bot\mingw32\bin;C:\Program Files\Git\cmd;c:\Users\khjga\AppData\Local\Programs\cursor\resources\app\bin;C:\Program Files\nodejs\;C:\Program Files\NVIDIA Corporation\NVIDIA NvDLISR;C:\Users\khjga\AppData\Local\Microsoft\WindowsApps;C:\Users\khjga\AppData\Local\gitkraken\bin;D:\Spectrum\Desktop\Arcane_Lineage_Bot\LuaJIT;C:\Users\khjga\AppData\Local\GitHubDesktop\bin;C:\Users\khjga\.argon\bin;C:\Users\khjga\AppData\Local\Programs\cursor\resources\app\bin;C:\Users\khjga\AppData\Roaming\npm;C:\Users\khjga\.dotnet\tools;C:\Users\khjga\AppData\Local\Microsoft\WinGet\Packages\dnSpyEx.dnSpy_Microsoft.Winget.Source_8wekyb3d8bbwe;C:\Users\khjga\AppData\Local\Programs\Warp\bin;
  GODOT_ROOT_DIR: 
  HOME: 
  DYLD_LIBRARY_PATH: 
  LD_LIBRARY_PATH: 

[INFO] Preloading 'IntroLogo' assets... count=3 vfx=0
[INFO] Preloading 'IntroLogo' Complete: assets=3 time_elapsed=53ms
[INFO] Preloading 'MainMenuEssentials' assets... count=5 vfx=0
[INFO] Preloading 'MainMenuEssentials' Complete: assets=5 time_elapsed=360ms
[WARN] Asset not cached: res://debug_audio/SOTE_Logo_Echoing_ShortTail.mp3
[INFO] [Startup] Time to main menu (Godot ticks): 18948ms
[INFO] Limiting background FPS to 30
[INFO] Restored foreground FPS
[INFO] [Startup] Time to main menu: 19,015ms
[INFO] [Startup] Resource stats (main menu loaded (essential)): StaticMem=0B, VRAM=369.6MB, Objects=8,520, Resources=492, Nodes=1,620, CachedAssets=10
[INFO] Unloading 3 missed cache assets
[INFO] Command line: 
[INFO] Preloading 'Common' assets... count=686 vfx=86
[INFO] [Startup] Resource stats (main menu loaded (complete)): StaticMem=0B, VRAM=513.2MB, Objects=8,487, Resources=479, Nodes=1,618, CachedAssets=5
[INFO] Preloading 'Common' Complete: assets=772 time_elapsed=4,069ms
[INFO] Limiting background FPS to 30
[INFO] Restored foreground FPS
[INFO] Limiting background FPS to 30
[INFO] Restored foreground FPS
[WARN] Asset not cached: res://scenes/screens/multiplayer_submenu.tscn
[WARN] Warning: Packet writer is growing from 1024 bytes to 2048 bytes!
[WARN] Warning: Packet writer is growing from 1024 bytes to 2048 bytes!
[WARN] Warning: Packet writer is growing from 1024 bytes to 2048 bytes!
[WARN] Warning: Packet writer is growing from 1024 bytes to 2048 bytes!
[INFO] Player already has Epoch: NEOW_EPOCH
[INFO] Player already has Epoch: OROBAS_EPOCH
[INFO] Wrote 167681 bytes to path=user://steam/76561198345121322/modded/profile1\saves\progress.save save_dir=user://steam/76561198345121322
[INFO] Wrote 167681 bytes to modded/profile1/saves/progress.save in steam remote store
[INFO] Forgetting file modded/profile1\saves\history/1774562354.run from cloud storage because we're past our quota. Bytes after forgetting: 1540628. Files after forgetting: 100
[INFO] Wrote 3401 bytes to path=user://steam/76561198345121322/modded/profile1\saves\history\1776239313.run save_dir=user://steam/76561198345121322
[INFO] Wrote 3401 bytes to modded/profile1/saves/history/1776239313.run in steam remote store
[INFO] Saved run history: 1776239313.run
[INFO] Created Run History entry!
[WARN] Asset not cached: res://scenes/screens/multiplayer_host_submenu.tscn
[INFO] Limiting background FPS to 30
[INFO] Restored foreground FPS
[INFO] [SteamHost] Initializing Steam host. Our player id: 76561198345121322
[INFO] Max ascension changed to 10
[INFO] Max ascension changed to 10
[WARN] Asset not cached: res://scenes/ui/remote_lobby_player.tscn
[INFO] Limiting background FPS to 30
[INFO] Restored foreground FPS
[INFO] [StartRunLobby (76561198345121322)] Local player 76561198345121322 is ready
[INFO] Limiting background FPS to 30
[DEBUG] [SteamHost] Connection status changed: (76561198136285041: k_ESteamNetworkingConnectionState_None -> k_ESteamNetworkingConnectionState_Connecting
[INFO] [SteamHost] Accepting new connection with user 76561198136285041
[DEBUG] [SteamHost] Connection status changed: (76561198136285041: k_ESteamNetworkingConnectionState_Connecting -> k_ESteamNetworkingConnectionState_FindingRoute
[DEBUG] [SteamHost] Connection status changed: (76561198136285041: k_ESteamNetworkingConnectionState_FindingRoute -> k_ESteamNetworkingConnectionState_Connected
[INFO] [StartRunLobby (76561198345121322)] Client 76561198136285041 connected. Sending initial game info message
[INFO] [NetMessageBus] Received message MegaCrit.Sts2.Core.Multiplayer.Messages.Lobby.ClientLobbyJoinRequestMessage, sending to 1 handlers
[INFO] [StartRunLobby (76561198345121322)] Received ClientLobbyJoinRequestMessage for 76561198136285041
[DEBUG] [StartRunLobby (76561198345121322)] Sending ClientLobbyJoinResponseMessage length (2) to (76561198136285041)
[INFO] Cancel handshake timeout for 76561198136285041
[DEBUG] [StartRunLobby (76561198345121322)] Received LobbyPlayerChangedCharacterMessage for 76561198136285041 CHARACTER.IRONCLAD (42925722)
[WARN] Asset not cached: res://scenes/ui/multiplayer/remote_mouse_cursor.tscn
[DEBUG] [StartRunLobby (76561198345121322)] Received LobbyPlayerChangedCharacterMessage for 76561198136285041 CHARACTER.YGODUELIST-YGO_DUELIST (19172765)
[DEBUG] [StartRunLobby (76561198345121322)] Received LobbyPlayerChangedCharacterMessage for 76561198136285041 CHARACTER.NECROBINDER (56569511)
[DEBUG] [StartRunLobby (76561198345121322)] Received LobbyPlayerSetReadyMessage for player 76561198136285041 with value True
[INFO] Embarking on a multiplayer run. Players: Player 76561198345121322, YGODUELIST-YGO_DUELIST,Player 76561198136285041, NECROBINDER. Ascension: 4 Seed: 3HB19QX7R4
cannot find sfx path: event:/sfx/ui/wipe_ygoduelist-ygo_duelist
[INFO] Restored foreground FPS
[VERYDEBUG] [RunLocationTargetedMessageBuffer] Register message handler MegaCrit.Sts2.Core.Multiplayer.Game.MessageHandlerDelegate`1[MegaCrit.Sts2.Core.Multiplayer.Messages.Game.RequestEnqueueActionMessage] for MegaCrit.Sts2.Core.Multiplayer.Messages.Game.RequestEnqueueActionMessage
[VERYDEBUG] [RunLocationTargetedMessageBuffer] Register message handler MegaCrit.Sts2.Core.Multiplayer.Game.MessageHandlerDelegate`1[MegaCrit.Sts2.Core.Multiplayer.Messages.Game.ActionEnqueuedMessage] for MegaCrit.Sts2.Core.Multiplayer.Messages.Game.ActionEnqueuedMessage
[VERYDEBUG] [RunLocationTargetedMessageBuffer] Register message handler MegaCrit.Sts2.Core.Multiplayer.Game.MessageHandlerDelegate`1[MegaCrit.Sts2.Core.Multiplayer.Messages.Game.RequestEnqueueHookActionMessage] for MegaCrit.Sts2.Core.Multiplayer.Messages.Game.RequestEnqueueHookActionMessage
[VERYDEBUG] [RunLocationTargetedMessageBuffer] Register message handler MegaCrit.Sts2.Core.Multiplayer.Game.MessageHandlerDelegate`1[MegaCrit.Sts2.Core.Multiplayer.Messages.Game.HookActionEnqueuedMessage] for MegaCrit.Sts2.Core.Multiplayer.Messages.Game.HookActionEnqueuedMessage
[VERYDEBUG] [RunLocationTargetedMessageBuffer] Register message handler MegaCrit.Sts2.Core.Multiplayer.Game.MessageHandlerDelegate`1[MegaCrit.Sts2.Core.Multiplayer.Messages.Game.RequestResumeActionAfterPlayerChoiceMessage] for MegaCrit.Sts2.Core.Multiplayer.Messages.Game.RequestResumeActionAfterPlayerChoiceMessage
[VERYDEBUG] [RunLocationTargetedMessageBuffer] Register message handler MegaCrit.Sts2.Core.Multiplayer.Game.MessageHandlerDelegate`1[MegaCrit.Sts2.Core.Multiplayer.Messages.Game.ResumeActionAfterPlayerChoiceMessage] for MegaCrit.Sts2.Core.Multiplayer.Messages.Game.ResumeActionAfterPlayerChoiceMessage
[VERYDEBUG] [RunLocationTargetedMessageBuffer] Register message handler MegaCrit.Sts2.Core.Multiplayer.Game.MessageHandlerDelegate`1[MegaCrit.Sts2.Core.Multiplayer.Messages.Game.Sync.OptionIndexChosenMessage] for MegaCrit.Sts2.Core.Multiplayer.Messages.Game.Sync.OptionIndexChosenMessage
[VERYDEBUG] [RunLocationTargetedMessageBuffer] Register message handler MegaCrit.Sts2.Core.Multiplayer.Game.MessageHandlerDelegate`1[MegaCrit.Sts2.Core.Multiplayer.Messages.Game.Sync.VotedForSharedEventOptionMessage] for MegaCrit.Sts2.Core.Multiplayer.Messages.Game.Sync.VotedForSharedEventOptionMessage
[VERYDEBUG] [RunLocationTargetedMessageBuffer] Register message handler MegaCrit.Sts2.Core.Multiplayer.Game.MessageHandlerDelegate`1[MegaCrit.Sts2.Core.Multiplayer.Messages.Game.Sync.SharedEventOptionChosenMessage] for MegaCrit.Sts2.Core.Multiplayer.Messages.Game.Sync.SharedEventOptionChosenMessage
[VERYDEBUG] [RunLocationTargetedMessageBuffer] Register message handler MegaCrit.Sts2.Core.Multiplayer.Game.MessageHandlerDelegate`1[MegaCrit.Sts2.Core.Multiplayer.Messages.Game.Sync.RewardObtainedMessage] for MegaCrit.Sts2.Core.Multiplayer.Messages.Game.Sync.RewardObtainedMessage
[VERYDEBUG] [RunLocationTargetedMessageBuffer] Register message handler MegaCrit.Sts2.Core.Multiplayer.Game.MessageHandlerDelegate`1[MegaCrit.Sts2.Core.Multiplayer.Messages.Game.Sync.GoldLostMessage] for MegaCrit.Sts2.Core.Multiplayer.Messages.Game.Sync.GoldLostMessage
[VERYDEBUG] [RunLocationTargetedMessageBuffer] Register message handler MegaCrit.Sts2.Core.Multiplayer.Game.MessageHandlerDelegate`1[MegaCrit.Sts2.Core.Multiplayer.Messages.Game.CardRemovedMessage] for MegaCrit.Sts2.Core.Multiplayer.Messages.Game.CardRemovedMessage
[VERYDEBUG] [RunLocationTargetedMessageBuffer] Register message handler MegaCrit.Sts2.Core.Multiplayer.Game.MessageHandlerDelegate`1[MegaCrit.Sts2.Core.Multiplayer.Messages.Game.PaelsWingSacrificeMessage] for MegaCrit.Sts2.Core.Multiplayer.Messages.Game.PaelsWingSacrificeMessage
[VERYDEBUG] [RunLocationTargetedMessageBuffer] Register message handler MegaCrit.Sts2.Core.Multiplayer.Game.MessageHandlerDelegate`1[MegaCrit.Sts2.Core.Multiplayer.Messages.Game.Sync.OptionIndexChosenMessage] for MegaCrit.Sts2.Core.Multiplayer.Messages.Game.Sync.OptionIndexChosenMessage
[VERYDEBUG] [RunLocationTargetedMessageBuffer] Register message handler MegaCrit.Sts2.Core.Multiplayer.Game.MessageHandlerDelegate`1[MegaCrit.Sts2.Core.Multiplayer.Messages.Game.Flavor.RestSiteOptionHoveredMessage] for MegaCrit.Sts2.Core.Multiplayer.Messages.Game.Flavor.RestSiteOptionHoveredMessage
[VERYDEBUG] [RunLocationTargetedMessageBuffer] Register message handler MegaCrit.Sts2.Core.Multiplayer.Game.MessageHandlerDelegate`1[MegaCrit.Sts2.Core.Multiplayer.Messages.Game.MerchantCardRemovalMessage] for MegaCrit.Sts2.Core.Multiplayer.Messages.Game.MerchantCardRemovalMessage
[VERYDEBUG] [RunLocationTargetedMessageBuffer] Register message handler MegaCrit.Sts2.Core.Multiplayer.Game.MessageHandlerDelegate`1[MegaCrit.Sts2.Core.Multiplayer.Messages.Game.TreasureChestOpenedMessage] for MegaCrit.Sts2.Core.Multiplayer.Messages.Game.TreasureChestOpenedMessage
[DEBUG] [ActionExecutor] Pausing queue
[INFO] Preloading 'characters=YGODUELIST-YGO_DUELIST,NECROBINDER' assets... count=16 vfx=8
[INFO] Preloading 'characters=YGODUELIST-YGO_DUELIST,NECROBINDER' Complete: assets=24 time_elapsed=385ms
[INFO] Preloading 'Act=UNDERDOCKS' assets... count=8 vfx=0
[INFO] Preloading 'Act=UNDERDOCKS' Complete: assets=8 time_elapsed=35ms
[WARN] Asset not cached: res://images/packed/run_history/attack_portrait.png
[WARN] Asset not cached: res://images/packed/run_history/attack_portrait_shadow.png
[DEBUG] [RunLocationTargetedMessageBuffer] Run location changed to act 0 coord (null) (previously at: act 0 coord (null)), checking if we have enqueued messages
[INFO] Preloading 'Act=UNDERDOCKS' assets... count=0 vfx=0
[INFO] Preloading 'Act=UNDERDOCKS' Complete: assets=0 time_elapsed=27ms
[DEBUG] [CombatStateSynchronizer] Broadcasting combat sync message to all peers
[DEBUG] [CombatStateSynchronizer] Waiting to receive all sync messages from all clients
[DEBUG] [CombatStateSynchronizer] Received sync player message from 76561198136285041
[INFO] Wrote 167681 bytes to path=user://steam/76561198345121322/modded/profile1\saves\progress.save save_dir=user://steam/76561198345121322
[INFO] Wrote 167681 bytes to modded/profile1/saves/progress.save in steam remote store
[INFO] Wrote 52512 bytes to path=user://steam/76561198345121322/modded/profile1\saves\current_run_mp.save save_dir=user://steam/76561198345121322
[INFO] Wrote 52512 bytes to modded/profile1/saves/current_run_mp.save in steam remote store
[DEBUG] [ActionExecutor] Pausing queue
[INFO] Preloading 'Event Room' assets... count=2 vfx=0
[INFO] Preloading 'Event Room' Complete: assets=2 time_elapsed=251ms
[DEBUG] [EventSynchronizer] Beginning event EVENT.NEOW, shared: False
[YgoDuelist NeowDraft] SetInitialEventState enter isPreFinished=False ownerNull=False
[INFO] [YgoDuelist] [NeowDraft] SetInitialEventState enter isPreFinished=False ownerNull=False
[YgoDuelist NeowDraft] characterType=YgoDuelist isYgoDuelistPlayer=True
[INFO] [YgoDuelist] [NeowDraft] characterType=YgoDuelist isYgoDuelistPlayer=True
[YgoDuelist NeowDraft] intercepting: deckCount=6 (no skip by deck size — A20/relics/modifiers add cards before Neow)
[INFO] [YgoDuelist] [NeowDraft] intercepting: deckCount=6 (no skip by deck size — A20/relics/modifiers add cards before Neow)
[YgoDuelist NeowDraft] intercepting: scheduling RunDraftThenResumeNeowAsync via TaskHelper.RunSafely
[INFO] [YgoDuelist] [NeowDraft] intercepting: scheduling RunDraftThenResumeNeowAsync via TaskHelper.RunSafely
[YgoDuelist NeowDraft] (tid=1 mainThread=True) RunDraftThenResumeNeowAsync START
[INFO] [YgoDuelist] [NeowDraft async tid=1 main=True] RunDraftThenResumeNeowAsync START
[YgoDuelist NeowDraft] (tid=1 mainThread=True) building grid size=19
[INFO] [YgoDuelist] [NeowDraft async tid=1 main=True] building grid size=19
[YgoDuelist NeowDraft] catalog built: 476 starter types; bucket keys=15
[INFO] [YgoDuelist] [NeowDraft catalog] structured buckets built starterTypeCount=476
[YgoDuelist StarterDiag] ========== starter-tagged pool: counts per category (Common / Uncommon / Rare) ==========
[INFO] [YgoDuelist] [StarterDiag] ========== starter-tagged pool: counts per category ==========
[YgoDuelist StarterDiag] Spell: Common=50 Uncommon=30 Rare=15 (subtotal 95)
[INFO] [YgoDuelist] [StarterDiag] Spell: Common=50 Uncommon=30 Rare=15 (subtotal 95)
[YgoDuelist StarterDiag] Trap: Common=17 Uncommon=23 Rare=3 (subtotal 43)
[INFO] [YgoDuelist] [StarterDiag] Trap: Common=17 Uncommon=23 Rare=3 (subtotal 43)
[YgoDuelist StarterDiag] Mon_Low: Common=67 Uncommon=18 Rare=3 (subtotal 88)
[INFO] [YgoDuelist] [StarterDiag] Mon_Low: Common=67 Uncommon=18 Rare=3 (subtotal 88)
[YgoDuelist StarterDiag] Mon_Mid: Common=65 Uncommon=97 Rare=10 (subtotal 172)
[INFO] [YgoDuelist] [StarterDiag] Mon_Mid: Common=65 Uncommon=97 Rare=10 (subtotal 172)
[YgoDuelist StarterDiag] Mon_High: Common=43 Uncommon=21 Rare=14 (subtotal 78)
[INFO] [YgoDuelist] [StarterDiag] Mon_High: Common=43 Uncommon=21 Rare=14 (subtotal 78)
[YgoDuelist StarterDiag] ========== end starter diagnostics ==========
[INFO] [YgoDuelist] [StarterDiag] ========== end starter diagnostics ==========
[YgoDuelist NeowDraft] CreateRandomGrid: structured fill categoryOrder=[Mon_Low,Spell,Trap,Mon_Mid,Mon_High] finalCount=20 ritualBundledBonus=True spellBundledMonster=True monsterBundledSpell=False distinctIds=20
[INFO] [YgoDuelist] [NeowDraft catalog] structured grid built finalCount=20 ritualBundledBonus=True spellBundledMonster=True monsterBundledSpell=False distinctIds=20
[YgoDuelist NeowDraft] (tid=1 mainThread=True) grid built count=20 distinctIds=20
[INFO] [YgoDuelist] [NeowDraft async tid=1 main=True] grid built count=20 distinctIds=20
[YgoDuelist NeowDraft] (tid=1 mainThread=True) await CardSelectCmd.FromSimpleGrid (BlockingPlayerChoiceContext)…
[INFO] [YgoDuelist] [NeowDraft async tid=1 main=True] await CardSelectCmd.FromSimpleGrid (BlockingPlayerChoiceContext)…
[VERYDEBUG] [PlayerChoiceSynchronizer] Reserved choice id 0 for player 76561198345121322, next is 1
[WARN] [BaseLib] GetRawText: Key 'YGO_ATTRIBUTE_LIGHT.title' not found in table 'static_hover_tips'
[WARN] [BaseLib] GetRawText: Key 'YGO_ATTRIBUTE_LIGHT.description' not found in table 'static_hover_tips'
[WARN] [BaseLib] GetRawText: Key 'YGO_RACE_SPELLCASTER.title' not found in table 'static_hover_tips'
[WARN] [BaseLib] GetRawText: Key 'YGO_RACE_SPELLCASTER.description' not found in table 'static_hover_tips'
[WARN] [BaseLib] GetRawText: Key 'YGO_RACE_SPELL_RITUAL.title' not found in table 'static_hover_tips'
[WARN] [BaseLib] GetRawText: Key 'YGO_RACE_SPELL_RITUAL.description' not found in table 'static_hover_tips'
[WARN] [BaseLib] GetRawText: Key 'YGO_ATTRIBUTE_DARK.title' not found in table 'static_hover_tips'
[WARN] [BaseLib] GetRawText: Key 'YGO_ATTRIBUTE_DARK.description' not found in table 'static_hover_tips'
[WARN] [BaseLib] GetRawText: Key 'YGO_RACE_FIEND.title' not found in table 'static_hover_tips'
[WARN] [BaseLib] GetRawText: Key 'YGO_RACE_FIEND.description' not found in table 'static_hover_tips'
[WARN] [BaseLib] GetRawText: Key 'YGO_ATTRIBUTE_WATER.title' not found in table 'static_hover_tips'
[WARN] [BaseLib] GetRawText: Key 'YGO_ATTRIBUTE_WATER.description' not found in table 'static_hover_tips'
[WARN] [BaseLib] GetRawText: Key 'YGO_RACE_WARRIOR.title' not found in table 'static_hover_tips'
[WARN] [BaseLib] GetRawText: Key 'YGO_RACE_WARRIOR.description' not found in table 'static_hover_tips'
[WARN] [BaseLib] GetRawText: Key 'YGO_ATTRIBUTE_EARTH.title' not found in table 'static_hover_tips'
[WARN] [BaseLib] GetRawText: Key 'YGO_ATTRIBUTE_EARTH.description' not found in table 'static_hover_tips'
[WARN] [BaseLib] GetRawText: Key 'YGO_RACE_DINOSAUR.title' not found in table 'static_hover_tips'
[WARN] [BaseLib] GetRawText: Key 'YGO_RACE_DINOSAUR.description' not found in table 'static_hover_tips'
[WARN] [BaseLib] GetRawText: Key 'YGO_ATTRIBUTE_FIRE.title' not found in table 'static_hover_tips'
[WARN] [BaseLib] GetRawText: Key 'YGO_ATTRIBUTE_FIRE.description' not found in table 'static_hover_tips'
[WARN] [BaseLib] GetRawText: Key 'YGO_RACE_BEAST_WARRIOR.title' not found in table 'static_hover_tips'
[WARN] [BaseLib] GetRawText: Key 'YGO_RACE_BEAST_WARRIOR.description' not found in table 'static_hover_tips'
[WARN] [BaseLib] GetRawText: Key 'YGO_ATTRIBUTE_LIGHT.title' not found in table 'static_hover_tips'
[WARN] [BaseLib] GetRawText: Key 'YGO_ATTRIBUTE_LIGHT.description' not found in table 'static_hover_tips'
[WARN] [BaseLib] GetRawText: Key 'YGO_RACE_WARRIOR.title' not found in table 'static_hover_tips'
[WARN] [BaseLib] GetRawText: Key 'YGO_RACE_WARRIOR.description' not found in table 'static_hover_tips'
[WARN] [BaseLib] GetRawText: Key 'YGO_ATTRIBUTE_LIGHT.title' not found in table 'static_hover_tips'
[WARN] [BaseLib] GetRawText: Key 'YGO_ATTRIBUTE_LIGHT.description' not found in table 'static_hover_tips'
[WARN] [BaseLib] GetRawText: Key 'YGO_RACE_FAIRY.title' not found in table 'static_hover_tips'
[WARN] [BaseLib] GetRawText: Key 'YGO_RACE_FAIRY.description' not found in table 'static_hover_tips'
[WARN] [BaseLib] GetRawText: Key 'YGO_ATTRIBUTE_LIGHT.title' not found in table 'static_hover_tips'
[WARN] [BaseLib] GetRawText: Key 'YGO_ATTRIBUTE_LIGHT.description' not found in table 'static_hover_tips'
[WARN] [BaseLib] GetRawText: Key 'YGO_RACE_FAIRY.title' not found in table 'static_hover_tips'
[WARN] [BaseLib] GetRawText: Key 'YGO_RACE_FAIRY.description' not found in table 'static_hover_tips'
[WARN] [BaseLib] GetRawText: Key 'YGO_RACE_SPELL_EQUIP.title' not found in table 'static_hover_tips'
[WARN] [BaseLib] GetRawText: Key 'YGO_RACE_SPELL_EQUIP.description' not found in table 'static_hover_tips'
[WARN] [BaseLib] GetRawText: Key 'YGO_ATTRIBUTE_DARK.title' not found in table 'static_hover_tips'
[WARN] [BaseLib] GetRawText: Key 'YGO_ATTRIBUTE_DARK.description' not found in table 'static_hover_tips'
[WARN] [BaseLib] GetRawText: Key 'YGO_RACE_FIEND.title' not found in table 'static_hover_tips'
[WARN] [BaseLib] GetRawText: Key 'YGO_RACE_FIEND.description' not found in table 'static_hover_tips'
[WARN] [BaseLib] GetRawText: Key 'YGO_ATTRIBUTE_EARTH.title' not found in table 'static_hover_tips'
[WARN] [BaseLib] GetRawText: Key 'YGO_ATTRIBUTE_EARTH.description' not found in table 'static_hover_tips'
[WARN] [BaseLib] GetRawText: Key 'YGO_RACE_ROCK.title' not found in table 'static_hover_tips'
[WARN] [BaseLib] GetRawText: Key 'YGO_RACE_ROCK.description' not found in table 'static_hover_tips'
[WARN] [BaseLib] GetRawText: Key 'YGO_ATTRIBUTE_DARK.title' not found in table 'static_hover_tips'
[WARN] [BaseLib] GetRawText: Key 'YGO_ATTRIBUTE_DARK.description' not found in table 'static_hover_tips'
[WARN] [BaseLib] GetRawText: Key 'YGO_RACE_SPELLCASTER.title' not found in table 'static_hover_tips'
[WARN] [BaseLib] GetRawText: Key 'YGO_RACE_SPELLCASTER.description' not found in table 'static_hover_tips'
[WARN] [BaseLib] GetRawText: Key 'YGO_RACE_SPELL_QUICK_PLAY.title' not found in table 'static_hover_tips'
[WARN] [BaseLib] GetRawText: Key 'YGO_RACE_SPELL_QUICK_PLAY.description' not found in table 'static_hover_tips'
[WARN] [BaseLib] GetRawText: Key 'YGO_ATTRIBUTE_WATER.title' not found in table 'static_hover_tips'
[WARN] [BaseLib] GetRawText: Key 'YGO_ATTRIBUTE_WATER.description' not found in table 'static_hover_tips'
[WARN] [BaseLib] GetRawText: Key 'YGO_RACE_THUNDER.title' not found in table 'static_hover_tips'
[WARN] [BaseLib] GetRawText: Key 'YGO_RACE_THUNDER.description' not found in table 'static_hover_tips'
[YgoDuelist NeowDraft] return false: skipped vanilla SetInitialEventState (draft runs async)
[INFO] [YgoDuelist] [NeowDraft] return false: skipped vanilla SetInitialEventState (draft runs async)
[VERYDEBUG] [EventSynchronizer] Event EVENT.NEOW began for player 76561198345121322 with options: 
[YgoDuelist NeowDraft] SetInitialEventState enter isPreFinished=False ownerNull=False
[INFO] [YgoDuelist] [NeowDraft] SetInitialEventState enter isPreFinished=False ownerNull=False
[YgoDuelist NeowDraft] characterType=Necrobinder isYgoDuelistPlayer=False
[INFO] [YgoDuelist] [NeowDraft] characterType=Necrobinder isYgoDuelistPlayer=False
[YgoDuelist NeowDraft] allow original: not YgoDuelist character
[INFO] [YgoDuelist] [NeowDraft] allow original: not YgoDuelist character
[VERYDEBUG] [EventSynchronizer] Event EVENT.NEOW began for player 76561198136285041 with options: EventOption title: Golden Pearl description: Upon pickup, gain [blue]{Gold}[/blue] [gold]Gold[/gold]. textKey: NEOW.pages.INITIAL.options.GOLDEN_PEARL,EventOption title: Precise Scissors description: Remove [blue]{Cards}[/blue] {Cards:plural:card|cards} from your [gold]Deck[/gold]. textKey: NEOW.pages.INITIAL.options.PRECISE_SCISSORS,EventOption title: Large Capsule description: Obtain [blue]{Relics}[/blue] random [gold]{Relics:plural:Relic|Relics}[/gold]. Add an additional [gold]Strike[/gold] and [gold]Defend[/gold] to your [gold]Deck[/gold]. textKey: NEOW.pages.INITIAL.options.LARGE_CAPSULE
[DEBUG] [ActionExecutor] Un-pausing queue
[DEBUG] [RunLocationTargetedMessageBuffer] Run location changed to act 0 coord (3, 0) (previously at: act 0 coord (null)), checking if we have enqueued messages
ERROR: System.InvalidOperationException: Found end tag center, expected gold. ([center]Deal [blue]0[/blue] damage.
[gold]Activate Effect ->/gold] Call Heads or Tails; if your call matches the flip, until end of turn this monster gains ATK and DEF equal to the highest enemy attack intent (max [blue]35[/blue]). If you call it wrong, take [blue]5[/blue] Unblockable damage.
ATK [blue]0[/blue] / DEF [blue]0[/blue][/center])
   at MegaCrit.Sts2.addons.mega_text.MegaLabelHelper.ParseBbcode(String bbcode)
   at MegaCrit.Sts2.addons.mega_text.MegaRichTextLabel.AdjustFontSize()
   at MegaCrit.Sts2.addons.mega_text.MegaRichTextLabel.InvokeGodotClassMethod(godot_string_name& method, NativeVariantPtrArgs args, godot_variant& ret)
   at Godot.Bridge.CSharpInstanceBridge.Call(IntPtr godotObjectGCHandle, godot_string_name* method, godot_variant** args, Int32 argCount, godot_variant_call_error* refCallError, godot_variant* ret)
   at: void Godot.NativeInterop.ExceptionUtils.LogException(System.Exception) (:0)
   C# backtrace (most recent call first):
       [0] void Godot.GD.PushError(string)
       [1] void Godot.NativeInterop.ExceptionUtils.LogException(System.Exception)
       [2] Godot.NativeInterop.godot_bool Godot.Bridge.CSharpInstanceBridge.Call(nint, Godot.NativeInterop.godot_string_name*, Godot.NativeInterop.godot_variant**, int, Godot.NativeInterop.godot_variant_call_error*, Godot.NativeInterop.godot_variant*)
[WARN] Asset not cached: res://YgoDuelist/images/card_frames/conduit_icon.png
[WARN] Asset not cached: res://scenes/vfx/vfx_cross_heal_fullscreen.tscn
[INFO] [BaseLib] Checking for additional interactions with NEOW
[WARN] Asset not cached: res://scenes/events/ancient_dialogue_line.tscn
[WARN] Asset not cached: res://images/ui/top_panel/character_icon_necrobinder_outline.png
[DEBUG] [NetQualityTracker] Connection statistics at 08:11:22:
[DEBUG] [NetQualityTracker] 	76561198136285041 - Ping: 63.86326. Packet Loss: 0.
[INFO] Unloading 10 missed cache assets
[INFO] Preloading 'Common' assets... count=126 vfx=1
[DEBUG] [ActionExecutor] Action queue changed, beginning ExecuteActions
[VERYDEBUG] [ActionQueueSet] Attempting to find ready action
[VERYDEBUG] [ActionQueueSet] No action is ready
[DEBUG] [SteamHost] Stopping host
[WARN] Asset not cached: res://scenes/screens/main_menu.tscn
[YgoDuelist NeowDraft] FATAL: System.Threading.Tasks.TaskCanceledException: A task was canceled.
   at MegaCrit.Sts2.Core.Nodes.Screens.CardSelection.NCardGridSelectionScreen.CardsSelected()
   at MegaCrit.Sts2.Core.Commands.CardSelectCmd.FromSimpleGrid(PlayerChoiceContext context, IReadOnlyList`1 cardsIn, Player player, CardSelectorPrefs prefs)
   at YgoDuelist.YgoDuelistCode.Services.YgoNeowStarterDeckGridService.RunDraftThenResumeNeowAsync(AncientEventModel neowEvent, Boolean isPreFinished)
[ERROR] [YgoDuelist] [NeowDraft] FATAL: System.Threading.Tasks.TaskCanceledException: A task was canceled.
   at MegaCrit.Sts2.Core.Nodes.Screens.CardSelection.NCardGridSelectionScreen.CardsSelected()
   at MegaCrit.Sts2.Core.Commands.CardSelectCmd.FromSimpleGrid(PlayerChoiceContext context, IReadOnlyList`1 cardsIn, Player player, CardSelectorPrefs prefs)
   at YgoDuelist.YgoDuelistCode.Services.YgoNeowStarterDeckGridService.RunDraftThenResumeNeowAsync(AncientEventModel neowEvent, Boolean isPreFinished)
   at YgoDuelist.YgoDuelistCode.Services.YgoNeowStarterDeckGridService.RunDraftThenResumeNeowAsync(AncientEventModel neowEvent, Boolean isPreFinished)
   at System.Runtime.CompilerServices.AsyncTaskMethodBuilder`1.AsyncStateMachineBox`1.ExecutionContextCallback(Object s)
   at System.Threading.ExecutionContext.RunInternal(ExecutionContext executionContext, ContextCallback callback, Object state)
   at System.Runtime.CompilerServices.AsyncTaskMethodBuilder`1.AsyncStateMachineBox`1.MoveNext(Thread threadPoolThread)
   at System.Runtime.CompilerServices.AsyncTaskMethodBuilder`1.AsyncStateMachineBox`1.MoveNext()
   at System.Threading.Tasks.AwaitTaskContinuation.RunCallback(ContextCallback callback, Object state, Task& currentTask)
   at System.Threading.Tasks.Task.RunContinuations(Object continuationObject)
   at System.Threading.Tasks.Task.TrySetCanceled(CancellationToken tokenToRecord, Object cancellationException)
   at System.Runtime.CompilerServices.AsyncTaskMethodBuilder`1.SetException(Exception exception, Task`1& taskField)
   at MegaCrit.Sts2.Core.Commands.CardSelectCmd.FromSimpleGrid(PlayerChoiceContext context, IReadOnlyList`1 cardsIn, Player player, CardSelectorPrefs prefs)
   at System.Runtime.CompilerServices.AsyncTaskMethodBuilder`1.AsyncStateMachineBox`1.ExecutionContextCallback(Object s)
   at System.Threading.ExecutionContext.RunInternal(ExecutionContext executionContext, ContextCallback callback, Object state)
   at System.Runtime.CompilerServices.AsyncTaskMethodBuilder`1.AsyncStateMachineBox`1.MoveNext(Thread threadPoolThread)
   at System.Runtime.CompilerServices.AsyncTaskMethodBuilder`1.AsyncStateMachineBox`1.MoveNext()
   at System.Threading.Tasks.AwaitTaskContinuation.RunCallback(ContextCallback callback, Object state, Task& currentTask)
   at System.Threading.Tasks.Task.RunContinuations(Object continuationObject)
   at System.Threading.Tasks.Task.TrySetCanceled(CancellationToken tokenToRecord, Object cancellationException)
   at System.Runtime.CompilerServices.AsyncTaskMethodBuilder`1.SetException(Exception exception, Task`1& taskField)
   at MegaCrit.Sts2.Core.Nodes.Screens.CardSelection.NCardGridSelectionScreen.CardsSelected()
   at System.Runtime.CompilerServices.AsyncTaskMethodBuilder`1.AsyncStateMachineBox`1.ExecutionContextCallback(Object s)
   at System.Threading.ExecutionContext.RunInternal(ExecutionContext executionContext, ContextCallback callback, Object state)
   at System.Runtime.CompilerServices.AsyncTaskMethodBuilder`1.AsyncStateMachineBox`1.MoveNext(Thread threadPoolThread)
   at System.Runtime.CompilerServices.AsyncTaskMethodBuilder`1.AsyncStateMachineBox`1.MoveNext()
   at System.Threading.Tasks.AwaitTaskContinuation.RunCallback(ContextCallback callback, Object state, Task& currentTask)
   at System.Threading.Tasks.Task.RunContinuations(Object continuationObject)
   at System.Threading.Tasks.Task.TrySetCanceled(CancellationToken tokenToRecord, Object cancellationException)
   at System.Threading.Tasks.TaskCompletionSource`1.TrySetCanceled(CancellationToken cancellationToken)
   at System.Threading.Tasks.TaskCompletionSource`1.SetCanceled()
   at MegaCrit.Sts2.Core.Nodes.Screens.CardSelection.NCardGridSelectionScreen._ExitTree()
   at Godot.Node.InvokeGodotClassMethod(godot_string_name& method, NativeVariantPtrArgs args, godot_variant& ret)
   at Godot.Control.InvokeGodotClassMethod(godot_string_name& method, NativeVariantPtrArgs args, godot_variant& ret)
   at MegaCrit.Sts2.Core.Nodes.Screens.CardSelection.NCardGridSelectionScreen.InvokeGodotClassMethod(godot_string_name& method, NativeVariantPtrArgs args, godot_variant& ret)
   at MegaCrit.Sts2.Core.Nodes.Screens.CardSelection.NSimpleCardSelectScreen.InvokeGodotClassMethod(godot_string_name& method, NativeVariantPtrArgs args, godot_variant& ret)
   at Godot.Bridge.CSharpInstanceBridge.Call(IntPtr godotObjectGCHandle, godot_string_name* method, godot_variant** args, Int32 argCount, godot_variant_call_error* refCallError, godot_variant* ret)
   at Godot.NativeCalls.godot_icall_1_56(IntPtr method, IntPtr ptr, IntPtr arg1)
   at Godot.Node.RemoveChild(Node node)
   at MegaCrit.Sts2.Core.Helpers.GodotTreeExtensions.RemoveChildSafely(Node parent, Node child)
   at MegaCrit.Sts2.Core.Nodes.NSceneContainer.SetCurrentScene(Control node)
   at MegaCrit.Sts2.Core.Nodes.NGame.LoadMainMenu(Boolean openTimeline)
   at System.Runtime.CompilerServices.AsyncMethodBuilderCore.Start[TStateMachine](TStateMachine& stateMachine)
   at MegaCrit.Sts2.Core.Nodes.NGame.LoadMainMenu(Boolean openTimeline)
   at MegaCrit.Sts2.Core.Nodes.NGame.ReturnToMainMenu()
   at System.Runtime.CompilerServices.AsyncTaskMethodBuilder`1.AsyncStateMachineBox`1.ExecutionContextCallback(Object s)
   at System.Threading.ExecutionContext.RunInternal(ExecutionContext executionContext, ContextCallback callback, Object state)
   at System.Runtime.CompilerServices.AsyncTaskMethodBuilder`1.AsyncStateMachineBox`1.MoveNext(Thread threadPoolThread)
   at System.Runtime.CompilerServices.AsyncTaskMethodBuilder`1.AsyncStateMachineBox`1.MoveNext()
   at System.Threading.Tasks.AwaitTaskContinuation.RunCallback(ContextCallback callback, Object state, Task& currentTask)
   at System.Threading.Tasks.Task.RunContinuations(Object continuationObject)
   at System.Runtime.CompilerServices.AsyncTaskMethodBuilder.SetResult()
   at MegaCrit.Sts2.Core.Assets.PreloadManager.LoadCommonAndMainMenuAssets()
   at System.Runtime.CompilerServices.AsyncTaskMethodBuilder`1.AsyncStateMachineBox`1.ExecutionContextCallback(Object s)
   at System.Threading.ExecutionContext.RunInternal(ExecutionContext executionContext, ContextCallback callback, Object state)
   at System.Runtime.CompilerServices.AsyncTaskMethodBuilder`1.AsyncStateMachineBox`1.MoveNext(Thread threadPoolThread)
   at System.Runtime.CompilerServices.AsyncTaskMethodBuilder`1.AsyncStateMachineBox`1.MoveNext()
   at System.Threading.Tasks.AwaitTaskContinuation.RunCallback(ContextCallback callback, Object state, Task& currentTask)
   at System.Threading.Tasks.Task.RunContinuations(Object continuationObject)
   at System.Threading.Tasks.Task`1.TrySetResult(TResult result)
   at System.Runtime.CompilerServices.AsyncTaskMethodBuilder`1.SetExistingTaskResult(Task`1 task, TResult result)
   at MegaCrit.Sts2.Core.Assets.PreloadManager.LoadAssetSets(String name, IEnumerable`1[] assetSets)
   at System.Runtime.CompilerServices.AsyncTaskMethodBuilder`1.AsyncStateMachineBox`1.ExecutionContextCallback(Object s)
   at System.Threading.ExecutionContext.RunInternal(ExecutionContext executionContext, ContextCallback callback, Object state)
   at System.Runtime.CompilerServices.AsyncTaskMethodBuilder`1.AsyncStateMachineBox`1.MoveNext(Thread threadPoolThread)
   at System.Runtime.CompilerServices.AsyncTaskMethodBuilder`1.AsyncStateMachineBox`1.MoveNext()
   at System.Runtime.CompilerServices.YieldAwaitable.YieldAwaiter.<>c.<System.Runtime.CompilerServices.IStateMachineBoxAwareAwaiter.AwaitUnsafeOnCompleted>b__5_0(Object s)
   at Godot.GodotSynchronizationContext.ExecutePendingContinuations()
   at Godot.Bridge.ScriptManagerBridge.FrameCallback()

[YgoDuelist NeowDraft] (tid=1 mainThread=True) RunDraftThenResumeNeowAsync END
[INFO] [YgoDuelist] [NeowDraft async tid=1 main=True] RunDraftThenResumeNeowAsync END
[INFO] [Startup] Time to main menu (Godot ticks): 644627ms
[INFO] Preloading 'Common' Complete: assets=126 time_elapsed=1,139ms
[WARN] Asset not cached: res://scenes/screens/multiplayer_submenu.tscn
[WARN] Warning: Packet writer is growing from 1024 bytes to 2048 bytes!
[WARN] Warning: Packet writer is growing from 1024 bytes to 2048 bytes!
[WARN] Warning: Packet writer is growing from 1024 bytes to 2048 bytes!
[WARN] Warning: Packet writer is growing from 1024 bytes to 2048 bytes!
[INFO] Player already has Epoch: NEOW_EPOCH
[INFO] Player already has Epoch: OROBAS_EPOCH
[INFO] Wrote 167681 bytes to path=user://steam/76561198345121322/modded/profile1\saves\progress.save save_dir=user://steam/76561198345121322
[INFO] Wrote 167681 bytes to modded/profile1/saves/progress.save in steam remote store
[INFO] Forgetting file modded/profile1\saves\history/1774568562.run from cloud storage because we're past our quota. Bytes after forgetting: 1520815. Files after forgetting: 100
[INFO] Wrote 3246 bytes to path=user://steam/76561198345121322/modded/profile1\saves\history\1776240671.run save_dir=user://steam/76561198345121322
[INFO] Wrote 3246 bytes to modded/profile1/saves/history/1776240671.run in steam remote store
[INFO] Saved run history: 1776240671.run
[INFO] Created Run History entry!
[WARN] Asset not cached: res://scenes/screens/multiplayer_host_submenu.tscn
[INFO] [SteamHost] Initializing Steam host. Our player id: 76561198345121322
[INFO] Max ascension changed to 10
[INFO] Max ascension changed to 10
[WARN] Asset not cached: res://scenes/ui/remote_lobby_player.tscn
[DEBUG] [SteamHost] Connection status changed: (76561198136285041: k_ESteamNetworkingConnectionState_None -> k_ESteamNetworkingConnectionState_Connecting
[INFO] [SteamHost] Accepting new connection with user 76561198136285041
[DEBUG] [SteamHost] Connection status changed: (76561198136285041: k_ESteamNetworkingConnectionState_Connecting -> k_ESteamNetworkingConnectionState_FindingRoute
[DEBUG] [SteamHost] Connection status changed: (76561198136285041: k_ESteamNetworkingConnectionState_FindingRoute -> k_ESteamNetworkingConnectionState_Connected
[INFO] [StartRunLobby (76561198345121322)] Client 76561198136285041 connected. Sending initial game info message
[INFO] [NetMessageBus] Received message MegaCrit.Sts2.Core.Multiplayer.Messages.Lobby.ClientLobbyJoinRequestMessage, sending to 1 handlers
[INFO] [StartRunLobby (76561198345121322)] Received ClientLobbyJoinRequestMessage for 76561198136285041
[DEBUG] [StartRunLobby (76561198345121322)] Sending ClientLobbyJoinResponseMessage length (2) to (76561198136285041)
[INFO] Cancel handshake timeout for 76561198136285041
[DEBUG] [StartRunLobby (76561198345121322)] Received LobbyPlayerChangedCharacterMessage for 76561198136285041 CHARACTER.IRONCLAD (42925722)
[WARN] Asset not cached: res://scenes/ui/multiplayer/remote_mouse_cursor.tscn
[DEBUG] [StartRunLobby (76561198345121322)] Received LobbyPlayerChangedCharacterMessage for 76561198136285041 CHARACTER.YGODUELIST-YGO_DUELIST (19172765)
[DEBUG] [StartRunLobby (76561198345121322)] Received LobbyPlayerSetReadyMessage for player 76561198136285041 with value True
[INFO] [StartRunLobby (76561198345121322)] Local player 76561198345121322 is ready
[INFO] Embarking on a multiplayer run. Players: Player 76561198345121322, YGODUELIST-YGO_DUELIST,Player 76561198136285041, YGODUELIST-YGO_DUELIST. Ascension: 4 Seed: EEA5XJP2Q3
cannot find sfx path: event:/sfx/ui/wipe_ygoduelist-ygo_duelist
[VERYDEBUG] [RunLocationTargetedMessageBuffer] Register message handler MegaCrit.Sts2.Core.Multiplayer.Game.MessageHandlerDelegate`1[MegaCrit.Sts2.Core.Multiplayer.Messages.Game.RequestEnqueueActionMessage] for MegaCrit.Sts2.Core.Multiplayer.Messages.Game.RequestEnqueueActionMessage
[VERYDEBUG] [RunLocationTargetedMessageBuffer] Register message handler MegaCrit.Sts2.Core.Multiplayer.Game.MessageHandlerDelegate`1[MegaCrit.Sts2.Core.Multiplayer.Messages.Game.ActionEnqueuedMessage] for MegaCrit.Sts2.Core.Multiplayer.Messages.Game.ActionEnqueuedMessage
[VERYDEBUG] [RunLocationTargetedMessageBuffer] Register message handler MegaCrit.Sts2.Core.Multiplayer.Game.MessageHandlerDelegate`1[MegaCrit.Sts2.Core.Multiplayer.Messages.Game.RequestEnqueueHookActionMessage] for MegaCrit.Sts2.Core.Multiplayer.Messages.Game.RequestEnqueueHookActionMessage
[VERYDEBUG] [RunLocationTargetedMessageBuffer] Register message handler MegaCrit.Sts2.Core.Multiplayer.Game.MessageHandlerDelegate`1[MegaCrit.Sts2.Core.Multiplayer.Messages.Game.HookActionEnqueuedMessage] for MegaCrit.Sts2.Core.Multiplayer.Messages.Game.HookActionEnqueuedMessage
[VERYDEBUG] [RunLocationTargetedMessageBuffer] Register message handler MegaCrit.Sts2.Core.Multiplayer.Game.MessageHandlerDelegate`1[MegaCrit.Sts2.Core.Multiplayer.Messages.Game.RequestResumeActionAfterPlayerChoiceMessage] for MegaCrit.Sts2.Core.Multiplayer.Messages.Game.RequestResumeActionAfterPlayerChoiceMessage
[VERYDEBUG] [RunLocationTargetedMessageBuffer] Register message handler MegaCrit.Sts2.Core.Multiplayer.Game.MessageHandlerDelegate`1[MegaCrit.Sts2.Core.Multiplayer.Messages.Game.ResumeActionAfterPlayerChoiceMessage] for MegaCrit.Sts2.Core.Multiplayer.Messages.Game.ResumeActionAfterPlayerChoiceMessage
[VERYDEBUG] [RunLocationTargetedMessageBuffer] Register message handler MegaCrit.Sts2.Core.Multiplayer.Game.MessageHandlerDelegate`1[MegaCrit.Sts2.Core.Multiplayer.Messages.Game.Sync.OptionIndexChosenMessage] for MegaCrit.Sts2.Core.Multiplayer.Messages.Game.Sync.OptionIndexChosenMessage
[VERYDEBUG] [RunLocationTargetedMessageBuffer] Register message handler MegaCrit.Sts2.Core.Multiplayer.Game.MessageHandlerDelegate`1[MegaCrit.Sts2.Core.Multiplayer.Messages.Game.Sync.VotedForSharedEventOptionMessage] for MegaCrit.Sts2.Core.Multiplayer.Messages.Game.Sync.VotedForSharedEventOptionMessage
[VERYDEBUG] [RunLocationTargetedMessageBuffer] Register message handler MegaCrit.Sts2.Core.Multiplayer.Game.MessageHandlerDelegate`1[MegaCrit.Sts2.Core.Multiplayer.Messages.Game.Sync.SharedEventOptionChosenMessage] for MegaCrit.Sts2.Core.Multiplayer.Messages.Game.Sync.SharedEventOptionChosenMessage
[VERYDEBUG] [RunLocationTargetedMessageBuffer] Register message handler MegaCrit.Sts2.Core.Multiplayer.Game.MessageHandlerDelegate`1[MegaCrit.Sts2.Core.Multiplayer.Messages.Game.Sync.RewardObtainedMessage] for MegaCrit.Sts2.Core.Multiplayer.Messages.Game.Sync.RewardObtainedMessage
[VERYDEBUG] [RunLocationTargetedMessageBuffer] Register message handler MegaCrit.Sts2.Core.Multiplayer.Game.MessageHandlerDelegate`1[MegaCrit.Sts2.Core.Multiplayer.Messages.Game.Sync.GoldLostMessage] for MegaCrit.Sts2.Core.Multiplayer.Messages.Game.Sync.GoldLostMessage
[VERYDEBUG] [RunLocationTargetedMessageBuffer] Register message handler MegaCrit.Sts2.Core.Multiplayer.Game.MessageHandlerDelegate`1[MegaCrit.Sts2.Core.Multiplayer.Messages.Game.CardRemovedMessage] for MegaCrit.Sts2.Core.Multiplayer.Messages.Game.CardRemovedMessage
[VERYDEBUG] [RunLocationTargetedMessageBuffer] Register message handler MegaCrit.Sts2.Core.Multiplayer.Game.MessageHandlerDelegate`1[MegaCrit.Sts2.Core.Multiplayer.Messages.Game.PaelsWingSacrificeMessage] for MegaCrit.Sts2.Core.Multiplayer.Messages.Game.PaelsWingSacrificeMessage
[VERYDEBUG] [RunLocationTargetedMessageBuffer] Register message handler MegaCrit.Sts2.Core.Multiplayer.Game.MessageHandlerDelegate`1[MegaCrit.Sts2.Core.Multiplayer.Messages.Game.Sync.OptionIndexChosenMessage] for MegaCrit.Sts2.Core.Multiplayer.Messages.Game.Sync.OptionIndexChosenMessage
[VERYDEBUG] [RunLocationTargetedMessageBuffer] Register message handler MegaCrit.Sts2.Core.Multiplayer.Game.MessageHandlerDelegate`1[MegaCrit.Sts2.Core.Multiplayer.Messages.Game.Flavor.RestSiteOptionHoveredMessage] for MegaCrit.Sts2.Core.Multiplayer.Messages.Game.Flavor.RestSiteOptionHoveredMessage
[VERYDEBUG] [RunLocationTargetedMessageBuffer] Register message handler MegaCrit.Sts2.Core.Multiplayer.Game.MessageHandlerDelegate`1[MegaCrit.Sts2.Core.Multiplayer.Messages.Game.MerchantCardRemovalMessage] for MegaCrit.Sts2.Core.Multiplayer.Messages.Game.MerchantCardRemovalMessage
[VERYDEBUG] [RunLocationTargetedMessageBuffer] Register message handler MegaCrit.Sts2.Core.Multiplayer.Game.MessageHandlerDelegate`1[MegaCrit.Sts2.Core.Multiplayer.Messages.Game.TreasureChestOpenedMessage] for MegaCrit.Sts2.Core.Multiplayer.Messages.Game.TreasureChestOpenedMessage
[DEBUG] [ActionExecutor] Pausing queue
[INFO] Preloading 'characters=YGODUELIST-YGO_DUELIST,YGODUELIST-YGO_DUELIST' assets... count=9 vfx=6
[INFO] Preloading 'characters=YGODUELIST-YGO_DUELIST,YGODUELIST-YGO_DUELIST' Complete: assets=15 time_elapsed=324ms
[INFO] Preloading 'Act=UNDERDOCKS' assets... count=8 vfx=0
[INFO] Preloading 'Act=UNDERDOCKS' Complete: assets=8 time_elapsed=50ms
[WARN] Asset not cached: res://images/packed/run_history/attack_portrait.png
[WARN] Asset not cached: res://images/packed/run_history/attack_portrait_shadow.png
[DEBUG] [RunLocationTargetedMessageBuffer] Run location changed to act 0 coord (null) (previously at: act 0 coord (null)), checking if we have enqueued messages
[INFO] Preloading 'Act=UNDERDOCKS' assets... count=0 vfx=0
[INFO] Preloading 'Act=UNDERDOCKS' Complete: assets=0 time_elapsed=30ms
[DEBUG] [CombatStateSynchronizer] Broadcasting combat sync message to all peers
[DEBUG] [CombatStateSynchronizer] Waiting to receive all sync messages from all clients
[DEBUG] [CombatStateSynchronizer] Received sync player message from 76561198136285041
[INFO] Wrote 167681 bytes to path=user://steam/76561198345121322/modded/profile1\saves\progress.save save_dir=user://steam/76561198345121322
[INFO] Wrote 167681 bytes to modded/profile1/saves/progress.save in steam remote store
[INFO] Wrote 52754 bytes to path=user://steam/76561198345121322/modded/profile1\saves\current_run_mp.save save_dir=user://steam/76561198345121322
[INFO] Wrote 52754 bytes to modded/profile1/saves/current_run_mp.save in steam remote store
[DEBUG] [ActionExecutor] Pausing queue
[INFO] Preloading 'Event Room' assets... count=2 vfx=0
[INFO] Preloading 'Event Room' Complete: assets=2 time_elapsed=239ms
[DEBUG] [EventSynchronizer] Beginning event EVENT.NEOW, shared: False
[YgoDuelist NeowDraft] SetInitialEventState enter isPreFinished=False ownerNull=False
[INFO] [YgoDuelist] [NeowDraft] SetInitialEventState enter isPreFinished=False ownerNull=False
[YgoDuelist NeowDraft] characterType=YgoDuelist isYgoDuelistPlayer=True
[INFO] [YgoDuelist] [NeowDraft] characterType=YgoDuelist isYgoDuelistPlayer=True
[YgoDuelist NeowDraft] intercepting: deckCount=6 (no skip by deck size — A20/relics/modifiers add cards before Neow)
[INFO] [YgoDuelist] [NeowDraft] intercepting: deckCount=6 (no skip by deck size — A20/relics/modifiers add cards before Neow)
[YgoDuelist NeowDraft] intercepting: scheduling RunDraftThenResumeNeowAsync via TaskHelper.RunSafely
[INFO] [YgoDuelist] [NeowDraft] intercepting: scheduling RunDraftThenResumeNeowAsync via TaskHelper.RunSafely
[YgoDuelist NeowDraft] (tid=1 mainThread=True) RunDraftThenResumeNeowAsync START
[INFO] [YgoDuelist] [NeowDraft async tid=1 main=True] RunDraftThenResumeNeowAsync START
[YgoDuelist NeowDraft] (tid=1 mainThread=True) building grid size=19
[INFO] [YgoDuelist] [NeowDraft async tid=1 main=True] building grid size=19
[YgoDuelist NeowDraft] CreateRandomGrid: structured fill categoryOrder=[Mon_High,Spell,Trap,Mon_Mid,Mon_Low] finalCount=19 ritualBundledBonus=False spellBundledMonster=False monsterBundledSpell=False distinctIds=19
[INFO] [YgoDuelist] [NeowDraft catalog] structured grid built finalCount=19 ritualBundledBonus=False spellBundledMonster=False monsterBundledSpell=False distinctIds=19
[YgoDuelist NeowDraft] (tid=1 mainThread=True) grid built count=19 distinctIds=19
[INFO] [YgoDuelist] [NeowDraft async tid=1 main=True] grid built count=19 distinctIds=19
[YgoDuelist NeowDraft] (tid=1 mainThread=True) await CardSelectCmd.FromSimpleGrid (BlockingPlayerChoiceContext)…
[INFO] [YgoDuelist] [NeowDraft async tid=1 main=True] await CardSelectCmd.FromSimpleGrid (BlockingPlayerChoiceContext)…
[VERYDEBUG] [PlayerChoiceSynchronizer] Reserved choice id 0 for player 76561198345121322, next is 1
[WARN] [BaseLib] GetRawText: Key 'YGO_ATTRIBUTE_EARTH.title' not found in table 'static_hover_tips'
[WARN] [BaseLib] GetRawText: Key 'YGO_ATTRIBUTE_EARTH.description' not found in table 'static_hover_tips'
[WARN] [BaseLib] GetRawText: Key 'YGO_RACE_WARRIOR.title' not found in table 'static_hover_tips'
[WARN] [BaseLib] GetRawText: Key 'YGO_RACE_WARRIOR.description' not found in table 'static_hover_tips'
[WARN] [BaseLib] GetRawText: Key 'YGO_RACE_SPELL_CONTINUOUS.title' not found in table 'static_hover_tips'
[WARN] [BaseLib] GetRawText: Key 'YGO_RACE_SPELL_CONTINUOUS.description' not found in table 'static_hover_tips'
[WARN] [BaseLib] GetRawText: Key 'YGO_ATTRIBUTE_FIRE.title' not found in table 'static_hover_tips'
[WARN] [BaseLib] GetRawText: Key 'YGO_ATTRIBUTE_FIRE.description' not found in table 'static_hover_tips'
[WARN] [BaseLib] GetRawText: Key 'YGO_RACE_PYRO.title' not found in table 'static_hover_tips'
[WARN] [BaseLib] GetRawText: Key 'YGO_RACE_PYRO.description' not found in table 'static_hover_tips'
[WARN] [BaseLib] GetRawText: Key 'YGO_ATTRIBUTE_EARTH.title' not found in table 'static_hover_tips'
[WARN] [BaseLib] GetRawText: Key 'YGO_ATTRIBUTE_EARTH.description' not found in table 'static_hover_tips'
[WARN] [BaseLib] GetRawText: Key 'YGO_RACE_WARRIOR.title' not found in table 'static_hover_tips'
[WARN] [BaseLib] GetRawText: Key 'YGO_RACE_WARRIOR.description' not found in table 'static_hover_tips'
[WARN] [BaseLib] GetRawText: Key 'YGO_ATTRIBUTE_LIGHT.title' not found in table 'static_hover_tips'
[WARN] [BaseLib] GetRawText: Key 'YGO_ATTRIBUTE_LIGHT.description' not found in table 'static_hover_tips'
[WARN] [BaseLib] GetRawText: Key 'YGO_RACE_THUNDER.title' not found in table 'static_hover_tips'
[WARN] [BaseLib] GetRawText: Key 'YGO_RACE_THUNDER.description' not found in table 'static_hover_tips'
[WARN] [BaseLib] GetRawText: Key 'YGO_RACE_SPELL_CONTINUOUS.title' not found in table 'static_hover_tips'
[WARN] [BaseLib] GetRawText: Key 'YGO_RACE_SPELL_CONTINUOUS.description' not found in table 'static_hover_tips'
[WARN] [BaseLib] GetRawText: Key 'YGO_RACE_TRAP_CONTINUOUS.title' not found in table 'static_hover_tips'
[WARN] [BaseLib] GetRawText: Key 'YGO_RACE_TRAP_CONTINUOUS.description' not found in table 'static_hover_tips'
[WARN] [BaseLib] GetRawText: Key 'YGO_RACE_TRAP_CONTINUOUS.title' not found in table 'static_hover_tips'
[WARN] [BaseLib] GetRawText: Key 'YGO_RACE_TRAP_CONTINUOUS.description' not found in table 'static_hover_tips'
[WARN] [BaseLib] GetRawText: Key 'YGO_ATTRIBUTE_DARK.title' not found in table 'static_hover_tips'
[WARN] [BaseLib] GetRawText: Key 'YGO_ATTRIBUTE_DARK.description' not found in table 'static_hover_tips'
[WARN] [BaseLib] GetRawText: Key 'YGO_RACE_FIEND.title' not found in table 'static_hover_tips'
[WARN] [BaseLib] GetRawText: Key 'YGO_RACE_FIEND.description' not found in table 'static_hover_tips'
[WARN] [BaseLib] GetRawText: Key 'YGO_ATTRIBUTE_LIGHT.title' not found in table 'static_hover_tips'
[WARN] [BaseLib] GetRawText: Key 'YGO_ATTRIBUTE_LIGHT.description' not found in table 'static_hover_tips'
[WARN] [BaseLib] GetRawText: Key 'YGO_RACE_FAIRY.title' not found in table 'static_hover_tips'
[WARN] [BaseLib] GetRawText: Key 'YGO_RACE_FAIRY.description' not found in table 'static_hover_tips'
[WARN] [BaseLib] GetRawText: Key 'YGO_ATTRIBUTE_DARK.title' not found in table 'static_hover_tips'
[WARN] [BaseLib] GetRawText: Key 'YGO_ATTRIBUTE_DARK.description' not found in table 'static_hover_tips'
[WARN] [BaseLib] GetRawText: Key 'YGO_RACE_FAIRY.title' not found in table 'static_hover_tips'
[WARN] [BaseLib] GetRawText: Key 'YGO_RACE_FAIRY.description' not found in table 'static_hover_tips'
[WARN] [BaseLib] GetRawText: Key 'YGO_ATTRIBUTE_WIND.title' not found in table 'static_hover_tips'
[WARN] [BaseLib] GetRawText: Key 'YGO_ATTRIBUTE_WIND.description' not found in table 'static_hover_tips'
[WARN] [BaseLib] GetRawText: Key 'YGO_RACE_WINGED_BEAST.title' not found in table 'static_hover_tips'
[WARN] [BaseLib] GetRawText: Key 'YGO_RACE_WINGED_BEAST.description' not found in table 'static_hover_tips'
[WARN] [BaseLib] GetRawText: Key 'YGO_ATTRIBUTE_EARTH.title' not found in table 'static_hover_tips'
[WARN] [BaseLib] GetRawText: Key 'YGO_ATTRIBUTE_EARTH.description' not found in table 'static_hover_tips'
[WARN] [BaseLib] GetRawText: Key 'YGO_RACE_PLANT.title' not found in table 'static_hover_tips'
[WARN] [BaseLib] GetRawText: Key 'YGO_RACE_PLANT.description' not found in table 'static_hover_tips'
[WARN] [BaseLib] GetRawText: Key 'YGO_RACE_TRAP_CONTINUOUS.title' not found in table 'static_hover_tips'
[WARN] [BaseLib] GetRawText: Key 'YGO_RACE_TRAP_CONTINUOUS.description' not found in table 'static_hover_tips'
[WARN] [BaseLib] GetRawText: Key 'YGO_RACE_TRAP_CONTINUOUS.title' not found in table 'static_hover_tips'
[WARN] [BaseLib] GetRawText: Key 'YGO_RACE_TRAP_CONTINUOUS.description' not found in table 'static_hover_tips'
[WARN] [BaseLib] GetRawText: Key 'YGO_ATTRIBUTE_EARTH.title' not found in table 'static_hover_tips'
[WARN] [BaseLib] GetRawText: Key 'YGO_ATTRIBUTE_EARTH.description' not found in table 'static_hover_tips'
[WARN] [BaseLib] GetRawText: Key 'YGO_RACE_BEAST.title' not found in table 'static_hover_tips'
[WARN] [BaseLib] GetRawText: Key 'YGO_RACE_BEAST.description' not found in table 'static_hover_tips'
[WARN] [BaseLib] GetRawText: Key 'YGO_ATTRIBUTE_EARTH.title' not found in table 'static_hover_tips'
[WARN] [BaseLib] GetRawText: Key 'YGO_ATTRIBUTE_EARTH.description' not found in table 'static_hover_tips'
[WARN] [BaseLib] GetRawText: Key 'YGO_RACE_ROCK.title' not found in table 'static_hover_tips'
[WARN] [BaseLib] GetRawText: Key 'YGO_RACE_ROCK.description' not found in table 'static_hover_tips'
[YgoDuelist NeowDraft] return false: skipped vanilla SetInitialEventState (draft runs async)
[INFO] [YgoDuelist] [NeowDraft] return false: skipped vanilla SetInitialEventState (draft runs async)
[VERYDEBUG] [EventSynchronizer] Event EVENT.NEOW began for player 76561198345121322 with options: 
[YgoDuelist NeowDraft] SetInitialEventState enter isPreFinished=False ownerNull=False
[INFO] [YgoDuelist] [NeowDraft] SetInitialEventState enter isPreFinished=False ownerNull=False
[YgoDuelist NeowDraft] characterType=YgoDuelist isYgoDuelistPlayer=True
[INFO] [YgoDuelist] [NeowDraft] characterType=YgoDuelist isYgoDuelistPlayer=True
[YgoDuelist NeowDraft] intercepting: deckCount=6 (no skip by deck size — A20/relics/modifiers add cards before Neow)
[INFO] [YgoDuelist] [NeowDraft] intercepting: deckCount=6 (no skip by deck size — A20/relics/modifiers add cards before Neow)
[YgoDuelist NeowDraft] intercepting: scheduling RunDraftThenResumeNeowAsync via TaskHelper.RunSafely
[INFO] [YgoDuelist] [NeowDraft] intercepting: scheduling RunDraftThenResumeNeowAsync via TaskHelper.RunSafely
[YgoDuelist NeowDraft] (tid=1 mainThread=True) RunDraftThenResumeNeowAsync START
[INFO] [YgoDuelist] [NeowDraft async tid=1 main=True] RunDraftThenResumeNeowAsync START
[YgoDuelist NeowDraft] (tid=1 mainThread=True) building grid size=19
[INFO] [YgoDuelist] [NeowDraft async tid=1 main=True] building grid size=19
[YgoDuelist NeowDraft] CreateRandomGrid: structured fill categoryOrder=[Mon_High,Spell,Mon_Low,Mon_Mid,Trap] finalCount=19 ritualBundledBonus=False spellBundledMonster=False monsterBundledSpell=False distinctIds=19
[INFO] [YgoDuelist] [NeowDraft catalog] structured grid built finalCount=19 ritualBundledBonus=False spellBundledMonster=False monsterBundledSpell=False distinctIds=19
[YgoDuelist NeowDraft] (tid=1 mainThread=True) grid built count=19 distinctIds=19
[INFO] [YgoDuelist] [NeowDraft async tid=1 main=True] grid built count=19 distinctIds=19
[YgoDuelist NeowDraft] (tid=1 mainThread=True) await CardSelectCmd.FromSimpleGrid (BlockingPlayerChoiceContext)…
[INFO] [YgoDuelist] [NeowDraft async tid=1 main=True] await CardSelectCmd.FromSimpleGrid (BlockingPlayerChoiceContext)…
[VERYDEBUG] [PlayerChoiceSynchronizer] Reserved choice id 0 for player 76561198136285041, next is 1
[DEBUG] [PlayerChoiceSynchronizer] Awaiting remote choice 0 for player 76561198136285041
[YgoDuelist NeowDraft] return false: skipped vanilla SetInitialEventState (draft runs async)
[INFO] [YgoDuelist] [NeowDraft] return false: skipped vanilla SetInitialEventState (draft runs async)
[VERYDEBUG] [EventSynchronizer] Event EVENT.NEOW began for player 76561198136285041 with options: 
[DEBUG] [ActionExecutor] Un-pausing queue
[DEBUG] [RunLocationTargetedMessageBuffer] Run location changed to act 0 coord (3, 0) (previously at: act 0 coord (null)), checking if we have enqueued messages
[WARN] Asset not cached: res://scenes/vfx/vfx_cross_heal_fullscreen.tscn
[INFO] [BaseLib] Checking for additional interactions with NEOW
[WARN] Asset not cached: res://scenes/events/ancient_dialogue_line.tscn
[WARN] Asset not cached: res://scenes/ui/card_hover_tip.tscn
[WARN] [BaseLib] GetRawText: Key 'YGO_ATTRIBUTE_DARK.title' not found in table 'static_hover_tips'
[WARN] [BaseLib] GetRawText: Key 'YGO_ATTRIBUTE_DARK.description' not found in table 'static_hover_tips'
[WARN] [BaseLib] GetRawText: Key 'YGO_RACE_WARRIOR.title' not found in table 'static_hover_tips'
[WARN] [BaseLib] GetRawText: Key 'YGO_RACE_WARRIOR.description' not found in table 'static_hover_tips'
[WARN] [BaseLib] GetRawText: Key 'YGO_ATTRIBUTE_WATER.title' not found in table 'static_hover_tips'
[WARN] [BaseLib] GetRawText: Key 'YGO_ATTRIBUTE_WATER.description' not found in table 'static_hover_tips'
[WARN] [BaseLib] GetRawText: Key 'YGO_RACE_AQUA.title' not found in table 'static_hover_tips'
[WARN] [BaseLib] GetRawText: Key 'YGO_RACE_AQUA.description' not found in table 'static_hover_tips'
[DEBUG] [NetQualityTracker] Connection statistics at 08:11:59:
[DEBUG] [NetQualityTracker] 	76561198136285041 - Ping: 60.94503. Packet Loss: 0.
[DEBUG] [NetQualityTracker] Connection statistics at 08:12:19:
[DEBUG] [NetQualityTracker] 	76561198136285041 - Ping: 67.46605. Packet Loss: 0.
[DEBUG] [NetQualityTracker] Connection statistics at 08:12:39:
[DEBUG] [NetQualityTracker] 	76561198136285041 - Ping: 65.83136. Packet Loss: 0.
[DEBUG] [NetQualityTracker] Connection statistics at 08:12:59:
[DEBUG] [NetQualityTracker] 	76561198136285041 - Ping: 67.01805. Packet Loss: 0.
[DEBUG] [NetQualityTracker] Connection statistics at 08:13:19:
[DEBUG] [NetQualityTracker] 	76561198136285041 - Ping: 67.916504. Packet Loss: 0.
[DEBUG] [NetQualityTracker] Connection statistics at 08:13:39:
[DEBUG] [NetQualityTracker] 	76561198136285041 - Ping: 55.919106. Packet Loss: 0.
[DEBUG] [NetQualityTracker] Connection statistics at 08:13:59:
[DEBUG] [NetQualityTracker] 	76561198136285041 - Ping: 70.157524. Packet Loss: 0.
[DEBUG] [NetQualityTracker] Connection statistics at 08:14:19:
[DEBUG] [NetQualityTracker] 	76561198136285041 - Ping: 58.859528. Packet Loss: 0.
[DEBUG] [NetQualityTracker] Connection statistics at 08:14:39:
[DEBUG] [NetQualityTracker] 	76561198136285041 - Ping: 54.714508. Packet Loss: 0.
[DEBUG] [NetQualityTracker] Connection statistics at 08:14:59:
[DEBUG] [NetQualityTracker] 	76561198136285041 - Ping: 51.40096. Packet Loss: 0.
[DEBUG] [NetQualityTracker] Connection statistics at 08:15:19:
[DEBUG] [NetQualityTracker] 	76561198136285041 - Ping: 67.03183. Packet Loss: 0.
[DEBUG] [NetQualityTracker] Connection statistics at 08:15:39:
[DEBUG] [NetQualityTracker] 	76561198136285041 - Ping: 66.79647. Packet Loss: 0.
[DEBUG] [NetQualityTracker] Connection statistics at 08:15:59:
[DEBUG] [NetQualityTracker] 	76561198136285041 - Ping: 66.77257. Packet Loss: 0.
[DEBUG] [NetQualityTracker] Connection statistics at 08:16:19:
[DEBUG] [NetQualityTracker] 	76561198136285041 - Ping: 57.29287. Packet Loss: 0.
[DEBUG] [NetQualityTracker] Connection statistics at 08:16:39:
[DEBUG] [NetQualityTracker] 	76561198136285041 - Ping: 66.672844. Packet Loss: 0.
[DEBUG] [NetQualityTracker] Connection statistics at 08:16:59:
[DEBUG] [NetQualityTracker] 	76561198136285041 - Ping: 64.36383. Packet Loss: 0.
[DEBUG] [NetQualityTracker] Connection statistics at 08:17:19:
[DEBUG] [NetQualityTracker] 	76561198136285041 - Ping: 67.509346. Packet Loss: 0.
[DEBUG] [NetQualityTracker] Connection statistics at 08:17:39:
[DEBUG] [NetQualityTracker] 	76561198136285041 - Ping: 73.78579. Packet Loss: 0.
[DEBUG] [NetQualityTracker] Connection statistics at 08:17:59:
[DEBUG] [NetQualityTracker] 	76561198136285041 - Ping: 62.955574. Packet Loss: 0.
[DEBUG] [NetQualityTracker] Connection statistics at 08:18:19:
[DEBUG] [NetQualityTracker] 	76561198136285041 - Ping: 67.38284. Packet Loss: 0.0030702467.
[DEBUG] [NetQualityTracker] Connection statistics at 08:18:39:
[DEBUG] [NetQualityTracker] 	76561198136285041 - Ping: 57.371414. Packet Loss: 9.772195E-13.
[DEBUG] [NetQualityTracker] Connection statistics at 08:18:59:
[DEBUG] [NetQualityTracker] 	76561198136285041 - Ping: 63.616608. Packet Loss: 2.4882882E-22.
[DEBUG] [PlayerChoiceSynchronizer] Received choice from 76561198136285041 for choice ID 0: NetPlayerChoiceResult indexes 0,3,1,8,11,17,13,16,4,2
[DEBUG] [PlayerChoiceSynchronizer] We are already waiting for the choice, fulfilling the task
[DEBUG] [PlayerChoiceSynchronizer] Finished waiting for remote choice 0 for player 76561198136285041: PlayerChoiceResult indexes 0,3,1,8,11,17,13,16,4,2
[INFO] Player 76561198136285041 chose cards [YGODUELIST-TOTAL_DEFENSE_SHOGUN,YGODUELIST-EARTH_EFFIGY,YGODUELIST-BURNING_LAND,YGODUELIST-ARCANE_ARCHER_OF_THE_FOREST,YGODUELIST-GAIA_POWER,YGODUELIST-HOURGLASS_OF_COURAGE,YGODUELIST-ROCKET_JUMPER,YGODUELIST-SKELENGEL,YGODUELIST-RECKLESS_GREED,YGODUELIST-OUTSTANDING_DOG_MARRON]
[YgoDuelist NeowDraft] (tid=1 mainThread=True) FromSimpleGrid returned chosenCount=10
[INFO] [YgoDuelist] [NeowDraft async tid=1 main=True] FromSimpleGrid returned chosenCount=10
[WARN] Asset not cached: res://images/packed/run_history/skill_portrait.png
[WARN] Asset not cached: res://images/packed/run_history/skill_portrait_shadow.png
[YgoDuelist NeowDraft] (tid=1 mainThread=True) deck +10 (deckCount=16); trunk +9 unchosen; invoked Deck.InvokeCardAddFinished for UI
[INFO] [YgoDuelist] [NeowDraft async tid=1 main=True] deck +10 (deckCount=16); trunk +9 unchosen; invoked Deck.InvokeCardAddFinished for UI
[YgoDuelist NeowDraft] (tid=1 mainThread=True) invoking SetInitialEventState (resume) via reflection…
[INFO] [YgoDuelist] [NeowDraft async tid=1 main=True] invoking SetInitialEventState (resume) via reflection…
[YgoDuelist NeowDraft] SetInitialEventState enter isPreFinished=False ownerNull=False
[INFO] [YgoDuelist] [NeowDraft] SetInitialEventState enter isPreFinished=False ownerNull=False
[YgoDuelist NeowDraft] allow original: resume-after-draft guard cleared
[INFO] [YgoDuelist] [NeowDraft] allow original: resume-after-draft guard cleared
[YgoDuelist NeowDraft] (tid=1 mainThread=True) SetInitialEventState resume finished OK
[INFO] [YgoDuelist] [NeowDraft async tid=1 main=True] SetInitialEventState resume finished OK
[YgoDuelist NeowDraft] (tid=1 mainThread=True) RunDraftThenResumeNeowAsync END
[INFO] [YgoDuelist] [NeowDraft async tid=1 main=True] RunDraftThenResumeNeowAsync END
[VERYDEBUG] [RunLocationTargetedMessageBuffer] Handling map-targeted message OptionIndexChosenMessage type Event index 2 from 76561198136285041 for location act 0 coord (3, 0)
[DEBUG] [EventSynchronizer] Received OptionIndexChosenMessage from player 76561198136285041 for event option index 2
[DEBUG] [EventSynchronizer] Option index 2 chosen for player 76561198136285041 in event EVENT.NEOW. Choice key: NEOW.pages.INITIAL.options.SCROLL_BOXES
[VERYDEBUG] [PlayerChoiceSynchronizer] Reserved choice id 1 for player 76561198136285041, next is 2
[DEBUG] [PlayerChoiceSynchronizer] Awaiting remote choice 1 for player 76561198136285041
[DEBUG] [NetQualityTracker] Connection statistics at 08:19:19:
[DEBUG] [NetQualityTracker] 	76561198136285041 - Ping: 62.23976. Packet Loss: 6.335917E-32.
[DEBUG] [NetQualityTracker] Connection statistics at 08:19:39:
[DEBUG] [NetQualityTracker] 	76561198136285041 - Ping: 54.490242. Packet Loss: 2.0166E-41.
[DEBUG] [PlayerChoiceSynchronizer] Received choice from 76561198136285041 for choice ID 1: NetPlayerChoiceResult indexes 1
[DEBUG] [PlayerChoiceSynchronizer] We are already waiting for the choice, fulfilling the task
[DEBUG] [PlayerChoiceSynchronizer] Finished waiting for remote choice 1 for player 76561198136285041: PlayerChoiceResult indexes 1
[INFO] Player 76561198136285041 chose cards [YGODUELIST-TRAP_OF_BOARD_ERASER,YGODUELIST-FIRE_SORCERER,YGODUELIST-OJAMA_TRIO]
[WARN] Asset not cached: res://images/atlases/ui_atlas.sprites/top_bar/top_bar_map.tres
[DEBUG] [NetQualityTracker] Connection statistics at 08:19:59:
[DEBUG] [NetQualityTracker] 	76561198136285041 - Ping: 67.49028. Packet Loss: 3E-45.
[VERYDEBUG] [RunLocationTargetedMessageBuffer] Handling map-targeted message RequestEnqueueActionMessage location: act 0 coord (3, 0) action: NetVoteForMapCoordAction act 0 coord (3, 0)->MapVote (gen: 1 coord: (0, 1)) from 76561198136285041 for location act 0 coord (3, 0)
[DEBUG] [ActionQueueSynchronizer] Received request enqueue action for action NetVoteForMapCoordAction act 0 coord (3, 0)->MapVote (gen: 1 coord: (0, 1)) (76561198136285041) at 08:20:08
[DEBUG] [ActionQueueSynchronizer] Sending message to client to enqueue action VoteForMapCoordAction 76561198136285041 act 0 coord (3, 0)->MapVote (gen: 1 coord: (0, 1)) at 08:20:08
[DEBUG] [ActionQueueSynchronizer] Enqueueing action VoteForMapCoordAction 76561198136285041 act 0 coord (3, 0)->MapVote (gen: 1 coord: (0, 1)) from owner 76561198136285041
[DEBUG] [ActionQueueSet] Enqueueing action VoteForMapCoordAction 76561198136285041 act 0 coord (3, 0)->MapVote (gen: 1 coord: (0, 1)) to player queue owned by 76561198136285041
[DEBUG] [ActionExecutor] Action queue changed, beginning ExecuteActions
[VERYDEBUG] [ActionQueueSet] Attempting to find ready action
[VERYDEBUG] [ActionQueueSet] Queue for player 76561198345121322 is empty
[VERYDEBUG] [ActionQueueSet] Action VoteForMapCoordAction 76561198136285041 act 0 coord (3, 0)->MapVote (gen: 1 coord: (0, 1)) with id 0 belonging to 76561198136285041 becomes new ready action
[VERYDEBUG] [ActionQueueSet] Got ready action VoteForMapCoordAction 76561198136285041 act 0 coord (3, 0)->MapVote (gen: 1 coord: (0, 1)) (0)
[DEBUG] [ActionExecutor] Executing action: VoteForMapCoordAction 76561198136285041 act 0 coord (3, 0)->MapVote (gen: 1 coord: (0, 1))
[VERYDEBUG] [GameAction] Action VoteForMapCoordAction 76561198136285041 act 0 coord (3, 0)->MapVote (gen: 1 coord: (0, 1)) began executing
[INFO] Player vote changed for 76561198136285041: ->MapVote (gen: 1 coord: (0, 1))
[DEBUG] [MapSelectionSynchronizer] Received vote to move to MapVote (gen: 1 coord: (0, 1)) from player 76561198136285041 (slot 1)
[VERYDEBUG] [GameAction] Action VoteForMapCoordAction 76561198136285041 act 0 coord (3, 0)->MapVote (gen: 1 coord: (0, 1)) finished execution
[DEBUG] [ActionExecutor] Completed execution of action VoteForMapCoordAction 76561198136285041 act 0 coord (3, 0)->MapVote (gen: 1 coord: (0, 1)), attempting to find new action
[VERYDEBUG] [ActionQueueSet] Attempting to find ready action
[VERYDEBUG] [ActionQueueSet] Queue for player 76561198345121322 is empty
[VERYDEBUG] [ActionQueueSet] Queue for player 76561198136285041 is empty
[VERYDEBUG] [ActionQueueSet] No action is ready
[DEBUG] [NetQualityTracker] Connection statistics at 08:20:19:
[DEBUG] [NetQualityTracker] 	76561198136285041 - Ping: 66.66609. Packet Loss: 3E-45.
[WARN] [BaseLib] GetRawText: Key 'YGO_RACE_TRAP_CONTINUOUS.title' not found in table 'static_hover_tips'
[WARN] [BaseLib] GetRawText: Key 'YGO_RACE_TRAP_CONTINUOUS.description' not found in table 'static_hover_tips'
[WARN] [BaseLib] GetRawText: Key 'YGO_RACE_TRAP_CONTINUOUS.title' not found in table 'static_hover_tips'
[WARN] [BaseLib] GetRawText: Key 'YGO_RACE_TRAP_CONTINUOUS.description' not found in table 'static_hover_tips'
[WARN] [BaseLib] GetRawText: Key 'YGO_RACE_TRAP_CONTINUOUS.title' not found in table 'static_hover_tips'
[WARN] [BaseLib] GetRawText: Key 'YGO_RACE_TRAP_CONTINUOUS.description' not found in table 'static_hover_tips'
[WARN] [BaseLib] GetRawText: Key 'YGO_RACE_TRAP_CONTINUOUS.title' not found in table 'static_hover_tips'
[WARN] [BaseLib] GetRawText: Key 'YGO_RACE_TRAP_CONTINUOUS.description' not found in table 'static_hover_tips'
[WARN] [BaseLib] GetRawText: Key 'YGO_RACE_TRAP_CONTINUOUS.title' not found in table 'static_hover_tips'
[WARN] [BaseLib] GetRawText: Key 'YGO_RACE_TRAP_CONTINUOUS.description' not found in table 'static_hover_tips'
[WARN] [BaseLib] GetRawText: Key 'YGO_RACE_TRAP_CONTINUOUS.title' not found in table 'static_hover_tips'
[WARN] [BaseLib] GetRawText: Key 'YGO_RACE_TRAP_CONTINUOUS.description' not found in table 'static_hover_tips'
[WARN] [BaseLib] GetRawText: Key 'YGO_RACE_TRAP_CONTINUOUS.title' not found in table 'static_hover_tips'
[WARN] [BaseLib] GetRawText: Key 'YGO_RACE_TRAP_CONTINUOUS.description' not found in table 'static_hover_tips'
[WARN] [BaseLib] GetRawText: Key 'YGO_RACE_TRAP_CONTINUOUS.title' not found in table 'static_hover_tips'
[WARN] [BaseLib] GetRawText: Key 'YGO_RACE_TRAP_CONTINUOUS.description' not found in table 'static_hover_tips'
[WARN] [BaseLib] GetRawText: Key 'YGO_RACE_TRAP_CONTINUOUS.title' not found in table 'static_hover_tips'
[WARN] [BaseLib] GetRawText: Key 'YGO_RACE_TRAP_CONTINUOUS.description' not found in table 'static_hover_tips'
[WARN] [BaseLib] GetRawText: Key 'YGO_RACE_TRAP_CONTINUOUS.title' not found in table 'static_hover_tips'
[WARN] [BaseLib] GetRawText: Key 'YGO_RACE_TRAP_CONTINUOUS.description' not found in table 'static_hover_tips'
[DEBUG] [NetQualityTracker] Connection statistics at 08:20:39:
[DEBUG] [NetQualityTracker] 	76561198136285041 - Ping: 65.360855. Packet Loss: 3E-45.
[DEBUG] [NetQualityTracker] Connection statistics at 08:20:59:
[DEBUG] [NetQualityTracker] 	76561198136285041 - Ping: 53.76893. Packet Loss: 3E-45.
[WARN] [BaseLib] GetRawText: Key 'YGO_ATTRIBUTE_DARK.title' not found in table 'static_hover_tips'
[WARN] [BaseLib] GetRawText: Key 'YGO_ATTRIBUTE_DARK.description' not found in table 'static_hover_tips'
[WARN] [BaseLib] GetRawText: Key 'YGO_RACE_WARRIOR.title' not found in table 'static_hover_tips'
[WARN] [BaseLib] GetRawText: Key 'YGO_RACE_WARRIOR.description' not found in table 'static_hover_tips'
[WARN] [BaseLib] GetRawText: Key 'YGO_ATTRIBUTE_WATER.title' not found in table 'static_hover_tips'
[WARN] [BaseLib] GetRawText: Key 'YGO_ATTRIBUTE_WATER.description' not found in table 'static_hover_tips'
[WARN] [BaseLib] GetRawText: Key 'YGO_RACE_AQUA.title' not found in table 'static_hover_tips'
[WARN] [BaseLib] GetRawText: Key 'YGO_RACE_AQUA.description' not found in table 'static_hover_tips'
[WARN] [BaseLib] GetRawText: Key 'YGO_ATTRIBUTE_DARK.title' not found in table 'static_hover_tips'
[WARN] [BaseLib] GetRawText: Key 'YGO_ATTRIBUTE_DARK.description' not found in table 'static_hover_tips'
[WARN] [BaseLib] GetRawText: Key 'YGO_RACE_WARRIOR.title' not found in table 'static_hover_tips'
[WARN] [BaseLib] GetRawText: Key 'YGO_RACE_WARRIOR.description' not found in table 'static_hover_tips'
[WARN] [BaseLib] GetRawText: Key 'YGO_ATTRIBUTE_WATER.title' not found in table 'static_hover_tips'
[WARN] [BaseLib] GetRawText: Key 'YGO_ATTRIBUTE_WATER.description' not found in table 'static_hover_tips'
[WARN] [BaseLib] GetRawText: Key 'YGO_RACE_AQUA.title' not found in table 'static_hover_tips'
[WARN] [BaseLib] GetRawText: Key 'YGO_RACE_AQUA.description' not found in table 'static_hover_tips'
[DEBUG] [NetQualityTracker] Connection statistics at 08:21:19:
[DEBUG] [NetQualityTracker] 	76561198136285041 - Ping: 66.419205. Packet Loss: 3E-45.
[WARN] [BaseLib] GetRawText: Key 'YGO_RACE_SPELL_CONTINUOUS.title' not found in table 'static_hover_tips'
[WARN] [BaseLib] GetRawText: Key 'YGO_RACE_SPELL_CONTINUOUS.description' not found in table 'static_hover_tips'
[WARN] [BaseLib] GetRawText: Key 'YGO_RACE_SPELL_CONTINUOUS.title' not found in table 'static_hover_tips'
[WARN] [BaseLib] GetRawText: Key 'YGO_RACE_SPELL_CONTINUOUS.description' not found in table 'static_hover_tips'
[WARN] [BaseLib] GetRawText: Key 'YGO_RACE_SPELL_CONTINUOUS.title' not found in table 'static_hover_tips'
[WARN] [BaseLib] GetRawText: Key 'YGO_RACE_SPELL_CONTINUOUS.description' not found in table 'static_hover_tips'
[WARN] [BaseLib] GetRawText: Key 'YGO_RACE_SPELL_CONTINUOUS.title' not found in table 'static_hover_tips'
[WARN] [BaseLib] GetRawText: Key 'YGO_RACE_SPELL_CONTINUOUS.description' not found in table 'static_hover_tips'
[WARN] [BaseLib] GetRawText: Key 'YGO_ATTRIBUTE_LIGHT.title' not found in table 'static_hover_tips'
[WARN] [BaseLib] GetRawText: Key 'YGO_ATTRIBUTE_LIGHT.description' not found in table 'static_hover_tips'
[WARN] [BaseLib] GetRawText: Key 'YGO_RACE_THUNDER.title' not found in table 'static_hover_tips'
[WARN] [BaseLib] GetRawText: Key 'YGO_RACE_THUNDER.description' not found in table 'static_hover_tips'
[WARN] [BaseLib] GetRawText: Key 'YGO_ATTRIBUTE_LIGHT.title' not found in table 'static_hover_tips'
[WARN] [BaseLib] GetRawText: Key 'YGO_ATTRIBUTE_LIGHT.description' not found in table 'static_hover_tips'
[WARN] [BaseLib] GetRawText: Key 'YGO_RACE_THUNDER.title' not found in table 'static_hover_tips'
[WARN] [BaseLib] GetRawText: Key 'YGO_RACE_THUNDER.description' not found in table 'static_hover_tips'
[WARN] [BaseLib] GetRawText: Key 'YGO_ATTRIBUTE_LIGHT.title' not found in table 'static_hover_tips'
[WARN] [BaseLib] GetRawText: Key 'YGO_ATTRIBUTE_LIGHT.description' not found in table 'static_hover_tips'
[WARN] [BaseLib] GetRawText: Key 'YGO_RACE_THUNDER.title' not found in table 'static_hover_tips'
[WARN] [BaseLib] GetRawText: Key 'YGO_RACE_THUNDER.description' not found in table 'static_hover_tips'
[WARN] [BaseLib] GetRawText: Key 'YGO_ATTRIBUTE_LIGHT.title' not found in table 'static_hover_tips'
[WARN] [BaseLib] GetRawText: Key 'YGO_ATTRIBUTE_LIGHT.description' not found in table 'static_hover_tips'
[WARN] [BaseLib] GetRawText: Key 'YGO_RACE_THUNDER.title' not found in table 'static_hover_tips'
[WARN] [BaseLib] GetRawText: Key 'YGO_RACE_THUNDER.description' not found in table 'static_hover_tips'
[WARN] [BaseLib] GetRawText: Key 'YGO_ATTRIBUTE_LIGHT.title' not found in table 'static_hover_tips'
[WARN] [BaseLib] GetRawText: Key 'YGO_ATTRIBUTE_LIGHT.description' not found in table 'static_hover_tips'
[WARN] [BaseLib] GetRawText: Key 'YGO_RACE_THUNDER.title' not found in table 'static_hover_tips'
[WARN] [BaseLib] GetRawText: Key 'YGO_RACE_THUNDER.description' not found in table 'static_hover_tips'
[WARN] [BaseLib] GetRawText: Key 'YGO_ATTRIBUTE_LIGHT.title' not found in table 'static_hover_tips'
[WARN] [BaseLib] GetRawText: Key 'YGO_ATTRIBUTE_LIGHT.description' not found in table 'static_hover_tips'
[WARN] [BaseLib] GetRawText: Key 'YGO_RACE_THUNDER.title' not found in table 'static_hover_tips'
[WARN] [BaseLib] GetRawText: Key 'YGO_RACE_THUNDER.description' not found in table 'static_hover_tips'
[DEBUG] [NetQualityTracker] Connection statistics at 08:21:39:
[DEBUG] [NetQualityTracker] 	76561198136285041 - Ping: 63.14286. Packet Loss: 3E-45.
[WARN] [BaseLib] GetRawText: Key 'YGO_ATTRIBUTE_EARTH.title' not found in table 'static_hover_tips'
[WARN] [BaseLib] GetRawText: Key 'YGO_ATTRIBUTE_EARTH.description' not found in table 'static_hover_tips'
[WARN] [BaseLib] GetRawText: Key 'YGO_RACE_WARRIOR.title' not found in table 'static_hover_tips'
[WARN] [BaseLib] GetRawText: Key 'YGO_RACE_WARRIOR.description' not found in table 'static_hover_tips'
[WARN] [BaseLib] GetRawText: Key 'YGO_ATTRIBUTE_EARTH.title' not found in table 'static_hover_tips'
[WARN] [BaseLib] GetRawText: Key 'YGO_ATTRIBUTE_EARTH.description' not found in table 'static_hover_tips'
[WARN] [BaseLib] GetRawText: Key 'YGO_RACE_WARRIOR.title' not found in table 'static_hover_tips'
[WARN] [BaseLib] GetRawText: Key 'YGO_RACE_WARRIOR.description' not found in table 'static_hover_tips'
[WARN] [BaseLib] GetRawText: Key 'YGO_RACE_SPELL_CONTINUOUS.title' not found in table 'static_hover_tips'
[WARN] [BaseLib] GetRawText: Key 'YGO_RACE_SPELL_CONTINUOUS.description' not found in table 'static_hover_tips'
[WARN] [BaseLib] GetRawText: Key 'YGO_ATTRIBUTE_FIRE.title' not found in table 'static_hover_tips'
[WARN] [BaseLib] GetRawText: Key 'YGO_ATTRIBUTE_FIRE.description' not found in table 'static_hover_tips'
[WARN] [BaseLib] GetRawText: Key 'YGO_RACE_PYRO.title' not found in table 'static_hover_tips'
[WARN] [BaseLib] GetRawText: Key 'YGO_RACE_PYRO.description' not found in table 'static_hover_tips'
[WARN] [BaseLib] GetRawText: Key 'YGO_ATTRIBUTE_FIRE.title' not found in table 'static_hover_tips'
[WARN] [BaseLib] GetRawText: Key 'YGO_ATTRIBUTE_FIRE.description' not found in table 'static_hover_tips'
[WARN] [BaseLib] GetRawText: Key 'YGO_RACE_PYRO.title' not found in table 'static_hover_tips'
[WARN] [BaseLib] GetRawText: Key 'YGO_RACE_PYRO.description' not found in table 'static_hover_tips'
[WARN] [BaseLib] GetRawText: Key 'YGO_ATTRIBUTE_EARTH.title' not found in table 'static_hover_tips'
[WARN] [BaseLib] GetRawText: Key 'YGO_ATTRIBUTE_EARTH.description' not found in table 'static_hover_tips'
[WARN] [BaseLib] GetRawText: Key 'YGO_RACE_WARRIOR.title' not found in table 'static_hover_tips'
[WARN] [BaseLib] GetRawText: Key 'YGO_RACE_WARRIOR.description' not found in table 'static_hover_tips'
[WARN] [BaseLib] GetRawText: Key 'YGO_ATTRIBUTE_EARTH.title' not found in table 'static_hover_tips'
[WARN] [BaseLib] GetRawText: Key 'YGO_ATTRIBUTE_EARTH.description' not found in table 'static_hover_tips'
[WARN] [BaseLib] GetRawText: Key 'YGO_RACE_WARRIOR.title' not found in table 'static_hover_tips'
[WARN] [BaseLib] GetRawText: Key 'YGO_RACE_WARRIOR.description' not found in table 'static_hover_tips'
[WARN] [BaseLib] GetRawText: Key 'YGO_ATTRIBUTE_LIGHT.title' not found in table 'static_hover_tips'
[WARN] [BaseLib] GetRawText: Key 'YGO_ATTRIBUTE_LIGHT.description' not found in table 'static_hover_tips'
[WARN] [BaseLib] GetRawText: Key 'YGO_RACE_THUNDER.title' not found in table 'static_hover_tips'
[WARN] [BaseLib] GetRawText: Key 'YGO_RACE_THUNDER.description' not found in table 'static_hover_tips'
[WARN] [BaseLib] GetRawText: Key 'YGO_ATTRIBUTE_LIGHT.title' not found in table 'static_hover_tips'
[WARN] [BaseLib] GetRawText: Key 'YGO_ATTRIBUTE_LIGHT.description' not found in table 'static_hover_tips'
[WARN] [BaseLib] GetRawText: Key 'YGO_RACE_THUNDER.title' not found in table 'static_hover_tips'
[WARN] [BaseLib] GetRawText: Key 'YGO_RACE_THUNDER.description' not found in table 'static_hover_tips'
[WARN] [BaseLib] GetRawText: Key 'YGO_RACE_SPELL_CONTINUOUS.title' not found in table 'static_hover_tips'
[WARN] [BaseLib] GetRawText: Key 'YGO_RACE_SPELL_CONTINUOUS.description' not found in table 'static_hover_tips'
[WARN] [BaseLib] GetRawText: Key 'YGO_RACE_TRAP_CONTINUOUS.title' not found in table 'static_hover_tips'
[WARN] [BaseLib] GetRawText: Key 'YGO_RACE_TRAP_CONTINUOUS.description' not found in table 'static_hover_tips'
[WARN] [BaseLib] GetRawText: Key 'YGO_RACE_TRAP_CONTINUOUS.title' not found in table 'static_hover_tips'
[WARN] [BaseLib] GetRawText: Key 'YGO_RACE_TRAP_CONTINUOUS.description' not found in table 'static_hover_tips'
[WARN] [BaseLib] GetRawText: Key 'YGO_RACE_TRAP_CONTINUOUS.title' not found in table 'static_hover_tips'
[WARN] [BaseLib] GetRawText: Key 'YGO_RACE_TRAP_CONTINUOUS.description' not found in table 'static_hover_tips'
[WARN] [BaseLib] GetRawText: Key 'YGO_ATTRIBUTE_DARK.title' not found in table 'static_hover_tips'
[WARN] [BaseLib] GetRawText: Key 'YGO_ATTRIBUTE_DARK.description' not found in table 'static_hover_tips'
[WARN] [BaseLib] GetRawText: Key 'YGO_RACE_FIEND.title' not found in table 'static_hover_tips'
[WARN] [BaseLib] GetRawText: Key 'YGO_RACE_FIEND.description' not found in table 'static_hover_tips'
[WARN] [BaseLib] GetRawText: Key 'YGO_ATTRIBUTE_DARK.title' not found in table 'static_hover_tips'
[WARN] [BaseLib] GetRawText: Key 'YGO_ATTRIBUTE_DARK.description' not found in table 'static_hover_tips'
[WARN] [BaseLib] GetRawText: Key 'YGO_RACE_FIEND.title' not found in table 'static_hover_tips'
[WARN] [BaseLib] GetRawText: Key 'YGO_RACE_FIEND.description' not found in table 'static_hover_tips'
[WARN] [BaseLib] GetRawText: Key 'YGO_ATTRIBUTE_LIGHT.title' not found in table 'static_hover_tips'
[WARN] [BaseLib] GetRawText: Key 'YGO_ATTRIBUTE_LIGHT.description' not found in table 'static_hover_tips'
[WARN] [BaseLib] GetRawText: Key 'YGO_RACE_FAIRY.title' not found in table 'static_hover_tips'
[WARN] [BaseLib] GetRawText: Key 'YGO_RACE_FAIRY.description' not found in table 'static_hover_tips'
[WARN] [BaseLib] GetRawText: Key 'YGO_ATTRIBUTE_LIGHT.title' not found in table 'static_hover_tips'
[WARN] [BaseLib] GetRawText: Key 'YGO_ATTRIBUTE_LIGHT.description' not found in table 'static_hover_tips'
[WARN] [BaseLib] GetRawText: Key 'YGO_RACE_FAIRY.title' not found in table 'static_hover_tips'
[WARN] [BaseLib] GetRawText: Key 'YGO_RACE_FAIRY.description' not found in table 'static_hover_tips'
[WARN] [BaseLib] GetRawText: Key 'YGO_ATTRIBUTE_DARK.title' not found in table 'static_hover_tips'
[WARN] [BaseLib] GetRawText: Key 'YGO_ATTRIBUTE_DARK.description' not found in table 'static_hover_tips'
[WARN] [BaseLib] GetRawText: Key 'YGO_RACE_FAIRY.title' not found in table 'static_hover_tips'
[WARN] [BaseLib] GetRawText: Key 'YGO_RACE_FAIRY.description' not found in table 'static_hover_tips'
[WARN] [BaseLib] GetRawText: Key 'YGO_ATTRIBUTE_DARK.title' not found in table 'static_hover_tips'
[WARN] [BaseLib] GetRawText: Key 'YGO_ATTRIBUTE_DARK.description' not found in table 'static_hover_tips'
[WARN] [BaseLib] GetRawText: Key 'YGO_RACE_FAIRY.title' not found in table 'static_hover_tips'
[WARN] [BaseLib] GetRawText: Key 'YGO_RACE_FAIRY.description' not found in table 'static_hover_tips'
[WARN] [BaseLib] GetRawText: Key 'YGO_ATTRIBUTE_WIND.title' not found in table 'static_hover_tips'
[WARN] [BaseLib] GetRawText: Key 'YGO_ATTRIBUTE_WIND.description' not found in table 'static_hover_tips'
[WARN] [BaseLib] GetRawText: Key 'YGO_RACE_WINGED_BEAST.title' not found in table 'static_hover_tips'
[WARN] [BaseLib] GetRawText: Key 'YGO_RACE_WINGED_BEAST.description' not found in table 'static_hover_tips'
[WARN] [BaseLib] GetRawText: Key 'YGO_ATTRIBUTE_WIND.title' not found in table 'static_hover_tips'
[WARN] [BaseLib] GetRawText: Key 'YGO_ATTRIBUTE_WIND.description' not found in table 'static_hover_tips'
[WARN] [BaseLib] GetRawText: Key 'YGO_RACE_WINGED_BEAST.title' not found in table 'static_hover_tips'
[WARN] [BaseLib] GetRawText: Key 'YGO_RACE_WINGED_BEAST.description' not found in table 'static_hover_tips'
[WARN] [BaseLib] GetRawText: Key 'YGO_ATTRIBUTE_EARTH.title' not found in table 'static_hover_tips'
[WARN] [BaseLib] GetRawText: Key 'YGO_ATTRIBUTE_EARTH.description' not found in table 'static_hover_tips'
[WARN] [BaseLib] GetRawText: Key 'YGO_RACE_PLANT.title' not found in table 'static_hover_tips'
[WARN] [BaseLib] GetRawText: Key 'YGO_RACE_PLANT.description' not found in table 'static_hover_tips'
[WARN] [BaseLib] GetRawText: Key 'YGO_ATTRIBUTE_EARTH.title' not found in table 'static_hover_tips'
[WARN] [BaseLib] GetRawText: Key 'YGO_ATTRIBUTE_EARTH.description' not found in table 'static_hover_tips'
[WARN] [BaseLib] GetRawText: Key 'YGO_RACE_PLANT.title' not found in table 'static_hover_tips'
[WARN] [BaseLib] GetRawText: Key 'YGO_RACE_PLANT.description' not found in table 'static_hover_tips'
[WARN] [BaseLib] GetRawText: Key 'YGO_RACE_TRAP_CONTINUOUS.title' not found in table 'static_hover_tips'
[WARN] [BaseLib] GetRawText: Key 'YGO_RACE_TRAP_CONTINUOUS.description' not found in table 'static_hover_tips'
[WARN] [BaseLib] GetRawText: Key 'YGO_RACE_TRAP_CONTINUOUS.title' not found in table 'static_hover_tips'
[WARN] [BaseLib] GetRawText: Key 'YGO_RACE_TRAP_CONTINUOUS.description' not found in table 'static_hover_tips'
[WARN] [BaseLib] GetRawText: Key 'YGO_RACE_TRAP_CONTINUOUS.title' not found in table 'static_hover_tips'
[WARN] [BaseLib] GetRawText: Key 'YGO_RACE_TRAP_CONTINUOUS.description' not found in table 'static_hover_tips'
[WARN] [BaseLib] GetRawText: Key 'YGO_ATTRIBUTE_EARTH.title' not found in table 'static_hover_tips'
[WARN] [BaseLib] GetRawText: Key 'YGO_ATTRIBUTE_EARTH.description' not found in table 'static_hover_tips'
[WARN] [BaseLib] GetRawText: Key 'YGO_RACE_BEAST.title' not found in table 'static_hover_tips'
[WARN] [BaseLib] GetRawText: Key 'YGO_RACE_BEAST.description' not found in table 'static_hover_tips'
[WARN] [BaseLib] GetRawText: Key 'YGO_ATTRIBUTE_EARTH.title' not found in table 'static_hover_tips'
[WARN] [BaseLib] GetRawText: Key 'YGO_ATTRIBUTE_EARTH.description' not found in table 'static_hover_tips'
[WARN] [BaseLib] GetRawText: Key 'YGO_RACE_BEAST.title' not found in table 'static_hover_tips'
[WARN] [BaseLib] GetRawText: Key 'YGO_RACE_BEAST.description' not found in table 'static_hover_tips'
[WARN] [BaseLib] GetRawText: Key 'YGO_ATTRIBUTE_EARTH.title' not found in table 'static_hover_tips'
[WARN] [BaseLib] GetRawText: Key 'YGO_ATTRIBUTE_EARTH.description' not found in table 'static_hover_tips'
[WARN] [BaseLib] GetRawText: Key 'YGO_RACE_ROCK.title' not found in table 'static_hover_tips'
[WARN] [BaseLib] GetRawText: Key 'YGO_RACE_ROCK.description' not found in table 'static_hover_tips'
[WARN] [BaseLib] GetRawText: Key 'YGO_ATTRIBUTE_EARTH.title' not found in table 'static_hover_tips'
[WARN] [BaseLib] GetRawText: Key 'YGO_ATTRIBUTE_EARTH.description' not found in table 'static_hover_tips'
[WARN] [BaseLib] GetRawText: Key 'YGO_RACE_ROCK.title' not found in table 'static_hover_tips'
[WARN] [BaseLib] GetRawText: Key 'YGO_RACE_ROCK.description' not found in table 'static_hover_tips'
[WARN] [BaseLib] GetRawText: Key 'YGO_ATTRIBUTE_EARTH.title' not found in table 'static_hover_tips'
[WARN] [BaseLib] GetRawText: Key 'YGO_ATTRIBUTE_EARTH.description' not found in table 'static_hover_tips'
[WARN] [BaseLib] GetRawText: Key 'YGO_RACE_WARRIOR.title' not found in table 'static_hover_tips'
[WARN] [BaseLib] GetRawText: Key 'YGO_RACE_WARRIOR.description' not found in table 'static_hover_tips'
[WARN] [BaseLib] GetRawText: Key 'YGO_RACE_SPELL_CONTINUOUS.title' not found in table 'static_hover_tips'
[WARN] [BaseLib] GetRawText: Key 'YGO_RACE_SPELL_CONTINUOUS.description' not found in table 'static_hover_tips'
[WARN] [BaseLib] GetRawText: Key 'YGO_ATTRIBUTE_FIRE.title' not found in table 'static_hover_tips'
[WARN] [BaseLib] GetRawText: Key 'YGO_ATTRIBUTE_FIRE.description' not found in table 'static_hover_tips'
[WARN] [BaseLib] GetRawText: Key 'YGO_RACE_PYRO.title' not found in table 'static_hover_tips'
[WARN] [BaseLib] GetRawText: Key 'YGO_RACE_PYRO.description' not found in table 'static_hover_tips'
[WARN] [BaseLib] GetRawText: Key 'YGO_ATTRIBUTE_EARTH.title' not found in table 'static_hover_tips'
[WARN] [BaseLib] GetRawText: Key 'YGO_ATTRIBUTE_EARTH.description' not found in table 'static_hover_tips'
[WARN] [BaseLib] GetRawText: Key 'YGO_RACE_WARRIOR.title' not found in table 'static_hover_tips'
[WARN] [BaseLib] GetRawText: Key 'YGO_RACE_WARRIOR.description' not found in table 'static_hover_tips'
[WARN] [BaseLib] GetRawText: Key 'YGO_ATTRIBUTE_LIGHT.title' not found in table 'static_hover_tips'
[WARN] [BaseLib] GetRawText: Key 'YGO_ATTRIBUTE_LIGHT.description' not found in table 'static_hover_tips'
[WARN] [BaseLib] GetRawText: Key 'YGO_RACE_THUNDER.title' not found in table 'static_hover_tips'
[WARN] [BaseLib] GetRawText: Key 'YGO_RACE_THUNDER.description' not found in table 'static_hover_tips'
[WARN] [BaseLib] GetRawText: Key 'YGO_RACE_SPELL_CONTINUOUS.title' not found in table 'static_hover_tips'
[WARN] [BaseLib] GetRawText: Key 'YGO_RACE_SPELL_CONTINUOUS.description' not found in table 'static_hover_tips'
[WARN] [BaseLib] GetRawText: Key 'YGO_RACE_TRAP_CONTINUOUS.title' not found in table 'static_hover_tips'
[WARN] [BaseLib] GetRawText: Key 'YGO_RACE_TRAP_CONTINUOUS.description' not found in table 'static_hover_tips'
[WARN] [BaseLib] GetRawText: Key 'YGO_RACE_TRAP_CONTINUOUS.title' not found in table 'static_hover_tips'
[WARN] [BaseLib] GetRawText: Key 'YGO_RACE_TRAP_CONTINUOUS.description' not found in table 'static_hover_tips'
[WARN] [BaseLib] GetRawText: Key 'YGO_ATTRIBUTE_DARK.title' not found in table 'static_hover_tips'
[WARN] [BaseLib] GetRawText: Key 'YGO_ATTRIBUTE_DARK.description' not found in table 'static_hover_tips'
[WARN] [BaseLib] GetRawText: Key 'YGO_RACE_FIEND.title' not found in table 'static_hover_tips'
[WARN] [BaseLib] GetRawText: Key 'YGO_RACE_FIEND.description' not found in table 'static_hover_tips'
[WARN] [BaseLib] GetRawText: Key 'YGO_ATTRIBUTE_LIGHT.title' not found in table 'static_hover_tips'
[WARN] [BaseLib] GetRawText: Key 'YGO_ATTRIBUTE_LIGHT.description' not found in table 'static_hover_tips'
[WARN] [BaseLib] GetRawText: Key 'YGO_RACE_FAIRY.title' not found in table 'static_hover_tips'
[WARN] [BaseLib] GetRawText: Key 'YGO_RACE_FAIRY.description' not found in table 'static_hover_tips'
[WARN] [BaseLib] GetRawText: Key 'YGO_ATTRIBUTE_DARK.title' not found in table 'static_hover_tips'
[WARN] [BaseLib] GetRawText: Key 'YGO_ATTRIBUTE_DARK.description' not found in table 'static_hover_tips'
[WARN] [BaseLib] GetRawText: Key 'YGO_RACE_FAIRY.title' not found in table 'static_hover_tips'
[WARN] [BaseLib] GetRawText: Key 'YGO_RACE_FAIRY.description' not found in table 'static_hover_tips'
[WARN] [BaseLib] GetRawText: Key 'YGO_ATTRIBUTE_WIND.title' not found in table 'static_hover_tips'
[WARN] [BaseLib] GetRawText: Key 'YGO_ATTRIBUTE_WIND.description' not found in table 'static_hover_tips'
[WARN] [BaseLib] GetRawText: Key 'YGO_RACE_WINGED_BEAST.title' not found in table 'static_hover_tips'
[WARN] [BaseLib] GetRawText: Key 'YGO_RACE_WINGED_BEAST.description' not found in table 'static_hover_tips'
[WARN] [BaseLib] GetRawText: Key 'YGO_ATTRIBUTE_EARTH.title' not found in table 'static_hover_tips'
[WARN] [BaseLib] GetRawText: Key 'YGO_ATTRIBUTE_EARTH.description' not found in table 'static_hover_tips'
[WARN] [BaseLib] GetRawText: Key 'YGO_RACE_PLANT.title' not found in table 'static_hover_tips'
[WARN] [BaseLib] GetRawText: Key 'YGO_RACE_PLANT.description' not found in table 'static_hover_tips'
[WARN] [BaseLib] GetRawText: Key 'YGO_RACE_TRAP_CONTINUOUS.title' not found in table 'static_hover_tips'
[WARN] [BaseLib] GetRawText: Key 'YGO_RACE_TRAP_CONTINUOUS.description' not found in table 'static_hover_tips'
[WARN] [BaseLib] GetRawText: Key 'YGO_RACE_TRAP_CONTINUOUS.title' not found in table 'static_hover_tips'
[WARN] [BaseLib] GetRawText: Key 'YGO_RACE_TRAP_CONTINUOUS.description' not found in table 'static_hover_tips'
[WARN] [BaseLib] GetRawText: Key 'YGO_ATTRIBUTE_EARTH.title' not found in table 'static_hover_tips'
[WARN] [BaseLib] GetRawText: Key 'YGO_ATTRIBUTE_EARTH.description' not found in table 'static_hover_tips'
[WARN] [BaseLib] GetRawText: Key 'YGO_RACE_BEAST.title' not found in table 'static_hover_tips'
[WARN] [BaseLib] GetRawText: Key 'YGO_RACE_BEAST.description' not found in table 'static_hover_tips'
[WARN] [BaseLib] GetRawText: Key 'YGO_ATTRIBUTE_EARTH.title' not found in table 'static_hover_tips'
[WARN] [BaseLib] GetRawText: Key 'YGO_ATTRIBUTE_EARTH.description' not found in table 'static_hover_tips'
[WARN] [BaseLib] GetRawText: Key 'YGO_RACE_ROCK.title' not found in table 'static_hover_tips'
[WARN] [BaseLib] GetRawText: Key 'YGO_RACE_ROCK.description' not found in table 'static_hover_tips'
[WARN] [BaseLib] GetRawText: Key 'YGO_ATTRIBUTE_EARTH.title' not found in table 'static_hover_tips'
[WARN] [BaseLib] GetRawText: Key 'YGO_ATTRIBUTE_EARTH.description' not found in table 'static_hover_tips'
[WARN] [BaseLib] GetRawText: Key 'YGO_RACE_WARRIOR.title' not found in table 'static_hover_tips'
[WARN] [BaseLib] GetRawText: Key 'YGO_RACE_WARRIOR.description' not found in table 'static_hover_tips'
[WARN] [BaseLib] GetRawText: Key 'YGO_ATTRIBUTE_EARTH.title' not found in table 'static_hover_tips'
[WARN] [BaseLib] GetRawText: Key 'YGO_ATTRIBUTE_EARTH.description' not found in table 'static_hover_tips'
[WARN] [BaseLib] GetRawText: Key 'YGO_RACE_WARRIOR.title' not found in table 'static_hover_tips'
[WARN] [BaseLib] GetRawText: Key 'YGO_RACE_WARRIOR.description' not found in table 'static_hover_tips'
[WARN] [BaseLib] GetRawText: Key 'YGO_RACE_SPELL_CONTINUOUS.title' not found in table 'static_hover_tips'
[WARN] [BaseLib] GetRawText: Key 'YGO_RACE_SPELL_CONTINUOUS.description' not found in table 'static_hover_tips'
[WARN] [BaseLib] GetRawText: Key 'YGO_ATTRIBUTE_FIRE.title' not found in table 'static_hover_tips'
[WARN] [BaseLib] GetRawText: Key 'YGO_ATTRIBUTE_FIRE.description' not found in table 'static_hover_tips'
[WARN] [BaseLib] GetRawText: Key 'YGO_RACE_PYRO.title' not found in table 'static_hover_tips'
[WARN] [BaseLib] GetRawText: Key 'YGO_RACE_PYRO.description' not found in table 'static_hover_tips'
[WARN] [BaseLib] GetRawText: Key 'YGO_ATTRIBUTE_FIRE.title' not found in table 'static_hover_tips'
[WARN] [BaseLib] GetRawText: Key 'YGO_ATTRIBUTE_FIRE.description' not found in table 'static_hover_tips'
[WARN] [BaseLib] GetRawText: Key 'YGO_RACE_PYRO.title' not found in table 'static_hover_tips'
[WARN] [BaseLib] GetRawText: Key 'YGO_RACE_PYRO.description' not found in table 'static_hover_tips'
[WARN] [BaseLib] GetRawText: Key 'YGO_ATTRIBUTE_EARTH.title' not found in table 'static_hover_tips'
[WARN] [BaseLib] GetRawText: Key 'YGO_ATTRIBUTE_EARTH.description' not found in table 'static_hover_tips'
[WARN] [BaseLib] GetRawText: Key 'YGO_RACE_WARRIOR.title' not found in table 'static_hover_tips'
[WARN] [BaseLib] GetRawText: Key 'YGO_RACE_WARRIOR.description' not found in table 'static_hover_tips'
[WARN] [BaseLib] GetRawText: Key 'YGO_ATTRIBUTE_EARTH.title' not found in table 'static_hover_tips'
[WARN] [BaseLib] GetRawText: Key 'YGO_ATTRIBUTE_EARTH.description' not found in table 'static_hover_tips'
[WARN] [BaseLib] GetRawText: Key 'YGO_RACE_WARRIOR.title' not found in table 'static_hover_tips'
[WARN] [BaseLib] GetRawText: Key 'YGO_RACE_WARRIOR.description' not found in table 'static_hover_tips'
[WARN] [BaseLib] GetRawText: Key 'YGO_ATTRIBUTE_LIGHT.title' not found in table 'static_hover_tips'
[WARN] [BaseLib] GetRawText: Key 'YGO_ATTRIBUTE_LIGHT.description' not found in table 'static_hover_tips'
[WARN] [BaseLib] GetRawText: Key 'YGO_RACE_THUNDER.title' not found in table 'static_hover_tips'
[WARN] [BaseLib] GetRawText: Key 'YGO_RACE_THUNDER.description' not found in table 'static_hover_tips'
[WARN] [BaseLib] GetRawText: Key 'YGO_ATTRIBUTE_LIGHT.title' not found in table 'static_hover_tips'
[WARN] [BaseLib] GetRawText: Key 'YGO_ATTRIBUTE_LIGHT.description' not found in table 'static_hover_tips'
[WARN] [BaseLib] GetRawText: Key 'YGO_RACE_THUNDER.title' not found in table 'static_hover_tips'
[WARN] [BaseLib] GetRawText: Key 'YGO_RACE_THUNDER.description' not found in table 'static_hover_tips'
[WARN] [BaseLib] GetRawText: Key 'YGO_RACE_SPELL_CONTINUOUS.title' not found in table 'static_hover_tips'
[WARN] [BaseLib] GetRawText: Key 'YGO_RACE_SPELL_CONTINUOUS.description' not found in table 'static_hover_tips'
[WARN] [BaseLib] GetRawText: Key 'YGO_RACE_TRAP_CONTINUOUS.title' not found in table 'static_hover_tips'
[WARN] [BaseLib] GetRawText: Key 'YGO_RACE_TRAP_CONTINUOUS.description' not found in table 'static_hover_tips'
[WARN] [BaseLib] GetRawText: Key 'YGO_RACE_TRAP_CONTINUOUS.title' not found in table 'static_hover_tips'
[WARN] [BaseLib] GetRawText: Key 'YGO_RACE_TRAP_CONTINUOUS.description' not found in table 'static_hover_tips'
[WARN] [BaseLib] GetRawText: Key 'YGO_RACE_TRAP_CONTINUOUS.title' not found in table 'static_hover_tips'
[WARN] [BaseLib] GetRawText: Key 'YGO_RACE_TRAP_CONTINUOUS.description' not found in table 'static_hover_tips'
[WARN] [BaseLib] GetRawText: Key 'YGO_ATTRIBUTE_DARK.title' not found in table 'static_hover_tips'
[WARN] [BaseLib] GetRawText: Key 'YGO_ATTRIBUTE_DARK.description' not found in table 'static_hover_tips'
[WARN] [BaseLib] GetRawText: Key 'YGO_RACE_FIEND.title' not found in table 'static_hover_tips'
[WARN] [BaseLib] GetRawText: Key 'YGO_RACE_FIEND.description' not found in table 'static_hover_tips'
[WARN] [BaseLib] GetRawText: Key 'YGO_ATTRIBUTE_DARK.title' not found in table 'static_hover_tips'
[WARN] [BaseLib] GetRawText: Key 'YGO_ATTRIBUTE_DARK.description' not found in table 'static_hover_tips'
[WARN] [BaseLib] GetRawText: Key 'YGO_RACE_FIEND.title' not found in table 'static_hover_tips'
[WARN] [BaseLib] GetRawText: Key 'YGO_RACE_FIEND.description' not found in table 'static_hover_tips'
[WARN] [BaseLib] GetRawText: Key 'YGO_ATTRIBUTE_LIGHT.title' not found in table 'static_hover_tips'
[WARN] [BaseLib] GetRawText: Key 'YGO_ATTRIBUTE_LIGHT.description' not found in table 'static_hover_tips'
[WARN] [BaseLib] GetRawText: Key 'YGO_RACE_FAIRY.title' not found in table 'static_hover_tips'
[WARN] [BaseLib] GetRawText: Key 'YGO_RACE_FAIRY.description' not found in table 'static_hover_tips'
[WARN] [BaseLib] GetRawText: Key 'YGO_ATTRIBUTE_LIGHT.title' not found in table 'static_hover_tips'
[WARN] [BaseLib] GetRawText: Key 'YGO_ATTRIBUTE_LIGHT.description' not found in table 'static_hover_tips'
[WARN] [BaseLib] GetRawText: Key 'YGO_RACE_FAIRY.title' not found in table 'static_hover_tips'
[WARN] [BaseLib] GetRawText: Key 'YGO_RACE_FAIRY.description' not found in table 'static_hover_tips'
[WARN] [BaseLib] GetRawText: Key 'YGO_ATTRIBUTE_DARK.title' not found in table 'static_hover_tips'
[WARN] [BaseLib] GetRawText: Key 'YGO_ATTRIBUTE_DARK.description' not found in table 'static_hover_tips'
[WARN] [BaseLib] GetRawText: Key 'YGO_RACE_FAIRY.title' not found in table 'static_hover_tips'
[WARN] [BaseLib] GetRawText: Key 'YGO_RACE_FAIRY.description' not found in table 'static_hover_tips'
[WARN] [BaseLib] GetRawText: Key 'YGO_ATTRIBUTE_DARK.title' not found in table 'static_hover_tips'
[WARN] [BaseLib] GetRawText: Key 'YGO_ATTRIBUTE_DARK.description' not found in table 'static_hover_tips'
[WARN] [BaseLib] GetRawText: Key 'YGO_RACE_FAIRY.title' not found in table 'static_hover_tips'
[WARN] [BaseLib] GetRawText: Key 'YGO_RACE_FAIRY.description' not found in table 'static_hover_tips'
[WARN] [BaseLib] GetRawText: Key 'YGO_ATTRIBUTE_WIND.title' not found in table 'static_hover_tips'
[WARN] [BaseLib] GetRawText: Key 'YGO_ATTRIBUTE_WIND.description' not found in table 'static_hover_tips'
[WARN] [BaseLib] GetRawText: Key 'YGO_RACE_WINGED_BEAST.title' not found in table 'static_hover_tips'
[WARN] [BaseLib] GetRawText: Key 'YGO_RACE_WINGED_BEAST.description' not found in table 'static_hover_tips'
[WARN] [BaseLib] GetRawText: Key 'YGO_ATTRIBUTE_WIND.title' not found in table 'static_hover_tips'
[WARN] [BaseLib] GetRawText: Key 'YGO_ATTRIBUTE_WIND.description' not found in table 'static_hover_tips'
[WARN] [BaseLib] GetRawText: Key 'YGO_RACE_WINGED_BEAST.title' not found in table 'static_hover_tips'
[WARN] [BaseLib] GetRawText: Key 'YGO_RACE_WINGED_BEAST.description' not found in table 'static_hover_tips'
[WARN] [BaseLib] GetRawText: Key 'YGO_ATTRIBUTE_EARTH.title' not found in table 'static_hover_tips'
[WARN] [BaseLib] GetRawText: Key 'YGO_ATTRIBUTE_EARTH.description' not found in table 'static_hover_tips'
[WARN] [BaseLib] GetRawText: Key 'YGO_RACE_PLANT.title' not found in table 'static_hover_tips'
[WARN] [BaseLib] GetRawText: Key 'YGO_RACE_PLANT.description' not found in table 'static_hover_tips'
[WARN] [BaseLib] GetRawText: Key 'YGO_ATTRIBUTE_EARTH.title' not found in table 'static_hover_tips'
[WARN] [BaseLib] GetRawText: Key 'YGO_ATTRIBUTE_EARTH.description' not found in table 'static_hover_tips'
[WARN] [BaseLib] GetRawText: Key 'YGO_RACE_PLANT.title' not found in table 'static_hover_tips'
[WARN] [BaseLib] GetRawText: Key 'YGO_RACE_PLANT.description' not found in table 'static_hover_tips'
[WARN] [BaseLib] GetRawText: Key 'YGO_RACE_TRAP_CONTINUOUS.title' not found in table 'static_hover_tips'
[WARN] [BaseLib] GetRawText: Key 'YGO_RACE_TRAP_CONTINUOUS.description' not found in table 'static_hover_tips'
[WARN] [BaseLib] GetRawText: Key 'YGO_RACE_TRAP_CONTINUOUS.title' not found in table 'static_hover_tips'
[WARN] [BaseLib] GetRawText: Key 'YGO_RACE_TRAP_CONTINUOUS.description' not found in table 'static_hover_tips'
[WARN] [BaseLib] GetRawText: Key 'YGO_RACE_TRAP_CONTINUOUS.title' not found in table 'static_hover_tips'
[WARN] [BaseLib] GetRawText: Key 'YGO_RACE_TRAP_CONTINUOUS.description' not found in table 'static_hover_tips'
[WARN] [BaseLib] GetRawText: Key 'YGO_ATTRIBUTE_EARTH.title' not found in table 'static_hover_tips'
[WARN] [BaseLib] GetRawText: Key 'YGO_ATTRIBUTE_EARTH.description' not found in table 'static_hover_tips'
[WARN] [BaseLib] GetRawText: Key 'YGO_RACE_BEAST.title' not found in table 'static_hover_tips'
[WARN] [BaseLib] GetRawText: Key 'YGO_RACE_BEAST.description' not found in table 'static_hover_tips'
[WARN] [BaseLib] GetRawText: Key 'YGO_ATTRIBUTE_EARTH.title' not found in table 'static_hover_tips'
[WARN] [BaseLib] GetRawText: Key 'YGO_ATTRIBUTE_EARTH.description' not found in table 'static_hover_tips'
[WARN] [BaseLib] GetRawText: Key 'YGO_RACE_BEAST.title' not found in table 'static_hover_tips'
[WARN] [BaseLib] GetRawText: Key 'YGO_RACE_BEAST.description' not found in table 'static_hover_tips'
[WARN] [BaseLib] GetRawText: Key 'YGO_ATTRIBUTE_EARTH.title' not found in table 'static_hover_tips'
[WARN] [BaseLib] GetRawText: Key 'YGO_ATTRIBUTE_EARTH.description' not found in table 'static_hover_tips'
[WARN] [BaseLib] GetRawText: Key 'YGO_RACE_ROCK.title' not found in table 'static_hover_tips'
[WARN] [BaseLib] GetRawText: Key 'YGO_RACE_ROCK.description' not found in table 'static_hover_tips'
[WARN] [BaseLib] GetRawText: Key 'YGO_ATTRIBUTE_EARTH.title' not found in table 'static_hover_tips'
[WARN] [BaseLib] GetRawText: Key 'YGO_ATTRIBUTE_EARTH.description' not found in table 'static_hover_tips'
[WARN] [BaseLib] GetRawText: Key 'YGO_RACE_ROCK.title' not found in table 'static_hover_tips'
[WARN] [BaseLib] GetRawText: Key 'YGO_RACE_ROCK.description' not found in table 'static_hover_tips'
[WARN] [BaseLib] GetRawText: Key 'YGO_ATTRIBUTE_EARTH.title' not found in table 'static_hover_tips'
[WARN] [BaseLib] GetRawText: Key 'YGO_ATTRIBUTE_EARTH.description' not found in table 'static_hover_tips'
[WARN] [BaseLib] GetRawText: Key 'YGO_RACE_WARRIOR.title' not found in table 'static_hover_tips'
[WARN] [BaseLib] GetRawText: Key 'YGO_RACE_WARRIOR.description' not found in table 'static_hover_tips'
[WARN] [BaseLib] GetRawText: Key 'YGO_RACE_SPELL_CONTINUOUS.title' not found in table 'static_hover_tips'
[WARN] [BaseLib] GetRawText: Key 'YGO_RACE_SPELL_CONTINUOUS.description' not found in table 'static_hover_tips'
[WARN] [BaseLib] GetRawText: Key 'YGO_ATTRIBUTE_FIRE.title' not found in table 'static_hover_tips'
[WARN] [BaseLib] GetRawText: Key 'YGO_ATTRIBUTE_FIRE.description' not found in table 'static_hover_tips'
[WARN] [BaseLib] GetRawText: Key 'YGO_RACE_PYRO.title' not found in table 'static_hover_tips'
[WARN] [BaseLib] GetRawText: Key 'YGO_RACE_PYRO.description' not found in table 'static_hover_tips'
[WARN] [BaseLib] GetRawText: Key 'YGO_ATTRIBUTE_EARTH.title' not found in table 'static_hover_tips'
[WARN] [BaseLib] GetRawText: Key 'YGO_ATTRIBUTE_EARTH.description' not found in table 'static_hover_tips'
[WARN] [BaseLib] GetRawText: Key 'YGO_RACE_WARRIOR.title' not found in table 'static_hover_tips'
[WARN] [BaseLib] GetRawText: Key 'YGO_RACE_WARRIOR.description' not found in table 'static_hover_tips'
[WARN] [BaseLib] GetRawText: Key 'YGO_ATTRIBUTE_LIGHT.title' not found in table 'static_hover_tips'
[WARN] [BaseLib] GetRawText: Key 'YGO_ATTRIBUTE_LIGHT.description' not found in table 'static_hover_tips'
[WARN] [BaseLib] GetRawText: Key 'YGO_RACE_THUNDER.title' not found in table 'static_hover_tips'
[WARN] [BaseLib] GetRawText: Key 'YGO_RACE_THUNDER.description' not found in table 'static_hover_tips'
[WARN] [BaseLib] GetRawText: Key 'YGO_RACE_SPELL_CONTINUOUS.title' not found in table 'static_hover_tips'
[WARN] [BaseLib] GetRawText: Key 'YGO_RACE_SPELL_CONTINUOUS.description' not found in table 'static_hover_tips'
[WARN] [BaseLib] GetRawText: Key 'YGO_RACE_TRAP_CONTINUOUS.title' not found in table 'static_hover_tips'
[WARN] [BaseLib] GetRawText: Key 'YGO_RACE_TRAP_CONTINUOUS.description' not found in table 'static_hover_tips'
[WARN] [BaseLib] GetRawText: Key 'YGO_RACE_TRAP_CONTINUOUS.title' not found in table 'static_hover_tips'
[WARN] [BaseLib] GetRawText: Key 'YGO_RACE_TRAP_CONTINUOUS.description' not found in table 'static_hover_tips'
[WARN] [BaseLib] GetRawText: Key 'YGO_ATTRIBUTE_DARK.title' not found in table 'static_hover_tips'
[WARN] [BaseLib] GetRawText: Key 'YGO_ATTRIBUTE_DARK.description' not found in table 'static_hover_tips'
[WARN] [BaseLib] GetRawText: Key 'YGO_RACE_FIEND.title' not found in table 'static_hover_tips'
[WARN] [BaseLib] GetRawText: Key 'YGO_RACE_FIEND.description' not found in table 'static_hover_tips'
[WARN] [BaseLib] GetRawText: Key 'YGO_ATTRIBUTE_LIGHT.title' not found in table 'static_hover_tips'
[WARN] [BaseLib] GetRawText: Key 'YGO_ATTRIBUTE_LIGHT.description' not found in table 'static_hover_tips'
[WARN] [BaseLib] GetRawText: Key 'YGO_RACE_FAIRY.title' not found in table 'static_hover_tips'
[WARN] [BaseLib] GetRawText: Key 'YGO_RACE_FAIRY.description' not found in table 'static_hover_tips'
[WARN] [BaseLib] GetRawText: Key 'YGO_ATTRIBUTE_DARK.title' not found in table 'static_hover_tips'
[WARN] [BaseLib] GetRawText: Key 'YGO_ATTRIBUTE_DARK.description' not found in table 'static_hover_tips'
[WARN] [BaseLib] GetRawText: Key 'YGO_RACE_FAIRY.title' not found in table 'static_hover_tips'
[WARN] [BaseLib] GetRawText: Key 'YGO_RACE_FAIRY.description' not found in table 'static_hover_tips'
[WARN] [BaseLib] GetRawText: Key 'YGO_ATTRIBUTE_WIND.title' not found in table 'static_hover_tips'
[WARN] [BaseLib] GetRawText: Key 'YGO_ATTRIBUTE_WIND.description' not found in table 'static_hover_tips'
[WARN] [BaseLib] GetRawText: Key 'YGO_RACE_WINGED_BEAST.title' not found in table 'static_hover_tips'
[WARN] [BaseLib] GetRawText: Key 'YGO_RACE_WINGED_BEAST.description' not found in table 'static_hover_tips'
[WARN] [BaseLib] GetRawText: Key 'YGO_ATTRIBUTE_EARTH.title' not found in table 'static_hover_tips'
[WARN] [BaseLib] GetRawText: Key 'YGO_ATTRIBUTE_EARTH.description' not found in table 'static_hover_tips'
[WARN] [BaseLib] GetRawText: Key 'YGO_RACE_PLANT.title' not found in table 'static_hover_tips'
[WARN] [BaseLib] GetRawText: Key 'YGO_RACE_PLANT.description' not found in table 'static_hover_tips'
[WARN] [BaseLib] GetRawText: Key 'YGO_RACE_TRAP_CONTINUOUS.title' not found in table 'static_hover_tips'
[WARN] [BaseLib] GetRawText: Key 'YGO_RACE_TRAP_CONTINUOUS.description' not found in table 'static_hover_tips'
[WARN] [BaseLib] GetRawText: Key 'YGO_RACE_TRAP_CONTINUOUS.title' not found in table 'static_hover_tips'
[WARN] [BaseLib] GetRawText: Key 'YGO_RACE_TRAP_CONTINUOUS.description' not found in table 'static_hover_tips'
[WARN] [BaseLib] GetRawText: Key 'YGO_ATTRIBUTE_EARTH.title' not found in table 'static_hover_tips'
[WARN] [BaseLib] GetRawText: Key 'YGO_ATTRIBUTE_EARTH.description' not found in table 'static_hover_tips'
[WARN] [BaseLib] GetRawText: Key 'YGO_RACE_BEAST.title' not found in table 'static_hover_tips'
[WARN] [BaseLib] GetRawText: Key 'YGO_RACE_BEAST.description' not found in table 'static_hover_tips'
[WARN] [BaseLib] GetRawText: Key 'YGO_ATTRIBUTE_EARTH.title' not found in table 'static_hover_tips'
[WARN] [BaseLib] GetRawText: Key 'YGO_ATTRIBUTE_EARTH.description' not found in table 'static_hover_tips'
[WARN] [BaseLib] GetRawText: Key 'YGO_RACE_ROCK.title' not found in table 'static_hover_tips'
[WARN] [BaseLib] GetRawText: Key 'YGO_RACE_ROCK.description' not found in table 'static_hover_tips'
[WARN] [BaseLib] GetRawText: Key 'YGO_ATTRIBUTE_EARTH.title' not found in table 'static_hover_tips'
[WARN] [BaseLib] GetRawText: Key 'YGO_ATTRIBUTE_EARTH.description' not found in table 'static_hover_tips'
[WARN] [BaseLib] GetRawText: Key 'YGO_RACE_WARRIOR.title' not found in table 'static_hover_tips'
[WARN] [BaseLib] GetRawText: Key 'YGO_RACE_WARRIOR.description' not found in table 'static_hover_tips'
[WARN] [BaseLib] GetRawText: Key 'YGO_ATTRIBUTE_EARTH.title' not found in table 'static_hover_tips'
[WARN] [BaseLib] GetRawText: Key 'YGO_ATTRIBUTE_EARTH.description' not found in table 'static_hover_tips'
[WARN] [BaseLib] GetRawText: Key 'YGO_RACE_WARRIOR.title' not found in table 'static_hover_tips'
[WARN] [BaseLib] GetRawText: Key 'YGO_RACE_WARRIOR.description' not found in table 'static_hover_tips'
[WARN] [BaseLib] GetRawText: Key 'YGO_RACE_SPELL_CONTINUOUS.title' not found in table 'static_hover_tips'
[WARN] [BaseLib] GetRawText: Key 'YGO_RACE_SPELL_CONTINUOUS.description' not found in table 'static_hover_tips'
[WARN] [BaseLib] GetRawText: Key 'YGO_ATTRIBUTE_FIRE.title' not found in table 'static_hover_tips'
[WARN] [BaseLib] GetRawText: Key 'YGO_ATTRIBUTE_FIRE.description' not found in table 'static_hover_tips'
[WARN] [BaseLib] GetRawText: Key 'YGO_RACE_PYRO.title' not found in table 'static_hover_tips'
[WARN] [BaseLib] GetRawText: Key 'YGO_RACE_PYRO.description' not found in table 'static_hover_tips'
[WARN] [BaseLib] GetRawText: Key 'YGO_ATTRIBUTE_FIRE.title' not found in table 'static_hover_tips'
[WARN] [BaseLib] GetRawText: Key 'YGO_ATTRIBUTE_FIRE.description' not found in table 'static_hover_tips'
[WARN] [BaseLib] GetRawText: Key 'YGO_RACE_PYRO.title' not found in table 'static_hover_tips'
[WARN] [BaseLib] GetRawText: Key 'YGO_RACE_PYRO.description' not found in table 'static_hover_tips'
[WARN] [BaseLib] GetRawText: Key 'YGO_ATTRIBUTE_EARTH.title' not found in table 'static_hover_tips'
[WARN] [BaseLib] GetRawText: Key 'YGO_ATTRIBUTE_EARTH.description' not found in table 'static_hover_tips'
[WARN] [BaseLib] GetRawText: Key 'YGO_RACE_WARRIOR.title' not found in table 'static_hover_tips'
[WARN] [BaseLib] GetRawText: Key 'YGO_RACE_WARRIOR.description' not found in table 'static_hover_tips'
[WARN] [BaseLib] GetRawText: Key 'YGO_ATTRIBUTE_EARTH.title' not found in table 'static_hover_tips'
[WARN] [BaseLib] GetRawText: Key 'YGO_ATTRIBUTE_EARTH.description' not found in table 'static_hover_tips'
[WARN] [BaseLib] GetRawText: Key 'YGO_RACE_WARRIOR.title' not found in table 'static_hover_tips'
[WARN] [BaseLib] GetRawText: Key 'YGO_RACE_WARRIOR.description' not found in table 'static_hover_tips'
[WARN] [BaseLib] GetRawText: Key 'YGO_ATTRIBUTE_LIGHT.title' not found in table 'static_hover_tips'
[WARN] [BaseLib] GetRawText: Key 'YGO_ATTRIBUTE_LIGHT.description' not found in table 'static_hover_tips'
[WARN] [BaseLib] GetRawText: Key 'YGO_RACE_THUNDER.title' not found in table 'static_hover_tips'
[WARN] [BaseLib] GetRawText: Key 'YGO_RACE_THUNDER.description' not found in table 'static_hover_tips'
[WARN] [BaseLib] GetRawText: Key 'YGO_ATTRIBUTE_LIGHT.title' not found in table 'static_hover_tips'
[WARN] [BaseLib] GetRawText: Key 'YGO_ATTRIBUTE_LIGHT.description' not found in table 'static_hover_tips'
[WARN] [BaseLib] GetRawText: Key 'YGO_RACE_THUNDER.title' not found in table 'static_hover_tips'
[WARN] [BaseLib] GetRawText: Key 'YGO_RACE_THUNDER.description' not found in table 'static_hover_tips'
[WARN] [BaseLib] GetRawText: Key 'YGO_RACE_SPELL_CONTINUOUS.title' not found in table 'static_hover_tips'
[WARN] [BaseLib] GetRawText: Key 'YGO_RACE_SPELL_CONTINUOUS.description' not found in table 'static_hover_tips'
[WARN] [BaseLib] GetRawText: Key 'YGO_RACE_TRAP_CONTINUOUS.title' not found in table 'static_hover_tips'
[WARN] [BaseLib] GetRawText: Key 'YGO_RACE_TRAP_CONTINUOUS.description' not found in table 'static_hover_tips'
[WARN] [BaseLib] GetRawText: Key 'YGO_RACE_TRAP_CONTINUOUS.title' not found in table 'static_hover_tips'
[WARN] [BaseLib] GetRawText: Key 'YGO_RACE_TRAP_CONTINUOUS.description' not found in table 'static_hover_tips'
[WARN] [BaseLib] GetRawText: Key 'YGO_RACE_TRAP_CONTINUOUS.title' not found in table 'static_hover_tips'
[WARN] [BaseLib] GetRawText: Key 'YGO_RACE_TRAP_CONTINUOUS.description' not found in table 'static_hover_tips'
[WARN] [BaseLib] GetRawText: Key 'YGO_ATTRIBUTE_DARK.title' not found in table 'static_hover_tips'
[WARN] [BaseLib] GetRawText: Key 'YGO_ATTRIBUTE_DARK.description' not found in table 'static_hover_tips'
[WARN] [BaseLib] GetRawText: Key 'YGO_RACE_FIEND.title' not found in table 'static_hover_tips'
[WARN] [BaseLib] GetRawText: Key 'YGO_RACE_FIEND.description' not found in table 'static_hover_tips'
[WARN] [BaseLib] GetRawText: Key 'YGO_ATTRIBUTE_DARK.title' not found in table 'static_hover_tips'
[WARN] [BaseLib] GetRawText: Key 'YGO_ATTRIBUTE_DARK.description' not found in table 'static_hover_tips'
[WARN] [BaseLib] GetRawText: Key 'YGO_RACE_FIEND.title' not found in table 'static_hover_tips'
[WARN] [BaseLib] GetRawText: Key 'YGO_RACE_FIEND.description' not found in table 'static_hover_tips'
[WARN] [BaseLib] GetRawText: Key 'YGO_ATTRIBUTE_LIGHT.title' not found in table 'static_hover_tips'
[WARN] [BaseLib] GetRawText: Key 'YGO_ATTRIBUTE_LIGHT.description' not found in table 'static_hover_tips'
[WARN] [BaseLib] GetRawText: Key 'YGO_RACE_FAIRY.title' not found in table 'static_hover_tips'
[WARN] [BaseLib] GetRawText: Key 'YGO_RACE_FAIRY.description' not found in table 'static_hover_tips'
[WARN] [BaseLib] GetRawText: Key 'YGO_ATTRIBUTE_LIGHT.title' not found in table 'static_hover_tips'
[WARN] [BaseLib] GetRawText: Key 'YGO_ATTRIBUTE_LIGHT.description' not found in table 'static_hover_tips'
[WARN] [BaseLib] GetRawText: Key 'YGO_RACE_FAIRY.title' not found in table 'static_hover_tips'
[WARN] [BaseLib] GetRawText: Key 'YGO_RACE_FAIRY.description' not found in table 'static_hover_tips'
[WARN] [BaseLib] GetRawText: Key 'YGO_ATTRIBUTE_DARK.title' not found in table 'static_hover_tips'
[WARN] [BaseLib] GetRawText: Key 'YGO_ATTRIBUTE_DARK.description' not found in table 'static_hover_tips'
[WARN] [BaseLib] GetRawText: Key 'YGO_RACE_FAIRY.title' not found in table 'static_hover_tips'
[WARN] [BaseLib] GetRawText: Key 'YGO_RACE_FAIRY.description' not found in table 'static_hover_tips'
[WARN] [BaseLib] GetRawText: Key 'YGO_ATTRIBUTE_DARK.title' not found in table 'static_hover_tips'
[WARN] [BaseLib] GetRawText: Key 'YGO_ATTRIBUTE_DARK.description' not found in table 'static_hover_tips'
[WARN] [BaseLib] GetRawText: Key 'YGO_RACE_FAIRY.title' not found in table 'static_hover_tips'
[WARN] [BaseLib] GetRawText: Key 'YGO_RACE_FAIRY.description' not found in table 'static_hover_tips'
[WARN] [BaseLib] GetRawText: Key 'YGO_ATTRIBUTE_WIND.title' not found in table 'static_hover_tips'
[WARN] [BaseLib] GetRawText: Key 'YGO_ATTRIBUTE_WIND.description' not found in table 'static_hover_tips'
[WARN] [BaseLib] GetRawText: Key 'YGO_RACE_WINGED_BEAST.title' not found in table 'static_hover_tips'
[WARN] [BaseLib] GetRawText: Key 'YGO_RACE_WINGED_BEAST.description' not found in table 'static_hover_tips'
[WARN] [BaseLib] GetRawText: Key 'YGO_ATTRIBUTE_WIND.title' not found in table 'static_hover_tips'
[WARN] [BaseLib] GetRawText: Key 'YGO_ATTRIBUTE_WIND.description' not found in table 'static_hover_tips'
[WARN] [BaseLib] GetRawText: Key 'YGO_RACE_WINGED_BEAST.title' not found in table 'static_hover_tips'
[WARN] [BaseLib] GetRawText: Key 'YGO_RACE_WINGED_BEAST.description' not found in table 'static_hover_tips'
[WARN] [BaseLib] GetRawText: Key 'YGO_ATTRIBUTE_EARTH.title' not found in table 'static_hover_tips'
[WARN] [BaseLib] GetRawText: Key 'YGO_ATTRIBUTE_EARTH.description' not found in table 'static_hover_tips'
[WARN] [BaseLib] GetRawText: Key 'YGO_RACE_PLANT.title' not found in table 'static_hover_tips'
[WARN] [BaseLib] GetRawText: Key 'YGO_RACE_PLANT.description' not found in table 'static_hover_tips'
[WARN] [BaseLib] GetRawText: Key 'YGO_ATTRIBUTE_EARTH.title' not found in table 'static_hover_tips'
[WARN] [BaseLib] GetRawText: Key 'YGO_ATTRIBUTE_EARTH.description' not found in table 'static_hover_tips'
[WARN] [BaseLib] GetRawText: Key 'YGO_RACE_PLANT.title' not found in table 'static_hover_tips'
[WARN] [BaseLib] GetRawText: Key 'YGO_RACE_PLANT.description' not found in table 'static_hover_tips'
[WARN] [BaseLib] GetRawText: Key 'YGO_RACE_TRAP_CONTINUOUS.title' not found in table 'static_hover_tips'
[WARN] [BaseLib] GetRawText: Key 'YGO_RACE_TRAP_CONTINUOUS.description' not found in table 'static_hover_tips'
[WARN] [BaseLib] GetRawText: Key 'YGO_RACE_TRAP_CONTINUOUS.title' not found in table 'static_hover_tips'
[WARN] [BaseLib] GetRawText: Key 'YGO_RACE_TRAP_CONTINUOUS.description' not found in table 'static_hover_tips'
[WARN] [BaseLib] GetRawText: Key 'YGO_RACE_TRAP_CONTINUOUS.title' not found in table 'static_hover_tips'
[WARN] [BaseLib] GetRawText: Key 'YGO_RACE_TRAP_CONTINUOUS.description' not found in table 'static_hover_tips'
[WARN] [BaseLib] GetRawText: Key 'YGO_ATTRIBUTE_EARTH.title' not found in table 'static_hover_tips'
[WARN] [BaseLib] GetRawText: Key 'YGO_ATTRIBUTE_EARTH.description' not found in table 'static_hover_tips'
[WARN] [BaseLib] GetRawText: Key 'YGO_RACE_BEAST.title' not found in table 'static_hover_tips'
[WARN] [BaseLib] GetRawText: Key 'YGO_RACE_BEAST.description' not found in table 'static_hover_tips'
[WARN] [BaseLib] GetRawText: Key 'YGO_ATTRIBUTE_EARTH.title' not found in table 'static_hover_tips'
[WARN] [BaseLib] GetRawText: Key 'YGO_ATTRIBUTE_EARTH.description' not found in table 'static_hover_tips'
[WARN] [BaseLib] GetRawText: Key 'YGO_RACE_BEAST.title' not found in table 'static_hover_tips'
[WARN] [BaseLib] GetRawText: Key 'YGO_RACE_BEAST.description' not found in table 'static_hover_tips'
[WARN] [BaseLib] GetRawText: Key 'YGO_ATTRIBUTE_EARTH.title' not found in table 'static_hover_tips'
[WARN] [BaseLib] GetRawText: Key 'YGO_ATTRIBUTE_EARTH.description' not found in table 'static_hover_tips'
[WARN] [BaseLib] GetRawText: Key 'YGO_RACE_ROCK.title' not found in table 'static_hover_tips'
[WARN] [BaseLib] GetRawText: Key 'YGO_RACE_ROCK.description' not found in table 'static_hover_tips'
[WARN] [BaseLib] GetRawText: Key 'YGO_ATTRIBUTE_EARTH.title' not found in table 'static_hover_tips'
[WARN] [BaseLib] GetRawText: Key 'YGO_ATTRIBUTE_EARTH.description' not found in table 'static_hover_tips'
[WARN] [BaseLib] GetRawText: Key 'YGO_RACE_ROCK.title' not found in table 'static_hover_tips'
[WARN] [BaseLib] GetRawText: Key 'YGO_RACE_ROCK.description' not found in table 'static_hover_tips'
[WARN] [BaseLib] GetRawText: Key 'YGO_ATTRIBUTE_EARTH.title' not found in table 'static_hover_tips'
[WARN] [BaseLib] GetRawText: Key 'YGO_ATTRIBUTE_EARTH.description' not found in table 'static_hover_tips'
[WARN] [BaseLib] GetRawText: Key 'YGO_RACE_WARRIOR.title' not found in table 'static_hover_tips'
[WARN] [BaseLib] GetRawText: Key 'YGO_RACE_WARRIOR.description' not found in table 'static_hover_tips'
[WARN] [BaseLib] GetRawText: Key 'YGO_RACE_SPELL_CONTINUOUS.title' not found in table 'static_hover_tips'
[WARN] [BaseLib] GetRawText: Key 'YGO_RACE_SPELL_CONTINUOUS.description' not found in table 'static_hover_tips'
[WARN] [BaseLib] GetRawText: Key 'YGO_ATTRIBUTE_FIRE.title' not found in table 'static_hover_tips'
[WARN] [BaseLib] GetRawText: Key 'YGO_ATTRIBUTE_FIRE.description' not found in table 'static_hover_tips'
[WARN] [BaseLib] GetRawText: Key 'YGO_RACE_PYRO.title' not found in table 'static_hover_tips'
[WARN] [BaseLib] GetRawText: Key 'YGO_RACE_PYRO.description' not found in table 'static_hover_tips'
[WARN] [BaseLib] GetRawText: Key 'YGO_ATTRIBUTE_EARTH.title' not found in table 'static_hover_tips'
[WARN] [BaseLib] GetRawText: Key 'YGO_ATTRIBUTE_EARTH.description' not found in table 'static_hover_tips'
[WARN] [BaseLib] GetRawText: Key 'YGO_RACE_WARRIOR.title' not found in table 'static_hover_tips'
[WARN] [BaseLib] GetRawText: Key 'YGO_RACE_WARRIOR.description' not found in table 'static_hover_tips'
[WARN] [BaseLib] GetRawText: Key 'YGO_ATTRIBUTE_LIGHT.title' not found in table 'static_hover_tips'
[WARN] [BaseLib] GetRawText: Key 'YGO_ATTRIBUTE_LIGHT.description' not found in table 'static_hover_tips'
[WARN] [BaseLib] GetRawText: Key 'YGO_RACE_THUNDER.title' not found in table 'static_hover_tips'
[WARN] [BaseLib] GetRawText: Key 'YGO_RACE_THUNDER.description' not found in table 'static_hover_tips'
[WARN] [BaseLib] GetRawText: Key 'YGO_RACE_SPELL_CONTINUOUS.title' not found in table 'static_hover_tips'
[WARN] [BaseLib] GetRawText: Key 'YGO_RACE_SPELL_CONTINUOUS.description' not found in table 'static_hover_tips'
[WARN] [BaseLib] GetRawText: Key 'YGO_RACE_TRAP_CONTINUOUS.title' not found in table 'static_hover_tips'
[WARN] [BaseLib] GetRawText: Key 'YGO_RACE_TRAP_CONTINUOUS.description' not found in table 'static_hover_tips'
[WARN] [BaseLib] GetRawText: Key 'YGO_RACE_TRAP_CONTINUOUS.title' not found in table 'static_hover_tips'
[WARN] [BaseLib] GetRawText: Key 'YGO_RACE_TRAP_CONTINUOUS.description' not found in table 'static_hover_tips'
[WARN] [BaseLib] GetRawText: Key 'YGO_ATTRIBUTE_DARK.title' not found in table 'static_hover_tips'
[WARN] [BaseLib] GetRawText: Key 'YGO_ATTRIBUTE_DARK.description' not found in table 'static_hover_tips'
[WARN] [BaseLib] GetRawText: Key 'YGO_RACE_FIEND.title' not found in table 'static_hover_tips'
[WARN] [BaseLib] GetRawText: Key 'YGO_RACE_FIEND.description' not found in table 'static_hover_tips'
[WARN] [BaseLib] GetRawText: Key 'YGO_ATTRIBUTE_LIGHT.title' not found in table 'static_hover_tips'
[WARN] [BaseLib] GetRawText: Key 'YGO_ATTRIBUTE_LIGHT.description' not found in table 'static_hover_tips'
[WARN] [BaseLib] GetRawText: Key 'YGO_RACE_FAIRY.title' not found in table 'static_hover_tips'
[WARN] [BaseLib] GetRawText: Key 'YGO_RACE_FAIRY.description' not found in table 'static_hover_tips'
[WARN] [BaseLib] GetRawText: Key 'YGO_ATTRIBUTE_DARK.title' not found in table 'static_hover_tips'
[WARN] [BaseLib] GetRawText: Key 'YGO_ATTRIBUTE_DARK.description' not found in table 'static_hover_tips'
[WARN] [BaseLib] GetRawText: Key 'YGO_RACE_FAIRY.title' not found in table 'static_hover_tips'
[WARN] [BaseLib] GetRawText: Key 'YGO_RACE_FAIRY.description' not found in table 'static_hover_tips'
[WARN] [BaseLib] GetRawText: Key 'YGO_ATTRIBUTE_WIND.title' not found in table 'static_hover_tips'
[WARN] [BaseLib] GetRawText: Key 'YGO_ATTRIBUTE_WIND.description' not found in table 'static_hover_tips'
[WARN] [BaseLib] GetRawText: Key 'YGO_RACE_WINGED_BEAST.title' not found in table 'static_hover_tips'
[WARN] [BaseLib] GetRawText: Key 'YGO_RACE_WINGED_BEAST.description' not found in table 'static_hover_tips'
[WARN] [BaseLib] GetRawText: Key 'YGO_ATTRIBUTE_EARTH.title' not found in table 'static_hover_tips'
[WARN] [BaseLib] GetRawText: Key 'YGO_ATTRIBUTE_EARTH.description' not found in table 'static_hover_tips'
[WARN] [BaseLib] GetRawText: Key 'YGO_RACE_PLANT.title' not found in table 'static_hover_tips'
[WARN] [BaseLib] GetRawText: Key 'YGO_RACE_PLANT.description' not found in table 'static_hover_tips'
[WARN] [BaseLib] GetRawText: Key 'YGO_RACE_TRAP_CONTINUOUS.title' not found in table 'static_hover_tips'
[WARN] [BaseLib] GetRawText: Key 'YGO_RACE_TRAP_CONTINUOUS.description' not found in table 'static_hover_tips'
[WARN] [BaseLib] GetRawText: Key 'YGO_RACE_TRAP_CONTINUOUS.title' not found in table 'static_hover_tips'
[WARN] [BaseLib] GetRawText: Key 'YGO_RACE_TRAP_CONTINUOUS.description' not found in table 'static_hover_tips'
[WARN] [BaseLib] GetRawText: Key 'YGO_ATTRIBUTE_EARTH.title' not found in table 'static_hover_tips'
[WARN] [BaseLib] GetRawText: Key 'YGO_ATTRIBUTE_EARTH.description' not found in table 'static_hover_tips'
[WARN] [BaseLib] GetRawText: Key 'YGO_RACE_BEAST.title' not found in table 'static_hover_tips'
[WARN] [BaseLib] GetRawText: Key 'YGO_RACE_BEAST.description' not found in table 'static_hover_tips'
[WARN] [BaseLib] GetRawText: Key 'YGO_ATTRIBUTE_EARTH.title' not found in table 'static_hover_tips'
[WARN] [BaseLib] GetRawText: Key 'YGO_ATTRIBUTE_EARTH.description' not found in table 'static_hover_tips'
[WARN] [BaseLib] GetRawText: Key 'YGO_RACE_ROCK.title' not found in table 'static_hover_tips'
[WARN] [BaseLib] GetRawText: Key 'YGO_RACE_ROCK.description' not found in table 'static_hover_tips'
[WARN] [BaseLib] GetRawText: Key 'YGO_ATTRIBUTE_EARTH.title' not found in table 'static_hover_tips'
[WARN] [BaseLib] GetRawText: Key 'YGO_ATTRIBUTE_EARTH.description' not found in table 'static_hover_tips'
[WARN] [BaseLib] GetRawText: Key 'YGO_RACE_WARRIOR.title' not found in table 'static_hover_tips'
[WARN] [BaseLib] GetRawText: Key 'YGO_RACE_WARRIOR.description' not found in table 'static_hover_tips'
[WARN] [BaseLib] GetRawText: Key 'YGO_ATTRIBUTE_EARTH.title' not found in table 'static_hover_tips'
[WARN] [BaseLib] GetRawText: Key 'YGO_ATTRIBUTE_EARTH.description' not found in table 'static_hover_tips'
[WARN] [BaseLib] GetRawText: Key 'YGO_RACE_WARRIOR.title' not found in table 'static_hover_tips'
[WARN] [BaseLib] GetRawText: Key 'YGO_RACE_WARRIOR.description' not found in table 'static_hover_tips'
[WARN] [BaseLib] GetRawText: Key 'YGO_RACE_SPELL_CONTINUOUS.title' not found in table 'static_hover_tips'
[WARN] [BaseLib] GetRawText: Key 'YGO_RACE_SPELL_CONTINUOUS.description' not found in table 'static_hover_tips'
[WARN] [BaseLib] GetRawText: Key 'YGO_ATTRIBUTE_FIRE.title' not found in table 'static_hover_tips'
[WARN] [BaseLib] GetRawText: Key 'YGO_ATTRIBUTE_FIRE.description' not found in table 'static_hover_tips'
[WARN] [BaseLib] GetRawText: Key 'YGO_RACE_PYRO.title' not found in table 'static_hover_tips'
[WARN] [BaseLib] GetRawText: Key 'YGO_RACE_PYRO.description' not found in table 'static_hover_tips'
[WARN] [BaseLib] GetRawText: Key 'YGO_ATTRIBUTE_FIRE.title' not found in table 'static_hover_tips'
[WARN] [BaseLib] GetRawText: Key 'YGO_ATTRIBUTE_FIRE.description' not found in table 'static_hover_tips'
[WARN] [BaseLib] GetRawText: Key 'YGO_RACE_PYRO.title' not found in table 'static_hover_tips'
[WARN] [BaseLib] GetRawText: Key 'YGO_RACE_PYRO.description' not found in table 'static_hover_tips'
[WARN] [BaseLib] GetRawText: Key 'YGO_ATTRIBUTE_EARTH.title' not found in table 'static_hover_tips'
[WARN] [BaseLib] GetRawText: Key 'YGO_ATTRIBUTE_EARTH.description' not found in table 'static_hover_tips'
[WARN] [BaseLib] GetRawText: Key 'YGO_RACE_WARRIOR.title' not found in table 'static_hover_tips'
[WARN] [BaseLib] GetRawText: Key 'YGO_RACE_WARRIOR.description' not found in table 'static_hover_tips'
[WARN] [BaseLib] GetRawText: Key 'YGO_ATTRIBUTE_EARTH.title' not found in table 'static_hover_tips'
[WARN] [BaseLib] GetRawText: Key 'YGO_ATTRIBUTE_EARTH.description' not found in table 'static_hover_tips'
[WARN] [BaseLib] GetRawText: Key 'YGO_RACE_WARRIOR.title' not found in table 'static_hover_tips'
[WARN] [BaseLib] GetRawText: Key 'YGO_RACE_WARRIOR.description' not found in table 'static_hover_tips'
[WARN] [BaseLib] GetRawText: Key 'YGO_ATTRIBUTE_LIGHT.title' not found in table 'static_hover_tips'
[WARN] [BaseLib] GetRawText: Key 'YGO_ATTRIBUTE_LIGHT.description' not found in table 'static_hover_tips'
[WARN] [BaseLib] GetRawText: Key 'YGO_RACE_THUNDER.title' not found in table 'static_hover_tips'
[WARN] [BaseLib] GetRawText: Key 'YGO_RACE_THUNDER.description' not found in table 'static_hover_tips'
[WARN] [BaseLib] GetRawText: Key 'YGO_ATTRIBUTE_LIGHT.title' not found in table 'static_hover_tips'
[WARN] [BaseLib] GetRawText: Key 'YGO_ATTRIBUTE_LIGHT.description' not found in table 'static_hover_tips'
[WARN] [BaseLib] GetRawText: Key 'YGO_RACE_THUNDER.title' not found in table 'static_hover_tips'
[WARN] [BaseLib] GetRawText: Key 'YGO_RACE_THUNDER.description' not found in table 'static_hover_tips'
[WARN] [BaseLib] GetRawText: Key 'YGO_RACE_SPELL_CONTINUOUS.title' not found in table 'static_hover_tips'
[WARN] [BaseLib] GetRawText: Key 'YGO_RACE_SPELL_CONTINUOUS.description' not found in table 'static_hover_tips'
[WARN] [BaseLib] GetRawText: Key 'YGO_RACE_TRAP_CONTINUOUS.title' not found in table 'static_hover_tips'
[WARN] [BaseLib] GetRawText: Key 'YGO_RACE_TRAP_CONTINUOUS.description' not found in table 'static_hover_tips'
[WARN] [BaseLib] GetRawText: Key 'YGO_RACE_TRAP_CONTINUOUS.title' not found in table 'static_hover_tips'
[WARN] [BaseLib] GetRawText: Key 'YGO_RACE_TRAP_CONTINUOUS.description' not found in table 'static_hover_tips'
[WARN] [BaseLib] GetRawText: Key 'YGO_RACE_TRAP_CONTINUOUS.title' not found in table 'static_hover_tips'
[WARN] [BaseLib] GetRawText: Key 'YGO_RACE_TRAP_CONTINUOUS.description' not found in table 'static_hover_tips'
[WARN] [BaseLib] GetRawText: Key 'YGO_ATTRIBUTE_DARK.title' not found in table 'static_hover_tips'
[WARN] [BaseLib] GetRawText: Key 'YGO_ATTRIBUTE_DARK.description' not found in table 'static_hover_tips'
[WARN] [BaseLib] GetRawText: Key 'YGO_RACE_FIEND.title' not found in table 'static_hover_tips'
[WARN] [BaseLib] GetRawText: Key 'YGO_RACE_FIEND.description' not found in table 'static_hover_tips'
[WARN] [BaseLib] GetRawText: Key 'YGO_ATTRIBUTE_DARK.title' not found in table 'static_hover_tips'
[WARN] [BaseLib] GetRawText: Key 'YGO_ATTRIBUTE_DARK.description' not found in table 'static_hover_tips'
[WARN] [BaseLib] GetRawText: Key 'YGO_RACE_FIEND.title' not found in table 'static_hover_tips'
[WARN] [BaseLib] GetRawText: Key 'YGO_RACE_FIEND.description' not found in table 'static_hover_tips'
[WARN] [BaseLib] GetRawText: Key 'YGO_ATTRIBUTE_LIGHT.title' not found in table 'static_hover_tips'
[WARN] [BaseLib] GetRawText: Key 'YGO_ATTRIBUTE_LIGHT.description' not found in table 'static_hover_tips'
[WARN] [BaseLib] GetRawText: Key 'YGO_RACE_FAIRY.title' not found in table 'static_hover_tips'
[WARN] [BaseLib] GetRawText: Key 'YGO_RACE_FAIRY.description' not found in table 'static_hover_tips'
[WARN] [BaseLib] GetRawText: Key 'YGO_ATTRIBUTE_LIGHT.title' not found in table 'static_hover_tips'
[WARN] [BaseLib] GetRawText: Key 'YGO_ATTRIBUTE_LIGHT.description' not found in table 'static_hover_tips'
[WARN] [BaseLib] GetRawText: Key 'YGO_RACE_FAIRY.title' not found in table 'static_hover_tips'
[WARN] [BaseLib] GetRawText: Key 'YGO_RACE_FAIRY.description' not found in table 'static_hover_tips'
[WARN] [BaseLib] GetRawText: Key 'YGO_ATTRIBUTE_DARK.title' not found in table 'static_hover_tips'
[WARN] [BaseLib] GetRawText: Key 'YGO_ATTRIBUTE_DARK.description' not found in table 'static_hover_tips'
[WARN] [BaseLib] GetRawText: Key 'YGO_RACE_FAIRY.title' not found in table 'static_hover_tips'
[WARN] [BaseLib] GetRawText: Key 'YGO_RACE_FAIRY.description' not found in table 'static_hover_tips'
[WARN] [BaseLib] GetRawText: Key 'YGO_ATTRIBUTE_DARK.title' not found in table 'static_hover_tips'
[WARN] [BaseLib] GetRawText: Key 'YGO_ATTRIBUTE_DARK.description' not found in table 'static_hover_tips'
[WARN] [BaseLib] GetRawText: Key 'YGO_RACE_FAIRY.title' not found in table 'static_hover_tips'
[WARN] [BaseLib] GetRawText: Key 'YGO_RACE_FAIRY.description' not found in table 'static_hover_tips'
[WARN] [BaseLib] GetRawText: Key 'YGO_ATTRIBUTE_WIND.title' not found in table 'static_hover_tips'
[WARN] [BaseLib] GetRawText: Key 'YGO_ATTRIBUTE_WIND.description' not found in table 'static_hover_tips'
[WARN] [BaseLib] GetRawText: Key 'YGO_RACE_WINGED_BEAST.title' not found in table 'static_hover_tips'
[WARN] [BaseLib] GetRawText: Key 'YGO_RACE_WINGED_BEAST.description' not found in table 'static_hover_tips'
[WARN] [BaseLib] GetRawText: Key 'YGO_ATTRIBUTE_WIND.title' not found in table 'static_hover_tips'
[WARN] [BaseLib] GetRawText: Key 'YGO_ATTRIBUTE_WIND.description' not found in table 'static_hover_tips'
[WARN] [BaseLib] GetRawText: Key 'YGO_RACE_WINGED_BEAST.title' not found in table 'static_hover_tips'
[WARN] [BaseLib] GetRawText: Key 'YGO_RACE_WINGED_BEAST.description' not found in table 'static_hover_tips'
[WARN] [BaseLib] GetRawText: Key 'YGO_ATTRIBUTE_EARTH.title' not found in table 'static_hover_tips'
[WARN] [BaseLib] GetRawText: Key 'YGO_ATTRIBUTE_EARTH.description' not found in table 'static_hover_tips'
[WARN] [BaseLib] GetRawText: Key 'YGO_RACE_PLANT.title' not found in table 'static_hover_tips'
[WARN] [BaseLib] GetRawText: Key 'YGO_RACE_PLANT.description' not found in table 'static_hover_tips'
[WARN] [BaseLib] GetRawText: Key 'YGO_ATTRIBUTE_EARTH.title' not found in table 'static_hover_tips'
[WARN] [BaseLib] GetRawText: Key 'YGO_ATTRIBUTE_EARTH.description' not found in table 'static_hover_tips'
[WARN] [BaseLib] GetRawText: Key 'YGO_RACE_PLANT.title' not found in table 'static_hover_tips'
[WARN] [BaseLib] GetRawText: Key 'YGO_RACE_PLANT.description' not found in table 'static_hover_tips'
[WARN] [BaseLib] GetRawText: Key 'YGO_RACE_TRAP_CONTINUOUS.title' not found in table 'static_hover_tips'
[WARN] [BaseLib] GetRawText: Key 'YGO_RACE_TRAP_CONTINUOUS.description' not found in table 'static_hover_tips'
[WARN] [BaseLib] GetRawText: Key 'YGO_RACE_TRAP_CONTINUOUS.title' not found in table 'static_hover_tips'
[WARN] [BaseLib] GetRawText: Key 'YGO_RACE_TRAP_CONTINUOUS.description' not found in table 'static_hover_tips'
[WARN] [BaseLib] GetRawText: Key 'YGO_RACE_TRAP_CONTINUOUS.title' not found in table 'static_hover_tips'
[WARN] [BaseLib] GetRawText: Key 'YGO_RACE_TRAP_CONTINUOUS.description' not found in table 'static_hover_tips'
[WARN] [BaseLib] GetRawText: Key 'YGO_ATTRIBUTE_EARTH.title' not found in table 'static_hover_tips'
[WARN] [BaseLib] GetRawText: Key 'YGO_ATTRIBUTE_EARTH.description' not found in table 'static_hover_tips'
[WARN] [BaseLib] GetRawText: Key 'YGO_RACE_BEAST.title' not found in table 'static_hover_tips'
[WARN] [BaseLib] GetRawText: Key 'YGO_RACE_BEAST.description' not found in table 'static_hover_tips'
[WARN] [BaseLib] GetRawText: Key 'YGO_ATTRIBUTE_EARTH.title' not found in table 'static_hover_tips'
[WARN] [BaseLib] GetRawText: Key 'YGO_ATTRIBUTE_EARTH.description' not found in table 'static_hover_tips'
[WARN] [BaseLib] GetRawText: Key 'YGO_RACE_BEAST.title' not found in table 'static_hover_tips'
[WARN] [BaseLib] GetRawText: Key 'YGO_RACE_BEAST.description' not found in table 'static_hover_tips'
[WARN] [BaseLib] GetRawText: Key 'YGO_ATTRIBUTE_EARTH.title' not found in table 'static_hover_tips'
[WARN] [BaseLib] GetRawText: Key 'YGO_ATTRIBUTE_EARTH.description' not found in table 'static_hover_tips'
[WARN] [BaseLib] GetRawText: Key 'YGO_RACE_ROCK.title' not found in table 'static_hover_tips'
[WARN] [BaseLib] GetRawText: Key 'YGO_RACE_ROCK.description' not found in table 'static_hover_tips'
[WARN] [BaseLib] GetRawText: Key 'YGO_ATTRIBUTE_EARTH.title' not found in table 'static_hover_tips'
[WARN] [BaseLib] GetRawText: Key 'YGO_ATTRIBUTE_EARTH.description' not found in table 'static_hover_tips'
[WARN] [BaseLib] GetRawText: Key 'YGO_RACE_ROCK.title' not found in table 'static_hover_tips'
[WARN] [BaseLib] GetRawText: Key 'YGO_RACE_ROCK.description' not found in table 'static_hover_tips'
[WARN] [BaseLib] GetRawText: Key 'YGO_ATTRIBUTE_EARTH.title' not found in table 'static_hover_tips'
[WARN] [BaseLib] GetRawText: Key 'YGO_ATTRIBUTE_EARTH.description' not found in table 'static_hover_tips'
[WARN] [BaseLib] GetRawText: Key 'YGO_RACE_WARRIOR.title' not found in table 'static_hover_tips'
[WARN] [BaseLib] GetRawText: Key 'YGO_RACE_WARRIOR.description' not found in table 'static_hover_tips'
[WARN] [BaseLib] GetRawText: Key 'YGO_RACE_SPELL_CONTINUOUS.title' not found in table 'static_hover_tips'
[WARN] [BaseLib] GetRawText: Key 'YGO_RACE_SPELL_CONTINUOUS.description' not found in table 'static_hover_tips'
[WARN] [BaseLib] GetRawText: Key 'YGO_ATTRIBUTE_FIRE.title' not found in table 'static_hover_tips'
[WARN] [BaseLib] GetRawText: Key 'YGO_ATTRIBUTE_FIRE.description' not found in table 'static_hover_tips'
[WARN] [BaseLib] GetRawText: Key 'YGO_RACE_PYRO.title' not found in table 'static_hover_tips'
[WARN] [BaseLib] GetRawText: Key 'YGO_RACE_PYRO.description' not found in table 'static_hover_tips'
[WARN] [BaseLib] GetRawText: Key 'YGO_ATTRIBUTE_EARTH.title' not found in table 'static_hover_tips'
[WARN] [BaseLib] GetRawText: Key 'YGO_ATTRIBUTE_EARTH.description' not found in table 'static_hover_tips'
[WARN] [BaseLib] GetRawText: Key 'YGO_RACE_WARRIOR.title' not found in table 'static_hover_tips'
[WARN] [BaseLib] GetRawText: Key 'YGO_RACE_WARRIOR.description' not found in table 'static_hover_tips'
[WARN] [BaseLib] GetRawText: Key 'YGO_ATTRIBUTE_LIGHT.title' not found in table 'static_hover_tips'
[WARN] [BaseLib] GetRawText: Key 'YGO_ATTRIBUTE_LIGHT.description' not found in table 'static_hover_tips'
[WARN] [BaseLib] GetRawText: Key 'YGO_RACE_THUNDER.title' not found in table 'static_hover_tips'
[WARN] [BaseLib] GetRawText: Key 'YGO_RACE_THUNDER.description' not found in table 'static_hover_tips'
[WARN] [BaseLib] GetRawText: Key 'YGO_RACE_SPELL_CONTINUOUS.title' not found in table 'static_hover_tips'
[WARN] [BaseLib] GetRawText: Key 'YGO_RACE_SPELL_CONTINUOUS.description' not found in table 'static_hover_tips'
[WARN] [BaseLib] GetRawText: Key 'YGO_RACE_TRAP_CONTINUOUS.title' not found in table 'static_hover_tips'
[WARN] [BaseLib] GetRawText: Key 'YGO_RACE_TRAP_CONTINUOUS.description' not found in table 'static_hover_tips'
[WARN] [BaseLib] GetRawText: Key 'YGO_RACE_TRAP_CONTINUOUS.title' not found in table 'static_hover_tips'
[WARN] [BaseLib] GetRawText: Key 'YGO_RACE_TRAP_CONTINUOUS.description' not found in table 'static_hover_tips'
[WARN] [BaseLib] GetRawText: Key 'YGO_ATTRIBUTE_DARK.title' not found in table 'static_hover_tips'
[WARN] [BaseLib] GetRawText: Key 'YGO_ATTRIBUTE_DARK.description' not found in table 'static_hover_tips'
[WARN] [BaseLib] GetRawText: Key 'YGO_RACE_FIEND.title' not found in table 'static_hover_tips'
[WARN] [BaseLib] GetRawText: Key 'YGO_RACE_FIEND.description' not found in table 'static_hover_tips'
[WARN] [BaseLib] GetRawText: Key 'YGO_ATTRIBUTE_LIGHT.title' not found in table 'static_hover_tips'
[WARN] [BaseLib] GetRawText: Key 'YGO_ATTRIBUTE_LIGHT.description' not found in table 'static_hover_tips'
[WARN] [BaseLib] GetRawText: Key 'YGO_RACE_FAIRY.title' not found in table 'static_hover_tips'
[WARN] [BaseLib] GetRawText: Key 'YGO_RACE_FAIRY.description' not found in table 'static_hover_tips'
[WARN] [BaseLib] GetRawText: Key 'YGO_ATTRIBUTE_DARK.title' not found in table 'static_hover_tips'
[WARN] [BaseLib] GetRawText: Key 'YGO_ATTRIBUTE_DARK.description' not found in table 'static_hover_tips'
[WARN] [BaseLib] GetRawText: Key 'YGO_RACE_FAIRY.title' not found in table 'static_hover_tips'
[WARN] [BaseLib] GetRawText: Key 'YGO_RACE_FAIRY.description' not found in table 'static_hover_tips'
[WARN] [BaseLib] GetRawText: Key 'YGO_ATTRIBUTE_WIND.title' not found in table 'static_hover_tips'
[WARN] [BaseLib] GetRawText: Key 'YGO_ATTRIBUTE_WIND.description' not found in table 'static_hover_tips'
[WARN] [BaseLib] GetRawText: Key 'YGO_RACE_WINGED_BEAST.title' not found in table 'static_hover_tips'
[WARN] [BaseLib] GetRawText: Key 'YGO_RACE_WINGED_BEAST.description' not found in table 'static_hover_tips'
[WARN] [BaseLib] GetRawText: Key 'YGO_ATTRIBUTE_EARTH.title' not found in table 'static_hover_tips'
[WARN] [BaseLib] GetRawText: Key 'YGO_ATTRIBUTE_EARTH.description' not found in table 'static_hover_tips'
[WARN] [BaseLib] GetRawText: Key 'YGO_RACE_PLANT.title' not found in table 'static_hover_tips'
[WARN] [BaseLib] GetRawText: Key 'YGO_RACE_PLANT.description' not found in table 'static_hover_tips'
[WARN] [BaseLib] GetRawText: Key 'YGO_RACE_TRAP_CONTINUOUS.title' not found in table 'static_hover_tips'
[WARN] [BaseLib] GetRawText: Key 'YGO_RACE_TRAP_CONTINUOUS.description' not found in table 'static_hover_tips'
[WARN] [BaseLib] GetRawText: Key 'YGO_RACE_TRAP_CONTINUOUS.title' not found in table 'static_hover_tips'
[WARN] [BaseLib] GetRawText: Key 'YGO_RACE_TRAP_CONTINUOUS.description' not found in table 'static_hover_tips'
[WARN] [BaseLib] GetRawText: Key 'YGO_ATTRIBUTE_EARTH.title' not found in table 'static_hover_tips'
[WARN] [BaseLib] GetRawText: Key 'YGO_ATTRIBUTE_EARTH.description' not found in table 'static_hover_tips'
[WARN] [BaseLib] GetRawText: Key 'YGO_RACE_BEAST.title' not found in table 'static_hover_tips'
[WARN] [BaseLib] GetRawText: Key 'YGO_RACE_BEAST.description' not found in table 'static_hover_tips'
[WARN] [BaseLib] GetRawText: Key 'YGO_ATTRIBUTE_EARTH.title' not found in table 'static_hover_tips'
[WARN] [BaseLib] GetRawText: Key 'YGO_ATTRIBUTE_EARTH.description' not found in table 'static_hover_tips'
[WARN] [BaseLib] GetRawText: Key 'YGO_RACE_ROCK.title' not found in table 'static_hover_tips'
[WARN] [BaseLib] GetRawText: Key 'YGO_RACE_ROCK.description' not found in table 'static_hover_tips'
[WARN] [BaseLib] GetRawText: Key 'YGO_ATTRIBUTE_EARTH.title' not found in table 'static_hover_tips'
[WARN] [BaseLib] GetRawText: Key 'YGO_ATTRIBUTE_EARTH.description' not found in table 'static_hover_tips'
[WARN] [BaseLib] GetRawText: Key 'YGO_RACE_WARRIOR.title' not found in table 'static_hover_tips'
[WARN] [BaseLib] GetRawText: Key 'YGO_RACE_WARRIOR.description' not found in table 'static_hover_tips'
[WARN] [BaseLib] GetRawText: Key 'YGO_ATTRIBUTE_EARTH.title' not found in table 'static_hover_tips'
[WARN] [BaseLib] GetRawText: Key 'YGO_ATTRIBUTE_EARTH.description' not found in table 'static_hover_tips'
[WARN] [BaseLib] GetRawText: Key 'YGO_RACE_WARRIOR.title' not found in table 'static_hover_tips'
[WARN] [BaseLib] GetRawText: Key 'YGO_RACE_WARRIOR.description' not found in table 'static_hover_tips'
[WARN] [BaseLib] GetRawText: Key 'YGO_RACE_SPELL_CONTINUOUS.title' not found in table 'static_hover_tips'
[WARN] [BaseLib] GetRawText: Key 'YGO_RACE_SPELL_CONTINUOUS.description' not found in table 'static_hover_tips'
[WARN] [BaseLib] GetRawText: Key 'YGO_ATTRIBUTE_FIRE.title' not found in table 'static_hover_tips'
[WARN] [BaseLib] GetRawText: Key 'YGO_ATTRIBUTE_FIRE.description' not found in table 'static_hover_tips'
[WARN] [BaseLib] GetRawText: Key 'YGO_RACE_PYRO.title' not found in table 'static_hover_tips'
[WARN] [BaseLib] GetRawText: Key 'YGO_RACE_PYRO.description' not found in table 'static_hover_tips'
[WARN] [BaseLib] GetRawText: Key 'YGO_ATTRIBUTE_FIRE.title' not found in table 'static_hover_tips'
[WARN] [BaseLib] GetRawText: Key 'YGO_ATTRIBUTE_FIRE.description' not found in table 'static_hover_tips'
[WARN] [BaseLib] GetRawText: Key 'YGO_RACE_PYRO.title' not found in table 'static_hover_tips'
[WARN] [BaseLib] GetRawText: Key 'YGO_RACE_PYRO.description' not found in table 'static_hover_tips'
[WARN] [BaseLib] GetRawText: Key 'YGO_ATTRIBUTE_EARTH.title' not found in table 'static_hover_tips'
[WARN] [BaseLib] GetRawText: Key 'YGO_ATTRIBUTE_EARTH.description' not found in table 'static_hover_tips'
[WARN] [BaseLib] GetRawText: Key 'YGO_RACE_WARRIOR.title' not found in table 'static_hover_tips'
[WARN] [BaseLib] GetRawText: Key 'YGO_RACE_WARRIOR.description' not found in table 'static_hover_tips'
[WARN] [BaseLib] GetRawText: Key 'YGO_ATTRIBUTE_EARTH.title' not found in table 'static_hover_tips'
[WARN] [BaseLib] GetRawText: Key 'YGO_ATTRIBUTE_EARTH.description' not found in table 'static_hover_tips'
[WARN] [BaseLib] GetRawText: Key 'YGO_RACE_WARRIOR.title' not found in table 'static_hover_tips'
[WARN] [BaseLib] GetRawText: Key 'YGO_RACE_WARRIOR.description' not found in table 'static_hover_tips'
[WARN] [BaseLib] GetRawText: Key 'YGO_ATTRIBUTE_LIGHT.title' not found in table 'static_hover_tips'
[WARN] [BaseLib] GetRawText: Key 'YGO_ATTRIBUTE_LIGHT.description' not found in table 'static_hover_tips'
[WARN] [BaseLib] GetRawText: Key 'YGO_RACE_THUNDER.title' not found in table 'static_hover_tips'
[WARN] [BaseLib] GetRawText: Key 'YGO_RACE_THUNDER.description' not found in table 'static_hover_tips'
[WARN] [BaseLib] GetRawText: Key 'YGO_ATTRIBUTE_LIGHT.title' not found in table 'static_hover_tips'
[WARN] [BaseLib] GetRawText: Key 'YGO_ATTRIBUTE_LIGHT.description' not found in table 'static_hover_tips'
[WARN] [BaseLib] GetRawText: Key 'YGO_RACE_THUNDER.title' not found in table 'static_hover_tips'
[WARN] [BaseLib] GetRawText: Key 'YGO_RACE_THUNDER.description' not found in table 'static_hover_tips'
[WARN] [BaseLib] GetRawText: Key 'YGO_RACE_SPELL_CONTINUOUS.title' not found in table 'static_hover_tips'
[WARN] [BaseLib] GetRawText: Key 'YGO_RACE_SPELL_CONTINUOUS.description' not found in table 'static_hover_tips'
[WARN] [BaseLib] GetRawText: Key 'YGO_RACE_TRAP_CONTINUOUS.title' not found in table 'static_hover_tips'
[WARN] [BaseLib] GetRawText: Key 'YGO_RACE_TRAP_CONTINUOUS.description' not found in table 'static_hover_tips'
[WARN] [BaseLib] GetRawText: Key 'YGO_RACE_TRAP_CONTINUOUS.title' not found in table 'static_hover_tips'
[WARN] [BaseLib] GetRawText: Key 'YGO_RACE_TRAP_CONTINUOUS.description' not found in table 'static_hover_tips'
[WARN] [BaseLib] GetRawText: Key 'YGO_RACE_TRAP_CONTINUOUS.title' not found in table 'static_hover_tips'
[WARN] [BaseLib] GetRawText: Key 'YGO_RACE_TRAP_CONTINUOUS.description' not found in table 'static_hover_tips'
[WARN] [BaseLib] GetRawText: Key 'YGO_ATTRIBUTE_DARK.title' not found in table 'static_hover_tips'
[WARN] [BaseLib] GetRawText: Key 'YGO_ATTRIBUTE_DARK.description' not found in table 'static_hover_tips'
[WARN] [BaseLib] GetRawText: Key 'YGO_RACE_FIEND.title' not found in table 'static_hover_tips'
[WARN] [BaseLib] GetRawText: Key 'YGO_RACE_FIEND.description' not found in table 'static_hover_tips'
[WARN] [BaseLib] GetRawText: Key 'YGO_ATTRIBUTE_DARK.title' not found in table 'static_hover_tips'
[WARN] [BaseLib] GetRawText: Key 'YGO_ATTRIBUTE_DARK.description' not found in table 'static_hover_tips'
[WARN] [BaseLib] GetRawText: Key 'YGO_RACE_FIEND.title' not found in table 'static_hover_tips'
[WARN] [BaseLib] GetRawText: Key 'YGO_RACE_FIEND.description' not found in table 'static_hover_tips'
[WARN] [BaseLib] GetRawText: Key 'YGO_ATTRIBUTE_LIGHT.title' not found in table 'static_hover_tips'
[WARN] [BaseLib] GetRawText: Key 'YGO_ATTRIBUTE_LIGHT.description' not found in table 'static_hover_tips'
[WARN] [BaseLib] GetRawText: Key 'YGO_RACE_FAIRY.title' not found in table 'static_hover_tips'
[WARN] [BaseLib] GetRawText: Key 'YGO_RACE_FAIRY.description' not found in table 'static_hover_tips'
[WARN] [BaseLib] GetRawText: Key 'YGO_ATTRIBUTE_LIGHT.title' not found in table 'static_hover_tips'
[WARN] [BaseLib] GetRawText: Key 'YGO_ATTRIBUTE_LIGHT.description' not found in table 'static_hover_tips'
[WARN] [BaseLib] GetRawText: Key 'YGO_RACE_FAIRY.title' not found in table 'static_hover_tips'
[WARN] [BaseLib] GetRawText: Key 'YGO_RACE_FAIRY.description' not found in table 'static_hover_tips'
[WARN] [BaseLib] GetRawText: Key 'YGO_ATTRIBUTE_DARK.title' not found in table 'static_hover_tips'
[WARN] [BaseLib] GetRawText: Key 'YGO_ATTRIBUTE_DARK.description' not found in table 'static_hover_tips'
[WARN] [BaseLib] GetRawText: Key 'YGO_RACE_FAIRY.title' not found in table 'static_hover_tips'
[WARN] [BaseLib] GetRawText: Key 'YGO_RACE_FAIRY.description' not found in table 'static_hover_tips'
[WARN] [BaseLib] GetRawText: Key 'YGO_ATTRIBUTE_DARK.title' not found in table 'static_hover_tips'
[WARN] [BaseLib] GetRawText: Key 'YGO_ATTRIBUTE_DARK.description' not found in table 'static_hover_tips'
[WARN] [BaseLib] GetRawText: Key 'YGO_RACE_FAIRY.title' not found in table 'static_hover_tips'
[WARN] [BaseLib] GetRawText: Key 'YGO_RACE_FAIRY.description' not found in table 'static_hover_tips'
[WARN] [BaseLib] GetRawText: Key 'YGO_ATTRIBUTE_WIND.title' not found in table 'static_hover_tips'
[WARN] [BaseLib] GetRawText: Key 'YGO_ATTRIBUTE_WIND.description' not found in table 'static_hover_tips'
[WARN] [BaseLib] GetRawText: Key 'YGO_RACE_WINGED_BEAST.title' not found in table 'static_hover_tips'
[WARN] [BaseLib] GetRawText: Key 'YGO_RACE_WINGED_BEAST.description' not found in table 'static_hover_tips'
[WARN] [BaseLib] GetRawText: Key 'YGO_ATTRIBUTE_WIND.title' not found in table 'static_hover_tips'
[WARN] [BaseLib] GetRawText: Key 'YGO_ATTRIBUTE_WIND.description' not found in table 'static_hover_tips'
[WARN] [BaseLib] GetRawText: Key 'YGO_RACE_WINGED_BEAST.title' not found in table 'static_hover_tips'
[WARN] [BaseLib] GetRawText: Key 'YGO_RACE_WINGED_BEAST.description' not found in table 'static_hover_tips'
[WARN] [BaseLib] GetRawText: Key 'YGO_ATTRIBUTE_EARTH.title' not found in table 'static_hover_tips'
[WARN] [BaseLib] GetRawText: Key 'YGO_ATTRIBUTE_EARTH.description' not found in table 'static_hover_tips'
[WARN] [BaseLib] GetRawText: Key 'YGO_RACE_PLANT.title' not found in table 'static_hover_tips'
[WARN] [BaseLib] GetRawText: Key 'YGO_RACE_PLANT.description' not found in table 'static_hover_tips'
[WARN] [BaseLib] GetRawText: Key 'YGO_ATTRIBUTE_EARTH.title' not found in table 'static_hover_tips'
[WARN] [BaseLib] GetRawText: Key 'YGO_ATTRIBUTE_EARTH.description' not found in table 'static_hover_tips'
[WARN] [BaseLib] GetRawText: Key 'YGO_RACE_PLANT.title' not found in table 'static_hover_tips'
[WARN] [BaseLib] GetRawText: Key 'YGO_RACE_PLANT.description' not found in table 'static_hover_tips'
[WARN] [BaseLib] GetRawText: Key 'YGO_RACE_TRAP_CONTINUOUS.title' not found in table 'static_hover_tips'
[WARN] [BaseLib] GetRawText: Key 'YGO_RACE_TRAP_CONTINUOUS.description' not found in table 'static_hover_tips'
[WARN] [BaseLib] GetRawText: Key 'YGO_RACE_TRAP_CONTINUOUS.title' not found in table 'static_hover_tips'
[WARN] [BaseLib] GetRawText: Key 'YGO_RACE_TRAP_CONTINUOUS.description' not found in table 'static_hover_tips'
[WARN] [BaseLib] GetRawText: Key 'YGO_RACE_TRAP_CONTINUOUS.title' not found in table 'static_hover_tips'
[WARN] [BaseLib] GetRawText: Key 'YGO_RACE_TRAP_CONTINUOUS.description' not found in table 'static_hover_tips'
[WARN] [BaseLib] GetRawText: Key 'YGO_ATTRIBUTE_EARTH.title' not found in table 'static_hover_tips'
[WARN] [BaseLib] GetRawText: Key 'YGO_ATTRIBUTE_EARTH.description' not found in table 'static_hover_tips'
[WARN] [BaseLib] GetRawText: Key 'YGO_RACE_BEAST.title' not found in table 'static_hover_tips'
[WARN] [BaseLib] GetRawText: Key 'YGO_RACE_BEAST.description' not found in table 'static_hover_tips'
[WARN] [BaseLib] GetRawText: Key 'YGO_ATTRIBUTE_EARTH.title' not found in table 'static_hover_tips'
[WARN] [BaseLib] GetRawText: Key 'YGO_ATTRIBUTE_EARTH.description' not found in table 'static_hover_tips'
[WARN] [BaseLib] GetRawText: Key 'YGO_RACE_BEAST.title' not found in table 'static_hover_tips'
[WARN] [BaseLib] GetRawText: Key 'YGO_RACE_BEAST.description' not found in table 'static_hover_tips'
[WARN] [BaseLib] GetRawText: Key 'YGO_ATTRIBUTE_EARTH.title' not found in table 'static_hover_tips'
[WARN] [BaseLib] GetRawText: Key 'YGO_ATTRIBUTE_EARTH.description' not found in table 'static_hover_tips'
[WARN] [BaseLib] GetRawText: Key 'YGO_RACE_ROCK.title' not found in table 'static_hover_tips'
[WARN] [BaseLib] GetRawText: Key 'YGO_RACE_ROCK.description' not found in table 'static_hover_tips'
[WARN] [BaseLib] GetRawText: Key 'YGO_ATTRIBUTE_EARTH.title' not found in table 'static_hover_tips'
[WARN] [BaseLib] GetRawText: Key 'YGO_ATTRIBUTE_EARTH.description' not found in table 'static_hover_tips'
[WARN] [BaseLib] GetRawText: Key 'YGO_RACE_ROCK.title' not found in table 'static_hover_tips'
[WARN] [BaseLib] GetRawText: Key 'YGO_RACE_ROCK.description' not found in table 'static_hover_tips'
[WARN] [BaseLib] GetRawText: Key 'YGO_ATTRIBUTE_EARTH.title' not found in table 'static_hover_tips'
[WARN] [BaseLib] GetRawText: Key 'YGO_ATTRIBUTE_EARTH.description' not found in table 'static_hover_tips'
[WARN] [BaseLib] GetRawText: Key 'YGO_RACE_WARRIOR.title' not found in table 'static_hover_tips'
[WARN] [BaseLib] GetRawText: Key 'YGO_RACE_WARRIOR.description' not found in table 'static_hover_tips'
[WARN] [BaseLib] GetRawText: Key 'YGO_RACE_SPELL_CONTINUOUS.title' not found in table 'static_hover_tips'
[WARN] [BaseLib] GetRawText: Key 'YGO_RACE_SPELL_CONTINUOUS.description' not found in table 'static_hover_tips'
[WARN] [BaseLib] GetRawText: Key 'YGO_ATTRIBUTE_FIRE.title' not found in table 'static_hover_tips'
[WARN] [BaseLib] GetRawText: Key 'YGO_ATTRIBUTE_FIRE.description' not found in table 'static_hover_tips'
[WARN] [BaseLib] GetRawText: Key 'YGO_RACE_PYRO.title' not found in table 'static_hover_tips'
[WARN] [BaseLib] GetRawText: Key 'YGO_RACE_PYRO.description' not found in table 'static_hover_tips'
[WARN] [BaseLib] GetRawText: Key 'YGO_ATTRIBUTE_EARTH.title' not found in table 'static_hover_tips'
[WARN] [BaseLib] GetRawText: Key 'YGO_ATTRIBUTE_EARTH.description' not found in table 'static_hover_tips'
[WARN] [BaseLib] GetRawText: Key 'YGO_RACE_WARRIOR.title' not found in table 'static_hover_tips'
[WARN] [BaseLib] GetRawText: Key 'YGO_RACE_WARRIOR.description' not found in table 'static_hover_tips'
[WARN] [BaseLib] GetRawText: Key 'YGO_ATTRIBUTE_LIGHT.title' not found in table 'static_hover_tips'
[WARN] [BaseLib] GetRawText: Key 'YGO_ATTRIBUTE_LIGHT.description' not found in table 'static_hover_tips'
[WARN] [BaseLib] GetRawText: Key 'YGO_RACE_THUNDER.title' not found in table 'static_hover_tips'
[WARN] [BaseLib] GetRawText: Key 'YGO_RACE_THUNDER.description' not found in table 'static_hover_tips'
[WARN] [BaseLib] GetRawText: Key 'YGO_RACE_SPELL_CONTINUOUS.title' not found in table 'static_hover_tips'
[WARN] [BaseLib] GetRawText: Key 'YGO_RACE_SPELL_CONTINUOUS.description' not found in table 'static_hover_tips'
[WARN] [BaseLib] GetRawText: Key 'YGO_RACE_TRAP_CONTINUOUS.title' not found in table 'static_hover_tips'
[WARN] [BaseLib] GetRawText: Key 'YGO_RACE_TRAP_CONTINUOUS.description' not found in table 'static_hover_tips'
[WARN] [BaseLib] GetRawText: Key 'YGO_RACE_TRAP_CONTINUOUS.title' not found in table 'static_hover_tips'
[WARN] [BaseLib] GetRawText: Key 'YGO_RACE_TRAP_CONTINUOUS.description' not found in table 'static_hover_tips'
[WARN] [BaseLib] GetRawText: Key 'YGO_ATTRIBUTE_DARK.title' not found in table 'static_hover_tips'
[WARN] [BaseLib] GetRawText: Key 'YGO_ATTRIBUTE_DARK.description' not found in table 'static_hover_tips'
[WARN] [BaseLib] GetRawText: Key 'YGO_RACE_FIEND.title' not found in table 'static_hover_tips'
[WARN] [BaseLib] GetRawText: Key 'YGO_RACE_FIEND.description' not found in table 'static_hover_tips'
[WARN] [BaseLib] GetRawText: Key 'YGO_ATTRIBUTE_LIGHT.title' not found in table 'static_hover_tips'
[WARN] [BaseLib] GetRawText: Key 'YGO_ATTRIBUTE_LIGHT.description' not found in table 'static_hover_tips'
[WARN] [BaseLib] GetRawText: Key 'YGO_RACE_FAIRY.title' not found in table 'static_hover_tips'
[WARN] [BaseLib] GetRawText: Key 'YGO_RACE_FAIRY.description' not found in table 'static_hover_tips'
[WARN] [BaseLib] GetRawText: Key 'YGO_ATTRIBUTE_DARK.title' not found in table 'static_hover_tips'
[WARN] [BaseLib] GetRawText: Key 'YGO_ATTRIBUTE_DARK.description' not found in table 'static_hover_tips'
[WARN] [BaseLib] GetRawText: Key 'YGO_RACE_FAIRY.title' not found in table 'static_hover_tips'
[WARN] [BaseLib] GetRawText: Key 'YGO_RACE_FAIRY.description' not found in table 'static_hover_tips'
[WARN] [BaseLib] GetRawText: Key 'YGO_ATTRIBUTE_WIND.title' not found in table 'static_hover_tips'
[WARN] [BaseLib] GetRawText: Key 'YGO_ATTRIBUTE_WIND.description' not found in table 'static_hover_tips'
[WARN] [BaseLib] GetRawText: Key 'YGO_RACE_WINGED_BEAST.title' not found in table 'static_hover_tips'
[WARN] [BaseLib] GetRawText: Key 'YGO_RACE_WINGED_BEAST.description' not found in table 'static_hover_tips'
[WARN] [BaseLib] GetRawText: Key 'YGO_ATTRIBUTE_EARTH.title' not found in table 'static_hover_tips'
[WARN] [BaseLib] GetRawText: Key 'YGO_ATTRIBUTE_EARTH.description' not found in table 'static_hover_tips'
[WARN] [BaseLib] GetRawText: Key 'YGO_RACE_PLANT.title' not found in table 'static_hover_tips'
[WARN] [BaseLib] GetRawText: Key 'YGO_RACE_PLANT.description' not found in table 'static_hover_tips'
[WARN] [BaseLib] GetRawText: Key 'YGO_RACE_TRAP_CONTINUOUS.title' not found in table 'static_hover_tips'
[WARN] [BaseLib] GetRawText: Key 'YGO_RACE_TRAP_CONTINUOUS.description' not found in table 'static_hover_tips'
[WARN] [BaseLib] GetRawText: Key 'YGO_RACE_TRAP_CONTINUOUS.title' not found in table 'static_hover_tips'
[WARN] [BaseLib] GetRawText: Key 'YGO_RACE_TRAP_CONTINUOUS.description' not found in table 'static_hover_tips'
[WARN] [BaseLib] GetRawText: Key 'YGO_ATTRIBUTE_EARTH.title' not found in table 'static_hover_tips'
[WARN] [BaseLib] GetRawText: Key 'YGO_ATTRIBUTE_EARTH.description' not found in table 'static_hover_tips'
[WARN] [BaseLib] GetRawText: Key 'YGO_RACE_BEAST.title' not found in table 'static_hover_tips'
[WARN] [BaseLib] GetRawText: Key 'YGO_RACE_BEAST.description' not found in table 'static_hover_tips'
[WARN] [BaseLib] GetRawText: Key 'YGO_ATTRIBUTE_EARTH.title' not found in table 'static_hover_tips'
[WARN] [BaseLib] GetRawText: Key 'YGO_ATTRIBUTE_EARTH.description' not found in table 'static_hover_tips'
[WARN] [BaseLib] GetRawText: Key 'YGO_RACE_ROCK.title' not found in table 'static_hover_tips'
[WARN] [BaseLib] GetRawText: Key 'YGO_RACE_ROCK.description' not found in table 'static_hover_tips'
[WARN] [BaseLib] GetRawText: Key 'YGO_ATTRIBUTE_EARTH.title' not found in table 'static_hover_tips'
[WARN] [BaseLib] GetRawText: Key 'YGO_ATTRIBUTE_EARTH.description' not found in table 'static_hover_tips'
[WARN] [BaseLib] GetRawText: Key 'YGO_RACE_WARRIOR.title' not found in table 'static_hover_tips'
[WARN] [BaseLib] GetRawText: Key 'YGO_RACE_WARRIOR.description' not found in table 'static_hover_tips'
[WARN] [BaseLib] GetRawText: Key 'YGO_ATTRIBUTE_EARTH.title' not found in table 'static_hover_tips'
[WARN] [BaseLib] GetRawText: Key 'YGO_ATTRIBUTE_EARTH.description' not found in table 'static_hover_tips'
[WARN] [BaseLib] GetRawText: Key 'YGO_RACE_WARRIOR.title' not found in table 'static_hover_tips'
[WARN] [BaseLib] GetRawText: Key 'YGO_RACE_WARRIOR.description' not found in table 'static_hover_tips'
[WARN] [BaseLib] GetRawText: Key 'YGO_RACE_SPELL_CONTINUOUS.title' not found in table 'static_hover_tips'
[WARN] [BaseLib] GetRawText: Key 'YGO_RACE_SPELL_CONTINUOUS.description' not found in table 'static_hover_tips'
[WARN] [BaseLib] GetRawText: Key 'YGO_ATTRIBUTE_FIRE.title' not found in table 'static_hover_tips'
[WARN] [BaseLib] GetRawText: Key 'YGO_ATTRIBUTE_FIRE.description' not found in table 'static_hover_tips'
[WARN] [BaseLib] GetRawText: Key 'YGO_RACE_PYRO.title' not found in table 'static_hover_tips'
[WARN] [BaseLib] GetRawText: Key 'YGO_RACE_PYRO.description' not found in table 'static_hover_tips'
[WARN] [BaseLib] GetRawText: Key 'YGO_ATTRIBUTE_FIRE.title' not found in table 'static_hover_tips'
[WARN] [BaseLib] GetRawText: Key 'YGO_ATTRIBUTE_FIRE.description' not found in table 'static_hover_tips'
[WARN] [BaseLib] GetRawText: Key 'YGO_RACE_PYRO.title' not found in table 'static_hover_tips'
[WARN] [BaseLib] GetRawText: Key 'YGO_RACE_PYRO.description' not found in table 'static_hover_tips'
[WARN] [BaseLib] GetRawText: Key 'YGO_ATTRIBUTE_EARTH.title' not found in table 'static_hover_tips'
[WARN] [BaseLib] GetRawText: Key 'YGO_ATTRIBUTE_EARTH.description' not found in table 'static_hover_tips'
[WARN] [BaseLib] GetRawText: Key 'YGO_RACE_WARRIOR.title' not found in table 'static_hover_tips'
[WARN] [BaseLib] GetRawText: Key 'YGO_RACE_WARRIOR.description' not found in table 'static_hover_tips'
[WARN] [BaseLib] GetRawText: Key 'YGO_ATTRIBUTE_EARTH.title' not found in table 'static_hover_tips'
[WARN] [BaseLib] GetRawText: Key 'YGO_ATTRIBUTE_EARTH.description' not found in table 'static_hover_tips'
[WARN] [BaseLib] GetRawText: Key 'YGO_RACE_WARRIOR.title' not found in table 'static_hover_tips'
[WARN] [BaseLib] GetRawText: Key 'YGO_RACE_WARRIOR.description' not found in table 'static_hover_tips'
[WARN] [BaseLib] GetRawText: Key 'YGO_ATTRIBUTE_LIGHT.title' not found in table 'static_hover_tips'
[WARN] [BaseLib] GetRawText: Key 'YGO_ATTRIBUTE_LIGHT.description' not found in table 'static_hover_tips'
[WARN] [BaseLib] GetRawText: Key 'YGO_RACE_THUNDER.title' not found in table 'static_hover_tips'
[WARN] [BaseLib] GetRawText: Key 'YGO_RACE_THUNDER.description' not found in table 'static_hover_tips'
[WARN] [BaseLib] GetRawText: Key 'YGO_ATTRIBUTE_LIGHT.title' not found in table 'static_hover_tips'
[WARN] [BaseLib] GetRawText: Key 'YGO_ATTRIBUTE_LIGHT.description' not found in table 'static_hover_tips'
[WARN] [BaseLib] GetRawText: Key 'YGO_RACE_THUNDER.title' not found in table 'static_hover_tips'
[WARN] [BaseLib] GetRawText: Key 'YGO_RACE_THUNDER.description' not found in table 'static_hover_tips'
[WARN] [BaseLib] GetRawText: Key 'YGO_RACE_SPELL_CONTINUOUS.title' not found in table 'static_hover_tips'
[WARN] [BaseLib] GetRawText: Key 'YGO_RACE_SPELL_CONTINUOUS.description' not found in table 'static_hover_tips'
[WARN] [BaseLib] GetRawText: Key 'YGO_RACE_TRAP_CONTINUOUS.title' not found in table 'static_hover_tips'
[WARN] [BaseLib] GetRawText: Key 'YGO_RACE_TRAP_CONTINUOUS.description' not found in table 'static_hover_tips'
[WARN] [BaseLib] GetRawText: Key 'YGO_RACE_TRAP_CONTINUOUS.title' not found in table 'static_hover_tips'
[WARN] [BaseLib] GetRawText: Key 'YGO_RACE_TRAP_CONTINUOUS.description' not found in table 'static_hover_tips'
[WARN] [BaseLib] GetRawText: Key 'YGO_RACE_TRAP_CONTINUOUS.title' not found in table 'static_hover_tips'
[WARN] [BaseLib] GetRawText: Key 'YGO_RACE_TRAP_CONTINUOUS.description' not found in table 'static_hover_tips'
[WARN] [BaseLib] GetRawText: Key 'YGO_ATTRIBUTE_DARK.title' not found in table 'static_hover_tips'
[WARN] [BaseLib] GetRawText: Key 'YGO_ATTRIBUTE_DARK.description' not found in table 'static_hover_tips'
[WARN] [BaseLib] GetRawText: Key 'YGO_RACE_FIEND.title' not found in table 'static_hover_tips'
[WARN] [BaseLib] GetRawText: Key 'YGO_RACE_FIEND.description' not found in table 'static_hover_tips'
[WARN] [BaseLib] GetRawText: Key 'YGO_ATTRIBUTE_DARK.title' not found in table 'static_hover_tips'
[WARN] [BaseLib] GetRawText: Key 'YGO_ATTRIBUTE_DARK.description' not found in table 'static_hover_tips'
[WARN] [BaseLib] GetRawText: Key 'YGO_RACE_FIEND.title' not found in table 'static_hover_tips'
[WARN] [BaseLib] GetRawText: Key 'YGO_RACE_FIEND.description' not found in table 'static_hover_tips'
[WARN] [BaseLib] GetRawText: Key 'YGO_ATTRIBUTE_LIGHT.title' not found in table 'static_hover_tips'
[WARN] [BaseLib] GetRawText: Key 'YGO_ATTRIBUTE_LIGHT.description' not found in table 'static_hover_tips'
[WARN] [BaseLib] GetRawText: Key 'YGO_RACE_FAIRY.title' not found in table 'static_hover_tips'
[WARN] [BaseLib] GetRawText: Key 'YGO_RACE_FAIRY.description' not found in table 'static_hover_tips'
[WARN] [BaseLib] GetRawText: Key 'YGO_ATTRIBUTE_LIGHT.title' not found in table 'static_hover_tips'
[WARN] [BaseLib] GetRawText: Key 'YGO_ATTRIBUTE_LIGHT.description' not found in table 'static_hover_tips'
[WARN] [BaseLib] GetRawText: Key 'YGO_RACE_FAIRY.title' not found in table 'static_hover_tips'
[WARN] [BaseLib] GetRawText: Key 'YGO_RACE_FAIRY.description' not found in table 'static_hover_tips'
[WARN] [BaseLib] GetRawText: Key 'YGO_ATTRIBUTE_DARK.title' not found in table 'static_hover_tips'
[WARN] [BaseLib] GetRawText: Key 'YGO_ATTRIBUTE_DARK.description' not found in table 'static_hover_tips'
[WARN] [BaseLib] GetRawText: Key 'YGO_RACE_FAIRY.title' not found in table 'static_hover_tips'
[WARN] [BaseLib] GetRawText: Key 'YGO_RACE_FAIRY.description' not found in table 'static_hover_tips'
[WARN] [BaseLib] GetRawText: Key 'YGO_ATTRIBUTE_DARK.title' not found in table 'static_hover_tips'
[WARN] [BaseLib] GetRawText: Key 'YGO_ATTRIBUTE_DARK.description' not found in table 'static_hover_tips'
[WARN] [BaseLib] GetRawText: Key 'YGO_RACE_FAIRY.title' not found in table 'static_hover_tips'
[WARN] [BaseLib] GetRawText: Key 'YGO_RACE_FAIRY.description' not found in table 'static_hover_tips'
[WARN] [BaseLib] GetRawText: Key 'YGO_ATTRIBUTE_WIND.title' not found in table 'static_hover_tips'
[WARN] [BaseLib] GetRawText: Key 'YGO_ATTRIBUTE_WIND.description' not found in table 'static_hover_tips'
[WARN] [BaseLib] GetRawText: Key 'YGO_RACE_WINGED_BEAST.title' not found in table 'static_hover_tips'
[WARN] [BaseLib] GetRawText: Key 'YGO_RACE_WINGED_BEAST.description' not found in table 'static_hover_tips'
[WARN] [BaseLib] GetRawText: Key 'YGO_ATTRIBUTE_WIND.title' not found in table 'static_hover_tips'
[WARN] [BaseLib] GetRawText: Key 'YGO_ATTRIBUTE_WIND.description' not found in table 'static_hover_tips'
[WARN] [BaseLib] GetRawText: Key 'YGO_RACE_WINGED_BEAST.title' not found in table 'static_hover_tips'
[WARN] [BaseLib] GetRawText: Key 'YGO_RACE_WINGED_BEAST.description' not found in table 'static_hover_tips'
[WARN] [BaseLib] GetRawText: Key 'YGO_ATTRIBUTE_EARTH.title' not found in table 'static_hover_tips'
[WARN] [BaseLib] GetRawText: Key 'YGO_ATTRIBUTE_EARTH.description' not found in table 'static_hover_tips'
[WARN] [BaseLib] GetRawText: Key 'YGO_RACE_PLANT.title' not found in table 'static_hover_tips'
[WARN] [BaseLib] GetRawText: Key 'YGO_RACE_PLANT.description' not found in table 'static_hover_tips'
[WARN] [BaseLib] GetRawText: Key 'YGO_ATTRIBUTE_EARTH.title' not found in table 'static_hover_tips'
[WARN] [BaseLib] GetRawText: Key 'YGO_ATTRIBUTE_EARTH.description' not found in table 'static_hover_tips'
[WARN] [BaseLib] GetRawText: Key 'YGO_RACE_PLANT.title' not found in table 'static_hover_tips'
[WARN] [BaseLib] GetRawText: Key 'YGO_RACE_PLANT.description' not found in table 'static_hover_tips'
[WARN] [BaseLib] GetRawText: Key 'YGO_RACE_TRAP_CONTINUOUS.title' not found in table 'static_hover_tips'
[WARN] [BaseLib] GetRawText: Key 'YGO_RACE_TRAP_CONTINUOUS.description' not found in table 'static_hover_tips'
[WARN] [BaseLib] GetRawText: Key 'YGO_RACE_TRAP_CONTINUOUS.title' not found in table 'static_hover_tips'
[WARN] [BaseLib] GetRawText: Key 'YGO_RACE_TRAP_CONTINUOUS.description' not found in table 'static_hover_tips'
[WARN] [BaseLib] GetRawText: Key 'YGO_RACE_TRAP_CONTINUOUS.title' not found in table 'static_hover_tips'
[WARN] [BaseLib] GetRawText: Key 'YGO_RACE_TRAP_CONTINUOUS.description' not found in table 'static_hover_tips'
[WARN] [BaseLib] GetRawText: Key 'YGO_ATTRIBUTE_EARTH.title' not found in table 'static_hover_tips'
[WARN] [BaseLib] GetRawText: Key 'YGO_ATTRIBUTE_EARTH.description' not found in table 'static_hover_tips'
[WARN] [BaseLib] GetRawText: Key 'YGO_RACE_BEAST.title' not found in table 'static_hover_tips'
[WARN] [BaseLib] GetRawText: Key 'YGO_RACE_BEAST.description' not found in table 'static_hover_tips'
[WARN] [BaseLib] GetRawText: Key 'YGO_ATTRIBUTE_EARTH.title' not found in table 'static_hover_tips'
[WARN] [BaseLib] GetRawText: Key 'YGO_ATTRIBUTE_EARTH.description' not found in table 'static_hover_tips'
[WARN] [BaseLib] GetRawText: Key 'YGO_RACE_BEAST.title' not found in table 'static_hover_tips'
[WARN] [BaseLib] GetRawText: Key 'YGO_RACE_BEAST.description' not found in table 'static_hover_tips'
[WARN] [BaseLib] GetRawText: Key 'YGO_ATTRIBUTE_EARTH.title' not found in table 'static_hover_tips'
[WARN] [BaseLib] GetRawText: Key 'YGO_ATTRIBUTE_EARTH.description' not found in table 'static_hover_tips'
[WARN] [BaseLib] GetRawText: Key 'YGO_RACE_ROCK.title' not found in table 'static_hover_tips'
[WARN] [BaseLib] GetRawText: Key 'YGO_RACE_ROCK.description' not found in table 'static_hover_tips'
[WARN] [BaseLib] GetRawText: Key 'YGO_ATTRIBUTE_EARTH.title' not found in table 'static_hover_tips'
[WARN] [BaseLib] GetRawText: Key 'YGO_ATTRIBUTE_EARTH.description' not found in table 'static_hover_tips'
[WARN] [BaseLib] GetRawText: Key 'YGO_RACE_ROCK.title' not found in table 'static_hover_tips'
[WARN] [BaseLib] GetRawText: Key 'YGO_RACE_ROCK.description' not found in table 'static_hover_tips'
[WARN] [BaseLib] GetRawText: Key 'YGO_ATTRIBUTE_EARTH.title' not found in table 'static_hover_tips'
[WARN] [BaseLib] GetRawText: Key 'YGO_ATTRIBUTE_EARTH.description' not found in table 'static_hover_tips'
[WARN] [BaseLib] GetRawText: Key 'YGO_RACE_WARRIOR.title' not found in table 'static_hover_tips'
[WARN] [BaseLib] GetRawText: Key 'YGO_RACE_WARRIOR.description' not found in table 'static_hover_tips'
[WARN] [BaseLib] GetRawText: Key 'YGO_RACE_SPELL_CONTINUOUS.title' not found in table 'static_hover_tips'
[WARN] [BaseLib] GetRawText: Key 'YGO_RACE_SPELL_CONTINUOUS.description' not found in table 'static_hover_tips'
[WARN] [BaseLib] GetRawText: Key 'YGO_ATTRIBUTE_FIRE.title' not found in table 'static_hover_tips'
[WARN] [BaseLib] GetRawText: Key 'YGO_ATTRIBUTE_FIRE.description' not found in table 'static_hover_tips'
[WARN] [BaseLib] GetRawText: Key 'YGO_RACE_PYRO.title' not found in table 'static_hover_tips'
[WARN] [BaseLib] GetRawText: Key 'YGO_RACE_PYRO.description' not found in table 'static_hover_tips'
[WARN] [BaseLib] GetRawText: Key 'YGO_ATTRIBUTE_EARTH.title' not found in table 'static_hover_tips'
[WARN] [BaseLib] GetRawText: Key 'YGO_ATTRIBUTE_EARTH.description' not found in table 'static_hover_tips'
[WARN] [BaseLib] GetRawText: Key 'YGO_RACE_WARRIOR.title' not found in table 'static_hover_tips'
[WARN] [BaseLib] GetRawText: Key 'YGO_RACE_WARRIOR.description' not found in table 'static_hover_tips'
[WARN] [BaseLib] GetRawText: Key 'YGO_ATTRIBUTE_LIGHT.title' not found in table 'static_hover_tips'
[WARN] [BaseLib] GetRawText: Key 'YGO_ATTRIBUTE_LIGHT.description' not found in table 'static_hover_tips'
[WARN] [BaseLib] GetRawText: Key 'YGO_RACE_THUNDER.title' not found in table 'static_hover_tips'
[WARN] [BaseLib] GetRawText: Key 'YGO_RACE_THUNDER.description' not found in table 'static_hover_tips'
[WARN] [BaseLib] GetRawText: Key 'YGO_RACE_SPELL_CONTINUOUS.title' not found in table 'static_hover_tips'
[WARN] [BaseLib] GetRawText: Key 'YGO_RACE_SPELL_CONTINUOUS.description' not found in table 'static_hover_tips'
[WARN] [BaseLib] GetRawText: Key 'YGO_RACE_TRAP_CONTINUOUS.title' not found in table 'static_hover_tips'
[WARN] [BaseLib] GetRawText: Key 'YGO_RACE_TRAP_CONTINUOUS.description' not found in table 'static_hover_tips'
[WARN] [BaseLib] GetRawText: Key 'YGO_RACE_TRAP_CONTINUOUS.title' not found in table 'static_hover_tips'
[WARN] [BaseLib] GetRawText: Key 'YGO_RACE_TRAP_CONTINUOUS.description' not found in table 'static_hover_tips'
[WARN] [BaseLib] GetRawText: Key 'YGO_ATTRIBUTE_DARK.title' not found in table 'static_hover_tips'
[WARN] [BaseLib] GetRawText: Key 'YGO_ATTRIBUTE_DARK.description' not found in table 'static_hover_tips'
[WARN] [BaseLib] GetRawText: Key 'YGO_RACE_FIEND.title' not found in table 'static_hover_tips'
[WARN] [BaseLib] GetRawText: Key 'YGO_RACE_FIEND.description' not found in table 'static_hover_tips'
[WARN] [BaseLib] GetRawText: Key 'YGO_ATTRIBUTE_LIGHT.title' not found in table 'static_hover_tips'
[WARN] [BaseLib] GetRawText: Key 'YGO_ATTRIBUTE_LIGHT.description' not found in table 'static_hover_tips'
[WARN] [BaseLib] GetRawText: Key 'YGO_RACE_FAIRY.title' not found in table 'static_hover_tips'
[WARN] [BaseLib] GetRawText: Key 'YGO_RACE_FAIRY.description' not found in table 'static_hover_tips'
[WARN] [BaseLib] GetRawText: Key 'YGO_ATTRIBUTE_DARK.title' not found in table 'static_hover_tips'
[WARN] [BaseLib] GetRawText: Key 'YGO_ATTRIBUTE_DARK.description' not found in table 'static_hover_tips'
[WARN] [BaseLib] GetRawText: Key 'YGO_RACE_FAIRY.title' not found in table 'static_hover_tips'
[WARN] [BaseLib] GetRawText: Key 'YGO_RACE_FAIRY.description' not found in table 'static_hover_tips'
[WARN] [BaseLib] GetRawText: Key 'YGO_ATTRIBUTE_WIND.title' not found in table 'static_hover_tips'
[WARN] [BaseLib] GetRawText: Key 'YGO_ATTRIBUTE_WIND.description' not found in table 'static_hover_tips'
[WARN] [BaseLib] GetRawText: Key 'YGO_RACE_WINGED_BEAST.title' not found in table 'static_hover_tips'
[WARN] [BaseLib] GetRawText: Key 'YGO_RACE_WINGED_BEAST.description' not found in table 'static_hover_tips'
[WARN] [BaseLib] GetRawText: Key 'YGO_ATTRIBUTE_EARTH.title' not found in table 'static_hover_tips'
[WARN] [BaseLib] GetRawText: Key 'YGO_ATTRIBUTE_EARTH.description' not found in table 'static_hover_tips'
[WARN] [BaseLib] GetRawText: Key 'YGO_RACE_PLANT.title' not found in table 'static_hover_tips'
[WARN] [BaseLib] GetRawText: Key 'YGO_RACE_PLANT.description' not found in table 'static_hover_tips'
[WARN] [BaseLib] GetRawText: Key 'YGO_RACE_TRAP_CONTINUOUS.title' not found in table 'static_hover_tips'
[WARN] [BaseLib] GetRawText: Key 'YGO_RACE_TRAP_CONTINUOUS.description' not found in table 'static_hover_tips'
[WARN] [BaseLib] GetRawText: Key 'YGO_RACE_TRAP_CONTINUOUS.title' not found in table 'static_hover_tips'
[WARN] [BaseLib] GetRawText: Key 'YGO_RACE_TRAP_CONTINUOUS.description' not found in table 'static_hover_tips'
[WARN] [BaseLib] GetRawText: Key 'YGO_ATTRIBUTE_EARTH.title' not found in table 'static_hover_tips'
[WARN] [BaseLib] GetRawText: Key 'YGO_ATTRIBUTE_EARTH.description' not found in table 'static_hover_tips'
[WARN] [BaseLib] GetRawText: Key 'YGO_RACE_BEAST.title' not found in table 'static_hover_tips'
[WARN] [BaseLib] GetRawText: Key 'YGO_RACE_BEAST.description' not found in table 'static_hover_tips'
[WARN] [BaseLib] GetRawText: Key 'YGO_ATTRIBUTE_EARTH.title' not found in table 'static_hover_tips'
[WARN] [BaseLib] GetRawText: Key 'YGO_ATTRIBUTE_EARTH.description' not found in table 'static_hover_tips'
[WARN] [BaseLib] GetRawText: Key 'YGO_RACE_ROCK.title' not found in table 'static_hover_tips'
[WARN] [BaseLib] GetRawText: Key 'YGO_RACE_ROCK.description' not found in table 'static_hover_tips'
[WARN] [BaseLib] GetRawText: Key 'YGO_ATTRIBUTE_EARTH.title' not found in table 'static_hover_tips'
[WARN] [BaseLib] GetRawText: Key 'YGO_ATTRIBUTE_EARTH.description' not found in table 'static_hover_tips'
[WARN] [BaseLib] GetRawText: Key 'YGO_RACE_WARRIOR.title' not found in table 'static_hover_tips'
[WARN] [BaseLib] GetRawText: Key 'YGO_RACE_WARRIOR.description' not found in table 'static_hover_tips'
[WARN] [BaseLib] GetRawText: Key 'YGO_ATTRIBUTE_EARTH.title' not found in table 'static_hover_tips'
[WARN] [BaseLib] GetRawText: Key 'YGO_ATTRIBUTE_EARTH.description' not found in table 'static_hover_tips'
[WARN] [BaseLib] GetRawText: Key 'YGO_RACE_WARRIOR.title' not found in table 'static_hover_tips'
[WARN] [BaseLib] GetRawText: Key 'YGO_RACE_WARRIOR.description' not found in table 'static_hover_tips'
[WARN] [BaseLib] GetRawText: Key 'YGO_RACE_SPELL_CONTINUOUS.title' not found in table 'static_hover_tips'
[WARN] [BaseLib] GetRawText: Key 'YGO_RACE_SPELL_CONTINUOUS.description' not found in table 'static_hover_tips'
[WARN] [BaseLib] GetRawText: Key 'YGO_ATTRIBUTE_FIRE.title' not found in table 'static_hover_tips'
[WARN] [BaseLib] GetRawText: Key 'YGO_ATTRIBUTE_FIRE.description' not found in table 'static_hover_tips'
[WARN] [BaseLib] GetRawText: Key 'YGO_RACE_PYRO.title' not found in table 'static_hover_tips'
[WARN] [BaseLib] GetRawText: Key 'YGO_RACE_PYRO.description' not found in table 'static_hover_tips'
[WARN] [BaseLib] GetRawText: Key 'YGO_ATTRIBUTE_FIRE.title' not found in table 'static_hover_tips'
[WARN] [BaseLib] GetRawText: Key 'YGO_ATTRIBUTE_FIRE.description' not found in table 'static_hover_tips'
[WARN] [BaseLib] GetRawText: Key 'YGO_RACE_PYRO.title' not found in table 'static_hover_tips'
[WARN] [BaseLib] GetRawText: Key 'YGO_RACE_PYRO.description' not found in table 'static_hover_tips'
[WARN] [BaseLib] GetRawText: Key 'YGO_ATTRIBUTE_EARTH.title' not found in table 'static_hover_tips'
[WARN] [BaseLib] GetRawText: Key 'YGO_ATTRIBUTE_EARTH.description' not found in table 'static_hover_tips'
[WARN] [BaseLib] GetRawText: Key 'YGO_RACE_WARRIOR.title' not found in table 'static_hover_tips'
[WARN] [BaseLib] GetRawText: Key 'YGO_RACE_WARRIOR.description' not found in table 'static_hover_tips'
[WARN] [BaseLib] GetRawText: Key 'YGO_ATTRIBUTE_EARTH.title' not found in table 'static_hover_tips'
[WARN] [BaseLib] GetRawText: Key 'YGO_ATTRIBUTE_EARTH.description' not found in table 'static_hover_tips'
[WARN] [BaseLib] GetRawText: Key 'YGO_RACE_WARRIOR.title' not found in table 'static_hover_tips'
[WARN] [BaseLib] GetRawText: Key 'YGO_RACE_WARRIOR.description' not found in table 'static_hover_tips'
[WARN] [BaseLib] GetRawText: Key 'YGO_ATTRIBUTE_LIGHT.title' not found in table 'static_hover_tips'
[WARN] [BaseLib] GetRawText: Key 'YGO_ATTRIBUTE_LIGHT.description' not found in table 'static_hover_tips'
[WARN] [BaseLib] GetRawText: Key 'YGO_RACE_THUNDER.title' not found in table 'static_hover_tips'
[WARN] [BaseLib] GetRawText: Key 'YGO_RACE_THUNDER.description' not found in table 'static_hover_tips'
[WARN] [BaseLib] GetRawText: Key 'YGO_ATTRIBUTE_LIGHT.title' not found in table 'static_hover_tips'
[WARN] [BaseLib] GetRawText: Key 'YGO_ATTRIBUTE_LIGHT.description' not found in table 'static_hover_tips'
[WARN] [BaseLib] GetRawText: Key 'YGO_RACE_THUNDER.title' not found in table 'static_hover_tips'
[WARN] [BaseLib] GetRawText: Key 'YGO_RACE_THUNDER.description' not found in table 'static_hover_tips'
[WARN] [BaseLib] GetRawText: Key 'YGO_RACE_SPELL_CONTINUOUS.title' not found in table 'static_hover_tips'
[WARN] [BaseLib] GetRawText: Key 'YGO_RACE_SPELL_CONTINUOUS.description' not found in table 'static_hover_tips'
[WARN] [BaseLib] GetRawText: Key 'YGO_RACE_TRAP_CONTINUOUS.title' not found in table 'static_hover_tips'
[WARN] [BaseLib] GetRawText: Key 'YGO_RACE_TRAP_CONTINUOUS.description' not found in table 'static_hover_tips'
[WARN] [BaseLib] GetRawText: Key 'YGO_RACE_TRAP_CONTINUOUS.title' not found in table 'static_hover_tips'
[WARN] [BaseLib] GetRawText: Key 'YGO_RACE_TRAP_CONTINUOUS.description' not found in table 'static_hover_tips'
[WARN] [BaseLib] GetRawText: Key 'YGO_RACE_TRAP_CONTINUOUS.title' not found in table 'static_hover_tips'
[WARN] [BaseLib] GetRawText: Key 'YGO_RACE_TRAP_CONTINUOUS.description' not found in table 'static_hover_tips'
[WARN] [BaseLib] GetRawText: Key 'YGO_ATTRIBUTE_DARK.title' not found in table 'static_hover_tips'
[WARN] [BaseLib] GetRawText: Key 'YGO_ATTRIBUTE_DARK.description' not found in table 'static_hover_tips'
[WARN] [BaseLib] GetRawText: Key 'YGO_RACE_FIEND.title' not found in table 'static_hover_tips'
[WARN] [BaseLib] GetRawText: Key 'YGO_RACE_FIEND.description' not found in table 'static_hover_tips'
[WARN] [BaseLib] GetRawText: Key 'YGO_ATTRIBUTE_DARK.title' not found in table 'static_hover_tips'
[WARN] [BaseLib] GetRawText: Key 'YGO_ATTRIBUTE_DARK.description' not found in table 'static_hover_tips'
[WARN] [BaseLib] GetRawText: Key 'YGO_RACE_FIEND.title' not found in table 'static_hover_tips'
[WARN] [BaseLib] GetRawText: Key 'YGO_RACE_FIEND.description' not found in table 'static_hover_tips'
[WARN] [BaseLib] GetRawText: Key 'YGO_ATTRIBUTE_LIGHT.title' not found in table 'static_hover_tips'
[WARN] [BaseLib] GetRawText: Key 'YGO_ATTRIBUTE_LIGHT.description' not found in table 'static_hover_tips'
[WARN] [BaseLib] GetRawText: Key 'YGO_RACE_FAIRY.title' not found in table 'static_hover_tips'
[WARN] [BaseLib] GetRawText: Key 'YGO_RACE_FAIRY.description' not found in table 'static_hover_tips'
[WARN] [BaseLib] GetRawText: Key 'YGO_ATTRIBUTE_LIGHT.title' not found in table 'static_hover_tips'
[WARN] [BaseLib] GetRawText: Key 'YGO_ATTRIBUTE_LIGHT.description' not found in table 'static_hover_tips'
[WARN] [BaseLib] GetRawText: Key 'YGO_RACE_FAIRY.title' not found in table 'static_hover_tips'
[WARN] [BaseLib] GetRawText: Key 'YGO_RACE_FAIRY.description' not found in table 'static_hover_tips'
[WARN] [BaseLib] GetRawText: Key 'YGO_ATTRIBUTE_DARK.title' not found in table 'static_hover_tips'
[WARN] [BaseLib] GetRawText: Key 'YGO_ATTRIBUTE_DARK.description' not found in table 'static_hover_tips'
[WARN] [BaseLib] GetRawText: Key 'YGO_RACE_FAIRY.title' not found in table 'static_hover_tips'
[WARN] [BaseLib] GetRawText: Key 'YGO_RACE_FAIRY.description' not found in table 'static_hover_tips'
[WARN] [BaseLib] GetRawText: Key 'YGO_ATTRIBUTE_DARK.title' not found in table 'static_hover_tips'
[WARN] [BaseLib] GetRawText: Key 'YGO_ATTRIBUTE_DARK.description' not found in table 'static_hover_tips'
[WARN] [BaseLib] GetRawText: Key 'YGO_RACE_FAIRY.title' not found in table 'static_hover_tips'
[WARN] [BaseLib] GetRawText: Key 'YGO_RACE_FAIRY.description' not found in table 'static_hover_tips'
[WARN] [BaseLib] GetRawText: Key 'YGO_ATTRIBUTE_WIND.title' not found in table 'static_hover_tips'
[WARN] [BaseLib] GetRawText: Key 'YGO_ATTRIBUTE_WIND.description' not found in table 'static_hover_tips'
[WARN] [BaseLib] GetRawText: Key 'YGO_RACE_WINGED_BEAST.title' not found in table 'static_hover_tips'
[WARN] [BaseLib] GetRawText: Key 'YGO_RACE_WINGED_BEAST.description' not found in table 'static_hover_tips'
[WARN] [BaseLib] GetRawText: Key 'YGO_ATTRIBUTE_WIND.title' not found in table 'static_hover_tips'
[WARN] [BaseLib] GetRawText: Key 'YGO_ATTRIBUTE_WIND.description' not found in table 'static_hover_tips'
[WARN] [BaseLib] GetRawText: Key 'YGO_RACE_WINGED_BEAST.title' not found in table 'static_hover_tips'
[WARN] [BaseLib] GetRawText: Key 'YGO_RACE_WINGED_BEAST.description' not found in table 'static_hover_tips'
[WARN] [BaseLib] GetRawText: Key 'YGO_ATTRIBUTE_EARTH.title' not found in table 'static_hover_tips'
[WARN] [BaseLib] GetRawText: Key 'YGO_ATTRIBUTE_EARTH.description' not found in table 'static_hover_tips'
[WARN] [BaseLib] GetRawText: Key 'YGO_RACE_PLANT.title' not found in table 'static_hover_tips'
[WARN] [BaseLib] GetRawText: Key 'YGO_RACE_PLANT.description' not found in table 'static_hover_tips'
[WARN] [BaseLib] GetRawText: Key 'YGO_ATTRIBUTE_EARTH.title' not found in table 'static_hover_tips'
[WARN] [BaseLib] GetRawText: Key 'YGO_ATTRIBUTE_EARTH.description' not found in table 'static_hover_tips'
[WARN] [BaseLib] GetRawText: Key 'YGO_RACE_PLANT.title' not found in table 'static_hover_tips'
[WARN] [BaseLib] GetRawText: Key 'YGO_RACE_PLANT.description' not found in table 'static_hover_tips'
[WARN] [BaseLib] GetRawText: Key 'YGO_RACE_TRAP_CONTINUOUS.title' not found in table 'static_hover_tips'
[WARN] [BaseLib] GetRawText: Key 'YGO_RACE_TRAP_CONTINUOUS.description' not found in table 'static_hover_tips'
[WARN] [BaseLib] GetRawText: Key 'YGO_RACE_TRAP_CONTINUOUS.title' not found in table 'static_hover_tips'
[WARN] [BaseLib] GetRawText: Key 'YGO_RACE_TRAP_CONTINUOUS.description' not found in table 'static_hover_tips'
[WARN] [BaseLib] GetRawText: Key 'YGO_RACE_TRAP_CONTINUOUS.title' not found in table 'static_hover_tips'
[WARN] [BaseLib] GetRawText: Key 'YGO_RACE_TRAP_CONTINUOUS.description' not found in table 'static_hover_tips'
[WARN] [BaseLib] GetRawText: Key 'YGO_ATTRIBUTE_EARTH.title' not found in table 'static_hover_tips'
[WARN] [BaseLib] GetRawText: Key 'YGO_ATTRIBUTE_EARTH.description' not found in table 'static_hover_tips'
[WARN] [BaseLib] GetRawText: Key 'YGO_RACE_BEAST.title' not found in table 'static_hover_tips'
[WARN] [BaseLib] GetRawText: Key 'YGO_RACE_BEAST.description' not found in table 'static_hover_tips'
[WARN] [BaseLib] GetRawText: Key 'YGO_ATTRIBUTE_EARTH.title' not found in table 'static_hover_tips'
[WARN] [BaseLib] GetRawText: Key 'YGO_ATTRIBUTE_EARTH.description' not found in table 'static_hover_tips'
[WARN] [BaseLib] GetRawText: Key 'YGO_RACE_BEAST.title' not found in table 'static_hover_tips'
[WARN] [BaseLib] GetRawText: Key 'YGO_RACE_BEAST.description' not found in table 'static_hover_tips'
[WARN] [BaseLib] GetRawText: Key 'YGO_ATTRIBUTE_EARTH.title' not found in table 'static_hover_tips'
[WARN] [BaseLib] GetRawText: Key 'YGO_ATTRIBUTE_EARTH.description' not found in table 'static_hover_tips'
[WARN] [BaseLib] GetRawText: Key 'YGO_RACE_ROCK.title' not found in table 'static_hover_tips'
[WARN] [BaseLib] GetRawText: Key 'YGO_RACE_ROCK.description' not found in table 'static_hover_tips'
[WARN] [BaseLib] GetRawText: Key 'YGO_ATTRIBUTE_EARTH.title' not found in table 'static_hover_tips'
[WARN] [BaseLib] GetRawText: Key 'YGO_ATTRIBUTE_EARTH.description' not found in table 'static_hover_tips'
[WARN] [BaseLib] GetRawText: Key 'YGO_RACE_ROCK.title' not found in table 'static_hover_tips'
[WARN] [BaseLib] GetRawText: Key 'YGO_RACE_ROCK.description' not found in table 'static_hover_tips'
[WARN] [BaseLib] GetRawText: Key 'YGO_ATTRIBUTE_EARTH.title' not found in table 'static_hover_tips'
[WARN] [BaseLib] GetRawText: Key 'YGO_ATTRIBUTE_EARTH.description' not found in table 'static_hover_tips'
[WARN] [BaseLib] GetRawText: Key 'YGO_RACE_WARRIOR.title' not found in table 'static_hover_tips'
[WARN] [BaseLib] GetRawText: Key 'YGO_RACE_WARRIOR.description' not found in table 'static_hover_tips'
[WARN] [BaseLib] GetRawText: Key 'YGO_RACE_SPELL_CONTINUOUS.title' not found in table 'static_hover_tips'
[WARN] [BaseLib] GetRawText: Key 'YGO_RACE_SPELL_CONTINUOUS.description' not found in table 'static_hover_tips'
[WARN] [BaseLib] GetRawText: Key 'YGO_ATTRIBUTE_FIRE.title' not found in table 'static_hover_tips'
[WARN] [BaseLib] GetRawText: Key 'YGO_ATTRIBUTE_FIRE.description' not found in table 'static_hover_tips'
[WARN] [BaseLib] GetRawText: Key 'YGO_RACE_PYRO.title' not found in table 'static_hover_tips'
[WARN] [BaseLib] GetRawText: Key 'YGO_RACE_PYRO.description' not found in table 'static_hover_tips'
[WARN] [BaseLib] GetRawText: Key 'YGO_ATTRIBUTE_EARTH.title' not found in table 'static_hover_tips'
[WARN] [BaseLib] GetRawText: Key 'YGO_ATTRIBUTE_EARTH.description' not found in table 'static_hover_tips'
[WARN] [BaseLib] GetRawText: Key 'YGO_RACE_WARRIOR.title' not found in table 'static_hover_tips'
[WARN] [BaseLib] GetRawText: Key 'YGO_RACE_WARRIOR.description' not found in table 'static_hover_tips'
[WARN] [BaseLib] GetRawText: Key 'YGO_ATTRIBUTE_LIGHT.title' not found in table 'static_hover_tips'
[WARN] [BaseLib] GetRawText: Key 'YGO_ATTRIBUTE_LIGHT.description' not found in table 'static_hover_tips'
[WARN] [BaseLib] GetRawText: Key 'YGO_RACE_THUNDER.title' not found in table 'static_hover_tips'
[WARN] [BaseLib] GetRawText: Key 'YGO_RACE_THUNDER.description' not found in table 'static_hover_tips'
[WARN] [BaseLib] GetRawText: Key 'YGO_RACE_SPELL_CONTINUOUS.title' not found in table 'static_hover_tips'
[WARN] [BaseLib] GetRawText: Key 'YGO_RACE_SPELL_CONTINUOUS.description' not found in table 'static_hover_tips'
[WARN] [BaseLib] GetRawText: Key 'YGO_RACE_TRAP_CONTINUOUS.title' not found in table 'static_hover_tips'
[WARN] [BaseLib] GetRawText: Key 'YGO_RACE_TRAP_CONTINUOUS.description' not found in table 'static_hover_tips'
[WARN] [BaseLib] GetRawText: Key 'YGO_RACE_TRAP_CONTINUOUS.title' not found in table 'static_hover_tips'
[WARN] [BaseLib] GetRawText: Key 'YGO_RACE_TRAP_CONTINUOUS.description' not found in table 'static_hover_tips'
[WARN] [BaseLib] GetRawText: Key 'YGO_ATTRIBUTE_DARK.title' not found in table 'static_hover_tips'
[WARN] [BaseLib] GetRawText: Key 'YGO_ATTRIBUTE_DARK.description' not found in table 'static_hover_tips'
[WARN] [BaseLib] GetRawText: Key 'YGO_RACE_FIEND.title' not found in table 'static_hover_tips'
[WARN] [BaseLib] GetRawText: Key 'YGO_RACE_FIEND.description' not found in table 'static_hover_tips'
[WARN] [BaseLib] GetRawText: Key 'YGO_ATTRIBUTE_LIGHT.title' not found in table 'static_hover_tips'
[WARN] [BaseLib] GetRawText: Key 'YGO_ATTRIBUTE_LIGHT.description' not found in table 'static_hover_tips'
[WARN] [BaseLib] GetRawText: Key 'YGO_RACE_FAIRY.title' not found in table 'static_hover_tips'
[WARN] [BaseLib] GetRawText: Key 'YGO_RACE_FAIRY.description' not found in table 'static_hover_tips'
[WARN] [BaseLib] GetRawText: Key 'YGO_ATTRIBUTE_DARK.title' not found in table 'static_hover_tips'
[WARN] [BaseLib] GetRawText: Key 'YGO_ATTRIBUTE_DARK.description' not found in table 'static_hover_tips'
[WARN] [BaseLib] GetRawText: Key 'YGO_RACE_FAIRY.title' not found in table 'static_hover_tips'
[WARN] [BaseLib] GetRawText: Key 'YGO_RACE_FAIRY.description' not found in table 'static_hover_tips'
[WARN] [BaseLib] GetRawText: Key 'YGO_ATTRIBUTE_WIND.title' not found in table 'static_hover_tips'
[WARN] [BaseLib] GetRawText: Key 'YGO_ATTRIBUTE_WIND.description' not found in table 'static_hover_tips'
[WARN] [BaseLib] GetRawText: Key 'YGO_RACE_WINGED_BEAST.title' not found in table 'static_hover_tips'
[WARN] [BaseLib] GetRawText: Key 'YGO_RACE_WINGED_BEAST.description' not found in table 'static_hover_tips'
[WARN] [BaseLib] GetRawText: Key 'YGO_ATTRIBUTE_EARTH.title' not found in table 'static_hover_tips'
[WARN] [BaseLib] GetRawText: Key 'YGO_ATTRIBUTE_EARTH.description' not found in table 'static_hover_tips'
[WARN] [BaseLib] GetRawText: Key 'YGO_RACE_PLANT.title' not found in table 'static_hover_tips'
[WARN] [BaseLib] GetRawText: Key 'YGO_RACE_PLANT.description' not found in table 'static_hover_tips'
[WARN] [BaseLib] GetRawText: Key 'YGO_RACE_TRAP_CONTINUOUS.title' not found in table 'static_hover_tips'
[WARN] [BaseLib] GetRawText: Key 'YGO_RACE_TRAP_CONTINUOUS.description' not found in table 'static_hover_tips'
[WARN] [BaseLib] GetRawText: Key 'YGO_RACE_TRAP_CONTINUOUS.title' not found in table 'static_hover_tips'
[WARN] [BaseLib] GetRawText: Key 'YGO_RACE_TRAP_CONTINUOUS.description' not found in table 'static_hover_tips'
[WARN] [BaseLib] GetRawText: Key 'YGO_ATTRIBUTE_EARTH.title' not found in table 'static_hover_tips'
[WARN] [BaseLib] GetRawText: Key 'YGO_ATTRIBUTE_EARTH.description' not found in table 'static_hover_tips'
[WARN] [BaseLib] GetRawText: Key 'YGO_RACE_BEAST.title' not found in table 'static_hover_tips'
[WARN] [BaseLib] GetRawText: Key 'YGO_RACE_BEAST.description' not found in table 'static_hover_tips'
[WARN] [BaseLib] GetRawText: Key 'YGO_ATTRIBUTE_EARTH.title' not found in table 'static_hover_tips'
[WARN] [BaseLib] GetRawText: Key 'YGO_ATTRIBUTE_EARTH.description' not found in table 'static_hover_tips'
[WARN] [BaseLib] GetRawText: Key 'YGO_RACE_ROCK.title' not found in table 'static_hover_tips'
[WARN] [BaseLib] GetRawText: Key 'YGO_RACE_ROCK.description' not found in table 'static_hover_tips'
[WARN] [BaseLib] GetRawText: Key 'YGO_ATTRIBUTE_EARTH.title' not found in table 'static_hover_tips'
[WARN] [BaseLib] GetRawText: Key 'YGO_ATTRIBUTE_EARTH.description' not found in table 'static_hover_tips'
[WARN] [BaseLib] GetRawText: Key 'YGO_RACE_WARRIOR.title' not found in table 'static_hover_tips'
[WARN] [BaseLib] GetRawText: Key 'YGO_RACE_WARRIOR.description' not found in table 'static_hover_tips'
[WARN] [BaseLib] GetRawText: Key 'YGO_ATTRIBUTE_EARTH.title' not found in table 'static_hover_tips'
[WARN] [BaseLib] GetRawText: Key 'YGO_ATTRIBUTE_EARTH.description' not found in table 'static_hover_tips'
[WARN] [BaseLib] GetRawText: Key 'YGO_RACE_WARRIOR.title' not found in table 'static_hover_tips'
[WARN] [BaseLib] GetRawText: Key 'YGO_RACE_WARRIOR.description' not found in table 'static_hover_tips'
[WARN] [BaseLib] GetRawText: Key 'YGO_RACE_SPELL_CONTINUOUS.title' not found in table 'static_hover_tips'
[WARN] [BaseLib] GetRawText: Key 'YGO_RACE_SPELL_CONTINUOUS.description' not found in table 'static_hover_tips'
[WARN] [BaseLib] GetRawText: Key 'YGO_ATTRIBUTE_FIRE.title' not found in table 'static_hover_tips'
[WARN] [BaseLib] GetRawText: Key 'YGO_ATTRIBUTE_FIRE.description' not found in table 'static_hover_tips'
[WARN] [BaseLib] GetRawText: Key 'YGO_RACE_PYRO.title' not found in table 'static_hover_tips'
[WARN] [BaseLib] GetRawText: Key 'YGO_RACE_PYRO.description' not found in table 'static_hover_tips'
[WARN] [BaseLib] GetRawText: Key 'YGO_ATTRIBUTE_FIRE.title' not found in table 'static_hover_tips'
[WARN] [BaseLib] GetRawText: Key 'YGO_ATTRIBUTE_FIRE.description' not found in table 'static_hover_tips'
[WARN] [BaseLib] GetRawText: Key 'YGO_RACE_PYRO.title' not found in table 'static_hover_tips'
[WARN] [BaseLib] GetRawText: Key 'YGO_RACE_PYRO.description' not found in table 'static_hover_tips'
[WARN] [BaseLib] GetRawText: Key 'YGO_ATTRIBUTE_EARTH.title' not found in table 'static_hover_tips'
[WARN] [BaseLib] GetRawText: Key 'YGO_ATTRIBUTE_EARTH.description' not found in table 'static_hover_tips'
[WARN] [BaseLib] GetRawText: Key 'YGO_RACE_WARRIOR.title' not found in table 'static_hover_tips'
[WARN] [BaseLib] GetRawText: Key 'YGO_RACE_WARRIOR.description' not found in table 'static_hover_tips'
[WARN] [BaseLib] GetRawText: Key 'YGO_ATTRIBUTE_EARTH.title' not found in table 'static_hover_tips'
[WARN] [BaseLib] GetRawText: Key 'YGO_ATTRIBUTE_EARTH.description' not found in table 'static_hover_tips'
[WARN] [BaseLib] GetRawText: Key 'YGO_RACE_WARRIOR.title' not found in table 'static_hover_tips'
[WARN] [BaseLib] GetRawText: Key 'YGO_RACE_WARRIOR.description' not found in table 'static_hover_tips'
[WARN] [BaseLib] GetRawText: Key 'YGO_ATTRIBUTE_LIGHT.title' not found in table 'static_hover_tips'
[WARN] [BaseLib] GetRawText: Key 'YGO_ATTRIBUTE_LIGHT.description' not found in table 'static_hover_tips'
[WARN] [BaseLib] GetRawText: Key 'YGO_RACE_THUNDER.title' not found in table 'static_hover_tips'
[WARN] [BaseLib] GetRawText: Key 'YGO_RACE_THUNDER.description' not found in table 'static_hover_tips'
[WARN] [BaseLib] GetRawText: Key 'YGO_ATTRIBUTE_LIGHT.title' not found in table 'static_hover_tips'
[WARN] [BaseLib] GetRawText: Key 'YGO_ATTRIBUTE_LIGHT.description' not found in table 'static_hover_tips'
[WARN] [BaseLib] GetRawText: Key 'YGO_RACE_THUNDER.title' not found in table 'static_hover_tips'
[WARN] [BaseLib] GetRawText: Key 'YGO_RACE_THUNDER.description' not found in table 'static_hover_tips'
[WARN] [BaseLib] GetRawText: Key 'YGO_RACE_SPELL_CONTINUOUS.title' not found in table 'static_hover_tips'
[WARN] [BaseLib] GetRawText: Key 'YGO_RACE_SPELL_CONTINUOUS.description' not found in table 'static_hover_tips'
[WARN] [BaseLib] GetRawText: Key 'YGO_RACE_TRAP_CONTINUOUS.title' not found in table 'static_hover_tips'
[WARN] [BaseLib] GetRawText: Key 'YGO_RACE_TRAP_CONTINUOUS.description' not found in table 'static_hover_tips'
[WARN] [BaseLib] GetRawText: Key 'YGO_RACE_TRAP_CONTINUOUS.title' not found in table 'static_hover_tips'
[WARN] [BaseLib] GetRawText: Key 'YGO_RACE_TRAP_CONTINUOUS.description' not found in table 'static_hover_tips'
[WARN] [BaseLib] GetRawText: Key 'YGO_RACE_TRAP_CONTINUOUS.title' not found in table 'static_hover_tips'
[WARN] [BaseLib] GetRawText: Key 'YGO_RACE_TRAP_CONTINUOUS.description' not found in table 'static_hover_tips'
[WARN] [BaseLib] GetRawText: Key 'YGO_ATTRIBUTE_DARK.title' not found in table 'static_hover_tips'
[WARN] [BaseLib] GetRawText: Key 'YGO_ATTRIBUTE_DARK.description' not found in table 'static_hover_tips'
[WARN] [BaseLib] GetRawText: Key 'YGO_RACE_FIEND.title' not found in table 'static_hover_tips'
[WARN] [BaseLib] GetRawText: Key 'YGO_RACE_FIEND.description' not found in table 'static_hover_tips'
[WARN] [BaseLib] GetRawText: Key 'YGO_ATTRIBUTE_DARK.title' not found in table 'static_hover_tips'
[WARN] [BaseLib] GetRawText: Key 'YGO_ATTRIBUTE_DARK.description' not found in table 'static_hover_tips'
[WARN] [BaseLib] GetRawText: Key 'YGO_RACE_FIEND.title' not found in table 'static_hover_tips'
[WARN] [BaseLib] GetRawText: Key 'YGO_RACE_FIEND.description' not found in table 'static_hover_tips'
[WARN] [BaseLib] GetRawText: Key 'YGO_ATTRIBUTE_LIGHT.title' not found in table 'static_hover_tips'
[WARN] [BaseLib] GetRawText: Key 'YGO_ATTRIBUTE_LIGHT.description' not found in table 'static_hover_tips'
[WARN] [BaseLib] GetRawText: Key 'YGO_RACE_FAIRY.title' not found in table 'static_hover_tips'
[WARN] [BaseLib] GetRawText: Key 'YGO_RACE_FAIRY.description' not found in table 'static_hover_tips'
[WARN] [BaseLib] GetRawText: Key 'YGO_ATTRIBUTE_LIGHT.title' not found in table 'static_hover_tips'
[WARN] [BaseLib] GetRawText: Key 'YGO_ATTRIBUTE_LIGHT.description' not found in table 'static_hover_tips'
[WARN] [BaseLib] GetRawText: Key 'YGO_RACE_FAIRY.title' not found in table 'static_hover_tips'
[WARN] [BaseLib] GetRawText: Key 'YGO_RACE_FAIRY.description' not found in table 'static_hover_tips'
[WARN] [BaseLib] GetRawText: Key 'YGO_ATTRIBUTE_DARK.title' not found in table 'static_hover_tips'
[WARN] [BaseLib] GetRawText: Key 'YGO_ATTRIBUTE_DARK.description' not found in table 'static_hover_tips'
[WARN] [BaseLib] GetRawText: Key 'YGO_RACE_FAIRY.title' not found in table 'static_hover_tips'
[WARN] [BaseLib] GetRawText: Key 'YGO_RACE_FAIRY.description' not found in table 'static_hover_tips'
[WARN] [BaseLib] GetRawText: Key 'YGO_ATTRIBUTE_DARK.title' not found in table 'static_hover_tips'
[WARN] [BaseLib] GetRawText: Key 'YGO_ATTRIBUTE_DARK.description' not found in table 'static_hover_tips'
[WARN] [BaseLib] GetRawText: Key 'YGO_RACE_FAIRY.title' not found in table 'static_hover_tips'
[WARN] [BaseLib] GetRawText: Key 'YGO_RACE_FAIRY.description' not found in table 'static_hover_tips'
[WARN] [BaseLib] GetRawText: Key 'YGO_ATTRIBUTE_WIND.title' not found in table 'static_hover_tips'
[WARN] [BaseLib] GetRawText: Key 'YGO_ATTRIBUTE_WIND.description' not found in table 'static_hover_tips'
[WARN] [BaseLib] GetRawText: Key 'YGO_RACE_WINGED_BEAST.title' not found in table 'static_hover_tips'
[WARN] [BaseLib] GetRawText: Key 'YGO_RACE_WINGED_BEAST.description' not found in table 'static_hover_tips'
[WARN] [BaseLib] GetRawText: Key 'YGO_ATTRIBUTE_WIND.title' not found in table 'static_hover_tips'
[WARN] [BaseLib] GetRawText: Key 'YGO_ATTRIBUTE_WIND.description' not found in table 'static_hover_tips'
[WARN] [BaseLib] GetRawText: Key 'YGO_RACE_WINGED_BEAST.title' not found in table 'static_hover_tips'
[WARN] [BaseLib] GetRawText: Key 'YGO_RACE_WINGED_BEAST.description' not found in table 'static_hover_tips'
[WARN] [BaseLib] GetRawText: Key 'YGO_ATTRIBUTE_EARTH.title' not found in table 'static_hover_tips'
[WARN] [BaseLib] GetRawText: Key 'YGO_ATTRIBUTE_EARTH.description' not found in table 'static_hover_tips'
[WARN] [BaseLib] GetRawText: Key 'YGO_RACE_PLANT.title' not found in table 'static_hover_tips'
[WARN] [BaseLib] GetRawText: Key 'YGO_RACE_PLANT.description' not found in table 'static_hover_tips'
[WARN] [BaseLib] GetRawText: Key 'YGO_ATTRIBUTE_EARTH.title' not found in table 'static_hover_tips'
[WARN] [BaseLib] GetRawText: Key 'YGO_ATTRIBUTE_EARTH.description' not found in table 'static_hover_tips'
[WARN] [BaseLib] GetRawText: Key 'YGO_RACE_PLANT.title' not found in table 'static_hover_tips'
[WARN] [BaseLib] GetRawText: Key 'YGO_RACE_PLANT.description' not found in table 'static_hover_tips'
[WARN] [BaseLib] GetRawText: Key 'YGO_RACE_TRAP_CONTINUOUS.title' not found in table 'static_hover_tips'
[WARN] [BaseLib] GetRawText: Key 'YGO_RACE_TRAP_CONTINUOUS.description' not found in table 'static_hover_tips'
[WARN] [BaseLib] GetRawText: Key 'YGO_RACE_TRAP_CONTINUOUS.title' not found in table 'static_hover_tips'
[WARN] [BaseLib] GetRawText: Key 'YGO_RACE_TRAP_CONTINUOUS.description' not found in table 'static_hover_tips'
[WARN] [BaseLib] GetRawText: Key 'YGO_RACE_TRAP_CONTINUOUS.title' not found in table 'static_hover_tips'
[WARN] [BaseLib] GetRawText: Key 'YGO_RACE_TRAP_CONTINUOUS.description' not found in table 'static_hover_tips'
[WARN] [BaseLib] GetRawText: Key 'YGO_ATTRIBUTE_EARTH.title' not found in table 'static_hover_tips'
[WARN] [BaseLib] GetRawText: Key 'YGO_ATTRIBUTE_EARTH.description' not found in table 'static_hover_tips'
[WARN] [BaseLib] GetRawText: Key 'YGO_RACE_BEAST.title' not found in table 'static_hover_tips'
[WARN] [BaseLib] GetRawText: Key 'YGO_RACE_BEAST.description' not found in table 'static_hover_tips'
[WARN] [BaseLib] GetRawText: Key 'YGO_ATTRIBUTE_EARTH.title' not found in table 'static_hover_tips'
[WARN] [BaseLib] GetRawText: Key 'YGO_ATTRIBUTE_EARTH.description' not found in table 'static_hover_tips'
[WARN] [BaseLib] GetRawText: Key 'YGO_RACE_BEAST.title' not found in table 'static_hover_tips'
[WARN] [BaseLib] GetRawText: Key 'YGO_RACE_BEAST.description' not found in table 'static_hover_tips'
[WARN] [BaseLib] GetRawText: Key 'YGO_ATTRIBUTE_EARTH.title' not found in table 'static_hover_tips'
[WARN] [BaseLib] GetRawText: Key 'YGO_ATTRIBUTE_EARTH.description' not found in table 'static_hover_tips'
[WARN] [BaseLib] GetRawText: Key 'YGO_RACE_ROCK.title' not found in table 'static_hover_tips'
[WARN] [BaseLib] GetRawText: Key 'YGO_RACE_ROCK.description' not found in table 'static_hover_tips'
[WARN] [BaseLib] GetRawText: Key 'YGO_ATTRIBUTE_EARTH.title' not found in table 'static_hover_tips'
[WARN] [BaseLib] GetRawText: Key 'YGO_ATTRIBUTE_EARTH.description' not found in table 'static_hover_tips'
[WARN] [BaseLib] GetRawText: Key 'YGO_RACE_ROCK.title' not found in table 'static_hover_tips'
[WARN] [BaseLib] GetRawText: Key 'YGO_RACE_ROCK.description' not found in table 'static_hover_tips'
[DEBUG] [NetQualityTracker] Connection statistics at 08:21:59:
[DEBUG] [NetQualityTracker] 	76561198136285041 - Ping: 66.00962. Packet Loss: 3E-45.
[WARN] [BaseLib] GetRawText: Key 'YGO_ATTRIBUTE_EARTH.title' not found in table 'static_hover_tips'
[WARN] [BaseLib] GetRawText: Key 'YGO_ATTRIBUTE_EARTH.description' not found in table 'static_hover_tips'
[WARN] [BaseLib] GetRawText: Key 'YGO_RACE_WARRIOR.title' not found in table 'static_hover_tips'
[WARN] [BaseLib] GetRawText: Key 'YGO_RACE_WARRIOR.description' not found in table 'static_hover_tips'
[WARN] [BaseLib] GetRawText: Key 'YGO_RACE_SPELL_CONTINUOUS.title' not found in table 'static_hover_tips'
[WARN] [BaseLib] GetRawText: Key 'YGO_RACE_SPELL_CONTINUOUS.description' not found in table 'static_hover_tips'
[WARN] [BaseLib] GetRawText: Key 'YGO_ATTRIBUTE_FIRE.title' not found in table 'static_hover_tips'
[WARN] [BaseLib] GetRawText: Key 'YGO_ATTRIBUTE_FIRE.description' not found in table 'static_hover_tips'
[WARN] [BaseLib] GetRawText: Key 'YGO_RACE_PYRO.title' not found in table 'static_hover_tips'
[WARN] [BaseLib] GetRawText: Key 'YGO_RACE_PYRO.description' not found in table 'static_hover_tips'
[WARN] [BaseLib] GetRawText: Key 'YGO_ATTRIBUTE_EARTH.title' not found in table 'static_hover_tips'
[WARN] [BaseLib] GetRawText: Key 'YGO_ATTRIBUTE_EARTH.description' not found in table 'static_hover_tips'
[WARN] [BaseLib] GetRawText: Key 'YGO_RACE_WARRIOR.title' not found in table 'static_hover_tips'
[WARN] [BaseLib] GetRawText: Key 'YGO_RACE_WARRIOR.description' not found in table 'static_hover_tips'
[WARN] [BaseLib] GetRawText: Key 'YGO_ATTRIBUTE_LIGHT.title' not found in table 'static_hover_tips'
[WARN] [BaseLib] GetRawText: Key 'YGO_ATTRIBUTE_LIGHT.description' not found in table 'static_hover_tips'
[WARN] [BaseLib] GetRawText: Key 'YGO_RACE_THUNDER.title' not found in table 'static_hover_tips'
[WARN] [BaseLib] GetRawText: Key 'YGO_RACE_THUNDER.description' not found in table 'static_hover_tips'
[WARN] [BaseLib] GetRawText: Key 'YGO_RACE_SPELL_CONTINUOUS.title' not found in table 'static_hover_tips'
[WARN] [BaseLib] GetRawText: Key 'YGO_RACE_SPELL_CONTINUOUS.description' not found in table 'static_hover_tips'
[WARN] [BaseLib] GetRawText: Key 'YGO_RACE_TRAP_CONTINUOUS.title' not found in table 'static_hover_tips'
[WARN] [BaseLib] GetRawText: Key 'YGO_RACE_TRAP_CONTINUOUS.description' not found in table 'static_hover_tips'
[WARN] [BaseLib] GetRawText: Key 'YGO_RACE_TRAP_CONTINUOUS.title' not found in table 'static_hover_tips'
[WARN] [BaseLib] GetRawText: Key 'YGO_RACE_TRAP_CONTINUOUS.description' not found in table 'static_hover_tips'
[WARN] [BaseLib] GetRawText: Key 'YGO_ATTRIBUTE_DARK.title' not found in table 'static_hover_tips'
[WARN] [BaseLib] GetRawText: Key 'YGO_ATTRIBUTE_DARK.description' not found in table 'static_hover_tips'
[WARN] [BaseLib] GetRawText: Key 'YGO_RACE_FIEND.title' not found in table 'static_hover_tips'
[WARN] [BaseLib] GetRawText: Key 'YGO_RACE_FIEND.description' not found in table 'static_hover_tips'
[WARN] [BaseLib] GetRawText: Key 'YGO_ATTRIBUTE_LIGHT.title' not found in table 'static_hover_tips'
[WARN] [BaseLib] GetRawText: Key 'YGO_ATTRIBUTE_LIGHT.description' not found in table 'static_hover_tips'
[WARN] [BaseLib] GetRawText: Key 'YGO_RACE_FAIRY.title' not found in table 'static_hover_tips'
[WARN] [BaseLib] GetRawText: Key 'YGO_RACE_FAIRY.description' not found in table 'static_hover_tips'
[WARN] [BaseLib] GetRawText: Key 'YGO_ATTRIBUTE_DARK.title' not found in table 'static_hover_tips'
[WARN] [BaseLib] GetRawText: Key 'YGO_ATTRIBUTE_DARK.description' not found in table 'static_hover_tips'
[WARN] [BaseLib] GetRawText: Key 'YGO_RACE_FAIRY.title' not found in table 'static_hover_tips'
[WARN] [BaseLib] GetRawText: Key 'YGO_RACE_FAIRY.description' not found in table 'static_hover_tips'
[WARN] [BaseLib] GetRawText: Key 'YGO_ATTRIBUTE_WIND.title' not found in table 'static_hover_tips'
[WARN] [BaseLib] GetRawText: Key 'YGO_ATTRIBUTE_WIND.description' not found in table 'static_hover_tips'
[WARN] [BaseLib] GetRawText: Key 'YGO_RACE_WINGED_BEAST.title' not found in table 'static_hover_tips'
[WARN] [BaseLib] GetRawText: Key 'YGO_RACE_WINGED_BEAST.description' not found in table 'static_hover_tips'
[WARN] [BaseLib] GetRawText: Key 'YGO_ATTRIBUTE_EARTH.title' not found in table 'static_hover_tips'
[WARN] [BaseLib] GetRawText: Key 'YGO_ATTRIBUTE_EARTH.description' not found in table 'static_hover_tips'
[WARN] [BaseLib] GetRawText: Key 'YGO_RACE_PLANT.title' not found in table 'static_hover_tips'
[WARN] [BaseLib] GetRawText: Key 'YGO_RACE_PLANT.description' not found in table 'static_hover_tips'
[WARN] [BaseLib] GetRawText: Key 'YGO_RACE_TRAP_CONTINUOUS.title' not found in table 'static_hover_tips'
[WARN] [BaseLib] GetRawText: Key 'YGO_RACE_TRAP_CONTINUOUS.description' not found in table 'static_hover_tips'
[WARN] [BaseLib] GetRawText: Key 'YGO_RACE_TRAP_CONTINUOUS.title' not found in table 'static_hover_tips'
[WARN] [BaseLib] GetRawText: Key 'YGO_RACE_TRAP_CONTINUOUS.description' not found in table 'static_hover_tips'
[WARN] [BaseLib] GetRawText: Key 'YGO_ATTRIBUTE_EARTH.title' not found in table 'static_hover_tips'
[WARN] [BaseLib] GetRawText: Key 'YGO_ATTRIBUTE_EARTH.description' not found in table 'static_hover_tips'
[WARN] [BaseLib] GetRawText: Key 'YGO_RACE_BEAST.title' not found in table 'static_hover_tips'
[WARN] [BaseLib] GetRawText: Key 'YGO_RACE_BEAST.description' not found in table 'static_hover_tips'
[WARN] [BaseLib] GetRawText: Key 'YGO_ATTRIBUTE_EARTH.title' not found in table 'static_hover_tips'
[WARN] [BaseLib] GetRawText: Key 'YGO_ATTRIBUTE_EARTH.description' not found in table 'static_hover_tips'
[WARN] [BaseLib] GetRawText: Key 'YGO_RACE_ROCK.title' not found in table 'static_hover_tips'
[WARN] [BaseLib] GetRawText: Key 'YGO_RACE_ROCK.description' not found in table 'static_hover_tips'
[WARN] [BaseLib] GetRawText: Key 'YGO_ATTRIBUTE_EARTH.title' not found in table 'static_hover_tips'
[WARN] [BaseLib] GetRawText: Key 'YGO_ATTRIBUTE_EARTH.description' not found in table 'static_hover_tips'
[WARN] [BaseLib] GetRawText: Key 'YGO_RACE_WARRIOR.title' not found in table 'static_hover_tips'
[WARN] [BaseLib] GetRawText: Key 'YGO_RACE_WARRIOR.description' not found in table 'static_hover_tips'
[WARN] [BaseLib] GetRawText: Key 'YGO_ATTRIBUTE_EARTH.title' not found in table 'static_hover_tips'
[WARN] [BaseLib] GetRawText: Key 'YGO_ATTRIBUTE_EARTH.description' not found in table 'static_hover_tips'
[WARN] [BaseLib] GetRawText: Key 'YGO_RACE_WARRIOR.title' not found in table 'static_hover_tips'
[WARN] [BaseLib] GetRawText: Key 'YGO_RACE_WARRIOR.description' not found in table 'static_hover_tips'
[WARN] [BaseLib] GetRawText: Key 'YGO_RACE_SPELL_CONTINUOUS.title' not found in table 'static_hover_tips'
[WARN] [BaseLib] GetRawText: Key 'YGO_RACE_SPELL_CONTINUOUS.description' not found in table 'static_hover_tips'
[WARN] [BaseLib] GetRawText: Key 'YGO_ATTRIBUTE_FIRE.title' not found in table 'static_hover_tips'
[WARN] [BaseLib] GetRawText: Key 'YGO_ATTRIBUTE_FIRE.description' not found in table 'static_hover_tips'
[WARN] [BaseLib] GetRawText: Key 'YGO_RACE_PYRO.title' not found in table 'static_hover_tips'
[WARN] [BaseLib] GetRawText: Key 'YGO_RACE_PYRO.description' not found in table 'static_hover_tips'
[WARN] [BaseLib] GetRawText: Key 'YGO_ATTRIBUTE_FIRE.title' not found in table 'static_hover_tips'
[WARN] [BaseLib] GetRawText: Key 'YGO_ATTRIBUTE_FIRE.description' not found in table 'static_hover_tips'
[WARN] [BaseLib] GetRawText: Key 'YGO_RACE_PYRO.title' not found in table 'static_hover_tips'
[WARN] [BaseLib] GetRawText: Key 'YGO_RACE_PYRO.description' not found in table 'static_hover_tips'
[WARN] [BaseLib] GetRawText: Key 'YGO_ATTRIBUTE_EARTH.title' not found in table 'static_hover_tips'
[WARN] [BaseLib] GetRawText: Key 'YGO_ATTRIBUTE_EARTH.description' not found in table 'static_hover_tips'
[WARN] [BaseLib] GetRawText: Key 'YGO_RACE_WARRIOR.title' not found in table 'static_hover_tips'
[WARN] [BaseLib] GetRawText: Key 'YGO_RACE_WARRIOR.description' not found in table 'static_hover_tips'
[WARN] [BaseLib] GetRawText: Key 'YGO_ATTRIBUTE_EARTH.title' not found in table 'static_hover_tips'
[WARN] [BaseLib] GetRawText: Key 'YGO_ATTRIBUTE_EARTH.description' not found in table 'static_hover_tips'
[WARN] [BaseLib] GetRawText: Key 'YGO_RACE_WARRIOR.title' not found in table 'static_hover_tips'
[WARN] [BaseLib] GetRawText: Key 'YGO_RACE_WARRIOR.description' not found in table 'static_hover_tips'
[WARN] [BaseLib] GetRawText: Key 'YGO_ATTRIBUTE_LIGHT.title' not found in table 'static_hover_tips'
[WARN] [BaseLib] GetRawText: Key 'YGO_ATTRIBUTE_LIGHT.description' not found in table 'static_hover_tips'
[WARN] [BaseLib] GetRawText: Key 'YGO_RACE_THUNDER.title' not found in table 'static_hover_tips'
[WARN] [BaseLib] GetRawText: Key 'YGO_RACE_THUNDER.description' not found in table 'static_hover_tips'
[WARN] [BaseLib] GetRawText: Key 'YGO_ATTRIBUTE_LIGHT.title' not found in table 'static_hover_tips'
[WARN] [BaseLib] GetRawText: Key 'YGO_ATTRIBUTE_LIGHT.description' not found in table 'static_hover_tips'
[WARN] [BaseLib] GetRawText: Key 'YGO_RACE_THUNDER.title' not found in table 'static_hover_tips'
[WARN] [BaseLib] GetRawText: Key 'YGO_RACE_THUNDER.description' not found in table 'static_hover_tips'
[WARN] [BaseLib] GetRawText: Key 'YGO_RACE_SPELL_CONTINUOUS.title' not found in table 'static_hover_tips'
[WARN] [BaseLib] GetRawText: Key 'YGO_RACE_SPELL_CONTINUOUS.description' not found in table 'static_hover_tips'
[WARN] [BaseLib] GetRawText: Key 'YGO_RACE_TRAP_CONTINUOUS.title' not found in table 'static_hover_tips'
[WARN] [BaseLib] GetRawText: Key 'YGO_RACE_TRAP_CONTINUOUS.description' not found in table 'static_hover_tips'
[WARN] [BaseLib] GetRawText: Key 'YGO_RACE_TRAP_CONTINUOUS.title' not found in table 'static_hover_tips'
[WARN] [BaseLib] GetRawText: Key 'YGO_RACE_TRAP_CONTINUOUS.description' not found in table 'static_hover_tips'
[WARN] [BaseLib] GetRawText: Key 'YGO_RACE_TRAP_CONTINUOUS.title' not found in table 'static_hover_tips'
[WARN] [BaseLib] GetRawText: Key 'YGO_RACE_TRAP_CONTINUOUS.description' not found in table 'static_hover_tips'
[WARN] [BaseLib] GetRawText: Key 'YGO_ATTRIBUTE_DARK.title' not found in table 'static_hover_tips'
[WARN] [BaseLib] GetRawText: Key 'YGO_ATTRIBUTE_DARK.description' not found in table 'static_hover_tips'
[WARN] [BaseLib] GetRawText: Key 'YGO_RACE_FIEND.title' not found in table 'static_hover_tips'
[WARN] [BaseLib] GetRawText: Key 'YGO_RACE_FIEND.description' not found in table 'static_hover_tips'
[WARN] [BaseLib] GetRawText: Key 'YGO_ATTRIBUTE_DARK.title' not found in table 'static_hover_tips'
[WARN] [BaseLib] GetRawText: Key 'YGO_ATTRIBUTE_DARK.description' not found in table 'static_hover_tips'
[WARN] [BaseLib] GetRawText: Key 'YGO_RACE_FIEND.title' not found in table 'static_hover_tips'
[WARN] [BaseLib] GetRawText: Key 'YGO_RACE_FIEND.description' not found in table 'static_hover_tips'
[WARN] [BaseLib] GetRawText: Key 'YGO_ATTRIBUTE_LIGHT.title' not found in table 'static_hover_tips'
[WARN] [BaseLib] GetRawText: Key 'YGO_ATTRIBUTE_LIGHT.description' not found in table 'static_hover_tips'
[WARN] [BaseLib] GetRawText: Key 'YGO_RACE_FAIRY.title' not found in table 'static_hover_tips'
[WARN] [BaseLib] GetRawText: Key 'YGO_RACE_FAIRY.description' not found in table 'static_hover_tips'
[WARN] [BaseLib] GetRawText: Key 'YGO_ATTRIBUTE_LIGHT.title' not found in table 'static_hover_tips'
[WARN] [BaseLib] GetRawText: Key 'YGO_ATTRIBUTE_LIGHT.description' not found in table 'static_hover_tips'
[WARN] [BaseLib] GetRawText: Key 'YGO_RACE_FAIRY.title' not found in table 'static_hover_tips'
[WARN] [BaseLib] GetRawText: Key 'YGO_RACE_FAIRY.description' not found in table 'static_hover_tips'
[WARN] [BaseLib] GetRawText: Key 'YGO_ATTRIBUTE_DARK.title' not found in table 'static_hover_tips'
[WARN] [BaseLib] GetRawText: Key 'YGO_ATTRIBUTE_DARK.description' not found in table 'static_hover_tips'
[WARN] [BaseLib] GetRawText: Key 'YGO_RACE_FAIRY.title' not found in table 'static_hover_tips'
[WARN] [BaseLib] GetRawText: Key 'YGO_RACE_FAIRY.description' not found in table 'static_hover_tips'
[WARN] [BaseLib] GetRawText: Key 'YGO_ATTRIBUTE_DARK.title' not found in table 'static_hover_tips'
[WARN] [BaseLib] GetRawText: Key 'YGO_ATTRIBUTE_DARK.description' not found in table 'static_hover_tips'
[WARN] [BaseLib] GetRawText: Key 'YGO_RACE_FAIRY.title' not found in table 'static_hover_tips'
[WARN] [BaseLib] GetRawText: Key 'YGO_RACE_FAIRY.description' not found in table 'static_hover_tips'
[WARN] [BaseLib] GetRawText: Key 'YGO_ATTRIBUTE_WIND.title' not found in table 'static_hover_tips'
[WARN] [BaseLib] GetRawText: Key 'YGO_ATTRIBUTE_WIND.description' not found in table 'static_hover_tips'
[WARN] [BaseLib] GetRawText: Key 'YGO_RACE_WINGED_BEAST.title' not found in table 'static_hover_tips'
[WARN] [BaseLib] GetRawText: Key 'YGO_RACE_WINGED_BEAST.description' not found in table 'static_hover_tips'
[WARN] [BaseLib] GetRawText: Key 'YGO_ATTRIBUTE_WIND.title' not found in table 'static_hover_tips'
[WARN] [BaseLib] GetRawText: Key 'YGO_ATTRIBUTE_WIND.description' not found in table 'static_hover_tips'
[WARN] [BaseLib] GetRawText: Key 'YGO_RACE_WINGED_BEAST.title' not found in table 'static_hover_tips'
[WARN] [BaseLib] GetRawText: Key 'YGO_RACE_WINGED_BEAST.description' not found in table 'static_hover_tips'
[WARN] [BaseLib] GetRawText: Key 'YGO_ATTRIBUTE_EARTH.title' not found in table 'static_hover_tips'
[WARN] [BaseLib] GetRawText: Key 'YGO_ATTRIBUTE_EARTH.description' not found in table 'static_hover_tips'
[WARN] [BaseLib] GetRawText: Key 'YGO_RACE_PLANT.title' not found in table 'static_hover_tips'
[WARN] [BaseLib] GetRawText: Key 'YGO_RACE_PLANT.description' not found in table 'static_hover_tips'
[WARN] [BaseLib] GetRawText: Key 'YGO_ATTRIBUTE_EARTH.title' not found in table 'static_hover_tips'
[WARN] [BaseLib] GetRawText: Key 'YGO_ATTRIBUTE_EARTH.description' not found in table 'static_hover_tips'
[WARN] [BaseLib] GetRawText: Key 'YGO_RACE_PLANT.title' not found in table 'static_hover_tips'
[WARN] [BaseLib] GetRawText: Key 'YGO_RACE_PLANT.description' not found in table 'static_hover_tips'
[WARN] [BaseLib] GetRawText: Key 'YGO_RACE_TRAP_CONTINUOUS.title' not found in table 'static_hover_tips'
[WARN] [BaseLib] GetRawText: Key 'YGO_RACE_TRAP_CONTINUOUS.description' not found in table 'static_hover_tips'
[WARN] [BaseLib] GetRawText: Key 'YGO_RACE_TRAP_CONTINUOUS.title' not found in table 'static_hover_tips'
[WARN] [BaseLib] GetRawText: Key 'YGO_RACE_TRAP_CONTINUOUS.description' not found in table 'static_hover_tips'
[WARN] [BaseLib] GetRawText: Key 'YGO_RACE_TRAP_CONTINUOUS.title' not found in table 'static_hover_tips'
[WARN] [BaseLib] GetRawText: Key 'YGO_RACE_TRAP_CONTINUOUS.description' not found in table 'static_hover_tips'
[WARN] [BaseLib] GetRawText: Key 'YGO_ATTRIBUTE_EARTH.title' not found in table 'static_hover_tips'
[WARN] [BaseLib] GetRawText: Key 'YGO_ATTRIBUTE_EARTH.description' not found in table 'static_hover_tips'
[WARN] [BaseLib] GetRawText: Key 'YGO_RACE_BEAST.title' not found in table 'static_hover_tips'
[WARN] [BaseLib] GetRawText: Key 'YGO_RACE_BEAST.description' not found in table 'static_hover_tips'
[WARN] [BaseLib] GetRawText: Key 'YGO_ATTRIBUTE_EARTH.title' not found in table 'static_hover_tips'
[WARN] [BaseLib] GetRawText: Key 'YGO_ATTRIBUTE_EARTH.description' not found in table 'static_hover_tips'
[WARN] [BaseLib] GetRawText: Key 'YGO_RACE_BEAST.title' not found in table 'static_hover_tips'
[WARN] [BaseLib] GetRawText: Key 'YGO_RACE_BEAST.description' not found in table 'static_hover_tips'
[WARN] [BaseLib] GetRawText: Key 'YGO_ATTRIBUTE_EARTH.title' not found in table 'static_hover_tips'
[WARN] [BaseLib] GetRawText: Key 'YGO_ATTRIBUTE_EARTH.description' not found in table 'static_hover_tips'
[WARN] [BaseLib] GetRawText: Key 'YGO_RACE_ROCK.title' not found in table 'static_hover_tips'
[WARN] [BaseLib] GetRawText: Key 'YGO_RACE_ROCK.description' not found in table 'static_hover_tips'
[WARN] [BaseLib] GetRawText: Key 'YGO_ATTRIBUTE_EARTH.title' not found in table 'static_hover_tips'
[WARN] [BaseLib] GetRawText: Key 'YGO_ATTRIBUTE_EARTH.description' not found in table 'static_hover_tips'
[WARN] [BaseLib] GetRawText: Key 'YGO_RACE_ROCK.title' not found in table 'static_hover_tips'
[WARN] [BaseLib] GetRawText: Key 'YGO_RACE_ROCK.description' not found in table 'static_hover_tips'
[WARN] [BaseLib] GetRawText: Key 'YGO_ATTRIBUTE_EARTH.title' not found in table 'static_hover_tips'
[WARN] [BaseLib] GetRawText: Key 'YGO_ATTRIBUTE_EARTH.description' not found in table 'static_hover_tips'
[WARN] [BaseLib] GetRawText: Key 'YGO_RACE_WARRIOR.title' not found in table 'static_hover_tips'
[WARN] [BaseLib] GetRawText: Key 'YGO_RACE_WARRIOR.description' not found in table 'static_hover_tips'
[WARN] [BaseLib] GetRawText: Key 'YGO_RACE_SPELL_CONTINUOUS.title' not found in table 'static_hover_tips'
[WARN] [BaseLib] GetRawText: Key 'YGO_RACE_SPELL_CONTINUOUS.description' not found in table 'static_hover_tips'
[WARN] [BaseLib] GetRawText: Key 'YGO_ATTRIBUTE_FIRE.title' not found in table 'static_hover_tips'
[WARN] [BaseLib] GetRawText: Key 'YGO_ATTRIBUTE_FIRE.description' not found in table 'static_hover_tips'
[WARN] [BaseLib] GetRawText: Key 'YGO_RACE_PYRO.title' not found in table 'static_hover_tips'
[WARN] [BaseLib] GetRawText: Key 'YGO_RACE_PYRO.description' not found in table 'static_hover_tips'
[WARN] [BaseLib] GetRawText: Key 'YGO_ATTRIBUTE_EARTH.title' not found in table 'static_hover_tips'
[WARN] [BaseLib] GetRawText: Key 'YGO_ATTRIBUTE_EARTH.description' not found in table 'static_hover_tips'
[WARN] [BaseLib] GetRawText: Key 'YGO_RACE_WARRIOR.title' not found in table 'static_hover_tips'
[WARN] [BaseLib] GetRawText: Key 'YGO_RACE_WARRIOR.description' not found in table 'static_hover_tips'
[WARN] [BaseLib] GetRawText: Key 'YGO_ATTRIBUTE_LIGHT.title' not found in table 'static_hover_tips'
[WARN] [BaseLib] GetRawText: Key 'YGO_ATTRIBUTE_LIGHT.description' not found in table 'static_hover_tips'
[WARN] [BaseLib] GetRawText: Key 'YGO_RACE_THUNDER.title' not found in table 'static_hover_tips'
[WARN] [BaseLib] GetRawText: Key 'YGO_RACE_THUNDER.description' not found in table 'static_hover_tips'
[WARN] [BaseLib] GetRawText: Key 'YGO_RACE_SPELL_CONTINUOUS.title' not found in table 'static_hover_tips'
[WARN] [BaseLib] GetRawText: Key 'YGO_RACE_SPELL_CONTINUOUS.description' not found in table 'static_hover_tips'
[WARN] [BaseLib] GetRawText: Key 'YGO_RACE_TRAP_CONTINUOUS.title' not found in table 'static_hover_tips'
[WARN] [BaseLib] GetRawText: Key 'YGO_RACE_TRAP_CONTINUOUS.description' not found in table 'static_hover_tips'
[WARN] [BaseLib] GetRawText: Key 'YGO_RACE_TRAP_CONTINUOUS.title' not found in table 'static_hover_tips'
[WARN] [BaseLib] GetRawText: Key 'YGO_RACE_TRAP_CONTINUOUS.description' not found in table 'static_hover_tips'
[WARN] [BaseLib] GetRawText: Key 'YGO_ATTRIBUTE_DARK.title' not found in table 'static_hover_tips'
[WARN] [BaseLib] GetRawText: Key 'YGO_ATTRIBUTE_DARK.description' not found in table 'static_hover_tips'
[WARN] [BaseLib] GetRawText: Key 'YGO_RACE_FIEND.title' not found in table 'static_hover_tips'
[WARN] [BaseLib] GetRawText: Key 'YGO_RACE_FIEND.description' not found in table 'static_hover_tips'
[WARN] [BaseLib] GetRawText: Key 'YGO_ATTRIBUTE_LIGHT.title' not found in table 'static_hover_tips'
[WARN] [BaseLib] GetRawText: Key 'YGO_ATTRIBUTE_LIGHT.description' not found in table 'static_hover_tips'
[WARN] [BaseLib] GetRawText: Key 'YGO_RACE_FAIRY.title' not found in table 'static_hover_tips'
[WARN] [BaseLib] GetRawText: Key 'YGO_RACE_FAIRY.description' not found in table 'static_hover_tips'
[WARN] [BaseLib] GetRawText: Key 'YGO_ATTRIBUTE_DARK.title' not found in table 'static_hover_tips'
[WARN] [BaseLib] GetRawText: Key 'YGO_ATTRIBUTE_DARK.description' not found in table 'static_hover_tips'
[WARN] [BaseLib] GetRawText: Key 'YGO_RACE_FAIRY.title' not found in table 'static_hover_tips'
[WARN] [BaseLib] GetRawText: Key 'YGO_RACE_FAIRY.description' not found in table 'static_hover_tips'
[WARN] [BaseLib] GetRawText: Key 'YGO_ATTRIBUTE_WIND.title' not found in table 'static_hover_tips'
[WARN] [BaseLib] GetRawText: Key 'YGO_ATTRIBUTE_WIND.description' not found in table 'static_hover_tips'
[WARN] [BaseLib] GetRawText: Key 'YGO_RACE_WINGED_BEAST.title' not found in table 'static_hover_tips'
[WARN] [BaseLib] GetRawText: Key 'YGO_RACE_WINGED_BEAST.description' not found in table 'static_hover_tips'
[WARN] [BaseLib] GetRawText: Key 'YGO_ATTRIBUTE_EARTH.title' not found in table 'static_hover_tips'
[WARN] [BaseLib] GetRawText: Key 'YGO_ATTRIBUTE_EARTH.description' not found in table 'static_hover_tips'
[WARN] [BaseLib] GetRawText: Key 'YGO_RACE_PLANT.title' not found in table 'static_hover_tips'
[WARN] [BaseLib] GetRawText: Key 'YGO_RACE_PLANT.description' not found in table 'static_hover_tips'
[WARN] [BaseLib] GetRawText: Key 'YGO_RACE_TRAP_CONTINUOUS.title' not found in table 'static_hover_tips'
[WARN] [BaseLib] GetRawText: Key 'YGO_RACE_TRAP_CONTINUOUS.description' not found in table 'static_hover_tips'
[WARN] [BaseLib] GetRawText: Key 'YGO_RACE_TRAP_CONTINUOUS.title' not found in table 'static_hover_tips'
[WARN] [BaseLib] GetRawText: Key 'YGO_RACE_TRAP_CONTINUOUS.description' not found in table 'static_hover_tips'
[WARN] [BaseLib] GetRawText: Key 'YGO_ATTRIBUTE_EARTH.title' not found in table 'static_hover_tips'
[WARN] [BaseLib] GetRawText: Key 'YGO_ATTRIBUTE_EARTH.description' not found in table 'static_hover_tips'
[WARN] [BaseLib] GetRawText: Key 'YGO_RACE_BEAST.title' not found in table 'static_hover_tips'
[WARN] [BaseLib] GetRawText: Key 'YGO_RACE_BEAST.description' not found in table 'static_hover_tips'
[WARN] [BaseLib] GetRawText: Key 'YGO_ATTRIBUTE_EARTH.title' not found in table 'static_hover_tips'
[WARN] [BaseLib] GetRawText: Key 'YGO_ATTRIBUTE_EARTH.description' not found in table 'static_hover_tips'
[WARN] [BaseLib] GetRawText: Key 'YGO_RACE_ROCK.title' not found in table 'static_hover_tips'
[WARN] [BaseLib] GetRawText: Key 'YGO_RACE_ROCK.description' not found in table 'static_hover_tips'
[WARN] [BaseLib] GetRawText: Key 'YGO_ATTRIBUTE_EARTH.title' not found in table 'static_hover_tips'
[WARN] [BaseLib] GetRawText: Key 'YGO_ATTRIBUTE_EARTH.description' not found in table 'static_hover_tips'
[WARN] [BaseLib] GetRawText: Key 'YGO_RACE_WARRIOR.title' not found in table 'static_hover_tips'
[WARN] [BaseLib] GetRawText: Key 'YGO_RACE_WARRIOR.description' not found in table 'static_hover_tips'
[WARN] [BaseLib] GetRawText: Key 'YGO_ATTRIBUTE_EARTH.title' not found in table 'static_hover_tips'
[WARN] [BaseLib] GetRawText: Key 'YGO_ATTRIBUTE_EARTH.description' not found in table 'static_hover_tips'
[WARN] [BaseLib] GetRawText: Key 'YGO_RACE_WARRIOR.title' not found in table 'static_hover_tips'
[WARN] [BaseLib] GetRawText: Key 'YGO_RACE_WARRIOR.description' not found in table 'static_hover_tips'
[WARN] [BaseLib] GetRawText: Key 'YGO_RACE_SPELL_CONTINUOUS.title' not found in table 'static_hover_tips'
[WARN] [BaseLib] GetRawText: Key 'YGO_RACE_SPELL_CONTINUOUS.description' not found in table 'static_hover_tips'
[WARN] [BaseLib] GetRawText: Key 'YGO_ATTRIBUTE_FIRE.title' not found in table 'static_hover_tips'
[WARN] [BaseLib] GetRawText: Key 'YGO_ATTRIBUTE_FIRE.description' not found in table 'static_hover_tips'
[WARN] [BaseLib] GetRawText: Key 'YGO_RACE_PYRO.title' not found in table 'static_hover_tips'
[WARN] [BaseLib] GetRawText: Key 'YGO_RACE_PYRO.description' not found in table 'static_hover_tips'
[WARN] [BaseLib] GetRawText: Key 'YGO_ATTRIBUTE_FIRE.title' not found in table 'static_hover_tips'
[WARN] [BaseLib] GetRawText: Key 'YGO_ATTRIBUTE_FIRE.description' not found in table 'static_hover_tips'
[WARN] [BaseLib] GetRawText: Key 'YGO_RACE_PYRO.title' not found in table 'static_hover_tips'
[WARN] [BaseLib] GetRawText: Key 'YGO_RACE_PYRO.description' not found in table 'static_hover_tips'
[WARN] [BaseLib] GetRawText: Key 'YGO_ATTRIBUTE_EARTH.title' not found in table 'static_hover_tips'
[WARN] [BaseLib] GetRawText: Key 'YGO_ATTRIBUTE_EARTH.description' not found in table 'static_hover_tips'
[WARN] [BaseLib] GetRawText: Key 'YGO_RACE_WARRIOR.title' not found in table 'static_hover_tips'
[WARN] [BaseLib] GetRawText: Key 'YGO_RACE_WARRIOR.description' not found in table 'static_hover_tips'
[WARN] [BaseLib] GetRawText: Key 'YGO_ATTRIBUTE_EARTH.title' not found in table 'static_hover_tips'
[WARN] [BaseLib] GetRawText: Key 'YGO_ATTRIBUTE_EARTH.description' not found in table 'static_hover_tips'
[WARN] [BaseLib] GetRawText: Key 'YGO_RACE_WARRIOR.title' not found in table 'static_hover_tips'
[WARN] [BaseLib] GetRawText: Key 'YGO_RACE_WARRIOR.description' not found in table 'static_hover_tips'
[WARN] [BaseLib] GetRawText: Key 'YGO_ATTRIBUTE_LIGHT.title' not found in table 'static_hover_tips'
[WARN] [BaseLib] GetRawText: Key 'YGO_ATTRIBUTE_LIGHT.description' not found in table 'static_hover_tips'
[WARN] [BaseLib] GetRawText: Key 'YGO_RACE_THUNDER.title' not found in table 'static_hover_tips'
[WARN] [BaseLib] GetRawText: Key 'YGO_RACE_THUNDER.description' not found in table 'static_hover_tips'
[WARN] [BaseLib] GetRawText: Key 'YGO_ATTRIBUTE_LIGHT.title' not found in table 'static_hover_tips'
[WARN] [BaseLib] GetRawText: Key 'YGO_ATTRIBUTE_LIGHT.description' not found in table 'static_hover_tips'
[WARN] [BaseLib] GetRawText: Key 'YGO_RACE_THUNDER.title' not found in table 'static_hover_tips'
[WARN] [BaseLib] GetRawText: Key 'YGO_RACE_THUNDER.description' not found in table 'static_hover_tips'
[WARN] [BaseLib] GetRawText: Key 'YGO_RACE_SPELL_CONTINUOUS.title' not found in table 'static_hover_tips'
[WARN] [BaseLib] GetRawText: Key 'YGO_RACE_SPELL_CONTINUOUS.description' not found in table 'static_hover_tips'
[WARN] [BaseLib] GetRawText: Key 'YGO_RACE_TRAP_CONTINUOUS.title' not found in table 'static_hover_tips'
[WARN] [BaseLib] GetRawText: Key 'YGO_RACE_TRAP_CONTINUOUS.description' not found in table 'static_hover_tips'
[WARN] [BaseLib] GetRawText: Key 'YGO_RACE_TRAP_CONTINUOUS.title' not found in table 'static_hover_tips'
[WARN] [BaseLib] GetRawText: Key 'YGO_RACE_TRAP_CONTINUOUS.description' not found in table 'static_hover_tips'
[WARN] [BaseLib] GetRawText: Key 'YGO_RACE_TRAP_CONTINUOUS.title' not found in table 'static_hover_tips'
[WARN] [BaseLib] GetRawText: Key 'YGO_RACE_TRAP_CONTINUOUS.description' not found in table 'static_hover_tips'
[WARN] [BaseLib] GetRawText: Key 'YGO_ATTRIBUTE_DARK.title' not found in table 'static_hover_tips'
[WARN] [BaseLib] GetRawText: Key 'YGO_ATTRIBUTE_DARK.description' not found in table 'static_hover_tips'
[WARN] [BaseLib] GetRawText: Key 'YGO_RACE_FIEND.title' not found in table 'static_hover_tips'
[WARN] [BaseLib] GetRawText: Key 'YGO_RACE_FIEND.description' not found in table 'static_hover_tips'
[WARN] [BaseLib] GetRawText: Key 'YGO_ATTRIBUTE_DARK.title' not found in table 'static_hover_tips'
[WARN] [BaseLib] GetRawText: Key 'YGO_ATTRIBUTE_DARK.description' not found in table 'static_hover_tips'
[WARN] [BaseLib] GetRawText: Key 'YGO_RACE_FIEND.title' not found in table 'static_hover_tips'
[WARN] [BaseLib] GetRawText: Key 'YGO_RACE_FIEND.description' not found in table 'static_hover_tips'
[WARN] [BaseLib] GetRawText: Key 'YGO_ATTRIBUTE_LIGHT.title' not found in table 'static_hover_tips'
[WARN] [BaseLib] GetRawText: Key 'YGO_ATTRIBUTE_LIGHT.description' not found in table 'static_hover_tips'
[WARN] [BaseLib] GetRawText: Key 'YGO_RACE_FAIRY.title' not found in table 'static_hover_tips'
[WARN] [BaseLib] GetRawText: Key 'YGO_RACE_FAIRY.description' not found in table 'static_hover_tips'
[WARN] [BaseLib] GetRawText: Key 'YGO_ATTRIBUTE_LIGHT.title' not found in table 'static_hover_tips'
[WARN] [BaseLib] GetRawText: Key 'YGO_ATTRIBUTE_LIGHT.description' not found in table 'static_hover_tips'
[WARN] [BaseLib] GetRawText: Key 'YGO_RACE_FAIRY.title' not found in table 'static_hover_tips'
[WARN] [BaseLib] GetRawText: Key 'YGO_RACE_FAIRY.description' not found in table 'static_hover_tips'
[WARN] [BaseLib] GetRawText: Key 'YGO_ATTRIBUTE_DARK.title' not found in table 'static_hover_tips'
[WARN] [BaseLib] GetRawText: Key 'YGO_ATTRIBUTE_DARK.description' not found in table 'static_hover_tips'
[WARN] [BaseLib] GetRawText: Key 'YGO_RACE_FAIRY.title' not found in table 'static_hover_tips'
[WARN] [BaseLib] GetRawText: Key 'YGO_RACE_FAIRY.description' not found in table 'static_hover_tips'
[WARN] [BaseLib] GetRawText: Key 'YGO_ATTRIBUTE_DARK.title' not found in table 'static_hover_tips'
[WARN] [BaseLib] GetRawText: Key 'YGO_ATTRIBUTE_DARK.description' not found in table 'static_hover_tips'
[WARN] [BaseLib] GetRawText: Key 'YGO_RACE_FAIRY.title' not found in table 'static_hover_tips'
[WARN] [BaseLib] GetRawText: Key 'YGO_RACE_FAIRY.description' not found in table 'static_hover_tips'
[WARN] [BaseLib] GetRawText: Key 'YGO_ATTRIBUTE_WIND.title' not found in table 'static_hover_tips'
[WARN] [BaseLib] GetRawText: Key 'YGO_ATTRIBUTE_WIND.description' not found in table 'static_hover_tips'
[WARN] [BaseLib] GetRawText: Key 'YGO_RACE_WINGED_BEAST.title' not found in table 'static_hover_tips'
[WARN] [BaseLib] GetRawText: Key 'YGO_RACE_WINGED_BEAST.description' not found in table 'static_hover_tips'
[WARN] [BaseLib] GetRawText: Key 'YGO_ATTRIBUTE_WIND.title' not found in table 'static_hover_tips'
[WARN] [BaseLib] GetRawText: Key 'YGO_ATTRIBUTE_WIND.description' not found in table 'static_hover_tips'
[WARN] [BaseLib] GetRawText: Key 'YGO_RACE_WINGED_BEAST.title' not found in table 'static_hover_tips'
[WARN] [BaseLib] GetRawText: Key 'YGO_RACE_WINGED_BEAST.description' not found in table 'static_hover_tips'
[WARN] [BaseLib] GetRawText: Key 'YGO_ATTRIBUTE_EARTH.title' not found in table 'static_hover_tips'
[WARN] [BaseLib] GetRawText: Key 'YGO_ATTRIBUTE_EARTH.description' not found in table 'static_hover_tips'
[WARN] [BaseLib] GetRawText: Key 'YGO_RACE_PLANT.title' not found in table 'static_hover_tips'
[WARN] [BaseLib] GetRawText: Key 'YGO_RACE_PLANT.description' not found in table 'static_hover_tips'
[WARN] [BaseLib] GetRawText: Key 'YGO_ATTRIBUTE_EARTH.title' not found in table 'static_hover_tips'
[WARN] [BaseLib] GetRawText: Key 'YGO_ATTRIBUTE_EARTH.description' not found in table 'static_hover_tips'
[WARN] [BaseLib] GetRawText: Key 'YGO_RACE_PLANT.title' not found in table 'static_hover_tips'
[WARN] [BaseLib] GetRawText: Key 'YGO_RACE_PLANT.description' not found in table 'static_hover_tips'
[WARN] [BaseLib] GetRawText: Key 'YGO_RACE_TRAP_CONTINUOUS.title' not found in table 'static_hover_tips'
[WARN] [BaseLib] GetRawText: Key 'YGO_RACE_TRAP_CONTINUOUS.description' not found in table 'static_hover_tips'
[WARN] [BaseLib] GetRawText: Key 'YGO_RACE_TRAP_CONTINUOUS.title' not found in table 'static_hover_tips'
[WARN] [BaseLib] GetRawText: Key 'YGO_RACE_TRAP_CONTINUOUS.description' not found in table 'static_hover_tips'
[WARN] [BaseLib] GetRawText: Key 'YGO_RACE_TRAP_CONTINUOUS.title' not found in table 'static_hover_tips'
[WARN] [BaseLib] GetRawText: Key 'YGO_RACE_TRAP_CONTINUOUS.description' not found in table 'static_hover_tips'
[WARN] [BaseLib] GetRawText: Key 'YGO_ATTRIBUTE_EARTH.title' not found in table 'static_hover_tips'
[WARN] [BaseLib] GetRawText: Key 'YGO_ATTRIBUTE_EARTH.description' not found in table 'static_hover_tips'
[WARN] [BaseLib] GetRawText: Key 'YGO_RACE_BEAST.title' not found in table 'static_hover_tips'
[WARN] [BaseLib] GetRawText: Key 'YGO_RACE_BEAST.description' not found in table 'static_hover_tips'
[WARN] [BaseLib] GetRawText: Key 'YGO_ATTRIBUTE_EARTH.title' not found in table 'static_hover_tips'
[WARN] [BaseLib] GetRawText: Key 'YGO_ATTRIBUTE_EARTH.description' not found in table 'static_hover_tips'
[WARN] [BaseLib] GetRawText: Key 'YGO_RACE_BEAST.title' not found in table 'static_hover_tips'
[WARN] [BaseLib] GetRawText: Key 'YGO_RACE_BEAST.description' not found in table 'static_hover_tips'
[WARN] [BaseLib] GetRawText: Key 'YGO_ATTRIBUTE_EARTH.title' not found in table 'static_hover_tips'
[WARN] [BaseLib] GetRawText: Key 'YGO_ATTRIBUTE_EARTH.description' not found in table 'static_hover_tips'
[WARN] [BaseLib] GetRawText: Key 'YGO_RACE_ROCK.title' not found in table 'static_hover_tips'
[WARN] [BaseLib] GetRawText: Key 'YGO_RACE_ROCK.description' not found in table 'static_hover_tips'
[WARN] [BaseLib] GetRawText: Key 'YGO_ATTRIBUTE_EARTH.title' not found in table 'static_hover_tips'
[WARN] [BaseLib] GetRawText: Key 'YGO_ATTRIBUTE_EARTH.description' not found in table 'static_hover_tips'
[WARN] [BaseLib] GetRawText: Key 'YGO_RACE_ROCK.title' not found in table 'static_hover_tips'
[WARN] [BaseLib] GetRawText: Key 'YGO_RACE_ROCK.description' not found in table 'static_hover_tips'
[WARN] [BaseLib] GetRawText: Key 'YGO_ATTRIBUTE_EARTH.title' not found in table 'static_hover_tips'
[WARN] [BaseLib] GetRawText: Key 'YGO_ATTRIBUTE_EARTH.description' not found in table 'static_hover_tips'
[WARN] [BaseLib] GetRawText: Key 'YGO_RACE_WARRIOR.title' not found in table 'static_hover_tips'
[WARN] [BaseLib] GetRawText: Key 'YGO_RACE_WARRIOR.description' not found in table 'static_hover_tips'
[WARN] [BaseLib] GetRawText: Key 'YGO_RACE_SPELL_CONTINUOUS.title' not found in table 'static_hover_tips'
[WARN] [BaseLib] GetRawText: Key 'YGO_RACE_SPELL_CONTINUOUS.description' not found in table 'static_hover_tips'
[WARN] [BaseLib] GetRawText: Key 'YGO_ATTRIBUTE_FIRE.title' not found in table 'static_hover_tips'
[WARN] [BaseLib] GetRawText: Key 'YGO_ATTRIBUTE_FIRE.description' not found in table 'static_hover_tips'
[WARN] [BaseLib] GetRawText: Key 'YGO_RACE_PYRO.title' not found in table 'static_hover_tips'
[WARN] [BaseLib] GetRawText: Key 'YGO_RACE_PYRO.description' not found in table 'static_hover_tips'
[WARN] [BaseLib] GetRawText: Key 'YGO_ATTRIBUTE_EARTH.title' not found in table 'static_hover_tips'
[WARN] [BaseLib] GetRawText: Key 'YGO_ATTRIBUTE_EARTH.description' not found in table 'static_hover_tips'
[WARN] [BaseLib] GetRawText: Key 'YGO_RACE_WARRIOR.title' not found in table 'static_hover_tips'
[WARN] [BaseLib] GetRawText: Key 'YGO_RACE_WARRIOR.description' not found in table 'static_hover_tips'
[WARN] [BaseLib] GetRawText: Key 'YGO_ATTRIBUTE_LIGHT.title' not found in table 'static_hover_tips'
[WARN] [BaseLib] GetRawText: Key 'YGO_ATTRIBUTE_LIGHT.description' not found in table 'static_hover_tips'
[WARN] [BaseLib] GetRawText: Key 'YGO_RACE_THUNDER.title' not found in table 'static_hover_tips'
[WARN] [BaseLib] GetRawText: Key 'YGO_RACE_THUNDER.description' not found in table 'static_hover_tips'
[WARN] [BaseLib] GetRawText: Key 'YGO_RACE_SPELL_CONTINUOUS.title' not found in table 'static_hover_tips'
[WARN] [BaseLib] GetRawText: Key 'YGO_RACE_SPELL_CONTINUOUS.description' not found in table 'static_hover_tips'
[WARN] [BaseLib] GetRawText: Key 'YGO_RACE_TRAP_CONTINUOUS.title' not found in table 'static_hover_tips'
[WARN] [BaseLib] GetRawText: Key 'YGO_RACE_TRAP_CONTINUOUS.description' not found in table 'static_hover_tips'
[WARN] [BaseLib] GetRawText: Key 'YGO_RACE_TRAP_CONTINUOUS.title' not found in table 'static_hover_tips'
[WARN] [BaseLib] GetRawText: Key 'YGO_RACE_TRAP_CONTINUOUS.description' not found in table 'static_hover_tips'
[WARN] [BaseLib] GetRawText: Key 'YGO_ATTRIBUTE_DARK.title' not found in table 'static_hover_tips'
[WARN] [BaseLib] GetRawText: Key 'YGO_ATTRIBUTE_DARK.description' not found in table 'static_hover_tips'
[WARN] [BaseLib] GetRawText: Key 'YGO_RACE_FIEND.title' not found in table 'static_hover_tips'
[WARN] [BaseLib] GetRawText: Key 'YGO_RACE_FIEND.description' not found in table 'static_hover_tips'
[WARN] [BaseLib] GetRawText: Key 'YGO_ATTRIBUTE_LIGHT.title' not found in table 'static_hover_tips'
[WARN] [BaseLib] GetRawText: Key 'YGO_ATTRIBUTE_LIGHT.description' not found in table 'static_hover_tips'
[WARN] [BaseLib] GetRawText: Key 'YGO_RACE_FAIRY.title' not found in table 'static_hover_tips'
[WARN] [BaseLib] GetRawText: Key 'YGO_RACE_FAIRY.description' not found in table 'static_hover_tips'
[WARN] [BaseLib] GetRawText: Key 'YGO_ATTRIBUTE_DARK.title' not found in table 'static_hover_tips'
[WARN] [BaseLib] GetRawText: Key 'YGO_ATTRIBUTE_DARK.description' not found in table 'static_hover_tips'
[WARN] [BaseLib] GetRawText: Key 'YGO_RACE_FAIRY.title' not found in table 'static_hover_tips'
[WARN] [BaseLib] GetRawText: Key 'YGO_RACE_FAIRY.description' not found in table 'static_hover_tips'
[WARN] [BaseLib] GetRawText: Key 'YGO_ATTRIBUTE_WIND.title' not found in table 'static_hover_tips'
[WARN] [BaseLib] GetRawText: Key 'YGO_ATTRIBUTE_WIND.description' not found in table 'static_hover_tips'
[WARN] [BaseLib] GetRawText: Key 'YGO_RACE_WINGED_BEAST.title' not found in table 'static_hover_tips'
[WARN] [BaseLib] GetRawText: Key 'YGO_RACE_WINGED_BEAST.description' not found in table 'static_hover_tips'
[WARN] [BaseLib] GetRawText: Key 'YGO_ATTRIBUTE_EARTH.title' not found in table 'static_hover_tips'
[WARN] [BaseLib] GetRawText: Key 'YGO_ATTRIBUTE_EARTH.description' not found in table 'static_hover_tips'
[WARN] [BaseLib] GetRawText: Key 'YGO_RACE_PLANT.title' not found in table 'static_hover_tips'
[WARN] [BaseLib] GetRawText: Key 'YGO_RACE_PLANT.description' not found in table 'static_hover_tips'
[WARN] [BaseLib] GetRawText: Key 'YGO_RACE_TRAP_CONTINUOUS.title' not found in table 'static_hover_tips'
[WARN] [BaseLib] GetRawText: Key 'YGO_RACE_TRAP_CONTINUOUS.description' not found in table 'static_hover_tips'
[WARN] [BaseLib] GetRawText: Key 'YGO_RACE_TRAP_CONTINUOUS.title' not found in table 'static_hover_tips'
[WARN] [BaseLib] GetRawText: Key 'YGO_RACE_TRAP_CONTINUOUS.description' not found in table 'static_hover_tips'
[WARN] [BaseLib] GetRawText: Key 'YGO_ATTRIBUTE_EARTH.title' not found in table 'static_hover_tips'
[WARN] [BaseLib] GetRawText: Key 'YGO_ATTRIBUTE_EARTH.description' not found in table 'static_hover_tips'
[WARN] [BaseLib] GetRawText: Key 'YGO_RACE_BEAST.title' not found in table 'static_hover_tips'
[WARN] [BaseLib] GetRawText: Key 'YGO_RACE_BEAST.description' not found in table 'static_hover_tips'
[WARN] [BaseLib] GetRawText: Key 'YGO_ATTRIBUTE_EARTH.title' not found in table 'static_hover_tips'
[WARN] [BaseLib] GetRawText: Key 'YGO_ATTRIBUTE_EARTH.description' not found in table 'static_hover_tips'
[WARN] [BaseLib] GetRawText: Key 'YGO_RACE_ROCK.title' not found in table 'static_hover_tips'
[WARN] [BaseLib] GetRawText: Key 'YGO_RACE_ROCK.description' not found in table 'static_hover_tips'
[WARN] [BaseLib] GetRawText: Key 'YGO_ATTRIBUTE_EARTH.title' not found in table 'static_hover_tips'
[WARN] [BaseLib] GetRawText: Key 'YGO_ATTRIBUTE_EARTH.description' not found in table 'static_hover_tips'
[WARN] [BaseLib] GetRawText: Key 'YGO_RACE_WARRIOR.title' not found in table 'static_hover_tips'
[WARN] [BaseLib] GetRawText: Key 'YGO_RACE_WARRIOR.description' not found in table 'static_hover_tips'
[WARN] [BaseLib] GetRawText: Key 'YGO_ATTRIBUTE_EARTH.title' not found in table 'static_hover_tips'
[WARN] [BaseLib] GetRawText: Key 'YGO_ATTRIBUTE_EARTH.description' not found in table 'static_hover_tips'
[WARN] [BaseLib] GetRawText: Key 'YGO_RACE_WARRIOR.title' not found in table 'static_hover_tips'
[WARN] [BaseLib] GetRawText: Key 'YGO_RACE_WARRIOR.description' not found in table 'static_hover_tips'
[WARN] [BaseLib] GetRawText: Key 'YGO_RACE_SPELL_CONTINUOUS.title' not found in table 'static_hover_tips'
[WARN] [BaseLib] GetRawText: Key 'YGO_RACE_SPELL_CONTINUOUS.description' not found in table 'static_hover_tips'
[WARN] [BaseLib] GetRawText: Key 'YGO_ATTRIBUTE_FIRE.title' not found in table 'static_hover_tips'
[WARN] [BaseLib] GetRawText: Key 'YGO_ATTRIBUTE_FIRE.description' not found in table 'static_hover_tips'
[WARN] [BaseLib] GetRawText: Key 'YGO_RACE_PYRO.title' not found in table 'static_hover_tips'
[WARN] [BaseLib] GetRawText: Key 'YGO_RACE_PYRO.description' not found in table 'static_hover_tips'
[WARN] [BaseLib] GetRawText: Key 'YGO_ATTRIBUTE_FIRE.title' not found in table 'static_hover_tips'
[WARN] [BaseLib] GetRawText: Key 'YGO_ATTRIBUTE_FIRE.description' not found in table 'static_hover_tips'
[WARN] [BaseLib] GetRawText: Key 'YGO_RACE_PYRO.title' not found in table 'static_hover_tips'
[WARN] [BaseLib] GetRawText: Key 'YGO_RACE_PYRO.description' not found in table 'static_hover_tips'
[WARN] [BaseLib] GetRawText: Key 'YGO_ATTRIBUTE_EARTH.title' not found in table 'static_hover_tips'
[WARN] [BaseLib] GetRawText: Key 'YGO_ATTRIBUTE_EARTH.description' not found in table 'static_hover_tips'
[WARN] [BaseLib] GetRawText: Key 'YGO_RACE_WARRIOR.title' not found in table 'static_hover_tips'
[WARN] [BaseLib] GetRawText: Key 'YGO_RACE_WARRIOR.description' not found in table 'static_hover_tips'
[WARN] [BaseLib] GetRawText: Key 'YGO_ATTRIBUTE_EARTH.title' not found in table 'static_hover_tips'
[WARN] [BaseLib] GetRawText: Key 'YGO_ATTRIBUTE_EARTH.description' not found in table 'static_hover_tips'
[WARN] [BaseLib] GetRawText: Key 'YGO_RACE_WARRIOR.title' not found in table 'static_hover_tips'
[WARN] [BaseLib] GetRawText: Key 'YGO_RACE_WARRIOR.description' not found in table 'static_hover_tips'
[WARN] [BaseLib] GetRawText: Key 'YGO_ATTRIBUTE_LIGHT.title' not found in table 'static_hover_tips'
[WARN] [BaseLib] GetRawText: Key 'YGO_ATTRIBUTE_LIGHT.description' not found in table 'static_hover_tips'
[WARN] [BaseLib] GetRawText: Key 'YGO_RACE_THUNDER.title' not found in table 'static_hover_tips'
[WARN] [BaseLib] GetRawText: Key 'YGO_RACE_THUNDER.description' not found in table 'static_hover_tips'
[WARN] [BaseLib] GetRawText: Key 'YGO_ATTRIBUTE_LIGHT.title' not found in table 'static_hover_tips'
[WARN] [BaseLib] GetRawText: Key 'YGO_ATTRIBUTE_LIGHT.description' not found in table 'static_hover_tips'
[WARN] [BaseLib] GetRawText: Key 'YGO_RACE_THUNDER.title' not found in table 'static_hover_tips'
[WARN] [BaseLib] GetRawText: Key 'YGO_RACE_THUNDER.description' not found in table 'static_hover_tips'
[WARN] [BaseLib] GetRawText: Key 'YGO_RACE_SPELL_CONTINUOUS.title' not found in table 'static_hover_tips'
[WARN] [BaseLib] GetRawText: Key 'YGO_RACE_SPELL_CONTINUOUS.description' not found in table 'static_hover_tips'
[WARN] [BaseLib] GetRawText: Key 'YGO_RACE_TRAP_CONTINUOUS.title' not found in table 'static_hover_tips'
[WARN] [BaseLib] GetRawText: Key 'YGO_RACE_TRAP_CONTINUOUS.description' not found in table 'static_hover_tips'
[WARN] [BaseLib] GetRawText: Key 'YGO_RACE_TRAP_CONTINUOUS.title' not found in table 'static_hover_tips'
[WARN] [BaseLib] GetRawText: Key 'YGO_RACE_TRAP_CONTINUOUS.description' not found in table 'static_hover_tips'
[WARN] [BaseLib] GetRawText: Key 'YGO_RACE_TRAP_CONTINUOUS.title' not found in table 'static_hover_tips'
[WARN] [BaseLib] GetRawText: Key 'YGO_RACE_TRAP_CONTINUOUS.description' not found in table 'static_hover_tips'
[WARN] [BaseLib] GetRawText: Key 'YGO_ATTRIBUTE_DARK.title' not found in table 'static_hover_tips'
[WARN] [BaseLib] GetRawText: Key 'YGO_ATTRIBUTE_DARK.description' not found in table 'static_hover_tips'
[WARN] [BaseLib] GetRawText: Key 'YGO_RACE_FIEND.title' not found in table 'static_hover_tips'
[WARN] [BaseLib] GetRawText: Key 'YGO_RACE_FIEND.description' not found in table 'static_hover_tips'
[WARN] [BaseLib] GetRawText: Key 'YGO_ATTRIBUTE_DARK.title' not found in table 'static_hover_tips'
[WARN] [BaseLib] GetRawText: Key 'YGO_ATTRIBUTE_DARK.description' not found in table 'static_hover_tips'
[WARN] [BaseLib] GetRawText: Key 'YGO_RACE_FIEND.title' not found in table 'static_hover_tips'
[WARN] [BaseLib] GetRawText: Key 'YGO_RACE_FIEND.description' not found in table 'static_hover_tips'
[WARN] [BaseLib] GetRawText: Key 'YGO_ATTRIBUTE_LIGHT.title' not found in table 'static_hover_tips'
[WARN] [BaseLib] GetRawText: Key 'YGO_ATTRIBUTE_LIGHT.description' not found in table 'static_hover_tips'
[WARN] [BaseLib] GetRawText: Key 'YGO_RACE_FAIRY.title' not found in table 'static_hover_tips'
[WARN] [BaseLib] GetRawText: Key 'YGO_RACE_FAIRY.description' not found in table 'static_hover_tips'
[WARN] [BaseLib] GetRawText: Key 'YGO_ATTRIBUTE_LIGHT.title' not found in table 'static_hover_tips'
[WARN] [BaseLib] GetRawText: Key 'YGO_ATTRIBUTE_LIGHT.description' not found in table 'static_hover_tips'
[WARN] [BaseLib] GetRawText: Key 'YGO_RACE_FAIRY.title' not found in table 'static_hover_tips'
[WARN] [BaseLib] GetRawText: Key 'YGO_RACE_FAIRY.description' not found in table 'static_hover_tips'
[WARN] [BaseLib] GetRawText: Key 'YGO_ATTRIBUTE_DARK.title' not found in table 'static_hover_tips'
[WARN] [BaseLib] GetRawText: Key 'YGO_ATTRIBUTE_DARK.description' not found in table 'static_hover_tips'
[WARN] [BaseLib] GetRawText: Key 'YGO_RACE_FAIRY.title' not found in table 'static_hover_tips'
[WARN] [BaseLib] GetRawText: Key 'YGO_RACE_FAIRY.description' not found in table 'static_hover_tips'
[WARN] [BaseLib] GetRawText: Key 'YGO_ATTRIBUTE_DARK.title' not found in table 'static_hover_tips'
[WARN] [BaseLib] GetRawText: Key 'YGO_ATTRIBUTE_DARK.description' not found in table 'static_hover_tips'
[WARN] [BaseLib] GetRawText: Key 'YGO_RACE_FAIRY.title' not found in table 'static_hover_tips'
[WARN] [BaseLib] GetRawText: Key 'YGO_RACE_FAIRY.description' not found in table 'static_hover_tips'
[WARN] [BaseLib] GetRawText: Key 'YGO_ATTRIBUTE_WIND.title' not found in table 'static_hover_tips'
[WARN] [BaseLib] GetRawText: Key 'YGO_ATTRIBUTE_WIND.description' not found in table 'static_hover_tips'
[WARN] [BaseLib] GetRawText: Key 'YGO_RACE_WINGED_BEAST.title' not found in table 'static_hover_tips'
[WARN] [BaseLib] GetRawText: Key 'YGO_RACE_WINGED_BEAST.description' not found in table 'static_hover_tips'
[WARN] [BaseLib] GetRawText: Key 'YGO_ATTRIBUTE_WIND.title' not found in table 'static_hover_tips'
[WARN] [BaseLib] GetRawText: Key 'YGO_ATTRIBUTE_WIND.description' not found in table 'static_hover_tips'
[WARN] [BaseLib] GetRawText: Key 'YGO_RACE_WINGED_BEAST.title' not found in table 'static_hover_tips'
[WARN] [BaseLib] GetRawText: Key 'YGO_RACE_WINGED_BEAST.description' not found in table 'static_hover_tips'
[WARN] [BaseLib] GetRawText: Key 'YGO_ATTRIBUTE_EARTH.title' not found in table 'static_hover_tips'
[WARN] [BaseLib] GetRawText: Key 'YGO_ATTRIBUTE_EARTH.description' not found in table 'static_hover_tips'
[WARN] [BaseLib] GetRawText: Key 'YGO_RACE_PLANT.title' not found in table 'static_hover_tips'
[WARN] [BaseLib] GetRawText: Key 'YGO_RACE_PLANT.description' not found in table 'static_hover_tips'
[WARN] [BaseLib] GetRawText: Key 'YGO_ATTRIBUTE_EARTH.title' not found in table 'static_hover_tips'
[WARN] [BaseLib] GetRawText: Key 'YGO_ATTRIBUTE_EARTH.description' not found in table 'static_hover_tips'
[WARN] [BaseLib] GetRawText: Key 'YGO_RACE_PLANT.title' not found in table 'static_hover_tips'
[WARN] [BaseLib] GetRawText: Key 'YGO_RACE_PLANT.description' not found in table 'static_hover_tips'
[WARN] [BaseLib] GetRawText: Key 'YGO_RACE_TRAP_CONTINUOUS.title' not found in table 'static_hover_tips'
[WARN] [BaseLib] GetRawText: Key 'YGO_RACE_TRAP_CONTINUOUS.description' not found in table 'static_hover_tips'
[WARN] [BaseLib] GetRawText: Key 'YGO_RACE_TRAP_CONTINUOUS.title' not found in table 'static_hover_tips'
[WARN] [BaseLib] GetRawText: Key 'YGO_RACE_TRAP_CONTINUOUS.description' not found in table 'static_hover_tips'
[WARN] [BaseLib] GetRawText: Key 'YGO_RACE_TRAP_CONTINUOUS.title' not found in table 'static_hover_tips'
[WARN] [BaseLib] GetRawText: Key 'YGO_RACE_TRAP_CONTINUOUS.description' not found in table 'static_hover_tips'
[WARN] [BaseLib] GetRawText: Key 'YGO_ATTRIBUTE_EARTH.title' not found in table 'static_hover_tips'
[WARN] [BaseLib] GetRawText: Key 'YGO_ATTRIBUTE_EARTH.description' not found in table 'static_hover_tips'
[WARN] [BaseLib] GetRawText: Key 'YGO_RACE_BEAST.title' not found in table 'static_hover_tips'
[WARN] [BaseLib] GetRawText: Key 'YGO_RACE_BEAST.description' not found in table 'static_hover_tips'
[WARN] [BaseLib] GetRawText: Key 'YGO_ATTRIBUTE_EARTH.title' not found in table 'static_hover_tips'
[WARN] [BaseLib] GetRawText: Key 'YGO_ATTRIBUTE_EARTH.description' not found in table 'static_hover_tips'
[WARN] [BaseLib] GetRawText: Key 'YGO_RACE_BEAST.title' not found in table 'static_hover_tips'
[WARN] [BaseLib] GetRawText: Key 'YGO_RACE_BEAST.description' not found in table 'static_hover_tips'
[WARN] [BaseLib] GetRawText: Key 'YGO_ATTRIBUTE_EARTH.title' not found in table 'static_hover_tips'
[WARN] [BaseLib] GetRawText: Key 'YGO_ATTRIBUTE_EARTH.description' not found in table 'static_hover_tips'
[WARN] [BaseLib] GetRawText: Key 'YGO_RACE_ROCK.title' not found in table 'static_hover_tips'
[WARN] [BaseLib] GetRawText: Key 'YGO_RACE_ROCK.description' not found in table 'static_hover_tips'
[WARN] [BaseLib] GetRawText: Key 'YGO_ATTRIBUTE_EARTH.title' not found in table 'static_hover_tips'
[WARN] [BaseLib] GetRawText: Key 'YGO_ATTRIBUTE_EARTH.description' not found in table 'static_hover_tips'
[WARN] [BaseLib] GetRawText: Key 'YGO_RACE_ROCK.title' not found in table 'static_hover_tips'
[WARN] [BaseLib] GetRawText: Key 'YGO_RACE_ROCK.description' not found in table 'static_hover_tips'
[WARN] [BaseLib] GetRawText: Key 'YGO_ATTRIBUTE_EARTH.title' not found in table 'static_hover_tips'
[WARN] [BaseLib] GetRawText: Key 'YGO_ATTRIBUTE_EARTH.description' not found in table 'static_hover_tips'
[WARN] [BaseLib] GetRawText: Key 'YGO_RACE_WARRIOR.title' not found in table 'static_hover_tips'
[WARN] [BaseLib] GetRawText: Key 'YGO_RACE_WARRIOR.description' not found in table 'static_hover_tips'
[WARN] [BaseLib] GetRawText: Key 'YGO_RACE_SPELL_CONTINUOUS.title' not found in table 'static_hover_tips'
[WARN] [BaseLib] GetRawText: Key 'YGO_RACE_SPELL_CONTINUOUS.description' not found in table 'static_hover_tips'
[WARN] [BaseLib] GetRawText: Key 'YGO_ATTRIBUTE_FIRE.title' not found in table 'static_hover_tips'
[WARN] [BaseLib] GetRawText: Key 'YGO_ATTRIBUTE_FIRE.description' not found in table 'static_hover_tips'
[WARN] [BaseLib] GetRawText: Key 'YGO_RACE_PYRO.title' not found in table 'static_hover_tips'
[WARN] [BaseLib] GetRawText: Key 'YGO_RACE_PYRO.description' not found in table 'static_hover_tips'
[WARN] [BaseLib] GetRawText: Key 'YGO_ATTRIBUTE_EARTH.title' not found in table 'static_hover_tips'
[WARN] [BaseLib] GetRawText: Key 'YGO_ATTRIBUTE_EARTH.description' not found in table 'static_hover_tips'
[WARN] [BaseLib] GetRawText: Key 'YGO_RACE_WARRIOR.title' not found in table 'static_hover_tips'
[WARN] [BaseLib] GetRawText: Key 'YGO_RACE_WARRIOR.description' not found in table 'static_hover_tips'
[WARN] [BaseLib] GetRawText: Key 'YGO_ATTRIBUTE_LIGHT.title' not found in table 'static_hover_tips'
[WARN] [BaseLib] GetRawText: Key 'YGO_ATTRIBUTE_LIGHT.description' not found in table 'static_hover_tips'
[WARN] [BaseLib] GetRawText: Key 'YGO_RACE_THUNDER.title' not found in table 'static_hover_tips'
[WARN] [BaseLib] GetRawText: Key 'YGO_RACE_THUNDER.description' not found in table 'static_hover_tips'
[WARN] [BaseLib] GetRawText: Key 'YGO_RACE_SPELL_CONTINUOUS.title' not found in table 'static_hover_tips'
[WARN] [BaseLib] GetRawText: Key 'YGO_RACE_SPELL_CONTINUOUS.description' not found in table 'static_hover_tips'
[WARN] [BaseLib] GetRawText: Key 'YGO_RACE_TRAP_CONTINUOUS.title' not found in table 'static_hover_tips'
[WARN] [BaseLib] GetRawText: Key 'YGO_RACE_TRAP_CONTINUOUS.description' not found in table 'static_hover_tips'
[WARN] [BaseLib] GetRawText: Key 'YGO_RACE_TRAP_CONTINUOUS.title' not found in table 'static_hover_tips'
[WARN] [BaseLib] GetRawText: Key 'YGO_RACE_TRAP_CONTINUOUS.description' not found in table 'static_hover_tips'
[WARN] [BaseLib] GetRawText: Key 'YGO_ATTRIBUTE_DARK.title' not found in table 'static_hover_tips'
[WARN] [BaseLib] GetRawText: Key 'YGO_ATTRIBUTE_DARK.description' not found in table 'static_hover_tips'
[WARN] [BaseLib] GetRawText: Key 'YGO_RACE_FIEND.title' not found in table 'static_hover_tips'
[WARN] [BaseLib] GetRawText: Key 'YGO_RACE_FIEND.description' not found in table 'static_hover_tips'
[WARN] [BaseLib] GetRawText: Key 'YGO_ATTRIBUTE_LIGHT.title' not found in table 'static_hover_tips'
[WARN] [BaseLib] GetRawText: Key 'YGO_ATTRIBUTE_LIGHT.description' not found in table 'static_hover_tips'
[WARN] [BaseLib] GetRawText: Key 'YGO_RACE_FAIRY.title' not found in table 'static_hover_tips'
[WARN] [BaseLib] GetRawText: Key 'YGO_RACE_FAIRY.description' not found in table 'static_hover_tips'
[WARN] [BaseLib] GetRawText: Key 'YGO_ATTRIBUTE_DARK.title' not found in table 'static_hover_tips'
[WARN] [BaseLib] GetRawText: Key 'YGO_ATTRIBUTE_DARK.description' not found in table 'static_hover_tips'
[WARN] [BaseLib] GetRawText: Key 'YGO_RACE_FAIRY.title' not found in table 'static_hover_tips'
[WARN] [BaseLib] GetRawText: Key 'YGO_RACE_FAIRY.description' not found in table 'static_hover_tips'
[WARN] [BaseLib] GetRawText: Key 'YGO_ATTRIBUTE_WIND.title' not found in table 'static_hover_tips'
[WARN] [BaseLib] GetRawText: Key 'YGO_ATTRIBUTE_WIND.description' not found in table 'static_hover_tips'
[WARN] [BaseLib] GetRawText: Key 'YGO_RACE_WINGED_BEAST.title' not found in table 'static_hover_tips'
[WARN] [BaseLib] GetRawText: Key 'YGO_RACE_WINGED_BEAST.description' not found in table 'static_hover_tips'
[WARN] [BaseLib] GetRawText: Key 'YGO_ATTRIBUTE_EARTH.title' not found in table 'static_hover_tips'
[WARN] [BaseLib] GetRawText: Key 'YGO_ATTRIBUTE_EARTH.description' not found in table 'static_hover_tips'
[WARN] [BaseLib] GetRawText: Key 'YGO_RACE_PLANT.title' not found in table 'static_hover_tips'
[WARN] [BaseLib] GetRawText: Key 'YGO_RACE_PLANT.description' not found in table 'static_hover_tips'
[WARN] [BaseLib] GetRawText: Key 'YGO_RACE_TRAP_CONTINUOUS.title' not found in table 'static_hover_tips'
[WARN] [BaseLib] GetRawText: Key 'YGO_RACE_TRAP_CONTINUOUS.description' not found in table 'static_hover_tips'
[WARN] [BaseLib] GetRawText: Key 'YGO_RACE_TRAP_CONTINUOUS.title' not found in table 'static_hover_tips'
[WARN] [BaseLib] GetRawText: Key 'YGO_RACE_TRAP_CONTINUOUS.description' not found in table 'static_hover_tips'
[WARN] [BaseLib] GetRawText: Key 'YGO_ATTRIBUTE_EARTH.title' not found in table 'static_hover_tips'
[WARN] [BaseLib] GetRawText: Key 'YGO_ATTRIBUTE_EARTH.description' not found in table 'static_hover_tips'
[WARN] [BaseLib] GetRawText: Key 'YGO_RACE_BEAST.title' not found in table 'static_hover_tips'
[WARN] [BaseLib] GetRawText: Key 'YGO_RACE_BEAST.description' not found in table 'static_hover_tips'
[WARN] [BaseLib] GetRawText: Key 'YGO_ATTRIBUTE_EARTH.title' not found in table 'static_hover_tips'
[WARN] [BaseLib] GetRawText: Key 'YGO_ATTRIBUTE_EARTH.description' not found in table 'static_hover_tips'
[WARN] [BaseLib] GetRawText: Key 'YGO_RACE_ROCK.title' not found in table 'static_hover_tips'
[WARN] [BaseLib] GetRawText: Key 'YGO_RACE_ROCK.description' not found in table 'static_hover_tips'
[WARN] [BaseLib] GetRawText: Key 'YGO_ATTRIBUTE_EARTH.title' not found in table 'static_hover_tips'
[WARN] [BaseLib] GetRawText: Key 'YGO_ATTRIBUTE_EARTH.description' not found in table 'static_hover_tips'
[WARN] [BaseLib] GetRawText: Key 'YGO_RACE_WARRIOR.title' not found in table 'static_hover_tips'
[WARN] [BaseLib] GetRawText: Key 'YGO_RACE_WARRIOR.description' not found in table 'static_hover_tips'
[WARN] [BaseLib] GetRawText: Key 'YGO_ATTRIBUTE_EARTH.title' not found in table 'static_hover_tips'
[WARN] [BaseLib] GetRawText: Key 'YGO_ATTRIBUTE_EARTH.description' not found in table 'static_hover_tips'
[WARN] [BaseLib] GetRawText: Key 'YGO_RACE_WARRIOR.title' not found in table 'static_hover_tips'
[WARN] [BaseLib] GetRawText: Key 'YGO_RACE_WARRIOR.description' not found in table 'static_hover_tips'
[WARN] [BaseLib] GetRawText: Key 'YGO_RACE_SPELL_CONTINUOUS.title' not found in table 'static_hover_tips'
[WARN] [BaseLib] GetRawText: Key 'YGO_RACE_SPELL_CONTINUOUS.description' not found in table 'static_hover_tips'
[WARN] [BaseLib] GetRawText: Key 'YGO_ATTRIBUTE_FIRE.title' not found in table 'static_hover_tips'
[WARN] [BaseLib] GetRawText: Key 'YGO_ATTRIBUTE_FIRE.description' not found in table 'static_hover_tips'
[WARN] [BaseLib] GetRawText: Key 'YGO_RACE_PYRO.title' not found in table 'static_hover_tips'
[WARN] [BaseLib] GetRawText: Key 'YGO_RACE_PYRO.description' not found in table 'static_hover_tips'
[WARN] [BaseLib] GetRawText: Key 'YGO_ATTRIBUTE_FIRE.title' not found in table 'static_hover_tips'
[WARN] [BaseLib] GetRawText: Key 'YGO_ATTRIBUTE_FIRE.description' not found in table 'static_hover_tips'
[WARN] [BaseLib] GetRawText: Key 'YGO_RACE_PYRO.title' not found in table 'static_hover_tips'
[WARN] [BaseLib] GetRawText: Key 'YGO_RACE_PYRO.description' not found in table 'static_hover_tips'
[WARN] [BaseLib] GetRawText: Key 'YGO_ATTRIBUTE_EARTH.title' not found in table 'static_hover_tips'
[WARN] [BaseLib] GetRawText: Key 'YGO_ATTRIBUTE_EARTH.description' not found in table 'static_hover_tips'
[WARN] [BaseLib] GetRawText: Key 'YGO_RACE_WARRIOR.title' not found in table 'static_hover_tips'
[WARN] [BaseLib] GetRawText: Key 'YGO_RACE_WARRIOR.description' not found in table 'static_hover_tips'
[WARN] [BaseLib] GetRawText: Key 'YGO_ATTRIBUTE_EARTH.title' not found in table 'static_hover_tips'
[WARN] [BaseLib] GetRawText: Key 'YGO_ATTRIBUTE_EARTH.description' not found in table 'static_hover_tips'
[WARN] [BaseLib] GetRawText: Key 'YGO_RACE_WARRIOR.title' not found in table 'static_hover_tips'
[WARN] [BaseLib] GetRawText: Key 'YGO_RACE_WARRIOR.description' not found in table 'static_hover_tips'
[WARN] [BaseLib] GetRawText: Key 'YGO_ATTRIBUTE_LIGHT.title' not found in table 'static_hover_tips'
[WARN] [BaseLib] GetRawText: Key 'YGO_ATTRIBUTE_LIGHT.description' not found in table 'static_hover_tips'
[WARN] [BaseLib] GetRawText: Key 'YGO_RACE_THUNDER.title' not found in table 'static_hover_tips'
[WARN] [BaseLib] GetRawText: Key 'YGO_RACE_THUNDER.description' not found in table 'static_hover_tips'
[WARN] [BaseLib] GetRawText: Key 'YGO_ATTRIBUTE_LIGHT.title' not found in table 'static_hover_tips'
[WARN] [BaseLib] GetRawText: Key 'YGO_ATTRIBUTE_LIGHT.description' not found in table 'static_hover_tips'
[WARN] [BaseLib] GetRawText: Key 'YGO_RACE_THUNDER.title' not found in table 'static_hover_tips'
[WARN] [BaseLib] GetRawText: Key 'YGO_RACE_THUNDER.description' not found in table 'static_hover_tips'
[WARN] [BaseLib] GetRawText: Key 'YGO_RACE_SPELL_CONTINUOUS.title' not found in table 'static_hover_tips'
[WARN] [BaseLib] GetRawText: Key 'YGO_RACE_SPELL_CONTINUOUS.description' not found in table 'static_hover_tips'
[WARN] [BaseLib] GetRawText: Key 'YGO_RACE_TRAP_CONTINUOUS.title' not found in table 'static_hover_tips'
[WARN] [BaseLib] GetRawText: Key 'YGO_RACE_TRAP_CONTINUOUS.description' not found in table 'static_hover_tips'
[WARN] [BaseLib] GetRawText: Key 'YGO_RACE_TRAP_CONTINUOUS.title' not found in table 'static_hover_tips'
[WARN] [BaseLib] GetRawText: Key 'YGO_RACE_TRAP_CONTINUOUS.description' not found in table 'static_hover_tips'
[WARN] [BaseLib] GetRawText: Key 'YGO_RACE_TRAP_CONTINUOUS.title' not found in table 'static_hover_tips'
[WARN] [BaseLib] GetRawText: Key 'YGO_RACE_TRAP_CONTINUOUS.description' not found in table 'static_hover_tips'
[WARN] [BaseLib] GetRawText: Key 'YGO_ATTRIBUTE_DARK.title' not found in table 'static_hover_tips'
[WARN] [BaseLib] GetRawText: Key 'YGO_ATTRIBUTE_DARK.description' not found in table 'static_hover_tips'
[WARN] [BaseLib] GetRawText: Key 'YGO_RACE_FIEND.title' not found in table 'static_hover_tips'
[WARN] [BaseLib] GetRawText: Key 'YGO_RACE_FIEND.description' not found in table 'static_hover_tips'
[WARN] [BaseLib] GetRawText: Key 'YGO_ATTRIBUTE_DARK.title' not found in table 'static_hover_tips'
[WARN] [BaseLib] GetRawText: Key 'YGO_ATTRIBUTE_DARK.description' not found in table 'static_hover_tips'
[WARN] [BaseLib] GetRawText: Key 'YGO_RACE_FIEND.title' not found in table 'static_hover_tips'
[WARN] [BaseLib] GetRawText: Key 'YGO_RACE_FIEND.description' not found in table 'static_hover_tips'
[WARN] [BaseLib] GetRawText: Key 'YGO_ATTRIBUTE_LIGHT.title' not found in table 'static_hover_tips'
[WARN] [BaseLib] GetRawText: Key 'YGO_ATTRIBUTE_LIGHT.description' not found in table 'static_hover_tips'
[WARN] [BaseLib] GetRawText: Key 'YGO_RACE_FAIRY.title' not found in table 'static_hover_tips'
[WARN] [BaseLib] GetRawText: Key 'YGO_RACE_FAIRY.description' not found in table 'static_hover_tips'
[WARN] [BaseLib] GetRawText: Key 'YGO_ATTRIBUTE_LIGHT.title' not found in table 'static_hover_tips'
[WARN] [BaseLib] GetRawText: Key 'YGO_ATTRIBUTE_LIGHT.description' not found in table 'static_hover_tips'
[WARN] [BaseLib] GetRawText: Key 'YGO_RACE_FAIRY.title' not found in table 'static_hover_tips'
[WARN] [BaseLib] GetRawText: Key 'YGO_RACE_FAIRY.description' not found in table 'static_hover_tips'
[WARN] [BaseLib] GetRawText: Key 'YGO_ATTRIBUTE_DARK.title' not found in table 'static_hover_tips'
[WARN] [BaseLib] GetRawText: Key 'YGO_ATTRIBUTE_DARK.description' not found in table 'static_hover_tips'
[WARN] [BaseLib] GetRawText: Key 'YGO_RACE_FAIRY.title' not found in table 'static_hover_tips'
[WARN] [BaseLib] GetRawText: Key 'YGO_RACE_FAIRY.description' not found in table 'static_hover_tips'
[WARN] [BaseLib] GetRawText: Key 'YGO_ATTRIBUTE_DARK.title' not found in table 'static_hover_tips'
[WARN] [BaseLib] GetRawText: Key 'YGO_ATTRIBUTE_DARK.description' not found in table 'static_hover_tips'
[WARN] [BaseLib] GetRawText: Key 'YGO_RACE_FAIRY.title' not found in table 'static_hover_tips'
[WARN] [BaseLib] GetRawText: Key 'YGO_RACE_FAIRY.description' not found in table 'static_hover_tips'
[WARN] [BaseLib] GetRawText: Key 'YGO_ATTRIBUTE_WIND.title' not found in table 'static_hover_tips'
[WARN] [BaseLib] GetRawText: Key 'YGO_ATTRIBUTE_WIND.description' not found in table 'static_hover_tips'
[WARN] [BaseLib] GetRawText: Key 'YGO_RACE_WINGED_BEAST.title' not found in table 'static_hover_tips'
[WARN] [BaseLib] GetRawText: Key 'YGO_RACE_WINGED_BEAST.description' not found in table 'static_hover_tips'
[WARN] [BaseLib] GetRawText: Key 'YGO_ATTRIBUTE_WIND.title' not found in table 'static_hover_tips'
[WARN] [BaseLib] GetRawText: Key 'YGO_ATTRIBUTE_WIND.description' not found in table 'static_hover_tips'
[WARN] [BaseLib] GetRawText: Key 'YGO_RACE_WINGED_BEAST.title' not found in table 'static_hover_tips'
[WARN] [BaseLib] GetRawText: Key 'YGO_RACE_WINGED_BEAST.description' not found in table 'static_hover_tips'
[WARN] [BaseLib] GetRawText: Key 'YGO_ATTRIBUTE_EARTH.title' not found in table 'static_hover_tips'
[WARN] [BaseLib] GetRawText: Key 'YGO_ATTRIBUTE_EARTH.description' not found in table 'static_hover_tips'
[WARN] [BaseLib] GetRawText: Key 'YGO_RACE_PLANT.title' not found in table 'static_hover_tips'
[WARN] [BaseLib] GetRawText: Key 'YGO_RACE_PLANT.description' not found in table 'static_hover_tips'
[WARN] [BaseLib] GetRawText: Key 'YGO_ATTRIBUTE_EARTH.title' not found in table 'static_hover_tips'
[WARN] [BaseLib] GetRawText: Key 'YGO_ATTRIBUTE_EARTH.description' not found in table 'static_hover_tips'
[WARN] [BaseLib] GetRawText: Key 'YGO_RACE_PLANT.title' not found in table 'static_hover_tips'
[WARN] [BaseLib] GetRawText: Key 'YGO_RACE_PLANT.description' not found in table 'static_hover_tips'
[WARN] [BaseLib] GetRawText: Key 'YGO_RACE_TRAP_CONTINUOUS.title' not found in table 'static_hover_tips'
[WARN] [BaseLib] GetRawText: Key 'YGO_RACE_TRAP_CONTINUOUS.description' not found in table 'static_hover_tips'
[WARN] [BaseLib] GetRawText: Key 'YGO_RACE_TRAP_CONTINUOUS.title' not found in table 'static_hover_tips'
[WARN] [BaseLib] GetRawText: Key 'YGO_RACE_TRAP_CONTINUOUS.description' not found in table 'static_hover_tips'
[WARN] [BaseLib] GetRawText: Key 'YGO_RACE_TRAP_CONTINUOUS.title' not found in table 'static_hover_tips'
[WARN] [BaseLib] GetRawText: Key 'YGO_RACE_TRAP_CONTINUOUS.description' not found in table 'static_hover_tips'
[WARN] [BaseLib] GetRawText: Key 'YGO_ATTRIBUTE_EARTH.title' not found in table 'static_hover_tips'
[WARN] [BaseLib] GetRawText: Key 'YGO_ATTRIBUTE_EARTH.description' not found in table 'static_hover_tips'
[WARN] [BaseLib] GetRawText: Key 'YGO_RACE_BEAST.title' not found in table 'static_hover_tips'
[WARN] [BaseLib] GetRawText: Key 'YGO_RACE_BEAST.description' not found in table 'static_hover_tips'
[WARN] [BaseLib] GetRawText: Key 'YGO_ATTRIBUTE_EARTH.title' not found in table 'static_hover_tips'
[WARN] [BaseLib] GetRawText: Key 'YGO_ATTRIBUTE_EARTH.description' not found in table 'static_hover_tips'
[WARN] [BaseLib] GetRawText: Key 'YGO_RACE_BEAST.title' not found in table 'static_hover_tips'
[WARN] [BaseLib] GetRawText: Key 'YGO_RACE_BEAST.description' not found in table 'static_hover_tips'
[WARN] [BaseLib] GetRawText: Key 'YGO_ATTRIBUTE_EARTH.title' not found in table 'static_hover_tips'
[WARN] [BaseLib] GetRawText: Key 'YGO_ATTRIBUTE_EARTH.description' not found in table 'static_hover_tips'
[WARN] [BaseLib] GetRawText: Key 'YGO_RACE_ROCK.title' not found in table 'static_hover_tips'
[WARN] [BaseLib] GetRawText: Key 'YGO_RACE_ROCK.description' not found in table 'static_hover_tips'
[WARN] [BaseLib] GetRawText: Key 'YGO_ATTRIBUTE_EARTH.title' not found in table 'static_hover_tips'
[WARN] [BaseLib] GetRawText: Key 'YGO_ATTRIBUTE_EARTH.description' not found in table 'static_hover_tips'
[WARN] [BaseLib] GetRawText: Key 'YGO_RACE_ROCK.title' not found in table 'static_hover_tips'
[WARN] [BaseLib] GetRawText: Key 'YGO_RACE_ROCK.description' not found in table 'static_hover_tips'
[WARN] [BaseLib] GetRawText: Key 'YGO_ATTRIBUTE_EARTH.title' not found in table 'static_hover_tips'
[WARN] [BaseLib] GetRawText: Key 'YGO_ATTRIBUTE_EARTH.description' not found in table 'static_hover_tips'
[WARN] [BaseLib] GetRawText: Key 'YGO_RACE_WARRIOR.title' not found in table 'static_hover_tips'
[WARN] [BaseLib] GetRawText: Key 'YGO_RACE_WARRIOR.description' not found in table 'static_hover_tips'
[WARN] [BaseLib] GetRawText: Key 'YGO_RACE_SPELL_CONTINUOUS.title' not found in table 'static_hover_tips'
[WARN] [BaseLib] GetRawText: Key 'YGO_RACE_SPELL_CONTINUOUS.description' not found in table 'static_hover_tips'
[WARN] [BaseLib] GetRawText: Key 'YGO_ATTRIBUTE_FIRE.title' not found in table 'static_hover_tips'
[WARN] [BaseLib] GetRawText: Key 'YGO_ATTRIBUTE_FIRE.description' not found in table 'static_hover_tips'
[WARN] [BaseLib] GetRawText: Key 'YGO_RACE_PYRO.title' not found in table 'static_hover_tips'
[WARN] [BaseLib] GetRawText: Key 'YGO_RACE_PYRO.description' not found in table 'static_hover_tips'
[WARN] [BaseLib] GetRawText: Key 'YGO_ATTRIBUTE_EARTH.title' not found in table 'static_hover_tips'
[WARN] [BaseLib] GetRawText: Key 'YGO_ATTRIBUTE_EARTH.description' not found in table 'static_hover_tips'
[WARN] [BaseLib] GetRawText: Key 'YGO_RACE_WARRIOR.title' not found in table 'static_hover_tips'
[WARN] [BaseLib] GetRawText: Key 'YGO_RACE_WARRIOR.description' not found in table 'static_hover_tips'
[WARN] [BaseLib] GetRawText: Key 'YGO_ATTRIBUTE_LIGHT.title' not found in table 'static_hover_tips'
[WARN] [BaseLib] GetRawText: Key 'YGO_ATTRIBUTE_LIGHT.description' not found in table 'static_hover_tips'
[WARN] [BaseLib] GetRawText: Key 'YGO_RACE_THUNDER.title' not found in table 'static_hover_tips'
[WARN] [BaseLib] GetRawText: Key 'YGO_RACE_THUNDER.description' not found in table 'static_hover_tips'
[WARN] [BaseLib] GetRawText: Key 'YGO_RACE_SPELL_CONTINUOUS.title' not found in table 'static_hover_tips'
[WARN] [BaseLib] GetRawText: Key 'YGO_RACE_SPELL_CONTINUOUS.description' not found in table 'static_hover_tips'
[WARN] [BaseLib] GetRawText: Key 'YGO_RACE_TRAP_CONTINUOUS.title' not found in table 'static_hover_tips'
[WARN] [BaseLib] GetRawText: Key 'YGO_RACE_TRAP_CONTINUOUS.description' not found in table 'static_hover_tips'
[WARN] [BaseLib] GetRawText: Key 'YGO_RACE_TRAP_CONTINUOUS.title' not found in table 'static_hover_tips'
[WARN] [BaseLib] GetRawText: Key 'YGO_RACE_TRAP_CONTINUOUS.description' not found in table 'static_hover_tips'
[WARN] [BaseLib] GetRawText: Key 'YGO_ATTRIBUTE_DARK.title' not found in table 'static_hover_tips'
[WARN] [BaseLib] GetRawText: Key 'YGO_ATTRIBUTE_DARK.description' not found in table 'static_hover_tips'
[WARN] [BaseLib] GetRawText: Key 'YGO_RACE_FIEND.title' not found in table 'static_hover_tips'
[WARN] [BaseLib] GetRawText: Key 'YGO_RACE_FIEND.description' not found in table 'static_hover_tips'
[WARN] [BaseLib] GetRawText: Key 'YGO_ATTRIBUTE_LIGHT.title' not found in table 'static_hover_tips'
[WARN] [BaseLib] GetRawText: Key 'YGO_ATTRIBUTE_LIGHT.description' not found in table 'static_hover_tips'
[WARN] [BaseLib] GetRawText: Key 'YGO_RACE_FAIRY.title' not found in table 'static_hover_tips'
[WARN] [BaseLib] GetRawText: Key 'YGO_RACE_FAIRY.description' not found in table 'static_hover_tips'
[WARN] [BaseLib] GetRawText: Key 'YGO_ATTRIBUTE_DARK.title' not found in table 'static_hover_tips'
[WARN] [BaseLib] GetRawText: Key 'YGO_ATTRIBUTE_DARK.description' not found in table 'static_hover_tips'
[WARN] [BaseLib] GetRawText: Key 'YGO_RACE_FAIRY.title' not found in table 'static_hover_tips'
[WARN] [BaseLib] GetRawText: Key 'YGO_RACE_FAIRY.description' not found in table 'static_hover_tips'
[WARN] [BaseLib] GetRawText: Key 'YGO_ATTRIBUTE_WIND.title' not found in table 'static_hover_tips'
[WARN] [BaseLib] GetRawText: Key 'YGO_ATTRIBUTE_WIND.description' not found in table 'static_hover_tips'
[WARN] [BaseLib] GetRawText: Key 'YGO_RACE_WINGED_BEAST.title' not found in table 'static_hover_tips'
[WARN] [BaseLib] GetRawText: Key 'YGO_RACE_WINGED_BEAST.description' not found in table 'static_hover_tips'
[WARN] [BaseLib] GetRawText: Key 'YGO_ATTRIBUTE_EARTH.title' not found in table 'static_hover_tips'
[WARN] [BaseLib] GetRawText: Key 'YGO_ATTRIBUTE_EARTH.description' not found in table 'static_hover_tips'
[WARN] [BaseLib] GetRawText: Key 'YGO_RACE_PLANT.title' not found in table 'static_hover_tips'
[WARN] [BaseLib] GetRawText: Key 'YGO_RACE_PLANT.description' not found in table 'static_hover_tips'
[WARN] [BaseLib] GetRawText: Key 'YGO_RACE_TRAP_CONTINUOUS.title' not found in table 'static_hover_tips'
[WARN] [BaseLib] GetRawText: Key 'YGO_RACE_TRAP_CONTINUOUS.description' not found in table 'static_hover_tips'
[WARN] [BaseLib] GetRawText: Key 'YGO_RACE_TRAP_CONTINUOUS.title' not found in table 'static_hover_tips'
[WARN] [BaseLib] GetRawText: Key 'YGO_RACE_TRAP_CONTINUOUS.description' not found in table 'static_hover_tips'
[WARN] [BaseLib] GetRawText: Key 'YGO_ATTRIBUTE_EARTH.title' not found in table 'static_hover_tips'
[WARN] [BaseLib] GetRawText: Key 'YGO_ATTRIBUTE_EARTH.description' not found in table 'static_hover_tips'
[WARN] [BaseLib] GetRawText: Key 'YGO_RACE_BEAST.title' not found in table 'static_hover_tips'
[WARN] [BaseLib] GetRawText: Key 'YGO_RACE_BEAST.description' not found in table 'static_hover_tips'
[WARN] [BaseLib] GetRawText: Key 'YGO_ATTRIBUTE_EARTH.title' not found in table 'static_hover_tips'
[WARN] [BaseLib] GetRawText: Key 'YGO_ATTRIBUTE_EARTH.description' not found in table 'static_hover_tips'
[WARN] [BaseLib] GetRawText: Key 'YGO_RACE_ROCK.title' not found in table 'static_hover_tips'
[WARN] [BaseLib] GetRawText: Key 'YGO_RACE_ROCK.description' not found in table 'static_hover_tips'
[DEBUG] [NetQualityTracker] Connection statistics at 08:22:19:
[DEBUG] [NetQualityTracker] 	76561198136285041 - Ping: 54.939003. Packet Loss: 3E-45.
[WARN] [BaseLib] GetRawText: Key 'YGO_ATTRIBUTE_EARTH.title' not found in table 'static_hover_tips'
[WARN] [BaseLib] GetRawText: Key 'YGO_ATTRIBUTE_EARTH.description' not found in table 'static_hover_tips'
[WARN] [BaseLib] GetRawText: Key 'YGO_RACE_BEAST.title' not found in table 'static_hover_tips'
[WARN] [BaseLib] GetRawText: Key 'YGO_RACE_BEAST.description' not found in table 'static_hover_tips'
[WARN] [BaseLib] GetRawText: Key 'YGO_ATTRIBUTE_EARTH.title' not found in table 'static_hover_tips'
[WARN] [BaseLib] GetRawText: Key 'YGO_ATTRIBUTE_EARTH.description' not found in table 'static_hover_tips'
[WARN] [BaseLib] GetRawText: Key 'YGO_RACE_BEAST.title' not found in table 'static_hover_tips'
[WARN] [BaseLib] GetRawText: Key 'YGO_RACE_BEAST.description' not found in table 'static_hover_tips'
[WARN] [BaseLib] GetRawText: Key 'YGO_ATTRIBUTE_EARTH.title' not found in table 'static_hover_tips'
[WARN] [BaseLib] GetRawText: Key 'YGO_ATTRIBUTE_EARTH.description' not found in table 'static_hover_tips'
[WARN] [BaseLib] GetRawText: Key 'YGO_RACE_BEAST.title' not found in table 'static_hover_tips'
[WARN] [BaseLib] GetRawText: Key 'YGO_RACE_BEAST.description' not found in table 'static_hover_tips'
[WARN] [BaseLib] GetRawText: Key 'YGO_ATTRIBUTE_EARTH.title' not found in table 'static_hover_tips'
[WARN] [BaseLib] GetRawText: Key 'YGO_ATTRIBUTE_EARTH.description' not found in table 'static_hover_tips'
[WARN] [BaseLib] GetRawText: Key 'YGO_RACE_BEAST.title' not found in table 'static_hover_tips'
[WARN] [BaseLib] GetRawText: Key 'YGO_RACE_BEAST.description' not found in table 'static_hover_tips'
[WARN] [BaseLib] GetRawText: Key 'YGO_ATTRIBUTE_EARTH.title' not found in table 'static_hover_tips'
[WARN] [BaseLib] GetRawText: Key 'YGO_ATTRIBUTE_EARTH.description' not found in table 'static_hover_tips'
[WARN] [BaseLib] GetRawText: Key 'YGO_RACE_BEAST.title' not found in table 'static_hover_tips'
[WARN] [BaseLib] GetRawText: Key 'YGO_RACE_BEAST.description' not found in table 'static_hover_tips'
[WARN] [BaseLib] GetRawText: Key 'YGO_ATTRIBUTE_EARTH.title' not found in table 'static_hover_tips'
[WARN] [BaseLib] GetRawText: Key 'YGO_ATTRIBUTE_EARTH.description' not found in table 'static_hover_tips'
[WARN] [BaseLib] GetRawText: Key 'YGO_RACE_BEAST.title' not found in table 'static_hover_tips'
[WARN] [BaseLib] GetRawText: Key 'YGO_RACE_BEAST.description' not found in table 'static_hover_tips'
[DEBUG] [NetQualityTracker] Connection statistics at 08:22:39:
[DEBUG] [NetQualityTracker] 	76561198136285041 - Ping: 52.997623. Packet Loss: 3E-45.
[DEBUG] [PlayerChoiceSynchronizer] Sending player choice id 0 for player 76561198345121322, result PlayerChoiceResult indexes 0,4,6,2,5,8,13,3
[INFO] Player 76561198345121322 chose cards [YGODUELIST-THE_LAST_WARRIOR_FROM_ANOTHER_PLANET,YGODUELIST-QUEEN_S_DOUBLE,YGODUELIST-YELLOW_LUSTER_SHIELD,YGODUELIST-RAIGEKI_BREAK,YGODUELIST-ZABORG_THE_THUNDER_MONARCH,YGODUELIST-VERSAGO_THE_DESTROYER,YGODUELIST-KURAMA,YGODUELIST-FIRE_PRINCESS]
[YgoDuelist NeowDraft] (tid=1 mainThread=True) FromSimpleGrid returned chosenCount=8
[INFO] [YgoDuelist] [NeowDraft async tid=1 main=True] FromSimpleGrid returned chosenCount=8
[YgoDuelist NeowDraft] (tid=1 mainThread=True) deck +8 (deckCount=13); trunk +11 unchosen; invoked Deck.InvokeCardAddFinished for UI
[INFO] [YgoDuelist] [NeowDraft async tid=1 main=True] deck +8 (deckCount=13); trunk +11 unchosen; invoked Deck.InvokeCardAddFinished for UI
[YgoDuelist NeowDraft] (tid=1 mainThread=True) invoking SetInitialEventState (resume) via reflection…
[INFO] [YgoDuelist] [NeowDraft async tid=1 main=True] invoking SetInitialEventState (resume) via reflection…
[YgoDuelist NeowDraft] SetInitialEventState enter isPreFinished=False ownerNull=False
[INFO] [YgoDuelist] [NeowDraft] SetInitialEventState enter isPreFinished=False ownerNull=False
[YgoDuelist NeowDraft] allow original: resume-after-draft guard cleared
[INFO] [YgoDuelist] [NeowDraft] allow original: resume-after-draft guard cleared
[YgoDuelist NeowDraft] (tid=1 mainThread=True) SetInitialEventState resume finished OK
[INFO] [YgoDuelist] [NeowDraft async tid=1 main=True] SetInitialEventState resume finished OK
[YgoDuelist NeowDraft] (tid=1 mainThread=True) RunDraftThenResumeNeowAsync END
[INFO] [YgoDuelist] [NeowDraft async tid=1 main=True] RunDraftThenResumeNeowAsync END
[WARN] Asset not cached: res://scenes/vfx/map_ping_vfx.tscn
[DEBUG] [EventSynchronizer] Local player chose event option index 2
[DEBUG] [EventSynchronizer] Option index 2 chosen for player 76561198345121322 in event EVENT.NEOW. Choice key: NEOW.pages.INITIAL.options.CURSED_PEARL
[INFO] Wrote 167681 bytes to path=user://steam/76561198345121322/modded/profile1\saves\progress.save save_dir=user://steam/76561198345121322
[INFO] Wrote 167681 bytes to modded/profile1/saves/progress.save in steam remote store
[YgoDuelist][SaveLoad] ToSerializable trailer appended netId=76561198345121322 extra=1 trunk=11 side=0 minDeck=13 owedRare=0 packTagBalance=False deckCount=27
[YgoDuelist][SaveLoad] ToSerializable trailer appended netId=76561198136285041 extra=0 trunk=9 side=0 minDeck=13 owedRare=0 packTagBalance=False deckCount=29
[INFO] Wrote 70769 bytes to path=user://steam/76561198345121322/modded/profile1\saves\current_run_mp.save save_dir=user://steam/76561198345121322
[INFO] Wrote 70769 bytes to modded/profile1/saves/current_run_mp.save in steam remote store
[DEBUG] [NetQualityTracker] Connection statistics at 08:22:59:
[DEBUG] [NetQualityTracker] 	76561198136285041 - Ping: 64.763756. Packet Loss: 3E-45.
[DEBUG] [ActionQueueSynchronizer] Sending message to client to enqueue action VoteForMapCoordAction 76561198345121322 act 0 coord (3, 0)->MapVote (gen: 1 coord: (0, 1)) at 08:23:00
[DEBUG] [ActionQueueSynchronizer] Enqueueing action VoteForMapCoordAction 76561198345121322 act 0 coord (3, 0)->MapVote (gen: 1 coord: (0, 1)) from owner 76561198345121322
[DEBUG] [ActionQueueSet] Enqueueing action VoteForMapCoordAction 76561198345121322 act 0 coord (3, 0)->MapVote (gen: 1 coord: (0, 1)) to player queue owned by 76561198345121322
[DEBUG] [ActionExecutor] Action queue changed, beginning ExecuteActions
[VERYDEBUG] [ActionQueueSet] Attempting to find ready action
[VERYDEBUG] [ActionQueueSet] Action VoteForMapCoordAction 76561198345121322 act 0 coord (3, 0)->MapVote (gen: 1 coord: (0, 1)) with id 1 belonging to 76561198345121322 becomes new ready action
[VERYDEBUG] [ActionQueueSet] Queue for player 76561198136285041 is empty
[VERYDEBUG] [ActionQueueSet] Got ready action VoteForMapCoordAction 76561198345121322 act 0 coord (3, 0)->MapVote (gen: 1 coord: (0, 1)) (1)
[DEBUG] [ActionExecutor] Executing action: VoteForMapCoordAction 76561198345121322 act 0 coord (3, 0)->MapVote (gen: 1 coord: (0, 1))
[VERYDEBUG] [GameAction] Action VoteForMapCoordAction 76561198345121322 act 0 coord (3, 0)->MapVote (gen: 1 coord: (0, 1)) began executing
[INFO] Player vote changed for 76561198345121322: ->MapVote (gen: 1 coord: (0, 1))
[DEBUG] [MapSelectionSynchronizer] Received vote to move to MapVote (gen: 1 coord: (0, 1)) from player 76561198345121322 (slot 0)
[DEBUG] [MapSelectionSynchronizer] All votes received and we are host, choosing coordinate
[DEBUG] [MapSelectionSynchronizer] Moving to coordinate MapCoord (0, 1)
[DEBUG] [ActionQueueSynchronizer] Sending message to client to enqueue action MoveToMapCoordAction 76561198345121322 MapCoord (0, 1) at 08:23:00
[DEBUG] [ActionQueueSynchronizer] Enqueueing action MoveToMapCoordAction 76561198345121322 MapCoord (0, 1) from owner 76561198345121322
[DEBUG] [ActionQueueSet] Enqueueing action MoveToMapCoordAction 76561198345121322 MapCoord (0, 1) to player queue owned by 76561198345121322
[VERYDEBUG] [GameAction] Action VoteForMapCoordAction 76561198345121322 act 0 coord (3, 0)->MapVote (gen: 1 coord: (0, 1)) finished execution
[DEBUG] [ActionExecutor] Completed execution of action VoteForMapCoordAction 76561198345121322 act 0 coord (3, 0)->MapVote (gen: 1 coord: (0, 1)), attempting to find new action
[VERYDEBUG] [ActionQueueSet] Attempting to find ready action
[VERYDEBUG] [ActionQueueSet] Action MoveToMapCoordAction 76561198345121322 MapCoord (0, 1) with id 2 belonging to 76561198345121322 becomes new ready action
[VERYDEBUG] [ActionQueueSet] Queue for player 76561198136285041 is empty
[VERYDEBUG] [ActionQueueSet] Got ready action MoveToMapCoordAction 76561198345121322 MapCoord (0, 1) (2)
[DEBUG] [ActionExecutor] Executing action: MoveToMapCoordAction 76561198345121322 MapCoord (0, 1)
[VERYDEBUG] [GameAction] Action MoveToMapCoordAction 76561198345121322 MapCoord (0, 1) began executing
[VERYDEBUG] [GameAction] Action MoveToMapCoordAction 76561198345121322 MapCoord (0, 1) finished execution
[DEBUG] [ActionExecutor] Completed execution of action MoveToMapCoordAction 76561198345121322 MapCoord (0, 1), attempting to find new action
[VERYDEBUG] [ActionQueueSet] Attempting to find ready action
[VERYDEBUG] [ActionQueueSet] Queue for player 76561198345121322 is empty
[VERYDEBUG] [ActionQueueSet] Queue for player 76561198136285041 is empty
[VERYDEBUG] [ActionQueueSet] No action is ready
[DEBUG] [ChecksumTracker] Generating checksum for context: Exiting event room EVENT.NEOW action:  id: 0
[DEBUG] [CombatStateSynchronizer] Broadcasting combat sync message to all peers
[YgoDuelist][SaveLoad] ToSerializable trailer appended netId=76561198345121322 extra=1 trunk=11 side=0 minDeck=13 owedRare=0 packTagBalance=False deckCount=27
[DEBUG] [CombatStateSynchronizer] Waiting to receive all sync messages from all clients
[DEBUG] [CombatStateSynchronizer] Received sync player message from 76561198136285041
[YgoDuelist][MP][SyncStrip] trailer parsed netId=76561198136285041 extra=0 trunk=9 side=0 minDeck=13 owedRare=0 remainingMainDeck=19
[YgoDuelist][SaveLoad] RestorePending SyncWithSerializedPlayer netId=76561198136285041 extra=0 trunk=9 side=0 minDeck=13 owedRare=0
[INFO] Wrote 167681 bytes to path=user://steam/76561198345121322/modded/profile1\saves\progress.save save_dir=user://steam/76561198345121322
[INFO] Wrote 167681 bytes to modded/profile1/saves/progress.save in steam remote store
[YgoDuelist][SaveLoad] ToSerializable trailer appended netId=76561198345121322 extra=1 trunk=11 side=0 minDeck=13 owedRare=0 packTagBalance=False deckCount=27
[YgoDuelist][SaveLoad] ToSerializable trailer appended netId=76561198136285041 extra=0 trunk=9 side=0 minDeck=13 owedRare=0 packTagBalance=False deckCount=29
[INFO] Wrote 70829 bytes to path=user://steam/76561198345121322/modded/profile1\saves\current_run_mp.save save_dir=user://steam/76561198345121322
[INFO] Wrote 70829 bytes to modded/profile1/saves/current_run_mp.save in steam remote store
[YgoDuelist][SaveLoad] ToSerializable trailer appended netId=76561198345121322 extra=1 trunk=11 side=0 minDeck=13 owedRare=0 packTagBalance=False deckCount=27
[YgoDuelist][SaveLoad] ToSerializable trailer appended netId=76561198136285041 extra=0 trunk=9 side=0 minDeck=13 owedRare=0 packTagBalance=False deckCount=29
[DEBUG] [ActionExecutor] Pausing queue
[INFO] Preloading 'Combat Room' assets... count=9 vfx=0
[INFO] Preloading 'Combat Room' Complete: assets=9 time_elapsed=109ms
[INFO] Creating NCombatRoom with mode=ActiveCombat encounter=TOADPOLES_WEAK.
[WARN] Asset not cached: res://scenes/combat/multiplayer_player_intent.tscn
[WARN] Asset not cached: res://materials/vfx/hsv.tres
[YgoDuelist] YgoCardOptionPile ctor: CustomType=932200518
[YgoDuelist] YgoCardOptionPile ctor: CustomType=932200518
[YgoDuelist][MP] NetCombatCardDb: deterministic combat card IDs (count=34)
[YgoDuelist StarCounter] Initialize postfix
[INFO] [YgoDuelist] [YgoDuelist StarCounter] Initialize postfix
[YgoDuelist StarCounter] OK (Initialize): Icon.Texture set to conduit
[INFO] [YgoDuelist] [YgoDuelist StarCounter] OK (Initialize): Icon.Texture set to conduit
[YgoDuelist StarCounter] OK (Initialize): RotationLayers hidden
[INFO] [YgoDuelist] [YgoDuelist StarCounter] OK (Initialize): RotationLayers hidden
[YgoDuelist StarCounter] OK (Initialize): _hoverTip replaced with CONduit_COUNT
[INFO] [YgoDuelist] [YgoDuelist StarCounter] OK (Initialize): _hoverTip replaced with CONduit_COUNT
[YgoDuelist StarCounter] NCombatUi.Activate postfix (after reparent)
[INFO] [YgoDuelist] [YgoDuelist StarCounter] NCombatUi.Activate postfix (after reparent)
[YgoDuelist StarCounter] OK (Activate): Icon.Texture set to conduit
[INFO] [YgoDuelist] [YgoDuelist StarCounter] OK (Activate): Icon.Texture set to conduit
[YgoDuelist StarCounter] OK (Activate): RotationLayers hidden
[INFO] [YgoDuelist] [YgoDuelist StarCounter] OK (Activate): RotationLayers hidden
[YgoDuelist StarCounter] OK (Activate): _hoverTip replaced with CONduit_COUNT
[INFO] [YgoDuelist] [YgoDuelist StarCounter] OK (Activate): _hoverTip replaced with CONduit_COUNT
[DEBUG] [ActionExecutor] Pausing queue
[DEBUG] [ActionQueueSynchronizer] Combat state was previously NotInCombat. Signaling queues that combat has begun
[DEBUG] [ActionQueueSet] Combat started.
[DEBUG] [ActionQueueSynchronizer] Combat state becomes NotPlayPhase. Pausing all player queues
[DEBUG] [ActionQueueSet] Pausing all player queues
[DEBUG] [ActionExecutor] Action queue changed, beginning ExecuteActions
[VERYDEBUG] [ActionQueueSet] Attempting to find ready action
[VERYDEBUG] [ActionQueueSet] Queue for player 76561198345121322 is empty
[VERYDEBUG] [ActionQueueSet] Queue for player 76561198136285041 is empty
[VERYDEBUG] [ActionQueueSet] No action is ready
[DEBUG] [RunLocationTargetedMessageBuffer] Run location changed to act 0 coord (0, 1) (previously at: act 0 coord (3, 0)), checking if we have enqueued messages
[WARN] [BaseLib] GetRawText: Key 'YGO_ATTRIBUTE_WIND.title' not found in table 'static_hover_tips'
[WARN] [BaseLib] GetRawText: Key 'YGO_ATTRIBUTE_WIND.description' not found in table 'static_hover_tips'
[WARN] [BaseLib] GetRawText: Key 'YGO_RACE_WINGED_BEAST.title' not found in table 'static_hover_tips'
[WARN] [BaseLib] GetRawText: Key 'YGO_RACE_WINGED_BEAST.description' not found in table 'static_hover_tips'
[YgoDuelist] YgoSecondHandLayoutPatch ENTER all=1 main=1 opts=0 FocusedHolderId=0 FocusedIsOpt=False
[YgoDuelist] YgoSecondHandLayoutPatch EXIT return false
[YgoDuelist] YgoSecondHandLayoutPatch ENTER all=1 main=1 opts=0 FocusedHolderId=0 FocusedIsOpt=False
[YgoDuelist] YgoSecondHandLayoutPatch EXIT return false
[YgoDuelist] YgoSecondHandLayoutPatch ENTER all=2 main=2 opts=0 FocusedHolderId=0 FocusedIsOpt=False
[YgoDuelist] YgoSecondHandLayoutPatch EXIT return false
[YgoDuelist] YgoSecondHandLayoutPatch ENTER all=2 main=2 opts=0 FocusedHolderId=0 FocusedIsOpt=False
[YgoDuelist] YgoSecondHandLayoutPatch EXIT return false
[WARN] [BaseLib] GetRawText: Key 'YGO_ATTRIBUTE_LIGHT.title' not found in table 'static_hover_tips'
[WARN] [BaseLib] GetRawText: Key 'YGO_ATTRIBUTE_LIGHT.description' not found in table 'static_hover_tips'
[WARN] [BaseLib] GetRawText: Key 'YGO_RACE_THUNDER.title' not found in table 'static_hover_tips'
[WARN] [BaseLib] GetRawText: Key 'YGO_RACE_THUNDER.description' not found in table 'static_hover_tips'
[YgoDuelist] YgoSecondHandLayoutPatch ENTER all=3 main=3 opts=0 FocusedHolderId=0 FocusedIsOpt=False
[YgoDuelist] YgoSecondHandLayoutPatch EXIT return false
[YgoDuelist] YgoSecondHandLayoutPatch ENTER all=3 main=3 opts=0 FocusedHolderId=0 FocusedIsOpt=False
[YgoDuelist] YgoSecondHandLayoutPatch EXIT return false
[WARN] [BaseLib] GetRawText: Key 'YGO_ATTRIBUTE_DARK.title' not found in table 'static_hover_tips'
[WARN] [BaseLib] GetRawText: Key 'YGO_ATTRIBUTE_DARK.description' not found in table 'static_hover_tips'
[WARN] [BaseLib] GetRawText: Key 'YGO_RACE_FIEND.title' not found in table 'static_hover_tips'
[WARN] [BaseLib] GetRawText: Key 'YGO_RACE_FIEND.description' not found in table 'static_hover_tips'
[YgoDuelist] YgoSecondHandLayoutPatch ENTER all=4 main=4 opts=0 FocusedHolderId=0 FocusedIsOpt=False
[YgoDuelist] YgoSecondHandLayoutPatch EXIT return false
[YgoDuelist] YgoSecondHandLayoutPatch ENTER all=4 main=4 opts=0 FocusedHolderId=0 FocusedIsOpt=False
[YgoDuelist] YgoSecondHandLayoutPatch EXIT return false
[YgoDuelist] YgoSecondHandLayoutPatch ENTER all=5 main=5 opts=0 FocusedHolderId=0 FocusedIsOpt=False
[YgoDuelist] YgoSecondHandLayoutPatch EXIT return false
[YgoDuelist] YgoSecondHandLayoutPatch ENTER all=5 main=5 opts=0 FocusedHolderId=0 FocusedIsOpt=False
[YgoDuelist] YgoSecondHandLayoutPatch EXIT return false
[DEBUG] [ChecksumTracker] Generating checksum for context: After player turn start action:  id: 1
[YgoDuelist][MP][Checksum][fp] netId=76561198136285041 | pt=1 n=14:YGODUELIST-ARCANE_ARCHER_OF_THE_FOREST0bYgoDieForYouUserToggleOnFalseiPermanentAtkBonusFromExecutes01010000,20019,20043,YGODUELIST-BURNING_LAND01010009,20024,YGODUELIST-DEFEND_YGO_DUELIST010,YGODUELIST-DEFEND_YGO_DUELIST010,YGODUELIST-DEFEND_YGO_DUELIST010,YGODUELIST-EARTH_EFFIGY0bYgoDieForYouUserToggleOnFalseiPermanentAtkBonusFromExecutes01010000,20015,20043,YGODUELIST-FIRE_SORCERER0bYgoDieForYouUserToggleOnFalseiPermanentAtkBonusFromExecutes01010002,20017,20041,20043,YGODUELIST-GAIA_POWER01010009,20027,YGODUELIST-OUTSTANDING_DOG_MARRON0bYgoDieForYouUserToggleOnFalseiPermanentAtkBonusFromExecutes01010004,20001,YGODUELIST-RECKLESS_GREED01010009,10011,YGODUELIST-STRIKE_YGO_DUELIST010,YGODUELIST-STRIKE_YGO_DUELIST010,YGODUELIST-TOTAL_DEFENSE_SHOGUN0bYgoDieForYouUserToggleOnFalseiPermanentAtkBonusFromExecutes01010005,20019,20034,20043,YGODUELIST-TRAP_OF_BOARD_ERASER01010009,10011 | pt=2 n=5:YGODUELIST-HOURGLASS_OF_COURAGE0bYgoDieForYouUserToggleOnFalseiPermanentAtkBonusFromExecutes01010004,20006,20043,YGODUELIST-OJAMA_TRIO01010009,10011,YGODUELIST-ROCKET_JUMPER0bYgoDieForYouUserToggleOnFalseiPermanentAtkBonusFromExecutes01010000,20015,20043,20045,YGODUELIST-SKELENGEL0bYgoDieForYouUserToggleOnFalseiPermanentAtkBonusFromExecutes01010004,20006,20041,YGODUELIST-STRIKE_YGO_DUELIST010 | pt=3 n=0: | pt=4 n=0: | pt=5 n=0: | pt=932200512 n=0: | pt=932200513 n=0: | pt=932200514 n=0: | pt=932200515 n=0: | pt=932200516 n=0: | pt=932200517 n=0: | pt=932200518 n=0:
[YgoDuelist][MP][Checksum][fp] netId=76561198345121322 | pt=1 n=9:GREED0104,7,YGODUELIST-DEFEND_YGO_DUELIST010,YGODUELIST-FIRE_PRINCESS0bYgoDieForYouUserToggleOnFalseiPermanentAtkBonusFromExecutes01010002,20013,20043,YGODUELIST-QUEEN_S_DOUBLE0bYgoDieForYouUserToggleOnFalseiPermanentAtkBonusFromExecutes01010000,20019,20045,YGODUELIST-RAIGEKI_BREAK01010009,10011,20045,YGODUELIST-STRIKE_YGO_DUELIST010,YGODUELIST-STRIKE_YGO_DUELIST010,YGODUELIST-STRIKE_YGO_DUELIST010,YGODUELIST-YELLOW_LUSTER_SHIELD01010009,20024 | pt=2 n=5:YGODUELIST-DEFEND_YGO_DUELIST010,YGODUELIST-DEFEND_YGO_DUELIST010,YGODUELIST-KURAMA0bYgoDieForYouUserToggleOnFalseiPermanentAtkBonusFromExecutes01010003,20020,20043,YGODUELIST-VERSAGO_THE_DESTROYER0bYgoDieForYouUserToggleOnFalseiPermanentAtkBonusFromExecutes01010005,20007,20043,YGODUELIST-ZABORG_THE_THUNDER_MONARCH0bYgoDieForYouUserToggleOnFalseiPermanentAtkBonusFromExecutes01010004,20018,20034,20043 | pt=3 n=0: | pt=4 n=0: | pt=5 n=0: | pt=932200512 n=0: | pt=932200513 n=1:YGODUELIST-THE_LAST_WARRIOR_FROM_ANOTHER_PLANET0bYgoDieForYouUserToggleOnFalseiPermanentAtkBonusFromExecutes0iSummonAbsorbPrintedDefBonus01010000,20019,20036,20043 | pt=932200514 n=0: | pt=932200515 n=0: | pt=932200516 n=0: | pt=932200517 n=0: | pt=932200518 n=0:
[YgoDuelist][MP] CardKeyword enum wire width: vanillaMax=7 effectiveMax=21000 (YGO custom keywords)
[WARN] Warning: Packet writer is growing from 1024 bytes to 2048 bytes!
[DEBUG] [ActionExecutor] Un-pausing queue
[DEBUG] [ActionQueueSynchronizer] Combat state becomes PlayPhase. Requesting 0 actions and unpausing action queues
[DEBUG] [ActionQueueSet] Unpausing all player queues
[DEBUG] [ActionExecutor] Action queue changed, beginning ExecuteActions
[VERYDEBUG] [ActionQueueSet] Attempting to find ready action
[VERYDEBUG] [ActionQueueSet] Queue for player 76561198345121322 is empty
[VERYDEBUG] [ActionQueueSet] Queue for player 76561198136285041 is empty
[VERYDEBUG] [ActionQueueSet] No action is ready
[YgoDuelist] YgoSecondHandLayoutPatch ENTER all=5 main=5 opts=0 FocusedHolderId=2558760335593 FocusedIsOpt=False
[YgoDuelist] YgoSecondHandLayoutPatch EXIT return false
[YgoDuelist] YgoSecondHandLayoutPatch ENTER all=5 main=5 opts=0 FocusedHolderId=0 FocusedIsOpt=False
[YgoDuelist] YgoSecondHandLayoutPatch EXIT return false
[YgoDuelist] YgoSecondHandLayoutPatch ENTER all=5 main=5 opts=0 FocusedHolderId=2556579297678 FocusedIsOpt=False
[YgoDuelist] YgoSecondHandLayoutPatch EXIT return false
[YgoDuelist] YgoSecondHandLayoutPatch ENTER all=5 main=5 opts=0 FocusedHolderId=0 FocusedIsOpt=False
[YgoDuelist] YgoSecondHandLayoutPatch EXIT return false
[YgoDuelist] YgoSecondHandLayoutPatch ENTER all=5 main=5 opts=0 FocusedHolderId=2558760335593 FocusedIsOpt=False
[YgoDuelist] YgoSecondHandLayoutPatch EXIT return false
[YgoDuelist] YgoSecondHandLayoutPatch ENTER all=5 main=5 opts=0 FocusedHolderId=0 FocusedIsOpt=False
[YgoDuelist] YgoSecondHandLayoutPatch EXIT return false
[YgoDuelist] YgoSecondHandLayoutPatch ENTER all=5 main=5 opts=0 FocusedHolderId=2558760335593 FocusedIsOpt=False
[YgoDuelist] YgoSecondHandLayoutPatch EXIT return false
[YgoDuelist] YgoSecondHandLayoutPatch ENTER all=5 main=5 opts=0 FocusedHolderId=0 FocusedIsOpt=False
[YgoDuelist] YgoSecondHandLayoutPatch EXIT return false
[YgoDuelist] YgoSecondHandLayoutPatch ENTER all=5 main=5 opts=0 FocusedHolderId=2556579297678 FocusedIsOpt=False
[YgoDuelist] YgoSecondHandLayoutPatch EXIT return false
[YgoDuelist] YgoSecondHandLayoutPatch ENTER all=5 main=5 opts=0 FocusedHolderId=0 FocusedIsOpt=False
[YgoDuelist] YgoSecondHandLayoutPatch EXIT return false
[YgoDuelist] YgoSecondHandLayoutPatch ENTER all=5 main=5 opts=0 FocusedHolderId=2558760335593 FocusedIsOpt=False
[YgoDuelist] YgoSecondHandLayoutPatch EXIT return false
[YgoDuelist] Right mouse button pressed.
[YgoDuelist] Right-click: no currently hovered duel pet.
[YgoSetVisualDebug] Id=YGODUELIST-VERSAGO_THE_DESTROYER, YgoCardType=EffectMonster, IsHandEffectFormActive=False, WillSet=True, FaceDown=True, ShouldUseSetVisual=True
[YgoStripVisualDebug] Id=YGODUELIST-VERSAGO_THE_DESTROYER, YgoCardType=EffectMonster, Attr=Dark, Race=Fiend, IsHandEffectFormActive=False, WillSet=True, FaceDown=True, UseFaceDownStrip=True
[WARN] [BaseLib] GetRawText: Key 'YGO_ATTRIBUTE_DARK.title' not found in table 'static_hover_tips'
[WARN] [BaseLib] GetRawText: Key 'YGO_ATTRIBUTE_DARK.description' not found in table 'static_hover_tips'
[WARN] [BaseLib] GetRawText: Key 'YGO_RACE_FIEND.title' not found in table 'static_hover_tips'
[WARN] [BaseLib] GetRawText: Key 'YGO_RACE_FIEND.description' not found in table 'static_hover_tips'
[WARN] [BaseLib] GetRawText: Key 'YGO_ATTRIBUTE_DARK.title' not found in table 'static_hover_tips'
[WARN] [BaseLib] GetRawText: Key 'YGO_ATTRIBUTE_DARK.description' not found in table 'static_hover_tips'
[WARN] [BaseLib] GetRawText: Key 'YGO_RACE_FIEND.title' not found in table 'static_hover_tips'
[WARN] [BaseLib] GetRawText: Key 'YGO_RACE_FIEND.description' not found in table 'static_hover_tips'
[YgoDuelist] YgoSecondHandLayoutPatch ENTER all=5 main=5 opts=0 FocusedHolderId=2558760335593 FocusedIsOpt=False
[YgoDuelist] YgoSecondHandLayoutPatch EXIT return false
[YgoDuelist] YgoSecondHandLayoutPatch ENTER all=5 main=5 opts=0 FocusedHolderId=0 FocusedIsOpt=False
[YgoDuelist] YgoSecondHandLayoutPatch EXIT return false
[YgoDuelist] YgoSecondHandLayoutPatch ENTER all=5 main=5 opts=0 FocusedHolderId=2553626507669 FocusedIsOpt=False
[YgoDuelist] YgoSecondHandLayoutPatch EXIT return false
[YgoDuelist] Right mouse button pressed.
[YgoDuelist] Right-click: no currently hovered duel pet.
[YgoSetVisualDebug] Id=YGODUELIST-KURAMA, YgoCardType=Monster, IsHandEffectFormActive=False, WillSet=True, FaceDown=True, ShouldUseSetVisual=True
[YgoStripVisualDebug] Id=YGODUELIST-KURAMA, YgoCardType=Monster, Attr=Wind, Race=WingedBeast, IsHandEffectFormActive=False, WillSet=True, FaceDown=True, UseFaceDownStrip=True
[WARN] [BaseLib] GetRawText: Key 'YGO_ATTRIBUTE_WIND.title' not found in table 'static_hover_tips'
[WARN] [BaseLib] GetRawText: Key 'YGO_ATTRIBUTE_WIND.description' not found in table 'static_hover_tips'
[WARN] [BaseLib] GetRawText: Key 'YGO_RACE_WINGED_BEAST.title' not found in table 'static_hover_tips'
[WARN] [BaseLib] GetRawText: Key 'YGO_RACE_WINGED_BEAST.description' not found in table 'static_hover_tips'
[WARN] [BaseLib] GetRawText: Key 'YGO_ATTRIBUTE_WIND.title' not found in table 'static_hover_tips'
[WARN] [BaseLib] GetRawText: Key 'YGO_ATTRIBUTE_WIND.description' not found in table 'static_hover_tips'
[WARN] [BaseLib] GetRawText: Key 'YGO_RACE_WINGED_BEAST.title' not found in table 'static_hover_tips'
[WARN] [BaseLib] GetRawText: Key 'YGO_RACE_WINGED_BEAST.description' not found in table 'static_hover_tips'
[YgoDuelist] YgoSecondHandLayoutPatch ENTER all=5 main=5 opts=0 FocusedHolderId=2553626507669 FocusedIsOpt=False
[YgoDuelist] YgoSecondHandLayoutPatch EXIT return false
[YgoDuelist] YgoSecondHandLayoutPatch ENTER all=5 main=5 opts=0 FocusedHolderId=0 FocusedIsOpt=False
[YgoDuelist] YgoSecondHandLayoutPatch EXIT return false
[YgoDuelist] YgoSecondHandLayoutPatch ENTER all=5 main=5 opts=0 FocusedHolderId=2556579297678 FocusedIsOpt=False
[YgoDuelist] YgoSecondHandLayoutPatch EXIT return false
[YgoDuelist] YgoSecondHandLayoutPatch ENTER all=5 main=5 opts=0 FocusedHolderId=0 FocusedIsOpt=False
[YgoDuelist] YgoSecondHandLayoutPatch EXIT return false
[YgoDuelist] YgoSecondHandLayoutPatch ENTER all=5 main=5 opts=0 FocusedHolderId=2558760335593 FocusedIsOpt=False
[YgoDuelist] YgoSecondHandLayoutPatch EXIT return false
[YgoDuelist] YgoSecondHandLayoutPatch ENTER all=5 main=5 opts=0 FocusedHolderId=0 FocusedIsOpt=False
[YgoDuelist] YgoSecondHandLayoutPatch EXIT return false
[YgoDuelist] YgoSecondHandLayoutPatch ENTER all=4 main=4 opts=0 FocusedHolderId=0 FocusedIsOpt=False
[YgoDuelist] YgoSecondHandLayoutPatch EXIT return false
[DEBUG] [ActionQueueSynchronizer] Sending message to client to enqueue action PlayCardAction card: CARD.YGODUELIST-VERSAGO_THE_DESTROYER (2258042) index: 3 targetid:  at 08:23:19
[DEBUG] [ActionQueueSynchronizer] Enqueueing action PlayCardAction card: CARD.YGODUELIST-VERSAGO_THE_DESTROYER (2258042) index: 3 targetid:  from owner 76561198345121322
[YgoDuelist] YgoSecondHandLayoutPatch ENTER all=4 main=4 opts=0 FocusedHolderId=0 FocusedIsOpt=False
[YgoDuelist] YgoSecondHandLayoutPatch EXIT return false
[DEBUG] [ActionQueueSet] Enqueueing action PlayCardAction card: CARD.YGODUELIST-VERSAGO_THE_DESTROYER (2258042) index: 3 targetid:  to player queue owned by 76561198345121322
[DEBUG] [ActionExecutor] Action queue changed, beginning ExecuteActions
[VERYDEBUG] [ActionQueueSet] Attempting to find ready action
[VERYDEBUG] [ActionQueueSet] Action PlayCardAction card: CARD.YGODUELIST-VERSAGO_THE_DESTROYER (2258042) index: 3 targetid:  with id 3 belonging to 76561198345121322 becomes new ready action
[VERYDEBUG] [ActionQueueSet] Queue for player 76561198136285041 is empty
[VERYDEBUG] [ActionQueueSet] Got ready action PlayCardAction card: CARD.YGODUELIST-VERSAGO_THE_DESTROYER (2258042) index: 3 targetid:  (3)
[DEBUG] [ActionExecutor] Executing action: PlayCardAction card: CARD.YGODUELIST-VERSAGO_THE_DESTROYER (2258042) index: 3 targetid: 
[VERYDEBUG] [GameAction] Action PlayCardAction card: CARD.YGODUELIST-VERSAGO_THE_DESTROYER (2258042) index: 3 targetid:  began executing
[INFO] Player 76561198345121322 playing card YGODUELIST-VERSAGO_THE_DESTROYER (no target)
[WARN] Asset not cached: res://YgoDuelist/monsters/duel_monster/duel_monster.tscn
[WARN] Asset not cached: res://YgoDuelist/images/powers/big/power.png
[YgoDuelist] YgoSecondHandLayoutPatch ENTER all=4 main=4 opts=0 FocusedHolderId=0 FocusedIsOpt=False
[YgoDuelist] YgoSecondHandLayoutPatch EXIT return false
[DEBUG] [NetQualityTracker] Connection statistics at 08:23:19:
[DEBUG] [NetQualityTracker] 	76561198136285041 - Ping: 65.42711. Packet Loss: 3E-45.
[YgoDuelist] Hover start on duel pet: DuelMonsterModel
[YgoDuelist] Hover end on duel pet: DuelMonsterModel
[VERYDEBUG] [GameAction] Action PlayCardAction card: CARD.YGODUELIST-VERSAGO_THE_DESTROYER (2258042) index: 3 targetid:  finished execution
[DEBUG] [ChecksumTracker] Generating checksum for context: after executing action PlayCardAction card: CARD.YGODUELIST-VERSAGO_THE_DESTROYER (2258042) index: 3 targetid:  action: PlayCardAction card: CARD.YGODUELIST-VERSAGO_THE_DESTROYER (2258042) index: 3 targetid:  id: 2
[YgoDuelist][MP][Checksum][fp] netId=76561198136285041 | pt=1 n=14:YGODUELIST-ARCANE_ARCHER_OF_THE_FOREST0bYgoDieForYouUserToggleOnFalseiPermanentAtkBonusFromExecutes01010000,20019,20043,YGODUELIST-BURNING_LAND01010009,20024,YGODUELIST-DEFEND_YGO_DUELIST010,YGODUELIST-DEFEND_YGO_DUELIST010,YGODUELIST-DEFEND_YGO_DUELIST010,YGODUELIST-EARTH_EFFIGY0bYgoDieForYouUserToggleOnFalseiPermanentAtkBonusFromExecutes01010000,20015,20043,YGODUELIST-FIRE_SORCERER0bYgoDieForYouUserToggleOnFalseiPermanentAtkBonusFromExecutes01010002,20017,20041,20043,YGODUELIST-GAIA_POWER01010009,20027,YGODUELIST-OUTSTANDING_DOG_MARRON0bYgoDieForYouUserToggleOnFalseiPermanentAtkBonusFromExecutes01010004,20001,YGODUELIST-RECKLESS_GREED01010009,10011,YGODUELIST-STRIKE_YGO_DUELIST010,YGODUELIST-STRIKE_YGO_DUELIST010,YGODUELIST-TOTAL_DEFENSE_SHOGUN0bYgoDieForYouUserToggleOnFalseiPermanentAtkBonusFromExecutes01010005,20019,20034,20043,YGODUELIST-TRAP_OF_BOARD_ERASER01010009,10011 | pt=2 n=5:YGODUELIST-HOURGLASS_OF_COURAGE0bYgoDieForYouUserToggleOnFalseiPermanentAtkBonusFromExecutes01010004,20006,20043,YGODUELIST-OJAMA_TRIO01010009,10011,YGODUELIST-ROCKET_JUMPER0bYgoDieForYouUserToggleOnFalseiPermanentAtkBonusFromExecutes01010000,20015,20043,20045,YGODUELIST-SKELENGEL0bYgoDieForYouUserToggleOnFalseiPermanentAtkBonusFromExecutes01010004,20006,20041,YGODUELIST-STRIKE_YGO_DUELIST010 | pt=3 n=0: | pt=4 n=0: | pt=5 n=0: | pt=932200512 n=0: | pt=932200513 n=0: | pt=932200514 n=0: | pt=932200515 n=0: | pt=932200516 n=0: | pt=932200517 n=0: | pt=932200518 n=0:
[YgoDuelist][MP][Checksum][fp] netId=76561198345121322 | pt=1 n=9:GREED0104,7,YGODUELIST-DEFEND_YGO_DUELIST010,YGODUELIST-FIRE_PRINCESS0bYgoDieForYouUserToggleOnFalseiPermanentAtkBonusFromExecutes01010002,20013,20043,YGODUELIST-QUEEN_S_DOUBLE0bYgoDieForYouUserToggleOnFalseiPermanentAtkBonusFromExecutes01010000,20019,20045,YGODUELIST-RAIGEKI_BREAK01010009,10011,20045,YGODUELIST-STRIKE_YGO_DUELIST010,YGODUELIST-STRIKE_YGO_DUELIST010,YGODUELIST-STRIKE_YGO_DUELIST010,YGODUELIST-YELLOW_LUSTER_SHIELD01010009,20024 | pt=2 n=4:YGODUELIST-DEFEND_YGO_DUELIST010,YGODUELIST-DEFEND_YGO_DUELIST010,YGODUELIST-KURAMA0bYgoDieForYouUserToggleOnFalseiPermanentAtkBonusFromExecutes01010003,20020,20043,YGODUELIST-ZABORG_THE_THUNDER_MONARCH0bYgoDieForYouUserToggleOnFalseiPermanentAtkBonusFromExecutes01010004,20018,20034,20043 | pt=3 n=0: | pt=4 n=0: | pt=5 n=0: | pt=932200512 n=0: | pt=932200513 n=1:YGODUELIST-THE_LAST_WARRIOR_FROM_ANOTHER_PLANET0bYgoDieForYouUserToggleOnFalseiPermanentAtkBonusFromExecutes0iSummonAbsorbPrintedDefBonus01010000,20019,20036,20043 | pt=932200514 n=0: | pt=932200515 n=0: | pt=932200516 n=1:YGODUELIST-VERSAGO_THE_DESTROYER0bYgoDieForYouUserToggleOnFalseiPermanentAtkBonusFromExecutes01010005,20007,20043 | pt=932200517 n=0: | pt=932200518 n=0:
[DEBUG] [ActionExecutor] Completed execution of action PlayCardAction card: CARD.YGODUELIST-VERSAGO_THE_DESTROYER (2258042) index: 3 targetid: , attempting to find new action
[VERYDEBUG] [ActionQueueSet] Attempting to find ready action
[VERYDEBUG] [ActionQueueSet] Queue for player 76561198345121322 is empty
[VERYDEBUG] [ActionQueueSet] Queue for player 76561198136285041 is empty
[VERYDEBUG] [ActionQueueSet] No action is ready
[YgoDuelist] YgoSecondHandLayoutPatch ENTER all=4 main=4 opts=0 FocusedHolderId=2554901576853 FocusedIsOpt=False
[YgoDuelist] YgoSecondHandLayoutPatch EXIT return false
[YgoDuelist] YgoSecondHandLayoutPatch ENTER all=4 main=4 opts=0 FocusedHolderId=0 FocusedIsOpt=False
[YgoDuelist] YgoSecondHandLayoutPatch EXIT return false
[YgoDuelist] YgoSecondHandLayoutPatch ENTER all=3 main=3 opts=0 FocusedHolderId=0 FocusedIsOpt=False
[YgoDuelist] YgoSecondHandLayoutPatch EXIT return false
[DEBUG] [ActionQueueSynchronizer] Sending message to client to enqueue action PlayCardAction card: CARD.YGODUELIST-DEFEND_YGO_DUELIST (13283948) index: 1 targetid:  at 08:23:21
[DEBUG] [ActionQueueSynchronizer] Enqueueing action PlayCardAction card: CARD.YGODUELIST-DEFEND_YGO_DUELIST (13283948) index: 1 targetid:  from owner 76561198345121322
[YgoDuelist] YgoSecondHandLayoutPatch ENTER all=3 main=3 opts=0 FocusedHolderId=0 FocusedIsOpt=False
[YgoDuelist] YgoSecondHandLayoutPatch EXIT return false
[DEBUG] [ActionQueueSet] Enqueueing action PlayCardAction card: CARD.YGODUELIST-DEFEND_YGO_DUELIST (13283948) index: 1 targetid:  to player queue owned by 76561198345121322
[DEBUG] [ActionExecutor] Action queue changed, beginning ExecuteActions
[VERYDEBUG] [ActionQueueSet] Attempting to find ready action
[VERYDEBUG] [ActionQueueSet] Action PlayCardAction card: CARD.YGODUELIST-DEFEND_YGO_DUELIST (13283948) index: 1 targetid:  with id 4 belonging to 76561198345121322 becomes new ready action
[VERYDEBUG] [ActionQueueSet] Queue for player 76561198136285041 is empty
[VERYDEBUG] [ActionQueueSet] Got ready action PlayCardAction card: CARD.YGODUELIST-DEFEND_YGO_DUELIST (13283948) index: 1 targetid:  (4)
[DEBUG] [ActionExecutor] Executing action: PlayCardAction card: CARD.YGODUELIST-DEFEND_YGO_DUELIST (13283948) index: 1 targetid: 
[VERYDEBUG] [GameAction] Action PlayCardAction card: CARD.YGODUELIST-DEFEND_YGO_DUELIST (13283948) index: 1 targetid:  began executing
[INFO] Player 76561198345121322 playing card YGODUELIST-DEFEND_YGO_DUELIST (no target)
[YgoDuelist] YgoSecondHandLayoutPatch ENTER all=3 main=3 opts=0 FocusedHolderId=0 FocusedIsOpt=False
[YgoDuelist] YgoSecondHandLayoutPatch EXIT return false
[VERYDEBUG] [GameAction] Action PlayCardAction card: CARD.YGODUELIST-DEFEND_YGO_DUELIST (13283948) index: 1 targetid:  finished execution
[DEBUG] [ChecksumTracker] Generating checksum for context: after executing action PlayCardAction card: CARD.YGODUELIST-DEFEND_YGO_DUELIST (13283948) index: 1 targetid:  action: PlayCardAction card: CARD.YGODUELIST-DEFEND_YGO_DUELIST (13283948) index: 1 targetid:  id: 3
[YgoDuelist][MP][Checksum][fp] netId=76561198136285041 | pt=1 n=14:YGODUELIST-ARCANE_ARCHER_OF_THE_FOREST0bYgoDieForYouUserToggleOnFalseiPermanentAtkBonusFromExecutes01010000,20019,20043,YGODUELIST-BURNING_LAND01010009,20024,YGODUELIST-DEFEND_YGO_DUELIST010,YGODUELIST-DEFEND_YGO_DUELIST010,YGODUELIST-DEFEND_YGO_DUELIST010,YGODUELIST-EARTH_EFFIGY0bYgoDieForYouUserToggleOnFalseiPermanentAtkBonusFromExecutes01010000,20015,20043,YGODUELIST-FIRE_SORCERER0bYgoDieForYouUserToggleOnFalseiPermanentAtkBonusFromExecutes01010002,20017,20041,20043,YGODUELIST-GAIA_POWER01010009,20027,YGODUELIST-OUTSTANDING_DOG_MARRON0bYgoDieForYouUserToggleOnFalseiPermanentAtkBonusFromExecutes01010004,20001,YGODUELIST-RECKLESS_GREED01010009,10011,YGODUELIST-STRIKE_YGO_DUELIST010,YGODUELIST-STRIKE_YGO_DUELIST010,YGODUELIST-TOTAL_DEFENSE_SHOGUN0bYgoDieForYouUserToggleOnFalseiPermanentAtkBonusFromExecutes01010005,20019,20034,20043,YGODUELIST-TRAP_OF_BOARD_ERASER01010009,10011 | pt=2 n=5:YGODUELIST-HOURGLASS_OF_COURAGE0bYgoDieForYouUserToggleOnFalseiPermanentAtkBonusFromExecutes01010004,20006,20043,YGODUELIST-OJAMA_TRIO01010009,10011,YGODUELIST-ROCKET_JUMPER0bYgoDieForYouUserToggleOnFalseiPermanentAtkBonusFromExecutes01010000,20015,20043,20045,YGODUELIST-SKELENGEL0bYgoDieForYouUserToggleOnFalseiPermanentAtkBonusFromExecutes01010004,20006,20041,YGODUELIST-STRIKE_YGO_DUELIST010 | pt=3 n=0: | pt=4 n=0: | pt=5 n=0: | pt=932200512 n=0: | pt=932200513 n=0: | pt=932200514 n=0: | pt=932200515 n=0: | pt=932200516 n=0: | pt=932200517 n=0: | pt=932200518 n=0:
[YgoDuelist][MP][Checksum][fp] netId=76561198345121322 | pt=1 n=9:GREED0104,7,YGODUELIST-DEFEND_YGO_DUELIST010,YGODUELIST-FIRE_PRINCESS0bYgoDieForYouUserToggleOnFalseiPermanentAtkBonusFromExecutes01010002,20013,20043,YGODUELIST-QUEEN_S_DOUBLE0bYgoDieForYouUserToggleOnFalseiPermanentAtkBonusFromExecutes01010000,20019,20045,YGODUELIST-RAIGEKI_BREAK01010009,10011,20045,YGODUELIST-STRIKE_YGO_DUELIST010,YGODUELIST-STRIKE_YGO_DUELIST010,YGODUELIST-STRIKE_YGO_DUELIST010,YGODUELIST-YELLOW_LUSTER_SHIELD01010009,20024 | pt=2 n=3:YGODUELIST-DEFEND_YGO_DUELIST010,YGODUELIST-KURAMA0bYgoDieForYouUserToggleOnFalseiPermanentAtkBonusFromExecutes01010003,20020,20043,YGODUELIST-ZABORG_THE_THUNDER_MONARCH0bYgoDieForYouUserToggleOnFalseiPermanentAtkBonusFromExecutes01010004,20018,20034,20043 | pt=3 n=1:YGODUELIST-DEFEND_YGO_DUELIST010 | pt=4 n=0: | pt=5 n=0: | pt=932200512 n=0: | pt=932200513 n=1:YGODUELIST-THE_LAST_WARRIOR_FROM_ANOTHER_PLANET0bYgoDieForYouUserToggleOnFalseiPermanentAtkBonusFromExecutes0iSummonAbsorbPrintedDefBonus01010000,20019,20036,20043 | pt=932200514 n=0: | pt=932200515 n=0: | pt=932200516 n=1:YGODUELIST-VERSAGO_THE_DESTROYER0bYgoDieForYouUserToggleOnFalseiPermanentAtkBonusFromExecutes01010005,20007,20043 | pt=932200517 n=0: | pt=932200518 n=0:
[DEBUG] [ActionExecutor] Completed execution of action PlayCardAction card: CARD.YGODUELIST-DEFEND_YGO_DUELIST (13283948) index: 1 targetid: , attempting to find new action
[VERYDEBUG] [ActionQueueSet] Attempting to find ready action
[VERYDEBUG] [ActionQueueSet] Queue for player 76561198345121322 is empty
[VERYDEBUG] [ActionQueueSet] Queue for player 76561198136285041 is empty
[VERYDEBUG] [ActionQueueSet] No action is ready
[DEBUG] [ActionQueueSynchronizer] Sending message to client to enqueue action EndPlayerTurnAction for player 76561198345121322 round 1 at 08:23:25
[DEBUG] [ActionQueueSynchronizer] Enqueueing action EndPlayerTurnAction for player 76561198345121322 round 1 from owner 76561198345121322
[DEBUG] [ActionQueueSet] Enqueueing action EndPlayerTurnAction for player 76561198345121322 round 1 to player queue owned by 76561198345121322
[DEBUG] [ActionExecutor] Action queue changed, beginning ExecuteActions
[VERYDEBUG] [ActionQueueSet] Attempting to find ready action
[VERYDEBUG] [ActionQueueSet] Action EndPlayerTurnAction for player 76561198345121322 round 1 with id 5 belonging to 76561198345121322 becomes new ready action
[VERYDEBUG] [ActionQueueSet] Queue for player 76561198136285041 is empty
[VERYDEBUG] [ActionQueueSet] Got ready action EndPlayerTurnAction for player 76561198345121322 round 1 (5)
[DEBUG] [ActionExecutor] Executing action: EndPlayerTurnAction for player 76561198345121322 round 1
[VERYDEBUG] [GameAction] Action EndPlayerTurnAction for player 76561198345121322 round 1 began executing
[VERYDEBUG] [GameAction] Action EndPlayerTurnAction for player 76561198345121322 round 1 finished execution
[DEBUG] [ActionExecutor] Completed execution of action EndPlayerTurnAction for player 76561198345121322 round 1, attempting to find new action
[VERYDEBUG] [ActionQueueSet] Attempting to find ready action
[VERYDEBUG] [ActionQueueSet] Queue for player 76561198345121322 is empty
[VERYDEBUG] [ActionQueueSet] Queue for player 76561198136285041 is empty
[VERYDEBUG] [ActionQueueSet] No action is ready
[YgoSetVisualDebug] Id=YGODUELIST-HOURGLASS_OF_COURAGE, YgoCardType=EffectMonster, IsHandEffectFormActive=False, WillSet=True, FaceDown=True, ShouldUseSetVisual=True
[YgoStripVisualDebug] Id=YGODUELIST-HOURGLASS_OF_COURAGE, YgoCardType=EffectMonster, Attr=Light, Race=Fairy, IsHandEffectFormActive=False, WillSet=True, FaceDown=True, UseFaceDownStrip=True
[WARN] [BaseLib] GetRawText: Key 'YGO_ATTRIBUTE_LIGHT.title' not found in table 'static_hover_tips'
[WARN] [BaseLib] GetRawText: Key 'YGO_ATTRIBUTE_LIGHT.description' not found in table 'static_hover_tips'
[WARN] [BaseLib] GetRawText: Key 'YGO_RACE_FAIRY.title' not found in table 'static_hover_tips'
[WARN] [BaseLib] GetRawText: Key 'YGO_RACE_FAIRY.description' not found in table 'static_hover_tips'
[YgoStripVisualDebug] Id=YGODUELIST-SKELENGEL, YgoCardType=EffectMonster, Attr=Light, Race=Fairy, IsHandEffectFormActive=False, WillSet=True, FaceDown=False, UseFaceDownStrip=False
[WARN] [BaseLib] GetRawText: Key 'YGO_ATTRIBUTE_LIGHT.title' not found in table 'static_hover_tips'
[WARN] [BaseLib] GetRawText: Key 'YGO_ATTRIBUTE_LIGHT.description' not found in table 'static_hover_tips'
[WARN] [BaseLib] GetRawText: Key 'YGO_RACE_FAIRY.title' not found in table 'static_hover_tips'
[WARN] [BaseLib] GetRawText: Key 'YGO_RACE_FAIRY.description' not found in table 'static_hover_tips'
[YgoSetVisualDebug] Id=YGODUELIST-SKELENGEL, YgoCardType=EffectMonster, IsHandEffectFormActive=False, WillSet=True, FaceDown=False, ShouldUseSetVisual=False
[WARN] [BaseLib] GetRawText: Key 'YGO_ATTRIBUTE_LIGHT.title' not found in table 'static_hover_tips'
[WARN] [BaseLib] GetRawText: Key 'YGO_ATTRIBUTE_LIGHT.description' not found in table 'static_hover_tips'
[WARN] [BaseLib] GetRawText: Key 'YGO_RACE_FAIRY.title' not found in table 'static_hover_tips'
[WARN] [BaseLib] GetRawText: Key 'YGO_RACE_FAIRY.description' not found in table 'static_hover_tips'
[YgoStripVisualDebug] Id=YGODUELIST-ROCKET_JUMPER, YgoCardType=EffectMonster, Attr=Earth, Race=Rock, IsHandEffectFormActive=False, WillSet=True, FaceDown=False, UseFaceDownStrip=False
[WARN] [BaseLib] GetRawText: Key 'YGO_ATTRIBUTE_EARTH.title' not found in table 'static_hover_tips'
[WARN] [BaseLib] GetRawText: Key 'YGO_ATTRIBUTE_EARTH.description' not found in table 'static_hover_tips'
[WARN] [BaseLib] GetRawText: Key 'YGO_RACE_ROCK.title' not found in table 'static_hover_tips'
[WARN] [BaseLib] GetRawText: Key 'YGO_RACE_ROCK.description' not found in table 'static_hover_tips'
[YgoSetVisualDebug] Id=YGODUELIST-ROCKET_JUMPER, YgoCardType=EffectMonster, IsHandEffectFormActive=False, WillSet=True, FaceDown=False, ShouldUseSetVisual=False
[WARN] [BaseLib] GetRawText: Key 'YGO_ATTRIBUTE_EARTH.title' not found in table 'static_hover_tips'
[WARN] [BaseLib] GetRawText: Key 'YGO_ATTRIBUTE_EARTH.description' not found in table 'static_hover_tips'
[WARN] [BaseLib] GetRawText: Key 'YGO_RACE_ROCK.title' not found in table 'static_hover_tips'
[WARN] [BaseLib] GetRawText: Key 'YGO_RACE_ROCK.description' not found in table 'static_hover_tips'
[WARN] [BaseLib] GetRawText: Key 'YGO_ATTRIBUTE_LIGHT.title' not found in table 'static_hover_tips'
[WARN] [BaseLib] GetRawText: Key 'YGO_ATTRIBUTE_LIGHT.description' not found in table 'static_hover_tips'
[WARN] [BaseLib] GetRawText: Key 'YGO_RACE_FAIRY.title' not found in table 'static_hover_tips'
[WARN] [BaseLib] GetRawText: Key 'YGO_RACE_FAIRY.description' not found in table 'static_hover_tips'
[WARN] [BaseLib] GetRawText: Key 'YGO_ATTRIBUTE_LIGHT.title' not found in table 'static_hover_tips'
[WARN] [BaseLib] GetRawText: Key 'YGO_ATTRIBUTE_LIGHT.description' not found in table 'static_hover_tips'
[WARN] [BaseLib] GetRawText: Key 'YGO_RACE_FAIRY.title' not found in table 'static_hover_tips'
[WARN] [BaseLib] GetRawText: Key 'YGO_RACE_FAIRY.description' not found in table 'static_hover_tips'
[WARN] [BaseLib] GetRawText: Key 'YGO_ATTRIBUTE_LIGHT.title' not found in table 'static_hover_tips'
[WARN] [BaseLib] GetRawText: Key 'YGO_ATTRIBUTE_LIGHT.description' not found in table 'static_hover_tips'
[WARN] [BaseLib] GetRawText: Key 'YGO_RACE_FAIRY.title' not found in table 'static_hover_tips'
[WARN] [BaseLib] GetRawText: Key 'YGO_RACE_FAIRY.description' not found in table 'static_hover_tips'
[VERYDEBUG] [RunLocationTargetedMessageBuffer] Handling map-targeted message RequestEnqueueActionMessage location: act 0 coord (0, 1) action: NetPlayCardAction (NetCombatCard 2049) target: null from 76561198136285041 for location act 0 coord (0, 1)
[DEBUG] [ActionQueueSynchronizer] Received request enqueue action for action NetPlayCardAction (NetCombatCard 2049) target: null (76561198136285041) at 08:23:35
[DEBUG] [ActionQueueSynchronizer] Sending message to client to enqueue action PlayCardAction card: CARD.YGODUELIST-HOURGLASS_OF_COURAGE (31693371) index: 2049 targetid:  at 08:23:35
[DEBUG] [ActionQueueSynchronizer] Enqueueing action PlayCardAction card: CARD.YGODUELIST-HOURGLASS_OF_COURAGE (31693371) index: 2049 targetid:  from owner 76561198136285041
[WARN] [BaseLib] GetRawText: Key 'YGO_ATTRIBUTE_LIGHT.title' not found in table 'static_hover_tips'
[WARN] [BaseLib] GetRawText: Key 'YGO_ATTRIBUTE_LIGHT.description' not found in table 'static_hover_tips'
[WARN] [BaseLib] GetRawText: Key 'YGO_RACE_FAIRY.title' not found in table 'static_hover_tips'
[WARN] [BaseLib] GetRawText: Key 'YGO_RACE_FAIRY.description' not found in table 'static_hover_tips'
[DEBUG] [ActionQueueSet] Enqueueing action PlayCardAction card: CARD.YGODUELIST-HOURGLASS_OF_COURAGE (31693371) index: 2049 targetid:  to player queue owned by 76561198136285041
[DEBUG] [ActionExecutor] Action queue changed, beginning ExecuteActions
[VERYDEBUG] [ActionQueueSet] Attempting to find ready action
[VERYDEBUG] [ActionQueueSet] Queue for player 76561198345121322 is empty
[VERYDEBUG] [ActionQueueSet] Action PlayCardAction card: CARD.YGODUELIST-HOURGLASS_OF_COURAGE (31693371) index: 2049 targetid:  with id 6 belonging to 76561198136285041 becomes new ready action
[VERYDEBUG] [ActionQueueSet] Got ready action PlayCardAction card: CARD.YGODUELIST-HOURGLASS_OF_COURAGE (31693371) index: 2049 targetid:  (6)
[DEBUG] [ActionExecutor] Executing action: PlayCardAction card: CARD.YGODUELIST-HOURGLASS_OF_COURAGE (31693371) index: 2049 targetid: 
[VERYDEBUG] [GameAction] Action PlayCardAction card: CARD.YGODUELIST-HOURGLASS_OF_COURAGE (31693371) index: 2049 targetid:  began executing
[WARN] [BaseLib] GetRawText: Key 'YGO_ATTRIBUTE_LIGHT.title' not found in table 'static_hover_tips'
[WARN] [BaseLib] GetRawText: Key 'YGO_ATTRIBUTE_LIGHT.description' not found in table 'static_hover_tips'
[WARN] [BaseLib] GetRawText: Key 'YGO_RACE_FAIRY.title' not found in table 'static_hover_tips'
[WARN] [BaseLib] GetRawText: Key 'YGO_RACE_FAIRY.description' not found in table 'static_hover_tips'
[WARN] [BaseLib] GetRawText: Key 'YGO_ATTRIBUTE_LIGHT.title' not found in table 'static_hover_tips'
[WARN] [BaseLib] GetRawText: Key 'YGO_ATTRIBUTE_LIGHT.description' not found in table 'static_hover_tips'
[WARN] [BaseLib] GetRawText: Key 'YGO_RACE_FAIRY.title' not found in table 'static_hover_tips'
[WARN] [BaseLib] GetRawText: Key 'YGO_RACE_FAIRY.description' not found in table 'static_hover_tips'
[YgoDuelist][MP][HandStance] Observer applied wire hand stance atk=False handEffect=False faceDown=True willSet=True netIdx=2049 card=YGODUELIST-HOURGLASS_OF_COURAGE
[YgoDuelist][MP][PlayCard] Remote peer: mirrored vanilla ExecuteAction body (owner=76561198136285041 card=YGODUELIST-HOURGLASS_OF_COURAGE)
[INFO] Player 76561198136285041 playing card YGODUELIST-HOURGLASS_OF_COURAGE (no target) [YgoDuelist remote mirror, skipped CanPlay]
[VERYDEBUG] [GameAction] Action PlayCardAction card: CARD.YGODUELIST-HOURGLASS_OF_COURAGE (31693371) index: 2049 targetid:  finished execution
[DEBUG] [ChecksumTracker] Generating checksum for context: after executing action PlayCardAction card: CARD.YGODUELIST-HOURGLASS_OF_COURAGE (31693371) index: 2049 targetid:  action: PlayCardAction card: CARD.YGODUELIST-HOURGLASS_OF_COURAGE (31693371) index: 2049 targetid:  id: 4
[YgoDuelist][MP][Checksum][fp] netId=76561198136285041 | pt=1 n=14:YGODUELIST-ARCANE_ARCHER_OF_THE_FOREST0bYgoDieForYouUserToggleOnFalseiPermanentAtkBonusFromExecutes01010000,20019,20043,YGODUELIST-BURNING_LAND01010009,20024,YGODUELIST-DEFEND_YGO_DUELIST010,YGODUELIST-DEFEND_YGO_DUELIST010,YGODUELIST-DEFEND_YGO_DUELIST010,YGODUELIST-EARTH_EFFIGY0bYgoDieForYouUserToggleOnFalseiPermanentAtkBonusFromExecutes01010000,20015,20043,YGODUELIST-FIRE_SORCERER0bYgoDieForYouUserToggleOnFalseiPermanentAtkBonusFromExecutes01010002,20017,20041,20043,YGODUELIST-GAIA_POWER01010009,20027,YGODUELIST-OUTSTANDING_DOG_MARRON0bYgoDieForYouUserToggleOnFalseiPermanentAtkBonusFromExecutes01010004,20001,YGODUELIST-RECKLESS_GREED01010009,10011,YGODUELIST-STRIKE_YGO_DUELIST010,YGODUELIST-STRIKE_YGO_DUELIST010,YGODUELIST-TOTAL_DEFENSE_SHOGUN0bYgoDieForYouUserToggleOnFalseiPermanentAtkBonusFromExecutes01010005,20019,20034,20043,YGODUELIST-TRAP_OF_BOARD_ERASER01010009,10011 | pt=2 n=4:YGODUELIST-OJAMA_TRIO01010009,10011,YGODUELIST-ROCKET_JUMPER0bYgoDieForYouUserToggleOnFalseiPermanentAtkBonusFromExecutes01010000,20015,20043,20045,YGODUELIST-SKELENGEL0bYgoDieForYouUserToggleOnFalseiPermanentAtkBonusFromExecutes01010004,20006,20041,YGODUELIST-STRIKE_YGO_DUELIST010 | pt=3 n=0: | pt=4 n=0: | pt=5 n=0: | pt=932200512 n=0: | pt=932200513 n=0: | pt=932200514 n=0: | pt=932200515 n=0: | pt=932200516 n=1:YGODUELIST-HOURGLASS_OF_COURAGE0bYgoDieForYouUserToggleOnFalseiPermanentAtkBonusFromExecutes01010004,20006,20043 | pt=932200517 n=0: | pt=932200518 n=0:
[YgoDuelist][MP][Checksum][fp] netId=76561198345121322 | pt=1 n=9:GREED0104,7,YGODUELIST-DEFEND_YGO_DUELIST010,YGODUELIST-FIRE_PRINCESS0bYgoDieForYouUserToggleOnFalseiPermanentAtkBonusFromExecutes01010002,20013,20043,YGODUELIST-QUEEN_S_DOUBLE0bYgoDieForYouUserToggleOnFalseiPermanentAtkBonusFromExecutes01010000,20019,20045,YGODUELIST-RAIGEKI_BREAK01010009,10011,20045,YGODUELIST-STRIKE_YGO_DUELIST010,YGODUELIST-STRIKE_YGO_DUELIST010,YGODUELIST-STRIKE_YGO_DUELIST010,YGODUELIST-YELLOW_LUSTER_SHIELD01010009,20024 | pt=2 n=3:YGODUELIST-DEFEND_YGO_DUELIST010,YGODUELIST-KURAMA0bYgoDieForYouUserToggleOnFalseiPermanentAtkBonusFromExecutes01010003,20020,20043,YGODUELIST-ZABORG_THE_THUNDER_MONARCH0bYgoDieForYouUserToggleOnFalseiPermanentAtkBonusFromExecutes01010004,20018,20034,20043 | pt=3 n=1:YGODUELIST-DEFEND_YGO_DUELIST010 | pt=4 n=0: | pt=5 n=0: | pt=932200512 n=0: | pt=932200513 n=1:YGODUELIST-THE_LAST_WARRIOR_FROM_ANOTHER_PLANET0bYgoDieForYouUserToggleOnFalseiPermanentAtkBonusFromExecutes0iSummonAbsorbPrintedDefBonus01010000,20019,20036,20043 | pt=932200514 n=0: | pt=932200515 n=0: | pt=932200516 n=1:YGODUELIST-VERSAGO_THE_DESTROYER0bYgoDieForYouUserToggleOnFalseiPermanentAtkBonusFromExecutes01010005,20007,20043 | pt=932200517 n=0: | pt=932200518 n=0:
[DEBUG] [ActionExecutor] Completed execution of action PlayCardAction card: CARD.YGODUELIST-HOURGLASS_OF_COURAGE (31693371) index: 2049 targetid: , attempting to find new action
[VERYDEBUG] [ActionQueueSet] Attempting to find ready action
[VERYDEBUG] [ActionQueueSet] Queue for player 76561198345121322 is empty
[VERYDEBUG] [ActionQueueSet] Queue for player 76561198136285041 is empty
[VERYDEBUG] [ActionQueueSet] No action is ready
[DEBUG] [NetQualityTracker] Connection statistics at 08:23:39:
[DEBUG] [NetQualityTracker] 	76561198136285041 - Ping: 66.79374. Packet Loss: 3E-45.
[VERYDEBUG] [RunLocationTargetedMessageBuffer] Handling map-targeted message RequestEnqueueActionMessage location: act 0 coord (0, 1) action: NetPlayCardAction (NetCombatCard 2050) target: 3 from 76561198136285041 for location act 0 coord (0, 1)
[DEBUG] [ActionQueueSynchronizer] Received request enqueue action for action NetPlayCardAction (NetCombatCard 2050) target: 3 (76561198136285041) at 08:23:39
[DEBUG] [ActionQueueSynchronizer] Sending message to client to enqueue action PlayCardAction card: CARD.YGODUELIST-STRIKE_YGO_DUELIST (16804888) index: 2050 targetid: 3 at 08:23:39
[DEBUG] [ActionQueueSynchronizer] Enqueueing action PlayCardAction card: CARD.YGODUELIST-STRIKE_YGO_DUELIST (16804888) index: 2050 targetid: 3 from owner 76561198136285041
[DEBUG] [ActionQueueSet] Enqueueing action PlayCardAction card: CARD.YGODUELIST-STRIKE_YGO_DUELIST (16804888) index: 2050 targetid: 3 to player queue owned by 76561198136285041
[DEBUG] [ActionExecutor] Action queue changed, beginning ExecuteActions
[VERYDEBUG] [ActionQueueSet] Attempting to find ready action
[VERYDEBUG] [ActionQueueSet] Queue for player 76561198345121322 is empty
[VERYDEBUG] [ActionQueueSet] Action PlayCardAction card: CARD.YGODUELIST-STRIKE_YGO_DUELIST (16804888) index: 2050 targetid: 3 with id 7 belonging to 76561198136285041 becomes new ready action
[VERYDEBUG] [ActionQueueSet] Got ready action PlayCardAction card: CARD.YGODUELIST-STRIKE_YGO_DUELIST (16804888) index: 2050 targetid: 3 (7)
[DEBUG] [ActionExecutor] Executing action: PlayCardAction card: CARD.YGODUELIST-STRIKE_YGO_DUELIST (16804888) index: 2050 targetid: 3
[VERYDEBUG] [GameAction] Action PlayCardAction card: CARD.YGODUELIST-STRIKE_YGO_DUELIST (16804888) index: 2050 targetid: 3 began executing
[INFO] Player 76561198136285041 playing card YGODUELIST-STRIKE_YGO_DUELIST (targeting Toadpole (index 5))
[VERYDEBUG] [GameAction] Action PlayCardAction card: CARD.YGODUELIST-STRIKE_YGO_DUELIST (16804888) index: 2050 targetid: 3 finished execution
[DEBUG] [ChecksumTracker] Generating checksum for context: after executing action PlayCardAction card: CARD.YGODUELIST-STRIKE_YGO_DUELIST (16804888) index: 2050 targetid: 3 action: PlayCardAction card: CARD.YGODUELIST-STRIKE_YGO_DUELIST (16804888) index: 2050 targetid: 3 id: 5
[YgoDuelist][MP][Checksum][fp] netId=76561198136285041 | pt=1 n=14:YGODUELIST-ARCANE_ARCHER_OF_THE_FOREST0bYgoDieForYouUserToggleOnFalseiPermanentAtkBonusFromExecutes01010000,20019,20043,YGODUELIST-BURNING_LAND01010009,20024,YGODUELIST-DEFEND_YGO_DUELIST010,YGODUELIST-DEFEND_YGO_DUELIST010,YGODUELIST-DEFEND_YGO_DUELIST010,YGODUELIST-EARTH_EFFIGY0bYgoDieForYouUserToggleOnFalseiPermanentAtkBonusFromExecutes01010000,20015,20043,YGODUELIST-FIRE_SORCERER0bYgoDieForYouUserToggleOnFalseiPermanentAtkBonusFromExecutes01010002,20017,20041,20043,YGODUELIST-GAIA_POWER01010009,20027,YGODUELIST-OUTSTANDING_DOG_MARRON0bYgoDieForYouUserToggleOnFalseiPermanentAtkBonusFromExecutes01010004,20001,YGODUELIST-RECKLESS_GREED01010009,10011,YGODUELIST-STRIKE_YGO_DUELIST010,YGODUELIST-STRIKE_YGO_DUELIST010,YGODUELIST-TOTAL_DEFENSE_SHOGUN0bYgoDieForYouUserToggleOnFalseiPermanentAtkBonusFromExecutes01010005,20019,20034,20043,YGODUELIST-TRAP_OF_BOARD_ERASER01010009,10011 | pt=2 n=3:YGODUELIST-OJAMA_TRIO01010009,10011,YGODUELIST-ROCKET_JUMPER0bYgoDieForYouUserToggleOnFalseiPermanentAtkBonusFromExecutes01010000,20015,20043,20045,YGODUELIST-SKELENGEL0bYgoDieForYouUserToggleOnFalseiPermanentAtkBonusFromExecutes01010004,20006,20041 | pt=3 n=1:YGODUELIST-STRIKE_YGO_DUELIST010 | pt=4 n=0: | pt=5 n=0: | pt=932200512 n=0: | pt=932200513 n=0: | pt=932200514 n=0: | pt=932200515 n=0: | pt=932200516 n=1:YGODUELIST-HOURGLASS_OF_COURAGE0bYgoDieForYouUserToggleOnFalseiPermanentAtkBonusFromExecutes01010004,20006,20043 | pt=932200517 n=0: | pt=932200518 n=0:
[YgoDuelist][MP][Checksum][fp] netId=76561198345121322 | pt=1 n=9:GREED0104,7,YGODUELIST-DEFEND_YGO_DUELIST010,YGODUELIST-FIRE_PRINCESS0bYgoDieForYouUserToggleOnFalseiPermanentAtkBonusFromExecutes01010002,20013,20043,YGODUELIST-QUEEN_S_DOUBLE0bYgoDieForYouUserToggleOnFalseiPermanentAtkBonusFromExecutes01010000,20019,20045,YGODUELIST-RAIGEKI_BREAK01010009,10011,20045,YGODUELIST-STRIKE_YGO_DUELIST010,YGODUELIST-STRIKE_YGO_DUELIST010,YGODUELIST-STRIKE_YGO_DUELIST010,YGODUELIST-YELLOW_LUSTER_SHIELD01010009,20024 | pt=2 n=3:YGODUELIST-DEFEND_YGO_DUELIST010,YGODUELIST-KURAMA0bYgoDieForYouUserToggleOnFalseiPermanentAtkBonusFromExecutes01010003,20020,20043,YGODUELIST-ZABORG_THE_THUNDER_MONARCH0bYgoDieForYouUserToggleOnFalseiPermanentAtkBonusFromExecutes01010004,20018,20034,20043 | pt=3 n=1:YGODUELIST-DEFEND_YGO_DUELIST010 | pt=4 n=0: | pt=5 n=0: | pt=932200512 n=0: | pt=932200513 n=1:YGODUELIST-THE_LAST_WARRIOR_FROM_ANOTHER_PLANET0bYgoDieForYouUserToggleOnFalseiPermanentAtkBonusFromExecutes0iSummonAbsorbPrintedDefBonus01010000,20019,20036,20043 | pt=932200514 n=0: | pt=932200515 n=0: | pt=932200516 n=1:YGODUELIST-VERSAGO_THE_DESTROYER0bYgoDieForYouUserToggleOnFalseiPermanentAtkBonusFromExecutes01010005,20007,20043 | pt=932200517 n=0: | pt=932200518 n=0:
[DEBUG] [ActionExecutor] Completed execution of action PlayCardAction card: CARD.YGODUELIST-STRIKE_YGO_DUELIST (16804888) index: 2050 targetid: 3, attempting to find new action
[VERYDEBUG] [ActionQueueSet] Attempting to find ready action
[VERYDEBUG] [ActionQueueSet] Queue for player 76561198345121322 is empty
[VERYDEBUG] [ActionQueueSet] Queue for player 76561198136285041 is empty
[VERYDEBUG] [ActionQueueSet] No action is ready
[VERYDEBUG] [RunLocationTargetedMessageBuffer] Handling map-targeted message RequestEnqueueActionMessage location: act 0 coord (0, 1) action: NetEndPlayerTurnAction round: 1 from 76561198136285041 for location act 0 coord (0, 1)
[DEBUG] [ActionQueueSynchronizer] Received request enqueue action for action NetEndPlayerTurnAction round: 1 (76561198136285041) at 08:23:41
[DEBUG] [ActionQueueSynchronizer] Sending message to client to enqueue action EndPlayerTurnAction for player 76561198136285041 round 1 at 08:23:41
[DEBUG] [ActionQueueSynchronizer] Enqueueing action EndPlayerTurnAction for player 76561198136285041 round 1 from owner 76561198136285041
[DEBUG] [ActionQueueSet] Enqueueing action EndPlayerTurnAction for player 76561198136285041 round 1 to player queue owned by 76561198136285041
[DEBUG] [ActionExecutor] Action queue changed, beginning ExecuteActions
[VERYDEBUG] [ActionQueueSet] Attempting to find ready action
[VERYDEBUG] [ActionQueueSet] Queue for player 76561198345121322 is empty
[VERYDEBUG] [ActionQueueSet] Action EndPlayerTurnAction for player 76561198136285041 round 1 with id 8 belonging to 76561198136285041 becomes new ready action
[VERYDEBUG] [ActionQueueSet] Got ready action EndPlayerTurnAction for player 76561198136285041 round 1 (8)
[DEBUG] [ActionExecutor] Executing action: EndPlayerTurnAction for player 76561198136285041 round 1
[VERYDEBUG] [GameAction] Action EndPlayerTurnAction for player 76561198136285041 round 1 began executing
[VERYDEBUG] [GameAction] Action EndPlayerTurnAction for player 76561198136285041 round 1 finished execution
[DEBUG] [ActionQueueSynchronizer] Combat state becomes EndTurnPhaseOne (from PlayPhase). Starting to cancel all player-driven actions
[DEBUG] [ActionQueueSet] Setting all player queues to cancel all non-hook actions
[VERYDEBUG] [ActionQueueSet] Attempting to find ready action
[VERYDEBUG] [ActionQueueSet] Queue for player 76561198345121322 is empty
[VERYDEBUG] [ActionQueueSet] Queue for player 76561198136285041 is empty
[VERYDEBUG] [ActionQueueSet] No action is ready
[DEBUG] [ChecksumTracker] Generating checksum for context: After player turn phase one end action:  id: 6
[YgoDuelist][MP][Checksum][fp] netId=76561198136285041 | pt=1 n=14:YGODUELIST-ARCANE_ARCHER_OF_THE_FOREST0bYgoDieForYouUserToggleOnFalseiPermanentAtkBonusFromExecutes01010000,20019,20043,YGODUELIST-BURNING_LAND01010009,20024,YGODUELIST-DEFEND_YGO_DUELIST010,YGODUELIST-DEFEND_YGO_DUELIST010,YGODUELIST-DEFEND_YGO_DUELIST010,YGODUELIST-EARTH_EFFIGY0bYgoDieForYouUserToggleOnFalseiPermanentAtkBonusFromExecutes01010000,20015,20043,YGODUELIST-FIRE_SORCERER0bYgoDieForYouUserToggleOnFalseiPermanentAtkBonusFromExecutes01010002,20017,20041,20043,YGODUELIST-GAIA_POWER01010009,20027,YGODUELIST-OUTSTANDING_DOG_MARRON0bYgoDieForYouUserToggleOnFalseiPermanentAtkBonusFromExecutes01010004,20001,YGODUELIST-RECKLESS_GREED01010009,10011,YGODUELIST-STRIKE_YGO_DUELIST010,YGODUELIST-STRIKE_YGO_DUELIST010,YGODUELIST-TOTAL_DEFENSE_SHOGUN0bYgoDieForYouUserToggleOnFalseiPermanentAtkBonusFromExecutes01010005,20019,20034,20043,YGODUELIST-TRAP_OF_BOARD_ERASER01010009,10011 | pt=2 n=3:YGODUELIST-OJAMA_TRIO01010009,10011,YGODUELIST-ROCKET_JUMPER0bYgoDieForYouUserToggleOnFalseiPermanentAtkBonusFromExecutes01010000,20015,20043,20045,YGODUELIST-SKELENGEL0bYgoDieForYouUserToggleOnFalseiPermanentAtkBonusFromExecutes01010004,20006,20041 | pt=3 n=1:YGODUELIST-STRIKE_YGO_DUELIST010 | pt=4 n=0: | pt=5 n=0: | pt=932200512 n=0: | pt=932200513 n=0: | pt=932200514 n=0: | pt=932200515 n=0: | pt=932200516 n=1:YGODUELIST-HOURGLASS_OF_COURAGE0bYgoDieForYouUserToggleOnFalseiPermanentAtkBonusFromExecutes01010004,20006,20043 | pt=932200517 n=0: | pt=932200518 n=0:
[YgoDuelist][MP][Checksum][fp] netId=76561198345121322 | pt=1 n=9:GREED0104,7,YGODUELIST-DEFEND_YGO_DUELIST010,YGODUELIST-FIRE_PRINCESS0bYgoDieForYouUserToggleOnFalseiPermanentAtkBonusFromExecutes01010002,20013,20043,YGODUELIST-QUEEN_S_DOUBLE0bYgoDieForYouUserToggleOnFalseiPermanentAtkBonusFromExecutes01010000,20019,20045,YGODUELIST-RAIGEKI_BREAK01010009,10011,20045,YGODUELIST-STRIKE_YGO_DUELIST010,YGODUELIST-STRIKE_YGO_DUELIST010,YGODUELIST-STRIKE_YGO_DUELIST010,YGODUELIST-YELLOW_LUSTER_SHIELD01010009,20024 | pt=2 n=3:YGODUELIST-DEFEND_YGO_DUELIST010,YGODUELIST-KURAMA0bYgoDieForYouUserToggleOnFalseiPermanentAtkBonusFromExecutes01010003,20020,20043,YGODUELIST-ZABORG_THE_THUNDER_MONARCH0bYgoDieForYouUserToggleOnFalseiPermanentAtkBonusFromExecutes01010004,20018,20034,20043 | pt=3 n=1:YGODUELIST-DEFEND_YGO_DUELIST010 | pt=4 n=0: | pt=5 n=0: | pt=932200512 n=0: | pt=932200513 n=1:YGODUELIST-THE_LAST_WARRIOR_FROM_ANOTHER_PLANET0bYgoDieForYouUserToggleOnFalseiPermanentAtkBonusFromExecutes0iSummonAbsorbPrintedDefBonus01010000,20019,20036,20043 | pt=932200514 n=0: | pt=932200515 n=0: | pt=932200516 n=1:YGODUELIST-VERSAGO_THE_DESTROYER0bYgoDieForYouUserToggleOnFalseiPermanentAtkBonusFromExecutes01010005,20007,20043 | pt=932200517 n=0: | pt=932200518 n=0:
[DEBUG] [ActionQueueSynchronizer] Sending message to client to enqueue action ReadyToBeginEnemyTurnAction 76561198345121322 at 08:23:41
[DEBUG] [ActionQueueSynchronizer] Enqueueing action ReadyToBeginEnemyTurnAction 76561198345121322 from owner 76561198345121322
[DEBUG] [ActionQueueSet] Enqueueing action ReadyToBeginEnemyTurnAction 76561198345121322 to player queue owned by 76561198345121322
[DEBUG] [ActionExecutor] Completed execution of action EndPlayerTurnAction for player 76561198136285041 round 1, attempting to find new action
[VERYDEBUG] [ActionQueueSet] Attempting to find ready action
[VERYDEBUG] [ActionQueueSet] Action ReadyToBeginEnemyTurnAction 76561198345121322 with id 9 belonging to 76561198345121322 becomes new ready action
[VERYDEBUG] [ActionQueueSet] Queue for player 76561198136285041 is empty
[VERYDEBUG] [ActionQueueSet] Got ready action ReadyToBeginEnemyTurnAction 76561198345121322 (9)
[DEBUG] [ActionExecutor] Executing action: ReadyToBeginEnemyTurnAction 76561198345121322
[VERYDEBUG] [GameAction] Action ReadyToBeginEnemyTurnAction 76561198345121322 began executing
[VERYDEBUG] [GameAction] Action ReadyToBeginEnemyTurnAction 76561198345121322 finished execution
[DEBUG] [ActionExecutor] Completed execution of action ReadyToBeginEnemyTurnAction 76561198345121322, attempting to find new action
[VERYDEBUG] [ActionQueueSet] Attempting to find ready action
[VERYDEBUG] [ActionQueueSet] Queue for player 76561198345121322 is empty
[VERYDEBUG] [ActionQueueSet] Queue for player 76561198136285041 is empty
[VERYDEBUG] [ActionQueueSet] No action is ready
[VERYDEBUG] [RunLocationTargetedMessageBuffer] Handling map-targeted message RequestEnqueueActionMessage location: act 0 coord (0, 1) action: NetReadyToBeginEnemyTurnAction from 76561198136285041 for location act 0 coord (0, 1)
[DEBUG] [ActionQueueSynchronizer] Received request enqueue action for action NetReadyToBeginEnemyTurnAction (76561198136285041) at 08:23:41
[DEBUG] [ActionQueueSynchronizer] Sending message to client to enqueue action ReadyToBeginEnemyTurnAction 76561198136285041 at 08:23:41
[DEBUG] [ActionQueueSynchronizer] Enqueueing action ReadyToBeginEnemyTurnAction 76561198136285041 from owner 76561198136285041
[DEBUG] [ActionQueueSet] Enqueueing action ReadyToBeginEnemyTurnAction 76561198136285041 to player queue owned by 76561198136285041
[DEBUG] [ActionExecutor] Action queue changed, beginning ExecuteActions
[VERYDEBUG] [ActionQueueSet] Attempting to find ready action
[VERYDEBUG] [ActionQueueSet] Queue for player 76561198345121322 is empty
[VERYDEBUG] [ActionQueueSet] Action ReadyToBeginEnemyTurnAction 76561198136285041 with id 10 belonging to 76561198136285041 becomes new ready action
[VERYDEBUG] [ActionQueueSet] Got ready action ReadyToBeginEnemyTurnAction 76561198136285041 (10)
[DEBUG] [ActionExecutor] Executing action: ReadyToBeginEnemyTurnAction 76561198136285041
[VERYDEBUG] [GameAction] Action ReadyToBeginEnemyTurnAction 76561198136285041 began executing
[DEBUG] [ActionQueueSynchronizer] Combat state becomes NotPlayPhase. Pausing all player queues
[DEBUG] [ActionQueueSet] Pausing all player queues
[VERYDEBUG] [GameAction] Action ReadyToBeginEnemyTurnAction 76561198136285041 finished execution
[DEBUG] [ActionExecutor] Completed execution of action ReadyToBeginEnemyTurnAction 76561198136285041, attempting to find new action
[VERYDEBUG] [ActionQueueSet] Attempting to find ready action
[VERYDEBUG] [ActionQueueSet] Queue for player 76561198345121322 is empty
[VERYDEBUG] [ActionQueueSet] Queue for player 76561198136285041 is empty
[VERYDEBUG] [ActionQueueSet] No action is ready
[YgoDuelist] YgoSecondHandLayoutPatch ENTER all=2 main=2 opts=0 FocusedHolderId=0 FocusedIsOpt=False
[YgoDuelist] YgoSecondHandLayoutPatch EXIT return false
[YgoDuelist] YgoSecondHandLayoutPatch ENTER all=1 main=1 opts=0 FocusedHolderId=0 FocusedIsOpt=False
[YgoDuelist] YgoSecondHandLayoutPatch EXIT return false
[YgoDuelist] YgoSecondHandLayoutPatch ENTER all=0 main=0 opts=0 FocusedHolderId=0 FocusedIsOpt=False
[YgoDuelist] YgoSecondHandLayoutPatch EXIT return false
[DEBUG] [ChecksumTracker] Generating checksum for context: after player turn phase two end action:  id: 7
[YgoDuelist][MP][Checksum][fp] netId=76561198136285041 | pt=1 n=14:YGODUELIST-ARCANE_ARCHER_OF_THE_FOREST0bYgoDieForYouUserToggleOnFalseiPermanentAtkBonusFromExecutes01010000,20019,20043,YGODUELIST-BURNING_LAND01010009,20024,YGODUELIST-DEFEND_YGO_DUELIST010,YGODUELIST-DEFEND_YGO_DUELIST010,YGODUELIST-DEFEND_YGO_DUELIST010,YGODUELIST-EARTH_EFFIGY0bYgoDieForYouUserToggleOnFalseiPermanentAtkBonusFromExecutes01010000,20015,20043,YGODUELIST-FIRE_SORCERER0bYgoDieForYouUserToggleOnFalseiPermanentAtkBonusFromExecutes01010002,20017,20041,20043,YGODUELIST-GAIA_POWER01010009,20027,YGODUELIST-OUTSTANDING_DOG_MARRON0bYgoDieForYouUserToggleOnFalseiPermanentAtkBonusFromExecutes01010004,20001,YGODUELIST-RECKLESS_GREED01010009,10011,YGODUELIST-STRIKE_YGO_DUELIST010,YGODUELIST-STRIKE_YGO_DUELIST010,YGODUELIST-TOTAL_DEFENSE_SHOGUN0bYgoDieForYouUserToggleOnFalseiPermanentAtkBonusFromExecutes01010005,20019,20034,20043,YGODUELIST-TRAP_OF_BOARD_ERASER01010009,10011 | pt=2 n=0: | pt=3 n=4:YGODUELIST-OJAMA_TRIO01010009,10011,YGODUELIST-ROCKET_JUMPER0bYgoDieForYouUserToggleOnFalseiPermanentAtkBonusFromExecutes01010000,20015,20043,20045,YGODUELIST-SKELENGEL0bYgoDieForYouUserToggleOnFalseiPermanentAtkBonusFromExecutes01010004,20006,20041,YGODUELIST-STRIKE_YGO_DUELIST010 | pt=4 n=0: | pt=5 n=0: | pt=932200512 n=0: | pt=932200513 n=0: | pt=932200514 n=0: | pt=932200515 n=0: | pt=932200516 n=1:YGODUELIST-HOURGLASS_OF_COURAGE0bYgoDieForYouUserToggleOnFalseiPermanentAtkBonusFromExecutes01010004,20006,20043 | pt=932200517 n=0: | pt=932200518 n=0:
[YgoDuelist][MP][Checksum][fp] netId=76561198345121322 | pt=1 n=9:GREED0104,7,YGODUELIST-DEFEND_YGO_DUELIST010,YGODUELIST-FIRE_PRINCESS0bYgoDieForYouUserToggleOnFalseiPermanentAtkBonusFromExecutes01010002,20013,20043,YGODUELIST-QUEEN_S_DOUBLE0bYgoDieForYouUserToggleOnFalseiPermanentAtkBonusFromExecutes01010000,20019,20045,YGODUELIST-RAIGEKI_BREAK01010009,10011,20045,YGODUELIST-STRIKE_YGO_DUELIST010,YGODUELIST-STRIKE_YGO_DUELIST010,YGODUELIST-STRIKE_YGO_DUELIST010,YGODUELIST-YELLOW_LUSTER_SHIELD01010009,20024 | pt=2 n=0: | pt=3 n=4:YGODUELIST-DEFEND_YGO_DUELIST010,YGODUELIST-DEFEND_YGO_DUELIST010,YGODUELIST-KURAMA0bYgoDieForYouUserToggleOnFalseiPermanentAtkBonusFromExecutes01010003,20020,20043,YGODUELIST-ZABORG_THE_THUNDER_MONARCH0bYgoDieForYouUserToggleOnFalseiPermanentAtkBonusFromExecutes01010004,20018,20034,20043 | pt=4 n=0: | pt=5 n=0: | pt=932200512 n=0: | pt=932200513 n=1:YGODUELIST-THE_LAST_WARRIOR_FROM_ANOTHER_PLANET0bYgoDieForYouUserToggleOnFalseiPermanentAtkBonusFromExecutes0iSummonAbsorbPrintedDefBonus01010000,20019,20036,20043 | pt=932200514 n=0: | pt=932200515 n=0: | pt=932200516 n=1:YGODUELIST-VERSAGO_THE_DESTROYER0bYgoDieForYouUserToggleOnFalseiPermanentAtkBonusFromExecutes01010005,20007,20043 | pt=932200517 n=0: | pt=932200518 n=0:
[DEBUG] [ChecksumTracker] Generating checksum for context: After enemy turn start action:  id: 8
[YgoDuelist][MP][Checksum][fp] netId=76561198136285041 | pt=1 n=14:YGODUELIST-ARCANE_ARCHER_OF_THE_FOREST0bYgoDieForYouUserToggleOnFalseiPermanentAtkBonusFromExecutes01010000,20019,20043,YGODUELIST-BURNING_LAND01010009,20024,YGODUELIST-DEFEND_YGO_DUELIST010,YGODUELIST-DEFEND_YGO_DUELIST010,YGODUELIST-DEFEND_YGO_DUELIST010,YGODUELIST-EARTH_EFFIGY0bYgoDieForYouUserToggleOnFalseiPermanentAtkBonusFromExecutes01010000,20015,20043,YGODUELIST-FIRE_SORCERER0bYgoDieForYouUserToggleOnFalseiPermanentAtkBonusFromExecutes01010002,20017,20041,20043,YGODUELIST-GAIA_POWER01010009,20027,YGODUELIST-OUTSTANDING_DOG_MARRON0bYgoDieForYouUserToggleOnFalseiPermanentAtkBonusFromExecutes01010004,20001,YGODUELIST-RECKLESS_GREED01010009,10011,YGODUELIST-STRIKE_YGO_DUELIST010,YGODUELIST-STRIKE_YGO_DUELIST010,YGODUELIST-TOTAL_DEFENSE_SHOGUN0bYgoDieForYouUserToggleOnFalseiPermanentAtkBonusFromExecutes01010005,20019,20034,20043,YGODUELIST-TRAP_OF_BOARD_ERASER01010009,10011 | pt=2 n=0: | pt=3 n=4:YGODUELIST-OJAMA_TRIO01010009,10011,YGODUELIST-ROCKET_JUMPER0bYgoDieForYouUserToggleOnFalseiPermanentAtkBonusFromExecutes01010000,20015,20043,20045,YGODUELIST-SKELENGEL0bYgoDieForYouUserToggleOnFalseiPermanentAtkBonusFromExecutes01010004,20006,20041,YGODUELIST-STRIKE_YGO_DUELIST010 | pt=4 n=0: | pt=5 n=0: | pt=932200512 n=0: | pt=932200513 n=0: | pt=932200514 n=0: | pt=932200515 n=0: | pt=932200516 n=1:YGODUELIST-HOURGLASS_OF_COURAGE0bYgoDieForYouUserToggleOnFalseiPermanentAtkBonusFromExecutes01010004,20006,20043 | pt=932200517 n=0: | pt=932200518 n=0:
[YgoDuelist][MP][Checksum][fp] netId=76561198345121322 | pt=1 n=9:GREED0104,7,YGODUELIST-DEFEND_YGO_DUELIST010,YGODUELIST-FIRE_PRINCESS0bYgoDieForYouUserToggleOnFalseiPermanentAtkBonusFromExecutes01010002,20013,20043,YGODUELIST-QUEEN_S_DOUBLE0bYgoDieForYouUserToggleOnFalseiPermanentAtkBonusFromExecutes01010000,20019,20045,YGODUELIST-RAIGEKI_BREAK01010009,10011,20045,YGODUELIST-STRIKE_YGO_DUELIST010,YGODUELIST-STRIKE_YGO_DUELIST010,YGODUELIST-STRIKE_YGO_DUELIST010,YGODUELIST-YELLOW_LUSTER_SHIELD01010009,20024 | pt=2 n=0: | pt=3 n=4:YGODUELIST-DEFEND_YGO_DUELIST010,YGODUELIST-DEFEND_YGO_DUELIST010,YGODUELIST-KURAMA0bYgoDieForYouUserToggleOnFalseiPermanentAtkBonusFromExecutes01010003,20020,20043,YGODUELIST-ZABORG_THE_THUNDER_MONARCH0bYgoDieForYouUserToggleOnFalseiPermanentAtkBonusFromExecutes01010004,20018,20034,20043 | pt=4 n=0: | pt=5 n=0: | pt=932200512 n=0: | pt=932200513 n=1:YGODUELIST-THE_LAST_WARRIOR_FROM_ANOTHER_PLANET0bYgoDieForYouUserToggleOnFalseiPermanentAtkBonusFromExecutes0iSummonAbsorbPrintedDefBonus01010000,20019,20036,20043 | pt=932200514 n=0: | pt=932200515 n=0: | pt=932200516 n=1:YGODUELIST-VERSAGO_THE_DESTROYER0bYgoDieForYouUserToggleOnFalseiPermanentAtkBonusFromExecutes01010005,20007,20043 | pt=932200517 n=0: | pt=932200518 n=0:
[INFO] Monster TOADPOLE performing move SPIKEN_MOVE
[WARN] Asset not cached: res://images/powers/thorns_power.png
[INFO] Monster TOADPOLE performing move WHIRL_MOVE
[WARN] Asset not cached: res://YgoDuelist/images/card_portraits/hourglass_of_courage.png
[DEBUG] [ChecksumTracker] Generating checksum for context: After enemy turn end action:  id: 9
[YgoDuelist][MP][Checksum][fp] netId=76561198136285041 | pt=1 n=14:YGODUELIST-ARCANE_ARCHER_OF_THE_FOREST0bYgoDieForYouUserToggleOnFalseiPermanentAtkBonusFromExecutes01010000,20019,20043,YGODUELIST-BURNING_LAND01010009,20024,YGODUELIST-DEFEND_YGO_DUELIST010,YGODUELIST-DEFEND_YGO_DUELIST010,YGODUELIST-DEFEND_YGO_DUELIST010,YGODUELIST-EARTH_EFFIGY0bYgoDieForYouUserToggleOnFalseiPermanentAtkBonusFromExecutes01010000,20015,20043,YGODUELIST-FIRE_SORCERER0bYgoDieForYouUserToggleOnFalseiPermanentAtkBonusFromExecutes01010002,20017,20041,20043,YGODUELIST-GAIA_POWER01010009,20027,YGODUELIST-OUTSTANDING_DOG_MARRON0bYgoDieForYouUserToggleOnFalseiPermanentAtkBonusFromExecutes01010004,20001,YGODUELIST-RECKLESS_GREED01010009,10011,YGODUELIST-STRIKE_YGO_DUELIST010,YGODUELIST-STRIKE_YGO_DUELIST010,YGODUELIST-TOTAL_DEFENSE_SHOGUN0bYgoDieForYouUserToggleOnFalseiPermanentAtkBonusFromExecutes01010005,20019,20034,20043,YGODUELIST-TRAP_OF_BOARD_ERASER01010009,10011 | pt=2 n=0: | pt=3 n=4:YGODUELIST-OJAMA_TRIO01010009,10011,YGODUELIST-ROCKET_JUMPER0bYgoDieForYouUserToggleOnFalseiPermanentAtkBonusFromExecutes01010000,20015,20043,20045,YGODUELIST-SKELENGEL0bYgoDieForYouUserToggleOnFalseiPermanentAtkBonusFromExecutes01010004,20006,20041,YGODUELIST-STRIKE_YGO_DUELIST010 | pt=4 n=0: | pt=5 n=0: | pt=932200512 n=0: | pt=932200513 n=0: | pt=932200514 n=0: | pt=932200515 n=0: | pt=932200516 n=1:YGODUELIST-HOURGLASS_OF_COURAGE0bYgoDieForYouUserToggleOnFalseiPermanentAtkBonusFromExecutes01010004,20006,20043 | pt=932200517 n=0: | pt=932200518 n=0:
[YgoDuelist][MP][Checksum][fp] netId=76561198345121322 | pt=1 n=9:GREED0104,7,YGODUELIST-DEFEND_YGO_DUELIST010,YGODUELIST-FIRE_PRINCESS0bYgoDieForYouUserToggleOnFalseiPermanentAtkBonusFromExecutes01010002,20013,20043,YGODUELIST-QUEEN_S_DOUBLE0bYgoDieForYouUserToggleOnFalseiPermanentAtkBonusFromExecutes01010000,20019,20045,YGODUELIST-RAIGEKI_BREAK01010009,10011,20045,YGODUELIST-STRIKE_YGO_DUELIST010,YGODUELIST-STRIKE_YGO_DUELIST010,YGODUELIST-STRIKE_YGO_DUELIST010,YGODUELIST-YELLOW_LUSTER_SHIELD01010009,20024 | pt=2 n=0: | pt=3 n=4:YGODUELIST-DEFEND_YGO_DUELIST010,YGODUELIST-DEFEND_YGO_DUELIST010,YGODUELIST-KURAMA0bYgoDieForYouUserToggleOnFalseiPermanentAtkBonusFromExecutes01010003,20020,20043,YGODUELIST-ZABORG_THE_THUNDER_MONARCH0bYgoDieForYouUserToggleOnFalseiPermanentAtkBonusFromExecutes01010004,20018,20034,20043 | pt=4 n=0: | pt=5 n=0: | pt=932200512 n=0: | pt=932200513 n=1:YGODUELIST-THE_LAST_WARRIOR_FROM_ANOTHER_PLANET0bYgoDieForYouUserToggleOnFalseiPermanentAtkBonusFromExecutes0iSummonAbsorbPrintedDefBonus01010000,20019,20036,20043 | pt=932200514 n=0: | pt=932200515 n=0: | pt=932200516 n=1:YGODUELIST-VERSAGO_THE_DESTROYER0bYgoDieForYouUserToggleOnFalseiPermanentAtkBonusFromExecutes01010005,20007,20043 | pt=932200517 n=0: | pt=932200518 n=0:
[WARN] [BaseLib] GetRawText: Key 'YGO_ATTRIBUTE_FIRE.title' not found in table 'static_hover_tips'
[WARN] [BaseLib] GetRawText: Key 'YGO_ATTRIBUTE_FIRE.description' not found in table 'static_hover_tips'
[WARN] [BaseLib] GetRawText: Key 'YGO_RACE_PYRO.title' not found in table 'static_hover_tips'
[WARN] [BaseLib] GetRawText: Key 'YGO_RACE_PYRO.description' not found in table 'static_hover_tips'
[YgoDuelist] YgoSecondHandLayoutPatch ENTER all=1 main=1 opts=0 FocusedHolderId=0 FocusedIsOpt=False
[YgoDuelist] YgoSecondHandLayoutPatch EXIT return false
[YgoDuelist] YgoSecondHandLayoutPatch ENTER all=1 main=1 opts=0 FocusedHolderId=0 FocusedIsOpt=False
[YgoDuelist] YgoSecondHandLayoutPatch EXIT return false
[YgoSetVisualDebug] Id=YGODUELIST-FIRE_PRINCESS, YgoCardType=EffectMonster, IsHandEffectFormActive=False, WillSet=True, FaceDown=True, ShouldUseSetVisual=True
[YgoDuelist] YgoSecondHandLayoutPatch ENTER all=2 main=2 opts=0 FocusedHolderId=0 FocusedIsOpt=False
[YgoDuelist] YgoSecondHandLayoutPatch EXIT return false
[YgoDuelist] YgoSecondHandLayoutPatch ENTER all=2 main=2 opts=0 FocusedHolderId=0 FocusedIsOpt=False
[YgoDuelist] YgoSecondHandLayoutPatch EXIT return false
[YgoDuelist] YgoSecondHandLayoutPatch ENTER all=3 main=3 opts=0 FocusedHolderId=0 FocusedIsOpt=False
[YgoDuelist] YgoSecondHandLayoutPatch EXIT return false
[YgoDuelist] YgoSecondHandLayoutPatch ENTER all=3 main=3 opts=0 FocusedHolderId=0 FocusedIsOpt=False
[YgoDuelist] YgoSecondHandLayoutPatch EXIT return false
[WARN] [BaseLib] GetRawText: Key 'YGO_ATTRIBUTE_EARTH.title' not found in table 'static_hover_tips'
[WARN] [BaseLib] GetRawText: Key 'YGO_ATTRIBUTE_EARTH.description' not found in table 'static_hover_tips'
[WARN] [BaseLib] GetRawText: Key 'YGO_RACE_WARRIOR.title' not found in table 'static_hover_tips'
[WARN] [BaseLib] GetRawText: Key 'YGO_RACE_WARRIOR.description' not found in table 'static_hover_tips'
[YgoDuelist] YgoSecondHandLayoutPatch ENTER all=4 main=4 opts=0 FocusedHolderId=0 FocusedIsOpt=False
[YgoDuelist] YgoSecondHandLayoutPatch EXIT return false
[YgoDuelist] YgoSecondHandLayoutPatch ENTER all=4 main=4 opts=0 FocusedHolderId=0 FocusedIsOpt=False
[YgoDuelist] YgoSecondHandLayoutPatch EXIT return false
[WARN] [BaseLib] GetRawText: Key 'YGO_RACE_SPELL_CONTINUOUS.title' not found in table 'static_hover_tips'
[WARN] [BaseLib] GetRawText: Key 'YGO_RACE_SPELL_CONTINUOUS.description' not found in table 'static_hover_tips'
[YgoDuelist] YgoSecondHandLayoutPatch ENTER all=5 main=5 opts=0 FocusedHolderId=0 FocusedIsOpt=False
[YgoDuelist] YgoSecondHandLayoutPatch EXIT return false
[YgoDuelist] YgoSecondHandLayoutPatch ENTER all=5 main=5 opts=0 FocusedHolderId=0 FocusedIsOpt=False
[YgoDuelist] YgoSecondHandLayoutPatch EXIT return false
[YgoDuelist][MP][Checksum][CmdReconcile] cleared stiff/fatigue before snapshot petCombatId=4 netId=76561198345121322
[YgoDuelist][MP][Checksum][CmdReconcile] cleared stiff/fatigue before snapshot petCombatId=5 netId=76561198136285041
[DEBUG] [ChecksumTracker] Generating checksum for context: After player turn start action:  id: 10
[YgoDuelist][MP][Checksum][fp] netId=76561198136285041 | pt=1 n=9:YGODUELIST-BURNING_LAND01010009,20024,YGODUELIST-DEFEND_YGO_DUELIST010,YGODUELIST-DEFEND_YGO_DUELIST010,YGODUELIST-EARTH_EFFIGY0bYgoDieForYouUserToggleOnFalseiPermanentAtkBonusFromExecutes01010000,20015,20043,YGODUELIST-FIRE_SORCERER0bYgoDieForYouUserToggleOnFalseiPermanentAtkBonusFromExecutes01010002,20017,20041,20043,YGODUELIST-GAIA_POWER01010009,20027,YGODUELIST-RECKLESS_GREED01010009,10011,YGODUELIST-STRIKE_YGO_DUELIST010,YGODUELIST-STRIKE_YGO_DUELIST010 | pt=2 n=5:YGODUELIST-ARCANE_ARCHER_OF_THE_FOREST0bYgoDieForYouUserToggleOnFalseiPermanentAtkBonusFromExecutes01010000,20019,20043,YGODUELIST-DEFEND_YGO_DUELIST010,YGODUELIST-OUTSTANDING_DOG_MARRON0bYgoDieForYouUserToggleOnFalseiPermanentAtkBonusFromExecutes01010004,20001,YGODUELIST-TOTAL_DEFENSE_SHOGUN0bYgoDieForYouUserToggleOnFalseiPermanentAtkBonusFromExecutes01010005,20019,20034,20043,YGODUELIST-TRAP_OF_BOARD_ERASER01010009,10011 | pt=3 n=4:YGODUELIST-OJAMA_TRIO01010009,10011,YGODUELIST-ROCKET_JUMPER0bYgoDieForYouUserToggleOnFalseiPermanentAtkBonusFromExecutes01010000,20015,20043,20045,YGODUELIST-SKELENGEL0bYgoDieForYouUserToggleOnFalseiPermanentAtkBonusFromExecutes01010004,20006,20041,YGODUELIST-STRIKE_YGO_DUELIST010 | pt=4 n=0: | pt=5 n=0: | pt=932200512 n=0: | pt=932200513 n=0: | pt=932200514 n=0: | pt=932200515 n=0: | pt=932200516 n=1:YGODUELIST-HOURGLASS_OF_COURAGE0bYgoDieForYouUserToggleOnFalseiPermanentAtkBonusFromExecutes01010004,20006,20043 | pt=932200517 n=0: | pt=932200518 n=0:
[YgoDuelist][MP][Checksum][fp] netId=76561198345121322 | pt=1 n=4:GREED0104,7,YGODUELIST-DEFEND_YGO_DUELIST010,YGODUELIST-RAIGEKI_BREAK01010009,10011,20045,YGODUELIST-STRIKE_YGO_DUELIST010 | pt=2 n=5:YGODUELIST-FIRE_PRINCESS0bYgoDieForYouUserToggleOnFalseiPermanentAtkBonusFromExecutes01010002,20013,20043,YGODUELIST-QUEEN_S_DOUBLE0bYgoDieForYouUserToggleOnFalseiPermanentAtkBonusFromExecutes01010000,20019,20045,YGODUELIST-STRIKE_YGO_DUELIST010,YGODUELIST-STRIKE_YGO_DUELIST010,YGODUELIST-YELLOW_LUSTER_SHIELD01010009,20024 | pt=3 n=4:YGODUELIST-DEFEND_YGO_DUELIST010,YGODUELIST-DEFEND_YGO_DUELIST010,YGODUELIST-KURAMA0bYgoDieForYouUserToggleOnFalseiPermanentAtkBonusFromExecutes01010003,20020,20043,YGODUELIST-ZABORG_THE_THUNDER_MONARCH0bYgoDieForYouUserToggleOnFalseiPermanentAtkBonusFromExecutes01010004,20018,20034,20043 | pt=4 n=0: | pt=5 n=0: | pt=932200512 n=0: | pt=932200513 n=1:YGODUELIST-THE_LAST_WARRIOR_FROM_ANOTHER_PLANET0bYgoDieForYouUserToggleOnFalseiPermanentAtkBonusFromExecutes0iSummonAbsorbPrintedDefBonus01010000,20019,20036,20043 | pt=932200514 n=0: | pt=932200515 n=0: | pt=932200516 n=1:YGODUELIST-VERSAGO_THE_DESTROYER0bYgoDieForYouUserToggleOnFalseiPermanentAtkBonusFromExecutes01010005,20007,20043 | pt=932200517 n=0: | pt=932200518 n=0:
[DEBUG] [ActionExecutor] Un-pausing queue
[DEBUG] [ActionQueueSynchronizer] Combat state becomes PlayPhase. Requesting 0 actions and unpausing action queues
[DEBUG] [ActionQueueSet] Unpausing all player queues
[DEBUG] [ActionExecutor] Action queue changed, beginning ExecuteActions
[VERYDEBUG] [ActionQueueSet] Attempting to find ready action
[VERYDEBUG] [ActionQueueSet] Queue for player 76561198345121322 is empty
[VERYDEBUG] [ActionQueueSet] Queue for player 76561198136285041 is empty
[VERYDEBUG] [ActionQueueSet] No action is ready
[YgoDuelist][MP][MonsterCommandTurnReset] hook cleared command lock powers petCombatId=4 netId=76561198345121322
[YgoDuelist][MP][MonsterCommandTurnReset] hook cleared command lock powers petCombatId=5 netId=76561198136285041
[YgoSetVisualDebug] Id=YGODUELIST-TOTAL_DEFENSE_SHOGUN, YgoCardType=EffectMonster, IsHandEffectFormActive=False, WillSet=True, FaceDown=True, ShouldUseSetVisual=True
[YgoStripVisualDebug] Id=YGODUELIST-TOTAL_DEFENSE_SHOGUN, YgoCardType=EffectMonster, Attr=Dark, Race=Warrior, IsHandEffectFormActive=False, WillSet=True, FaceDown=True, UseFaceDownStrip=True
[WARN] [BaseLib] GetRawText: Key 'YGO_ATTRIBUTE_DARK.title' not found in table 'static_hover_tips'
[WARN] [BaseLib] GetRawText: Key 'YGO_ATTRIBUTE_DARK.description' not found in table 'static_hover_tips'
[WARN] [BaseLib] GetRawText: Key 'YGO_RACE_WARRIOR.title' not found in table 'static_hover_tips'
[WARN] [BaseLib] GetRawText: Key 'YGO_RACE_WARRIOR.description' not found in table 'static_hover_tips'
[VERYDEBUG] [RunLocationTargetedMessageBuffer] Handling map-targeted message RequestEnqueueActionMessage location: act 0 coord (0, 1) action: NetPlayCardAction (NetCombatCard 2057) target: null from 76561198136285041 for location act 0 coord (0, 1)
[DEBUG] [ActionQueueSynchronizer] Received request enqueue action for action NetPlayCardAction (NetCombatCard 2057) target: null (76561198136285041) at 08:23:56
[DEBUG] [ActionQueueSynchronizer] Sending message to client to enqueue action PlayCardAction card: CARD.YGODUELIST-TOTAL_DEFENSE_SHOGUN (33471192) index: 2057 targetid:  at 08:23:56
[DEBUG] [ActionQueueSynchronizer] Enqueueing action PlayCardAction card: CARD.YGODUELIST-TOTAL_DEFENSE_SHOGUN (33471192) index: 2057 targetid:  from owner 76561198136285041
[YgoDuelist][Queue][Defer] Skipping OnActionEnqueued until execute after confirm (hand_tribute_normal_summon, player 76561198136285041, card YGODUELIST-TOTAL_DEFENSE_SHOGUN)
[DEBUG] [ActionQueueSet] Enqueueing action PlayCardAction card: CARD.YGODUELIST-TOTAL_DEFENSE_SHOGUN (33471192) index: 2057 targetid:  to player queue owned by 76561198136285041
[DEBUG] [ActionExecutor] Action queue changed, beginning ExecuteActions
[VERYDEBUG] [ActionQueueSet] Attempting to find ready action
[VERYDEBUG] [ActionQueueSet] Queue for player 76561198345121322 is empty
[VERYDEBUG] [ActionQueueSet] Action PlayCardAction card: CARD.YGODUELIST-TOTAL_DEFENSE_SHOGUN (33471192) index: 2057 targetid:  with id 11 belonging to 76561198136285041 becomes new ready action
[VERYDEBUG] [ActionQueueSet] Got ready action PlayCardAction card: CARD.YGODUELIST-TOTAL_DEFENSE_SHOGUN (33471192) index: 2057 targetid:  (11)
[DEBUG] [ActionExecutor] Executing action: PlayCardAction card: CARD.YGODUELIST-TOTAL_DEFENSE_SHOGUN (33471192) index: 2057 targetid: 
[VERYDEBUG] [GameAction] Action PlayCardAction card: CARD.YGODUELIST-TOTAL_DEFENSE_SHOGUN (33471192) index: 2057 targetid:  began executing
[WARN] [BaseLib] GetRawText: Key 'YGO_ATTRIBUTE_DARK.title' not found in table 'static_hover_tips'
[WARN] [BaseLib] GetRawText: Key 'YGO_ATTRIBUTE_DARK.description' not found in table 'static_hover_tips'
[WARN] [BaseLib] GetRawText: Key 'YGO_RACE_WARRIOR.title' not found in table 'static_hover_tips'
[WARN] [BaseLib] GetRawText: Key 'YGO_RACE_WARRIOR.description' not found in table 'static_hover_tips'
[YgoDuelist][MP][HandStance] Observer applied wire hand stance atk=False handEffect=False faceDown=True willSet=True netIdx=2057 card=YGODUELIST-TOTAL_DEFENSE_SHOGUN
[YgoDuelist][MP][Tribute] TrySelectVariableTribute owner=76561198136285041 summon=YGODUELIST-TOTAL_DEFENSE_SHOGUN need=1 combatWire=True candidates=1
[VERYDEBUG] [PlayerChoiceSynchronizer] Reserved choice id 2 for player 76561198136285041, next is 3
[DEBUG] [PlayerChoiceSynchronizer] Awaiting remote choice 2 for player 76561198136285041
[DEBUG] [NetQualityTracker] Connection statistics at 08:23:59:
[DEBUG] [NetQualityTracker] 	76561198136285041 - Ping: 67.017456. Packet Loss: 3E-45.
[DEBUG] [PlayerChoiceSynchronizer] Received choice from 76561198136285041 for choice ID 2: NetPlayerChoiceResult combat NetCombatCard 2049
[DEBUG] [PlayerChoiceSynchronizer] We are already waiting for the choice, fulfilling the task
[DEBUG] [PlayerChoiceSynchronizer] Finished waiting for remote choice 2 for player 76561198136285041: PlayerChoiceResult combat CARD.YGODUELIST-HOURGLASS_OF_COURAGE (31693371)
[YgoDuelist][MP][Tribute] SetPending netCardIdx=2057 owner=76561198136285041 pets=1 card=YGODUELIST-TOTAL_DEFENSE_SHOGUN
[YgoDuelist][Queue][Defer] Execute body: UpdateCardBeforeExecution after tribute confirm (player 76561198136285041, card YGODUELIST-TOTAL_DEFENSE_SHOGUN)
[WARN] [BaseLib] GetRawText: Key 'YGO_ATTRIBUTE_DARK.title' not found in table 'static_hover_tips'
[WARN] [BaseLib] GetRawText: Key 'YGO_ATTRIBUTE_DARK.description' not found in table 'static_hover_tips'
[WARN] [BaseLib] GetRawText: Key 'YGO_RACE_WARRIOR.title' not found in table 'static_hover_tips'
[WARN] [BaseLib] GetRawText: Key 'YGO_RACE_WARRIOR.description' not found in table 'static_hover_tips'
[YgoDuelist][MP][Tribute] TryTake ok (PlayCardAction): owner=76561198136285041 netIdx=2057 pets=1
[ZGO] DuelMonsterPetDeathPatch: pet died: Hourglass of Courage
[YgoDuelist][MP][DuelDeath] card=YGODUELIST-HOURGLASS_OF_COURAGE combatCardIdx=2049 ownerNet=76561198136285041 petCombatId=5
[ZGO] DuelMonsterPetDeathPatch: moving YGODUELIST-HOURGLASS_OF_COURAGE (and equips) toward Graveyard.
[ZGO] DuelMonsterPetDeathPatch: unregistered pet and cleared command state.
[ZGO] DuelMonsterPetDeathPatch: removing NCreature node for dead duel monster.
[VERYDEBUG] [GameAction] Action PlayCardAction card: CARD.YGODUELIST-TOTAL_DEFENSE_SHOGUN (33471192) index: 2057 targetid:  finished execution
[DEBUG] [ChecksumTracker] Generating checksum for context: after executing action PlayCardAction card: CARD.YGODUELIST-TOTAL_DEFENSE_SHOGUN (33471192) index: 2057 targetid:  action: PlayCardAction card: CARD.YGODUELIST-TOTAL_DEFENSE_SHOGUN (33471192) index: 2057 targetid:  id: 11
[YgoDuelist][MP][Checksum][fp] netId=76561198136285041 | pt=1 n=9:YGODUELIST-BURNING_LAND01010009,20024,YGODUELIST-DEFEND_YGO_DUELIST010,YGODUELIST-DEFEND_YGO_DUELIST010,YGODUELIST-EARTH_EFFIGY0bYgoDieForYouUserToggleOnFalseiPermanentAtkBonusFromExecutes01010000,20015,20043,YGODUELIST-FIRE_SORCERER0bYgoDieForYouUserToggleOnFalseiPermanentAtkBonusFromExecutes01010002,20017,20041,20043,YGODUELIST-GAIA_POWER01010009,20027,YGODUELIST-RECKLESS_GREED01010009,10011,YGODUELIST-STRIKE_YGO_DUELIST010,YGODUELIST-STRIKE_YGO_DUELIST010 | pt=2 n=4:YGODUELIST-ARCANE_ARCHER_OF_THE_FOREST0bYgoDieForYouUserToggleOnFalseiPermanentAtkBonusFromExecutes01010000,20019,20043,YGODUELIST-DEFEND_YGO_DUELIST010,YGODUELIST-OUTSTANDING_DOG_MARRON0bYgoDieForYouUserToggleOnFalseiPermanentAtkBonusFromExecutes01010004,20001,YGODUELIST-TRAP_OF_BOARD_ERASER01010009,10011 | pt=3 n=4:YGODUELIST-OJAMA_TRIO01010009,10011,YGODUELIST-ROCKET_JUMPER0bYgoDieForYouUserToggleOnFalseiPermanentAtkBonusFromExecutes01010000,20015,20043,20045,YGODUELIST-SKELENGEL0bYgoDieForYouUserToggleOnFalseiPermanentAtkBonusFromExecutes01010004,20006,20041,YGODUELIST-STRIKE_YGO_DUELIST010 | pt=4 n=0: | pt=5 n=0: | pt=932200512 n=0: | pt=932200513 n=0: | pt=932200514 n=0: | pt=932200515 n=1:YGODUELIST-HOURGLASS_OF_COURAGE0bYgoDieForYouUserToggleOnFalseiPermanentAtkBonusFromExecutes01010004,20006,20043 | pt=932200516 n=1:YGODUELIST-TOTAL_DEFENSE_SHOGUN0bYgoDieForYouUserToggleOnFalseiPermanentAtkBonusFromExecutes01010005,20019,20034,20043 | pt=932200517 n=0: | pt=932200518 n=0:
[YgoDuelist][MP][Checksum][fp] netId=76561198345121322 | pt=1 n=4:GREED0104,7,YGODUELIST-DEFEND_YGO_DUELIST010,YGODUELIST-RAIGEKI_BREAK01010009,10011,20045,YGODUELIST-STRIKE_YGO_DUELIST010 | pt=2 n=5:YGODUELIST-FIRE_PRINCESS0bYgoDieForYouUserToggleOnFalseiPermanentAtkBonusFromExecutes01010002,20013,20043,YGODUELIST-QUEEN_S_DOUBLE0bYgoDieForYouUserToggleOnFalseiPermanentAtkBonusFromExecutes01010000,20019,20045,YGODUELIST-STRIKE_YGO_DUELIST010,YGODUELIST-STRIKE_YGO_DUELIST010,YGODUELIST-YELLOW_LUSTER_SHIELD01010009,20024 | pt=3 n=4:YGODUELIST-DEFEND_YGO_DUELIST010,YGODUELIST-DEFEND_YGO_DUELIST010,YGODUELIST-KURAMA0bYgoDieForYouUserToggleOnFalseiPermanentAtkBonusFromExecutes01010003,20020,20043,YGODUELIST-ZABORG_THE_THUNDER_MONARCH0bYgoDieForYouUserToggleOnFalseiPermanentAtkBonusFromExecutes01010004,20018,20034,20043 | pt=4 n=0: | pt=5 n=0: | pt=932200512 n=0: | pt=932200513 n=1:YGODUELIST-THE_LAST_WARRIOR_FROM_ANOTHER_PLANET0bYgoDieForYouUserToggleOnFalseiPermanentAtkBonusFromExecutes0iSummonAbsorbPrintedDefBonus01010000,20019,20036,20043 | pt=932200514 n=0: | pt=932200515 n=0: | pt=932200516 n=1:YGODUELIST-VERSAGO_THE_DESTROYER0bYgoDieForYouUserToggleOnFalseiPermanentAtkBonusFromExecutes01010005,20007,20043 | pt=932200517 n=0: | pt=932200518 n=0:
[DEBUG] [ActionExecutor] Completed execution of action PlayCardAction card: CARD.YGODUELIST-TOTAL_DEFENSE_SHOGUN (33471192) index: 2057 targetid: , attempting to find new action
[VERYDEBUG] [ActionQueueSet] Attempting to find ready action
[VERYDEBUG] [ActionQueueSet] Queue for player 76561198345121322 is empty
[VERYDEBUG] [ActionQueueSet] Queue for player 76561198136285041 is empty
[VERYDEBUG] [ActionQueueSet] No action is ready
[VERYDEBUG] [RunLocationTargetedMessageBuffer] Handling map-targeted message RequestEnqueueActionMessage location: act 0 coord (0, 1) action: NetPlayCardAction (NetCombatCard 2055) target: null from 76561198136285041 for location act 0 coord (0, 1)
[DEBUG] [ActionQueueSynchronizer] Received request enqueue action for action NetPlayCardAction (NetCombatCard 2055) target: null (76561198136285041) at 08:24:08
[DEBUG] [ActionQueueSynchronizer] Sending message to client to enqueue action PlayCardAction card: CARD.YGODUELIST-DEFEND_YGO_DUELIST (40181440) index: 2055 targetid:  at 08:24:08
[DEBUG] [ActionQueueSynchronizer] Enqueueing action PlayCardAction card: CARD.YGODUELIST-DEFEND_YGO_DUELIST (40181440) index: 2055 targetid:  from owner 76561198136285041
[DEBUG] [ActionQueueSet] Enqueueing action PlayCardAction card: CARD.YGODUELIST-DEFEND_YGO_DUELIST (40181440) index: 2055 targetid:  to player queue owned by 76561198136285041
[DEBUG] [ActionExecutor] Action queue changed, beginning ExecuteActions
[VERYDEBUG] [ActionQueueSet] Attempting to find ready action
[VERYDEBUG] [ActionQueueSet] Queue for player 76561198345121322 is empty
[VERYDEBUG] [ActionQueueSet] Action PlayCardAction card: CARD.YGODUELIST-DEFEND_YGO_DUELIST (40181440) index: 2055 targetid:  with id 12 belonging to 76561198136285041 becomes new ready action
[VERYDEBUG] [ActionQueueSet] Got ready action PlayCardAction card: CARD.YGODUELIST-DEFEND_YGO_DUELIST (40181440) index: 2055 targetid:  (12)
[DEBUG] [ActionExecutor] Executing action: PlayCardAction card: CARD.YGODUELIST-DEFEND_YGO_DUELIST (40181440) index: 2055 targetid: 
[VERYDEBUG] [GameAction] Action PlayCardAction card: CARD.YGODUELIST-DEFEND_YGO_DUELIST (40181440) index: 2055 targetid:  began executing
[INFO] Player 76561198136285041 playing card YGODUELIST-DEFEND_YGO_DUELIST (no target)
[VERYDEBUG] [GameAction] Action PlayCardAction card: CARD.YGODUELIST-DEFEND_YGO_DUELIST (40181440) index: 2055 targetid:  finished execution
[DEBUG] [ChecksumTracker] Generating checksum for context: after executing action PlayCardAction card: CARD.YGODUELIST-DEFEND_YGO_DUELIST (40181440) index: 2055 targetid:  action: PlayCardAction card: CARD.YGODUELIST-DEFEND_YGO_DUELIST (40181440) index: 2055 targetid:  id: 12
[YgoDuelist][MP][Checksum][fp] netId=76561198136285041 | pt=1 n=9:YGODUELIST-BURNING_LAND01010009,20024,YGODUELIST-DEFEND_YGO_DUELIST010,YGODUELIST-DEFEND_YGO_DUELIST010,YGODUELIST-EARTH_EFFIGY0bYgoDieForYouUserToggleOnFalseiPermanentAtkBonusFromExecutes01010000,20015,20043,YGODUELIST-FIRE_SORCERER0bYgoDieForYouUserToggleOnFalseiPermanentAtkBonusFromExecutes01010002,20017,20041,20043,YGODUELIST-GAIA_POWER01010009,20027,YGODUELIST-RECKLESS_GREED01010009,10011,YGODUELIST-STRIKE_YGO_DUELIST010,YGODUELIST-STRIKE_YGO_DUELIST010 | pt=2 n=3:YGODUELIST-ARCANE_ARCHER_OF_THE_FOREST0bYgoDieForYouUserToggleOnFalseiPermanentAtkBonusFromExecutes01010000,20019,20043,YGODUELIST-OUTSTANDING_DOG_MARRON0bYgoDieForYouUserToggleOnFalseiPermanentAtkBonusFromExecutes01010004,20001,YGODUELIST-TRAP_OF_BOARD_ERASER01010009,10011 | pt=3 n=5:YGODUELIST-DEFEND_YGO_DUELIST010,YGODUELIST-OJAMA_TRIO01010009,10011,YGODUELIST-ROCKET_JUMPER0bYgoDieForYouUserToggleOnFalseiPermanentAtkBonusFromExecutes01010000,20015,20043,20045,YGODUELIST-SKELENGEL0bYgoDieForYouUserToggleOnFalseiPermanentAtkBonusFromExecutes01010004,20006,20041,YGODUELIST-STRIKE_YGO_DUELIST010 | pt=4 n=0: | pt=5 n=0: | pt=932200512 n=0: | pt=932200513 n=0: | pt=932200514 n=0: | pt=932200515 n=1:YGODUELIST-HOURGLASS_OF_COURAGE0bYgoDieForYouUserToggleOnFalseiPermanentAtkBonusFromExecutes01010004,20006,20043 | pt=932200516 n=1:YGODUELIST-TOTAL_DEFENSE_SHOGUN0bYgoDieForYouUserToggleOnFalseiPermanentAtkBonusFromExecutes01010005,20019,20034,20043 | pt=932200517 n=0: | pt=932200518 n=0:
[YgoDuelist][MP][Checksum][fp] netId=76561198345121322 | pt=1 n=4:GREED0104,7,YGODUELIST-DEFEND_YGO_DUELIST010,YGODUELIST-RAIGEKI_BREAK01010009,10011,20045,YGODUELIST-STRIKE_YGO_DUELIST010 | pt=2 n=5:YGODUELIST-FIRE_PRINCESS0bYgoDieForYouUserToggleOnFalseiPermanentAtkBonusFromExecutes01010002,20013,20043,YGODUELIST-QUEEN_S_DOUBLE0bYgoDieForYouUserToggleOnFalseiPermanentAtkBonusFromExecutes01010000,20019,20045,YGODUELIST-STRIKE_YGO_DUELIST010,YGODUELIST-STRIKE_YGO_DUELIST010,YGODUELIST-YELLOW_LUSTER_SHIELD01010009,20024 | pt=3 n=4:YGODUELIST-DEFEND_YGO_DUELIST010,YGODUELIST-DEFEND_YGO_DUELIST010,YGODUELIST-KURAMA0bYgoDieForYouUserToggleOnFalseiPermanentAtkBonusFromExecutes01010003,20020,20043,YGODUELIST-ZABORG_THE_THUNDER_MONARCH0bYgoDieForYouUserToggleOnFalseiPermanentAtkBonusFromExecutes01010004,20018,20034,20043 | pt=4 n=0: | pt=5 n=0: | pt=932200512 n=0: | pt=932200513 n=1:YGODUELIST-THE_LAST_WARRIOR_FROM_ANOTHER_PLANET0bYgoDieForYouUserToggleOnFalseiPermanentAtkBonusFromExecutes0iSummonAbsorbPrintedDefBonus01010000,20019,20036,20043 | pt=932200514 n=0: | pt=932200515 n=0: | pt=932200516 n=1:YGODUELIST-VERSAGO_THE_DESTROYER0bYgoDieForYouUserToggleOnFalseiPermanentAtkBonusFromExecutes01010005,20007,20043 | pt=932200517 n=0: | pt=932200518 n=0:
[DEBUG] [ActionExecutor] Completed execution of action PlayCardAction card: CARD.YGODUELIST-DEFEND_YGO_DUELIST (40181440) index: 2055 targetid: , attempting to find new action
[VERYDEBUG] [ActionQueueSet] Attempting to find ready action
[VERYDEBUG] [ActionQueueSet] Queue for player 76561198345121322 is empty
[VERYDEBUG] [ActionQueueSet] Queue for player 76561198136285041 is empty
[VERYDEBUG] [ActionQueueSet] No action is ready
[YgoDuelist] YgoSecondHandLayoutPatch ENTER all=5 main=5 opts=0 FocusedHolderId=2709402958151 FocusedIsOpt=False
[YgoDuelist] YgoSecondHandLayoutPatch EXIT return false
[YgoDuelist] YgoSecondHandLayoutPatch ENTER all=5 main=5 opts=0 FocusedHolderId=0 FocusedIsOpt=False
[YgoDuelist] YgoSecondHandLayoutPatch EXIT return false
[YgoDuelist] YgoSecondHandLayoutPatch ENTER all=4 main=4 opts=0 FocusedHolderId=0 FocusedIsOpt=False
[YgoDuelist] YgoSecondHandLayoutPatch EXIT return false
[DEBUG] [ActionQueueSynchronizer] Sending message to client to enqueue action PlayCardAction card: CARD.YGODUELIST-YELLOW_LUSTER_SHIELD (42834526) index: 9 targetid:  at 08:24:14
[DEBUG] [ActionQueueSynchronizer] Enqueueing action PlayCardAction card: CARD.YGODUELIST-YELLOW_LUSTER_SHIELD (42834526) index: 9 targetid:  from owner 76561198345121322
[YgoDuelist] YgoSecondHandLayoutPatch ENTER all=4 main=4 opts=0 FocusedHolderId=0 FocusedIsOpt=False
[YgoDuelist] YgoSecondHandLayoutPatch EXIT return false
[DEBUG] [ActionQueueSet] Enqueueing action PlayCardAction card: CARD.YGODUELIST-YELLOW_LUSTER_SHIELD (42834526) index: 9 targetid:  to player queue owned by 76561198345121322
[DEBUG] [ActionExecutor] Action queue changed, beginning ExecuteActions
[VERYDEBUG] [ActionQueueSet] Attempting to find ready action
[VERYDEBUG] [ActionQueueSet] Action PlayCardAction card: CARD.YGODUELIST-YELLOW_LUSTER_SHIELD (42834526) index: 9 targetid:  with id 13 belonging to 76561198345121322 becomes new ready action
[VERYDEBUG] [ActionQueueSet] Queue for player 76561198136285041 is empty
[VERYDEBUG] [ActionQueueSet] Got ready action PlayCardAction card: CARD.YGODUELIST-YELLOW_LUSTER_SHIELD (42834526) index: 9 targetid:  (13)
[DEBUG] [ActionExecutor] Executing action: PlayCardAction card: CARD.YGODUELIST-YELLOW_LUSTER_SHIELD (42834526) index: 9 targetid: 
[VERYDEBUG] [GameAction] Action PlayCardAction card: CARD.YGODUELIST-YELLOW_LUSTER_SHIELD (42834526) index: 9 targetid:  began executing
[INFO] Player 76561198345121322 playing card YGODUELIST-YELLOW_LUSTER_SHIELD (no target)
[YgoDuelist] YgoSecondHandLayoutPatch ENTER all=4 main=4 opts=0 FocusedHolderId=0 FocusedIsOpt=False
[YgoDuelist] YgoSecondHandLayoutPatch EXIT return false
[YgoStripVisualDebug] Id=YGODUELIST-FIRE_PRINCESS, YgoCardType=EffectMonster, Attr=Fire, Race=Pyro, IsHandEffectFormActive=False, WillSet=True, FaceDown=True, UseFaceDownStrip=True
[WARN] [BaseLib] GetRawText: Key 'YGO_ATTRIBUTE_FIRE.title' not found in table 'static_hover_tips'
[WARN] [BaseLib] GetRawText: Key 'YGO_ATTRIBUTE_FIRE.description' not found in table 'static_hover_tips'
[WARN] [BaseLib] GetRawText: Key 'YGO_RACE_PYRO.title' not found in table 'static_hover_tips'
[WARN] [BaseLib] GetRawText: Key 'YGO_RACE_PYRO.description' not found in table 'static_hover_tips'
[YgoStripVisualDebug] Id=YGODUELIST-QUEEN_S_DOUBLE, YgoCardType=EffectMonster, Attr=Earth, Race=Warrior, IsHandEffectFormActive=False, WillSet=True, FaceDown=False, UseFaceDownStrip=False
[WARN] [BaseLib] GetRawText: Key 'YGO_ATTRIBUTE_EARTH.title' not found in table 'static_hover_tips'
[WARN] [BaseLib] GetRawText: Key 'YGO_ATTRIBUTE_EARTH.description' not found in table 'static_hover_tips'
[WARN] [BaseLib] GetRawText: Key 'YGO_RACE_WARRIOR.title' not found in table 'static_hover_tips'
[WARN] [BaseLib] GetRawText: Key 'YGO_RACE_WARRIOR.description' not found in table 'static_hover_tips'
[YgoSetVisualDebug] Id=YGODUELIST-QUEEN_S_DOUBLE, YgoCardType=EffectMonster, IsHandEffectFormActive=False, WillSet=True, FaceDown=False, ShouldUseSetVisual=False
[YgoDuelist] OnSecondHandCardsChanged ENTER player=49413123 cardsCount=1
[YgoDuelist]   cards[0]=Yellow_Luster_Shield id=42834526
[YgoDuelist] RebuildForPlayer START handId=2525910549030 cardsCount=1
[YgoDuelist] RebuildForPlayer new holder list for player
[YgoDuelist] RebuildForPlayer ADDING 1 holders
[YgoDuelist]   add[0] CREATE holderId=101737042122 model=Yellow_Luster_Shield
[YgoDuelist] RegisterOptionHolder ENTER handId=2525910549030 holderId=101737042122 index=-1 handChildCountBefore=7
[YgoDuelist] YgoSecondHandLayoutPatch ENTER all=5 main=4 opts=1 FocusedHolderId=0 FocusedIsOpt=False
[YgoDuelist]   opts[0] holderId=101737042122 model=?
[YgoDuelist] YgoSecondHandLayoutPatch: AFTER holder.Position.Y = -94.15972
[YgoDuelist] YgoSecondHandLayoutPatch: AFTER holder.TargetPosition.Y = -745
[YgoDuelist] YgoSecondHandLayoutPatch: AFTER holder.Hitbox.Position.Y = -132
[YgoDuelist] YgoSecondHandLayoutPatch EXIT return false
[YgoDuelist] RegisterOptionHolder EXIT handId=2525910549030 holderId=101737042122 handChildCountAfter=7 holderIsInsideTree=True
[YgoDuelist]   add[0] after RegisterOptionHolder holderId=101737042122 IsInsideTree=True ChildCount=7
[WARN] [BaseLib] GetRawText: Key 'YGO_RACE_SPELL_CONTINUOUS.title' not found in table 'static_hover_tips'
[WARN] [BaseLib] GetRawText: Key 'YGO_RACE_SPELL_CONTINUOUS.description' not found in table 'static_hover_tips'
[YgoDuelist]   add[0] after Initialize holderId=101737042122 CardNode=90596970103 CardModel=Yellow_Luster_Shield
[YgoDuelist] RebuildForPlayer END totalHolders=1 handActiveHoldersCount=5
[YgoDuelist] OnSecondHandCardsChanged EXIT RebuildForPlayer done
[VERYDEBUG] [GameAction] Action PlayCardAction card: CARD.YGODUELIST-YELLOW_LUSTER_SHIELD (42834526) index: 9 targetid:  finished execution
[DEBUG] [ChecksumTracker] Generating checksum for context: after executing action PlayCardAction card: CARD.YGODUELIST-YELLOW_LUSTER_SHIELD (42834526) index: 9 targetid:  action: PlayCardAction card: CARD.YGODUELIST-YELLOW_LUSTER_SHIELD (42834526) index: 9 targetid:  id: 13
[YgoDuelist][MP][Checksum][fp] netId=76561198136285041 | pt=1 n=9:YGODUELIST-BURNING_LAND01010009,20024,YGODUELIST-DEFEND_YGO_DUELIST010,YGODUELIST-DEFEND_YGO_DUELIST010,YGODUELIST-EARTH_EFFIGY0bYgoDieForYouUserToggleOnFalseiPermanentAtkBonusFromExecutes01010000,20015,20043,YGODUELIST-FIRE_SORCERER0bYgoDieForYouUserToggleOnFalseiPermanentAtkBonusFromExecutes01010002,20017,20041,20043,YGODUELIST-GAIA_POWER01010009,20027,YGODUELIST-RECKLESS_GREED01010009,10011,YGODUELIST-STRIKE_YGO_DUELIST010,YGODUELIST-STRIKE_YGO_DUELIST010 | pt=2 n=3:YGODUELIST-ARCANE_ARCHER_OF_THE_FOREST0bYgoDieForYouUserToggleOnFalseiPermanentAtkBonusFromExecutes01010000,20019,20043,YGODUELIST-OUTSTANDING_DOG_MARRON0bYgoDieForYouUserToggleOnFalseiPermanentAtkBonusFromExecutes01010004,20001,YGODUELIST-TRAP_OF_BOARD_ERASER01010009,10011 | pt=3 n=5:YGODUELIST-DEFEND_YGO_DUELIST010,YGODUELIST-OJAMA_TRIO01010009,10011,YGODUELIST-ROCKET_JUMPER0bYgoDieForYouUserToggleOnFalseiPermanentAtkBonusFromExecutes01010000,20015,20043,20045,YGODUELIST-SKELENGEL0bYgoDieForYouUserToggleOnFalseiPermanentAtkBonusFromExecutes01010004,20006,20041,YGODUELIST-STRIKE_YGO_DUELIST010 | pt=4 n=0: | pt=5 n=0: | pt=932200512 n=0: | pt=932200513 n=0: | pt=932200514 n=0: | pt=932200515 n=1:YGODUELIST-HOURGLASS_OF_COURAGE0bYgoDieForYouUserToggleOnFalseiPermanentAtkBonusFromExecutes01010004,20006,20043 | pt=932200516 n=1:YGODUELIST-TOTAL_DEFENSE_SHOGUN0bYgoDieForYouUserToggleOnFalseiPermanentAtkBonusFromExecutes01010005,20019,20034,20043 | pt=932200517 n=0: | pt=932200518 n=0:
[YgoDuelist][MP][Checksum][fp] netId=76561198345121322 | pt=1 n=4:GREED0104,7,YGODUELIST-DEFEND_YGO_DUELIST010,YGODUELIST-RAIGEKI_BREAK01010009,10011,20045,YGODUELIST-STRIKE_YGO_DUELIST010 | pt=2 n=4:YGODUELIST-FIRE_PRINCESS0bYgoDieForYouUserToggleOnFalseiPermanentAtkBonusFromExecutes01010002,20013,20043,YGODUELIST-QUEEN_S_DOUBLE0bYgoDieForYouUserToggleOnFalseiPermanentAtkBonusFromExecutes01010000,20019,20045,YGODUELIST-STRIKE_YGO_DUELIST010,YGODUELIST-STRIKE_YGO_DUELIST010 | pt=3 n=4:YGODUELIST-DEFEND_YGO_DUELIST010,YGODUELIST-DEFEND_YGO_DUELIST010,YGODUELIST-KURAMA0bYgoDieForYouUserToggleOnFalseiPermanentAtkBonusFromExecutes01010003,20020,20043,YGODUELIST-ZABORG_THE_THUNDER_MONARCH0bYgoDieForYouUserToggleOnFalseiPermanentAtkBonusFromExecutes01010004,20018,20034,20043 | pt=4 n=0: | pt=5 n=0: | pt=932200512 n=0: | pt=932200513 n=1:YGODUELIST-THE_LAST_WARRIOR_FROM_ANOTHER_PLANET0bYgoDieForYouUserToggleOnFalseiPermanentAtkBonusFromExecutes0iSummonAbsorbPrintedDefBonus01010000,20019,20036,20043 | pt=932200514 n=0: | pt=932200515 n=0: | pt=932200516 n=1:YGODUELIST-VERSAGO_THE_DESTROYER0bYgoDieForYouUserToggleOnFalseiPermanentAtkBonusFromExecutes01010005,20007,20043 | pt=932200517 n=1:YGODUELIST-YELLOW_LUSTER_SHIELD01010009,20024 | pt=932200518 n=0:
[DEBUG] [ActionExecutor] Completed execution of action PlayCardAction card: CARD.YGODUELIST-YELLOW_LUSTER_SHIELD (42834526) index: 9 targetid: , attempting to find new action
[VERYDEBUG] [ActionQueueSet] Attempting to find ready action
[VERYDEBUG] [ActionQueueSet] Queue for player 76561198345121322 is empty
[VERYDEBUG] [ActionQueueSet] Queue for player 76561198136285041 is empty
[VERYDEBUG] [ActionQueueSet] No action is ready
[YgoDuelist] Hover start on duel pet: DuelMonsterModel
[YgoDuelist] Hover end on duel pet: DuelMonsterModel
[YgoDuelist] Hover start on duel pet: DuelMonsterModel
[YgoDuelist] Right mouse button pressed.
[YgoDuelist] Right-click on duel pet: DuelMonsterModel
[DEBUG] [ActionQueueSynchronizer] Sending message to client to enqueue action YgoMonsterMenuCommandGameAction owner=76561198345121322 OpenMonsterOptions pet=4 at 08:24:15
[DEBUG] [ActionQueueSynchronizer] Enqueueing action YgoMonsterMenuCommandGameAction owner=76561198345121322 OpenMonsterOptions pet=4 from owner 76561198345121322
[DEBUG] [ActionQueueSet] Enqueueing action YgoMonsterMenuCommandGameAction owner=76561198345121322 OpenMonsterOptions pet=4 to player queue owned by 76561198345121322
[DEBUG] [ActionExecutor] Action queue changed, beginning ExecuteActions
[VERYDEBUG] [ActionQueueSet] Attempting to find ready action
[VERYDEBUG] [ActionQueueSet] Action YgoMonsterMenuCommandGameAction owner=76561198345121322 OpenMonsterOptions pet=4 with id 14 belonging to 76561198345121322 becomes new ready action
[VERYDEBUG] [ActionQueueSet] Queue for player 76561198136285041 is empty
[VERYDEBUG] [ActionQueueSet] Got ready action YgoMonsterMenuCommandGameAction owner=76561198345121322 OpenMonsterOptions pet=4 (14)
[DEBUG] [ActionExecutor] Executing action: YgoMonsterMenuCommandGameAction owner=76561198345121322 OpenMonsterOptions pet=4
[VERYDEBUG] [GameAction] Action YgoMonsterMenuCommandGameAction owner=76561198345121322 OpenMonsterOptions pet=4 began executing
[YgoDuelist][MP] YgoMonsterMenuCommandGameAction: kind=OpenMonsterOptions ownerNetId=76561198345121322 petCombatId=4 hasEnemy=False
[YgoDuelist] OnSecondHandCardsChanged ENTER player=49413123 cardsCount=5
[YgoDuelist]   cards[0]=Command_Defend id=39704191
[YgoDuelist]   cards[1]=Command_Attack id=21793400
[YgoDuelist]   cards[2]=Command_Change_Battle_Position id=61922873
[YgoDuelist]   cards[3]=Toggle_Die_For_You id=20434947
[YgoDuelist]   cards[4]=Exit_Monster_Options id=49696799
[YgoDuelist] RebuildForPlayer START handId=2525910549030 cardsCount=5
[YgoDuelist] TearDownSecondHandRow REMOVING 1 holders
[YgoDuelist] YgoSecondHandLayoutPatch ENTER all=4 main=4 opts=0 FocusedHolderId=0 FocusedIsOpt=False
[YgoDuelist] YgoSecondHandLayoutPatch EXIT return false
[YgoDuelist] RebuildForPlayer ADDING 5 holders
[YgoDuelist]   add[0] CREATE holderId=101602824386 model=Command_Defend
[YgoDuelist] RegisterOptionHolder ENTER handId=2525910549030 holderId=101602824386 index=-1 handChildCountBefore=7
[YgoDuelist] YgoSecondHandLayoutPatch ENTER all=5 main=4 opts=1 FocusedHolderId=0 FocusedIsOpt=False
[YgoDuelist]   opts[0] holderId=101602824386 model=?
[YgoDuelist] YgoSecondHandLayoutPatch: AFTER holder.Position.Y = -86.91667
[YgoDuelist] YgoSecondHandLayoutPatch: AFTER holder.TargetPosition.Y = -745
[YgoDuelist] YgoSecondHandLayoutPatch: AFTER holder.Hitbox.Position.Y = -132
[YgoDuelist] YgoSecondHandLayoutPatch EXIT return false
[YgoDuelist] RegisterOptionHolder EXIT handId=2525910549030 holderId=101602824386 handChildCountAfter=7 holderIsInsideTree=True
[YgoDuelist]   add[0] after RegisterOptionHolder holderId=101602824386 IsInsideTree=True ChildCount=7
[WARN] [BaseLib] GetRawText: Key 'YGO_ATTRIBUTE_DARK.title' not found in table 'static_hover_tips'
[WARN] [BaseLib] GetRawText: Key 'YGO_ATTRIBUTE_DARK.description' not found in table 'static_hover_tips'
[WARN] [BaseLib] GetRawText: Key 'YGO_RACE_FIEND.title' not found in table 'static_hover_tips'
[WARN] [BaseLib] GetRawText: Key 'YGO_RACE_FIEND.description' not found in table 'static_hover_tips'
[WARN] [BaseLib] GetRawText: Key 'YGO_RACE_FIEND.title' not found in table 'static_hover_tips'
[WARN] [BaseLib] GetRawText: Key 'YGO_RACE_FIEND.description' not found in table 'static_hover_tips'
[YgoDuelist]   add[0] after Initialize holderId=101602824386 CardNode=92945780479 CardModel=Command_Defend
[YgoDuelist]   add[1] CREATE holderId=101468606650 model=Command_Attack
[YgoDuelist] RegisterOptionHolder ENTER handId=2525910549030 holderId=101468606650 index=-1 handChildCountBefore=7
[YgoDuelist] YgoSecondHandLayoutPatch ENTER all=6 main=4 opts=2 FocusedHolderId=0 FocusedIsOpt=False
[YgoDuelist]   opts[0] holderId=101602824386 model=Command_Defend
[YgoDuelist]   opts[1] holderId=101468606650 model=?
[YgoDuelist] YgoSecondHandLayoutPatch: AFTER holder.Position.Y = -163.69305
[YgoDuelist] YgoSecondHandLayoutPatch: AFTER holder.TargetPosition.Y = -745
[YgoDuelist] YgoSecondHandLayoutPatch: AFTER holder.Hitbox.Position.Y = -132
[YgoDuelist] YgoSecondHandLayoutPatch: AFTER holder.Position.Y = -86.91667
[YgoDuelist] YgoSecondHandLayoutPatch: AFTER holder.TargetPosition.Y = -745
[YgoDuelist] YgoSecondHandLayoutPatch: AFTER holder.Hitbox.Position.Y = -132
[YgoDuelist] YgoSecondHandLayoutPatch EXIT return false
[YgoDuelist] RegisterOptionHolder EXIT handId=2525910549030 holderId=101468606650 handChildCountAfter=7 holderIsInsideTree=True
[YgoDuelist]   add[1] after RegisterOptionHolder holderId=101468606650 IsInsideTree=True ChildCount=7
[WARN] [BaseLib] GetRawText: Key 'YGO_ATTRIBUTE_DARK.title' not found in table 'static_hover_tips'
[WARN] [BaseLib] GetRawText: Key 'YGO_ATTRIBUTE_DARK.description' not found in table 'static_hover_tips'
[WARN] [BaseLib] GetRawText: Key 'YGO_RACE_FIEND.title' not found in table 'static_hover_tips'
[WARN] [BaseLib] GetRawText: Key 'YGO_RACE_FIEND.description' not found in table 'static_hover_tips'
[WARN] [BaseLib] GetRawText: Key 'YGO_RACE_FIEND.title' not found in table 'static_hover_tips'
[WARN] [BaseLib] GetRawText: Key 'YGO_RACE_FIEND.description' not found in table 'static_hover_tips'
[YgoDuelist]   add[1] after Initialize holderId=101468606650 CardNode=89422564915 CardModel=Command_Attack
[YgoDuelist]   add[2] CREATE holderId=101334388914 model=Command_Change_Battle_Position
[YgoDuelist] RegisterOptionHolder ENTER handId=2525910549030 holderId=101334388914 index=-1 handChildCountBefore=7
[YgoDuelist] YgoSecondHandLayoutPatch ENTER all=7 main=4 opts=3 FocusedHolderId=0 FocusedIsOpt=False
[YgoDuelist]   opts[0] holderId=101602824386 model=Command_Defend
[YgoDuelist]   opts[1] holderId=101468606650 model=Command_Attack
[YgoDuelist]   opts[2] holderId=101334388914 model=?
[YgoDuelist] YgoSecondHandLayoutPatch: AFTER holder.Position.Y = -231.5122
[YgoDuelist] YgoSecondHandLayoutPatch: AFTER holder.TargetPosition.Y = -745
[YgoDuelist] YgoSecondHandLayoutPatch: AFTER holder.Hitbox.Position.Y = -132
[YgoDuelist] YgoSecondHandLayoutPatch: AFTER holder.Position.Y = -163.69305
[YgoDuelist] YgoSecondHandLayoutPatch: AFTER holder.TargetPosition.Y = -745
[YgoDuelist] YgoSecondHandLayoutPatch: AFTER holder.Hitbox.Position.Y = -132
[YgoDuelist] YgoSecondHandLayoutPatch: AFTER holder.Position.Y = -86.91667
[YgoDuelist] YgoSecondHandLayoutPatch: AFTER holder.TargetPosition.Y = -745
[YgoDuelist] YgoSecondHandLayoutPatch: AFTER holder.Hitbox.Position.Y = -132
[YgoDuelist] YgoSecondHandLayoutPatch EXIT return false
[YgoDuelist] RegisterOptionHolder EXIT handId=2525910549030 holderId=101334388914 handChildCountAfter=7 holderIsInsideTree=True
[YgoDuelist]   add[2] after RegisterOptionHolder holderId=101334388914 IsInsideTree=True ChildCount=7
[WARN] [BaseLib] GetRawText: Key 'YGO_ATTRIBUTE_DARK.title' not found in table 'static_hover_tips'
[WARN] [BaseLib] GetRawText: Key 'YGO_ATTRIBUTE_DARK.description' not found in table 'static_hover_tips'
[WARN] [BaseLib] GetRawText: Key 'YGO_RACE_FIEND.title' not found in table 'static_hover_tips'
[WARN] [BaseLib] GetRawText: Key 'YGO_RACE_FIEND.description' not found in table 'static_hover_tips'
[WARN] [BaseLib] GetRawText: Key 'YGO_RACE_FIEND.title' not found in table 'static_hover_tips'
[WARN] [BaseLib] GetRawText: Key 'YGO_RACE_FIEND.description' not found in table 'static_hover_tips'
[YgoDuelist]   add[2] after Initialize holderId=101334388914 CardNode=88248159727 CardModel=Command_Change_Battle_Position
[YgoDuelist]   add[3] CREATE holderId=101200171178 model=Toggle_Die_For_You
[YgoDuelist] RegisterOptionHolder ENTER handId=2525910549030 holderId=101200171178 index=-1 handChildCountBefore=7
[YgoDuelist] YgoSecondHandLayoutPatch ENTER all=8 main=4 opts=4 FocusedHolderId=0 FocusedIsOpt=False
[YgoDuelist]   opts[0] holderId=101602824386 model=Command_Defend
[YgoDuelist]   opts[1] holderId=101468606650 model=Command_Attack
[YgoDuelist]   opts[2] holderId=101334388914 model=Command_Change_Battle_Position
[YgoDuelist]   opts[3] holderId=101200171178 model=?
[YgoDuelist] YgoSecondHandLayoutPatch: AFTER holder.Position.Y = -291.41913
[YgoDuelist] YgoSecondHandLayoutPatch: AFTER holder.TargetPosition.Y = -745
[YgoDuelist] YgoSecondHandLayoutPatch: AFTER holder.Hitbox.Position.Y = -132
[YgoDuelist] YgoSecondHandLayoutPatch: AFTER holder.Position.Y = -231.5122
[YgoDuelist] YgoSecondHandLayoutPatch: AFTER holder.TargetPosition.Y = -745
[YgoDuelist] YgoSecondHandLayoutPatch: AFTER holder.Hitbox.Position.Y = -132
[YgoDuelist] YgoSecondHandLayoutPatch: AFTER holder.Position.Y = -163.69305
[YgoDuelist] YgoSecondHandLayoutPatch: AFTER holder.TargetPosition.Y = -745
[YgoDuelist] YgoSecondHandLayoutPatch: AFTER holder.Hitbox.Position.Y = -132
[YgoDuelist] YgoSecondHandLayoutPatch: AFTER holder.Position.Y = -86.91667
[YgoDuelist] YgoSecondHandLayoutPatch: AFTER holder.TargetPosition.Y = -745
[YgoDuelist] YgoSecondHandLayoutPatch: AFTER holder.Hitbox.Position.Y = -132
[YgoDuelist] YgoSecondHandLayoutPatch EXIT return false
[YgoDuelist] RegisterOptionHolder EXIT handId=2525910549030 holderId=101200171178 handChildCountAfter=7 holderIsInsideTree=True
[YgoDuelist]   add[3] after RegisterOptionHolder holderId=101200171178 IsInsideTree=True ChildCount=7
[WARN] [BaseLib] GetRawText: Key 'YGO_ATTRIBUTE_DARK.title' not found in table 'static_hover_tips'
[WARN] [BaseLib] GetRawText: Key 'YGO_ATTRIBUTE_DARK.description' not found in table 'static_hover_tips'
[WARN] [BaseLib] GetRawText: Key 'YGO_RACE_FIEND.title' not found in table 'static_hover_tips'
[WARN] [BaseLib] GetRawText: Key 'YGO_RACE_FIEND.description' not found in table 'static_hover_tips'
[WARN] [BaseLib] GetRawText: Key 'YGO_RACE_FIEND.title' not found in table 'static_hover_tips'
[WARN] [BaseLib] GetRawText: Key 'YGO_RACE_FIEND.description' not found in table 'static_hover_tips'
[YgoDuelist]   add[3] after Initialize holderId=101200171178 CardNode=87073754539 CardModel=Toggle_Die_For_You
[YgoDuelist]   add[4] CREATE holderId=101065953442 model=Exit_Monster_Options
[YgoDuelist] RegisterOptionHolder ENTER handId=2525910549030 holderId=101065953442 index=-1 handChildCountBefore=7
[YgoDuelist] YgoSecondHandLayoutPatch ENTER all=9 main=4 opts=5 FocusedHolderId=0 FocusedIsOpt=False
[YgoDuelist]   opts[0] holderId=101602824386 model=Command_Defend
[YgoDuelist]   opts[1] holderId=101468606650 model=Command_Attack
[YgoDuelist]   opts[2] holderId=101334388914 model=Command_Change_Battle_Position
[YgoDuelist]   opts[3] holderId=101200171178 model=Toggle_Die_For_You
[YgoDuelist]   opts[4] holderId=101065953442 model=?
[YgoDuelist] YgoSecondHandLayoutPatch: AFTER holder.Position.Y = -344.3369
[YgoDuelist] YgoSecondHandLayoutPatch: AFTER holder.TargetPosition.Y = -745
[YgoDuelist] YgoSecondHandLayoutPatch: AFTER holder.Hitbox.Position.Y = -132
[YgoDuelist] YgoSecondHandLayoutPatch: AFTER holder.Position.Y = -291.41913
[YgoDuelist] YgoSecondHandLayoutPatch: AFTER holder.TargetPosition.Y = -745
[YgoDuelist] YgoSecondHandLayoutPatch: AFTER holder.Hitbox.Position.Y = -132
[YgoDuelist] YgoSecondHandLayoutPatch: AFTER holder.Position.Y = -231.5122
[YgoDuelist] YgoSecondHandLayoutPatch: AFTER holder.TargetPosition.Y = -745
[YgoDuelist] YgoSecondHandLayoutPatch: AFTER holder.Hitbox.Position.Y = -132
[YgoDuelist] YgoSecondHandLayoutPatch: AFTER holder.Position.Y = -163.69305
[YgoDuelist] YgoSecondHandLayoutPatch: AFTER holder.TargetPosition.Y = -745
[YgoDuelist] YgoSecondHandLayoutPatch: AFTER holder.Hitbox.Position.Y = -132
[YgoDuelist] YgoSecondHandLayoutPatch: AFTER holder.Position.Y = -86.91667
[YgoDuelist] YgoSecondHandLayoutPatch: AFTER holder.TargetPosition.Y = -745
[YgoDuelist] YgoSecondHandLayoutPatch: AFTER holder.Hitbox.Position.Y = -132
[YgoDuelist] YgoSecondHandLayoutPatch EXIT return false
[YgoDuelist] RegisterOptionHolder EXIT handId=2525910549030 holderId=101065953442 handChildCountAfter=7 holderIsInsideTree=True
[YgoDuelist]   add[4] after RegisterOptionHolder holderId=101065953442 IsInsideTree=True ChildCount=7
[WARN] [BaseLib] GetRawText: Key 'YGO_ATTRIBUTE_DARK.title' not found in table 'static_hover_tips'
[WARN] [BaseLib] GetRawText: Key 'YGO_ATTRIBUTE_DARK.description' not found in table 'static_hover_tips'
[WARN] [BaseLib] GetRawText: Key 'YGO_RACE_FIEND.title' not found in table 'static_hover_tips'
[WARN] [BaseLib] GetRawText: Key 'YGO_RACE_FIEND.description' not found in table 'static_hover_tips'
[WARN] [BaseLib] GetRawText: Key 'YGO_RACE_FIEND.title' not found in table 'static_hover_tips'
[WARN] [BaseLib] GetRawText: Key 'YGO_RACE_FIEND.description' not found in table 'static_hover_tips'
[YgoDuelist]   add[4] after Initialize holderId=101065953442 CardNode=85899349351 CardModel=Exit_Monster_Options
[YgoDuelist] RebuildForPlayer END totalHolders=5 handActiveHoldersCount=9
[YgoDuelist] OnSecondHandCardsChanged EXIT RebuildForPlayer done
[YgoDuelist][MP][OptionPile] OpenMonsterOptions: player=76561198345121322 count=5 ids=[YGODUELIST-EXIT_MONSTER_OPTIONS=19, YGODUELIST-TOGGLE_DIE_FOR_YOU=18, YGODUELIST-COMMAND_CHANGE_BATTLE_POSITION=17, YGODUELIST-COMMAND_ATTACK=16, YGODUELIST-COMMAND_DEFEND=15]
[VERYDEBUG] [GameAction] Action YgoMonsterMenuCommandGameAction owner=76561198345121322 OpenMonsterOptions pet=4 finished execution
[DEBUG] [ChecksumTracker] Generating checksum for context: after executing action YgoMonsterMenuCommandGameAction owner=76561198345121322 OpenMonsterOptions pet=4 action: YgoMonsterMenuCommandGameAction owner=76561198345121322 OpenMonsterOptions pet=4 id: 14
[YgoDuelist][MP][Checksum][fp] netId=76561198136285041 | pt=1 n=9:YGODUELIST-BURNING_LAND01010009,20024,YGODUELIST-DEFEND_YGO_DUELIST010,YGODUELIST-DEFEND_YGO_DUELIST010,YGODUELIST-EARTH_EFFIGY0bYgoDieForYouUserToggleOnFalseiPermanentAtkBonusFromExecutes01010000,20015,20043,YGODUELIST-FIRE_SORCERER0bYgoDieForYouUserToggleOnFalseiPermanentAtkBonusFromExecutes01010002,20017,20041,20043,YGODUELIST-GAIA_POWER01010009,20027,YGODUELIST-RECKLESS_GREED01010009,10011,YGODUELIST-STRIKE_YGO_DUELIST010,YGODUELIST-STRIKE_YGO_DUELIST010 | pt=2 n=3:YGODUELIST-ARCANE_ARCHER_OF_THE_FOREST0bYgoDieForYouUserToggleOnFalseiPermanentAtkBonusFromExecutes01010000,20019,20043,YGODUELIST-OUTSTANDING_DOG_MARRON0bYgoDieForYouUserToggleOnFalseiPermanentAtkBonusFromExecutes01010004,20001,YGODUELIST-TRAP_OF_BOARD_ERASER01010009,10011 | pt=3 n=5:YGODUELIST-DEFEND_YGO_DUELIST010,YGODUELIST-OJAMA_TRIO01010009,10011,YGODUELIST-ROCKET_JUMPER0bYgoDieForYouUserToggleOnFalseiPermanentAtkBonusFromExecutes01010000,20015,20043,20045,YGODUELIST-SKELENGEL0bYgoDieForYouUserToggleOnFalseiPermanentAtkBonusFromExecutes01010004,20006,20041,YGODUELIST-STRIKE_YGO_DUELIST010 | pt=4 n=0: | pt=5 n=0: | pt=932200512 n=0: | pt=932200513 n=0: | pt=932200514 n=0: | pt=932200515 n=1:YGODUELIST-HOURGLASS_OF_COURAGE0bYgoDieForYouUserToggleOnFalseiPermanentAtkBonusFromExecutes01010004,20006,20043 | pt=932200516 n=1:YGODUELIST-TOTAL_DEFENSE_SHOGUN0bYgoDieForYouUserToggleOnFalseiPermanentAtkBonusFromExecutes01010005,20019,20034,20043 | pt=932200517 n=0: | pt=932200518 n=0:
[YgoDuelist][MP][Checksum][fp] netId=76561198345121322 | pt=1 n=4:GREED0104,7,YGODUELIST-DEFEND_YGO_DUELIST010,YGODUELIST-RAIGEKI_BREAK01010009,10011,20045,YGODUELIST-STRIKE_YGO_DUELIST010 | pt=2 n=4:YGODUELIST-FIRE_PRINCESS0bYgoDieForYouUserToggleOnFalseiPermanentAtkBonusFromExecutes01010002,20013,20043,YGODUELIST-QUEEN_S_DOUBLE0bYgoDieForYouUserToggleOnFalseiPermanentAtkBonusFromExecutes01010000,20019,20045,YGODUELIST-STRIKE_YGO_DUELIST010,YGODUELIST-STRIKE_YGO_DUELIST010 | pt=3 n=4:YGODUELIST-DEFEND_YGO_DUELIST010,YGODUELIST-DEFEND_YGO_DUELIST010,YGODUELIST-KURAMA0bYgoDieForYouUserToggleOnFalseiPermanentAtkBonusFromExecutes01010003,20020,20043,YGODUELIST-ZABORG_THE_THUNDER_MONARCH0bYgoDieForYouUserToggleOnFalseiPermanentAtkBonusFromExecutes01010004,20018,20034,20043 | pt=4 n=0: | pt=5 n=0: | pt=932200512 n=0: | pt=932200513 n=1:YGODUELIST-THE_LAST_WARRIOR_FROM_ANOTHER_PLANET0bYgoDieForYouUserToggleOnFalseiPermanentAtkBonusFromExecutes0iSummonAbsorbPrintedDefBonus01010000,20019,20036,20043 | pt=932200514 n=0: | pt=932200515 n=0: | pt=932200516 n=1:YGODUELIST-VERSAGO_THE_DESTROYER0bYgoDieForYouUserToggleOnFalseiPermanentAtkBonusFromExecutes01010005,20007,20043 | pt=932200517 n=1:YGODUELIST-YELLOW_LUSTER_SHIELD01010009,20024 | pt=932200518 n=0:
[DEBUG] [ActionExecutor] Completed execution of action YgoMonsterMenuCommandGameAction owner=76561198345121322 OpenMonsterOptions pet=4, attempting to find new action
[VERYDEBUG] [ActionQueueSet] Attempting to find ready action
[VERYDEBUG] [ActionQueueSet] Queue for player 76561198345121322 is empty
[VERYDEBUG] [ActionQueueSet] Queue for player 76561198136285041 is empty
[VERYDEBUG] [ActionQueueSet] No action is ready
[YgoDuelist][MP][Queue] OpenMonsterOptions -> YgoMonsterMenuCommandGameAction owner=76561198345121322 OpenMonsterOptions pet=4
[YgoDuelist][MP] OpenMonsterOptions enqueued ownerNetId=76561198345121322 petCombatId=4
[YgoDuelist] Hover end on duel pet: DuelMonsterModel
[YgoDuelist] YgoSecondHandLayoutPatch ENTER all=9 main=4 opts=5 FocusedHolderId=101200171178 FocusedIsOpt=True
[YgoDuelist]   opts[0] holderId=101602824386 model=Command_Defend
[YgoDuelist]   opts[1] holderId=101468606650 model=Command_Attack
[YgoDuelist]   opts[2] holderId=101334388914 model=Command_Change_Battle_Position
[YgoDuelist]   opts[3] holderId=101200171178 model=Toggle_Die_For_You
[YgoDuelist]   opts[4] holderId=101065953442 model=Exit_Monster_Options
[YgoDuelist] YgoSecondHandLayoutPatch: AFTER holder.Position.Y = -741.2111
[YgoDuelist] YgoSecondHandLayoutPatch: AFTER holder.TargetPosition.Y = -745
[YgoDuelist] YgoSecondHandLayoutPatch: AFTER holder.Hitbox.Position.Y = -132
[YgoDuelist] YgoSecondHandLayoutPatch: AFTER holder.Position.Y = -740.7107
[YgoDuelist] YgoSecondHandLayoutPatch: AFTER holder.TargetPosition.Y = -745
[YgoDuelist] YgoSecondHandLayoutPatch: AFTER holder.Hitbox.Position.Y = -132
[YgoDuelist] YgoSecondHandLayoutPatch: AFTER holder.Position.Y = -740.14417
[YgoDuelist] YgoSecondHandLayoutPatch: AFTER holder.TargetPosition.Y = -745
[YgoDuelist] YgoSecondHandLayoutPatch: AFTER holder.Hitbox.Position.Y = -132
[YgoDuelist] YgoSecondHandLayoutPatch: AFTER holder.Position.Y = -739.5028
[YgoDuelist] YgoSecondHandLayoutPatch: AFTER holder.TargetPosition.Y = -745
[YgoDuelist] YgoSecondHandLayoutPatch: AFTER holder.Hitbox.Position.Y = -132
[YgoDuelist] YgoSecondHandLayoutPatch: AFTER holder.Position.Y = -738.7768
[YgoDuelist] YgoSecondHandLayoutPatch: AFTER holder.TargetPosition.Y = -745
[YgoDuelist] YgoSecondHandLayoutPatch: AFTER holder.Hitbox.Position.Y = -132
[YgoDuelist] YgoSecondHandLayoutPatch EXIT return false
[YgoDuelist] YgoSecondHandLayoutPatch ENTER all=9 main=4 opts=5 FocusedHolderId=0 FocusedIsOpt=False
[YgoDuelist]   opts[0] holderId=101602824386 model=Command_Defend
[YgoDuelist]   opts[1] holderId=101468606650 model=Command_Attack
[YgoDuelist]   opts[2] holderId=101334388914 model=Command_Change_Battle_Position
[YgoDuelist]   opts[3] holderId=101200171178 model=Toggle_Die_For_You
[YgoDuelist]   opts[4] holderId=101065953442 model=Exit_Monster_Options
[YgoDuelist] YgoSecondHandLayoutPatch: AFTER holder.Position.Y = -745
[YgoDuelist] YgoSecondHandLayoutPatch: AFTER holder.TargetPosition.Y = -745
[YgoDuelist] YgoSecondHandLayoutPatch: AFTER holder.Hitbox.Position.Y = -132
[YgoDuelist] YgoSecondHandLayoutPatch: AFTER holder.Position.Y = -745
[YgoDuelist] YgoSecondHandLayoutPatch: AFTER holder.TargetPosition.Y = -745
[YgoDuelist] YgoSecondHandLayoutPatch: AFTER holder.Hitbox.Position.Y = -132
[YgoDuelist] YgoSecondHandLayoutPatch: AFTER holder.Position.Y = -745
[YgoDuelist] YgoSecondHandLayoutPatch: AFTER holder.TargetPosition.Y = -745
[YgoDuelist] YgoSecondHandLayoutPatch: AFTER holder.Hitbox.Position.Y = -132
[YgoDuelist] YgoSecondHandLayoutPatch: AFTER holder.Position.Y = -745
[YgoDuelist] YgoSecondHandLayoutPatch: AFTER holder.TargetPosition.Y = -745
[YgoDuelist] YgoSecondHandLayoutPatch: AFTER holder.Hitbox.Position.Y = -132
[YgoDuelist] YgoSecondHandLayoutPatch: AFTER holder.Position.Y = -745
[YgoDuelist] YgoSecondHandLayoutPatch: AFTER holder.TargetPosition.Y = -745
[YgoDuelist] YgoSecondHandLayoutPatch: AFTER holder.Hitbox.Position.Y = -132
[YgoDuelist] YgoSecondHandLayoutPatch EXIT return false
[YgoDuelist] YgoSecondHandLayoutPatch ENTER all=9 main=4 opts=5 FocusedHolderId=101334388914 FocusedIsOpt=True
[YgoDuelist]   opts[0] holderId=101602824386 model=Command_Defend
[YgoDuelist]   opts[1] holderId=101468606650 model=Command_Attack
[YgoDuelist]   opts[2] holderId=101334388914 model=Command_Change_Battle_Position
[YgoDuelist]   opts[3] holderId=101200171178 model=Toggle_Die_For_You
[YgoDuelist]   opts[4] holderId=101065953442 model=Exit_Monster_Options
[YgoDuelist] YgoSecondHandLayoutPatch: AFTER holder.Position.Y = -745
[YgoDuelist] YgoSecondHandLayoutPatch: AFTER holder.TargetPosition.Y = -745
[YgoDuelist] YgoSecondHandLayoutPatch: AFTER holder.Hitbox.Position.Y = -132
[YgoDuelist] YgoSecondHandLayoutPatch: AFTER holder.Position.Y = -745
[YgoDuelist] YgoSecondHandLayoutPatch: AFTER holder.TargetPosition.Y = -745
[YgoDuelist] YgoSecondHandLayoutPatch: AFTER holder.Hitbox.Position.Y = -132
[YgoDuelist] YgoSecondHandLayoutPatch: AFTER holder.Position.Y = -745
[YgoDuelist] YgoSecondHandLayoutPatch: AFTER holder.TargetPosition.Y = -745
[YgoDuelist] YgoSecondHandLayoutPatch: AFTER holder.Hitbox.Position.Y = -132
[YgoDuelist] YgoSecondHandLayoutPatch: AFTER holder.Position.Y = -745
[YgoDuelist] YgoSecondHandLayoutPatch: AFTER holder.TargetPosition.Y = -745
[YgoDuelist] YgoSecondHandLayoutPatch: AFTER holder.Hitbox.Position.Y = -132
[YgoDuelist] YgoSecondHandLayoutPatch: AFTER holder.Position.Y = -745
[YgoDuelist] YgoSecondHandLayoutPatch: AFTER holder.TargetPosition.Y = -745
[YgoDuelist] YgoSecondHandLayoutPatch: AFTER holder.Hitbox.Position.Y = -132
[YgoDuelist] YgoSecondHandLayoutPatch EXIT return false
[YgoDuelist] YgoSecondHandLayoutPatch ENTER all=9 main=4 opts=5 FocusedHolderId=0 FocusedIsOpt=False
[YgoDuelist]   opts[0] holderId=101602824386 model=Command_Defend
[YgoDuelist]   opts[1] holderId=101468606650 model=Command_Attack
[YgoDuelist]   opts[2] holderId=101334388914 model=Command_Change_Battle_Position
[YgoDuelist]   opts[3] holderId=101200171178 model=Toggle_Die_For_You
[YgoDuelist]   opts[4] holderId=101065953442 model=Exit_Monster_Options
[YgoDuelist] YgoSecondHandLayoutPatch: AFTER holder.Position.Y = -745
[YgoDuelist] YgoSecondHandLayoutPatch: AFTER holder.TargetPosition.Y = -745
[YgoDuelist] YgoSecondHandLayoutPatch: AFTER holder.Hitbox.Position.Y = -132
[YgoDuelist] YgoSecondHandLayoutPatch: AFTER holder.Position.Y = -745
[YgoDuelist] YgoSecondHandLayoutPatch: AFTER holder.TargetPosition.Y = -745
[YgoDuelist] YgoSecondHandLayoutPatch: AFTER holder.Hitbox.Position.Y = -132
[YgoDuelist] YgoSecondHandLayoutPatch: AFTER holder.Position.Y = -745
[YgoDuelist] YgoSecondHandLayoutPatch: AFTER holder.TargetPosition.Y = -745
[YgoDuelist] YgoSecondHandLayoutPatch: AFTER holder.Hitbox.Position.Y = -132
[YgoDuelist] YgoSecondHandLayoutPatch: AFTER holder.Position.Y = -745
[YgoDuelist] YgoSecondHandLayoutPatch: AFTER holder.TargetPosition.Y = -745
[YgoDuelist] YgoSecondHandLayoutPatch: AFTER holder.Hitbox.Position.Y = -132
[YgoDuelist] YgoSecondHandLayoutPatch: AFTER holder.Position.Y = -745
[YgoDuelist] YgoSecondHandLayoutPatch: AFTER holder.TargetPosition.Y = -745
[YgoDuelist] YgoSecondHandLayoutPatch: AFTER holder.Hitbox.Position.Y = -132
[YgoDuelist] YgoSecondHandLayoutPatch EXIT return false
[YgoDuelist] YgoSecondHandLayoutPatch ENTER all=9 main=4 opts=5 FocusedHolderId=101468606650 FocusedIsOpt=True
[YgoDuelist]   opts[0] holderId=101602824386 model=Command_Defend
[YgoDuelist]   opts[1] holderId=101468606650 model=Command_Attack
[YgoDuelist]   opts[2] holderId=101334388914 model=Command_Change_Battle_Position
[YgoDuelist]   opts[3] holderId=101200171178 model=Toggle_Die_For_You
[YgoDuelist]   opts[4] holderId=101065953442 model=Exit_Monster_Options
[YgoDuelist] YgoSecondHandLayoutPatch: AFTER holder.Position.Y = -745
[YgoDuelist] YgoSecondHandLayoutPatch: AFTER holder.TargetPosition.Y = -745
[YgoDuelist] YgoSecondHandLayoutPatch: AFTER holder.Hitbox.Position.Y = -132
[YgoDuelist] YgoSecondHandLayoutPatch: AFTER holder.Position.Y = -745
[YgoDuelist] YgoSecondHandLayoutPatch: AFTER holder.TargetPosition.Y = -745
[YgoDuelist] YgoSecondHandLayoutPatch: AFTER holder.Hitbox.Position.Y = -132
[YgoDuelist] YgoSecondHandLayoutPatch: AFTER holder.Position.Y = -745
[YgoDuelist] YgoSecondHandLayoutPatch: AFTER holder.TargetPosition.Y = -745
[YgoDuelist] YgoSecondHandLayoutPatch: AFTER holder.Hitbox.Position.Y = -132
[YgoDuelist] YgoSecondHandLayoutPatch: AFTER holder.Position.Y = -745
[YgoDuelist] YgoSecondHandLayoutPatch: AFTER holder.TargetPosition.Y = -745
[YgoDuelist] YgoSecondHandLayoutPatch: AFTER holder.Hitbox.Position.Y = -132
[YgoDuelist] YgoSecondHandLayoutPatch: AFTER holder.Position.Y = -745
[YgoDuelist] YgoSecondHandLayoutPatch: AFTER holder.TargetPosition.Y = -745
[YgoDuelist] YgoSecondHandLayoutPatch: AFTER holder.Hitbox.Position.Y = -132
[YgoDuelist] YgoSecondHandLayoutPatch EXIT return false
[YgoDuelist] YgoSecondHandLayoutPatch ENTER all=9 main=4 opts=5 FocusedHolderId=0 FocusedIsOpt=False
[YgoDuelist]   opts[0] holderId=101602824386 model=Command_Defend
[YgoDuelist]   opts[1] holderId=101468606650 model=Command_Attack
[YgoDuelist]   opts[2] holderId=101334388914 model=Command_Change_Battle_Position
[YgoDuelist]   opts[3] holderId=101200171178 model=Toggle_Die_For_You
[YgoDuelist]   opts[4] holderId=101065953442 model=Exit_Monster_Options
[YgoDuelist] YgoSecondHandLayoutPatch: AFTER holder.Position.Y = -745
[YgoDuelist] YgoSecondHandLayoutPatch: AFTER holder.TargetPosition.Y = -745
[YgoDuelist] YgoSecondHandLayoutPatch: AFTER holder.Hitbox.Position.Y = -132
[YgoDuelist] YgoSecondHandLayoutPatch: AFTER holder.Position.Y = -745
[YgoDuelist] YgoSecondHandLayoutPatch: AFTER holder.TargetPosition.Y = -745
[YgoDuelist] YgoSecondHandLayoutPatch: AFTER holder.Hitbox.Position.Y = -132
[YgoDuelist] YgoSecondHandLayoutPatch: AFTER holder.Position.Y = -745
[YgoDuelist] YgoSecondHandLayoutPatch: AFTER holder.TargetPosition.Y = -745
[YgoDuelist] YgoSecondHandLayoutPatch: AFTER holder.Hitbox.Position.Y = -132
[YgoDuelist] YgoSecondHandLayoutPatch: AFTER holder.Position.Y = -745
[YgoDuelist] YgoSecondHandLayoutPatch: AFTER holder.TargetPosition.Y = -745
[YgoDuelist] YgoSecondHandLayoutPatch: AFTER holder.Hitbox.Position.Y = -132
[YgoDuelist] YgoSecondHandLayoutPatch: AFTER holder.Position.Y = -745
[YgoDuelist] YgoSecondHandLayoutPatch: AFTER holder.TargetPosition.Y = -745
[YgoDuelist] YgoSecondHandLayoutPatch: AFTER holder.Hitbox.Position.Y = -132
[YgoDuelist] YgoSecondHandLayoutPatch EXIT return false
[YgoDuelist] YgoSecondHandLayoutPatch ENTER all=9 main=4 opts=5 FocusedHolderId=101602824386 FocusedIsOpt=True
[YgoDuelist]   opts[0] holderId=101602824386 model=Command_Defend
[YgoDuelist]   opts[1] holderId=101468606650 model=Command_Attack
[YgoDuelist]   opts[2] holderId=101334388914 model=Command_Change_Battle_Position
[YgoDuelist]   opts[3] holderId=101200171178 model=Toggle_Die_For_You
[YgoDuelist]   opts[4] holderId=101065953442 model=Exit_Monster_Options
[YgoDuelist] YgoSecondHandLayoutPatch: AFTER holder.Position.Y = -745
[YgoDuelist] YgoSecondHandLayoutPatch: AFTER holder.TargetPosition.Y = -745
[YgoDuelist] YgoSecondHandLayoutPatch: AFTER holder.Hitbox.Position.Y = -132
[YgoDuelist] YgoSecondHandLayoutPatch: AFTER holder.Position.Y = -745
[YgoDuelist] YgoSecondHandLayoutPatch: AFTER holder.TargetPosition.Y = -745
[YgoDuelist] YgoSecondHandLayoutPatch: AFTER holder.Hitbox.Position.Y = -132
[YgoDuelist] YgoSecondHandLayoutPatch: AFTER holder.Position.Y = -745
[YgoDuelist] YgoSecondHandLayoutPatch: AFTER holder.TargetPosition.Y = -745
[YgoDuelist] YgoSecondHandLayoutPatch: AFTER holder.Hitbox.Position.Y = -132
[YgoDuelist] YgoSecondHandLayoutPatch: AFTER holder.Position.Y = -745
[YgoDuelist] YgoSecondHandLayoutPatch: AFTER holder.TargetPosition.Y = -745
[YgoDuelist] YgoSecondHandLayoutPatch: AFTER holder.Hitbox.Position.Y = -132
[YgoDuelist] YgoSecondHandLayoutPatch: AFTER holder.Position.Y = -745
[YgoDuelist] YgoSecondHandLayoutPatch: AFTER holder.TargetPosition.Y = -745
[YgoDuelist] YgoSecondHandLayoutPatch: AFTER holder.Hitbox.Position.Y = -132
[YgoDuelist] YgoSecondHandLayoutPatch EXIT return false
[DEBUG] [NetQualityTracker] Connection statistics at 08:24:19:
[DEBUG] [NetQualityTracker] 	76561198136285041 - Ping: 66.53472. Packet Loss: 3E-45.
[YgoDuelist] OnHolderPressed option holder id=101602824386 card=Command_Defend
[YgoLifecycle] StartCardPlay S1_EnterPrefix holderId=101602824386 model=Command_Defend index=4 inTree=True extra=needsSafePath=True
[YgoLifecycle] StartCardPlay S2_QueuedHolder holderId=101602824386 model=Command_Defend index=4 inTree=True extra=queuedIndex=4
[YgoDuelist] YgoSecondHandLayoutPatch ENTER all=9 main=4 opts=5 FocusedHolderId=0 FocusedIsOpt=False
[YgoDuelist]   opts[0] holderId=101602824386 model=Command_Defend
[YgoDuelist]   opts[1] holderId=101468606650 model=Command_Attack
[YgoDuelist]   opts[2] holderId=101334388914 model=Command_Change_Battle_Position
[YgoDuelist]   opts[3] holderId=101200171178 model=Toggle_Die_For_You
[YgoDuelist]   opts[4] holderId=101065953442 model=Exit_Monster_Options
[YgoDuelist] YgoSecondHandLayoutPatch: AFTER holder.Position.Y = -745
[YgoDuelist] YgoSecondHandLayoutPatch: AFTER holder.TargetPosition.Y = -745
[YgoDuelist] YgoSecondHandLayoutPatch: AFTER holder.Hitbox.Position.Y = -132
[YgoDuelist] YgoSecondHandLayoutPatch: AFTER holder.Position.Y = -745
[YgoDuelist] YgoSecondHandLayoutPatch: AFTER holder.TargetPosition.Y = -745
[YgoDuelist] YgoSecondHandLayoutPatch: AFTER holder.Hitbox.Position.Y = -132
[YgoDuelist] YgoSecondHandLayoutPatch: AFTER holder.Position.Y = -745
[YgoDuelist] YgoSecondHandLayoutPatch: AFTER holder.TargetPosition.Y = -745
[YgoDuelist] YgoSecondHandLayoutPatch: AFTER holder.Hitbox.Position.Y = -132
[YgoDuelist] YgoSecondHandLayoutPatch: AFTER holder.Position.Y = -745
[YgoDuelist] YgoSecondHandLayoutPatch: AFTER holder.TargetPosition.Y = -745
[YgoDuelist] YgoSecondHandLayoutPatch: AFTER holder.Hitbox.Position.Y = -132
[YgoDuelist] YgoSecondHandLayoutPatch: AFTER holder.Position.Y = -745
[YgoDuelist] YgoSecondHandLayoutPatch: AFTER holder.TargetPosition.Y = -745
[YgoDuelist] YgoSecondHandLayoutPatch: AFTER holder.Hitbox.Position.Y = -132
[YgoDuelist] YgoSecondHandLayoutPatch EXIT return false
[YgoLifecycle] StartCardPlay S3_BeginDrag holderId=101602824386 model=Command_Defend index=7 inTree=True extra=
[YgoLifecycle] StartCardPlay S4_CardPlayCreated holderId=101602824386 model=Command_Defend index=7 inTree=True extra=cardPlayType=NMouseCardPlay
[YgoLifecycle] MouseStartAsync M1_Enter holderId=101602824386 model=Command_Defend holderInTree=True selfInTree=True extra=
[YgoLifecycle] MouseStartAsync M4_StartCardDrag_BeginAwait holderId=101602824386 model=Command_Defend holderInTree=True selfInTree=True extra=
[YgoLifecycle] MouseStartAsync M5_StartCardDrag_EndAwait holderId=101602824386 model=Command_Defend holderInTree=True selfInTree=True extra=
[YgoDuelist] YgoSecondHandLayoutPatch ENTER all=8 main=4 opts=4 FocusedHolderId=0 FocusedIsOpt=False
[YgoDuelist]   opts[0] holderId=101468606650 model=Command_Attack
[YgoDuelist]   opts[1] holderId=101334388914 model=Command_Change_Battle_Position
[YgoDuelist]   opts[2] holderId=101200171178 model=Toggle_Die_For_You
[YgoDuelist]   opts[3] holderId=101065953442 model=Exit_Monster_Options
[YgoDuelist] YgoSecondHandLayoutPatch: AFTER holder.Position.Y = -745
[YgoDuelist] YgoSecondHandLayoutPatch: AFTER holder.TargetPosition.Y = -745
[YgoDuelist] YgoSecondHandLayoutPatch: AFTER holder.Hitbox.Position.Y = -132
[YgoDuelist] YgoSecondHandLayoutPatch: AFTER holder.Position.Y = -745
[YgoDuelist] YgoSecondHandLayoutPatch: AFTER holder.TargetPosition.Y = -745
[YgoDuelist] YgoSecondHandLayoutPatch: AFTER holder.Hitbox.Position.Y = -132
[YgoDuelist] YgoSecondHandLayoutPatch: AFTER holder.Position.Y = -745
[YgoDuelist] YgoSecondHandLayoutPatch: AFTER holder.TargetPosition.Y = -745
[YgoDuelist] YgoSecondHandLayoutPatch: AFTER holder.Hitbox.Position.Y = -132
[YgoDuelist] YgoSecondHandLayoutPatch: AFTER holder.Position.Y = -745
[YgoDuelist] YgoSecondHandLayoutPatch: AFTER holder.TargetPosition.Y = -745
[YgoDuelist] YgoSecondHandLayoutPatch: AFTER holder.Hitbox.Position.Y = -132
[YgoDuelist] YgoSecondHandLayoutPatch EXIT return false
[YgoLifecycle] StartCardPlay S8_StartCalled holderId=101602824386 model=Command_Defend index=7 inTree=True extra=
[YgoDuelist] StartCardPlay PREFIX: custom safe start path holderId=101602824386 index=4 isOption=True
[YgoDuelist] StartCardPlay POSTFIX: option holder - NMouseCardPlay created and Start() called
[YgoLifecycle] MouseStartAsync M10_TargetSelectionCompleted holderId=101602824386 model=Command_Defend holderInTree=True selfInTree=True extra=targetMode=ClickMouseToTarget
[YgoLifecycle] MouseStartAsync M13_InvokeTryPlayCard holderId=101602824386 model=Command_Defend holderInTree=True selfInTree=True extra=
[YgoDuelist] TryPlayCard ENTER option holder TargetType=Self target=NULL
[DEBUG] [ActionQueueSynchronizer] Sending message to client to enqueue action PlayCardAction card: CARD.YGODUELIST-COMMAND_DEFEND (39704191) index: 15 targetid:  at 08:24:23
[DEBUG] [ActionQueueSynchronizer] Enqueueing action PlayCardAction card: CARD.YGODUELIST-COMMAND_DEFEND (39704191) index: 15 targetid:  from owner 76561198345121322
[DEBUG] [ActionQueueSet] Enqueueing action PlayCardAction card: CARD.YGODUELIST-COMMAND_DEFEND (39704191) index: 15 targetid:  to player queue owned by 76561198345121322
[DEBUG] [ActionExecutor] Action queue changed, beginning ExecuteActions
[VERYDEBUG] [ActionQueueSet] Attempting to find ready action
[VERYDEBUG] [ActionQueueSet] Action PlayCardAction card: CARD.YGODUELIST-COMMAND_DEFEND (39704191) index: 15 targetid:  with id 15 belonging to 76561198345121322 becomes new ready action
[VERYDEBUG] [ActionQueueSet] Queue for player 76561198136285041 is empty
[VERYDEBUG] [ActionQueueSet] Got ready action PlayCardAction card: CARD.YGODUELIST-COMMAND_DEFEND (39704191) index: 15 targetid:  (15)
[DEBUG] [ActionExecutor] Executing action: PlayCardAction card: CARD.YGODUELIST-COMMAND_DEFEND (39704191) index: 15 targetid: 
[VERYDEBUG] [GameAction] Action PlayCardAction card: CARD.YGODUELIST-COMMAND_DEFEND (39704191) index: 15 targetid:  began executing
[YgoDuelist] PlayCardFromOptionPile: ExecutePlayFromOptionPileAsync START
[YgoDuelist] PlayCardFromOptionPile: card=YGODUELIST-COMMAND_DEFEND type=Command_Defend TargetType=Self
[YgoDuelist][MP][OptionPile] post-target-resolve card=YGODUELIST-COMMAND_DEFEND source=YGODUELIST-VERSAGO_THE_DESTROYER sourcePetId=4 actionTargetId= resolvedTargetCombatId=
[YgoLifecycle] StartCardPlay S5_FinishedSignal holderId=101602824386 model=Command_Defend index=7 inTree=True extra=success=True
[YgoLifecycle] OptionHandUi O3_ShouldScrap_Decision holderId=101602824386 model=Command_Defend inTree=True visible=True inActive=False extra=playerNull=False cardInOptionPile=True shouldScrap=False
[YgoLifecycle] StartCardPlay S6b_SuccessPathScrapDecision holderId=101602824386 model=Command_Defend index=7 inTree=True extra=shouldScrap=False
[YgoDuelist] YgoSecondHandLayoutPatch ENTER all=8 main=4 opts=4 FocusedHolderId=0 FocusedIsOpt=False
[YgoDuelist]   opts[0] holderId=101468606650 model=Command_Attack
[YgoDuelist]   opts[1] holderId=101334388914 model=Command_Change_Battle_Position
[YgoDuelist]   opts[2] holderId=101200171178 model=Toggle_Die_For_You
[YgoDuelist]   opts[3] holderId=101065953442 model=Exit_Monster_Options
[YgoDuelist] YgoSecondHandLayoutPatch: AFTER holder.Position.Y = -745
[YgoDuelist] YgoSecondHandLayoutPatch: AFTER holder.TargetPosition.Y = -745
[YgoDuelist] YgoSecondHandLayoutPatch: AFTER holder.Hitbox.Position.Y = -132
[YgoDuelist] YgoSecondHandLayoutPatch: AFTER holder.Position.Y = -745
[YgoDuelist] YgoSecondHandLayoutPatch: AFTER holder.TargetPosition.Y = -745
[YgoDuelist] YgoSecondHandLayoutPatch: AFTER holder.Hitbox.Position.Y = -132
[YgoDuelist] YgoSecondHandLayoutPatch: AFTER holder.Position.Y = -745
[YgoDuelist] YgoSecondHandLayoutPatch: AFTER holder.TargetPosition.Y = -745
[YgoDuelist] YgoSecondHandLayoutPatch: AFTER holder.Hitbox.Position.Y = -132
[YgoDuelist] YgoSecondHandLayoutPatch: AFTER holder.Position.Y = -745
[YgoDuelist] YgoSecondHandLayoutPatch: AFTER holder.TargetPosition.Y = -745
[YgoDuelist] YgoSecondHandLayoutPatch: AFTER holder.Hitbox.Position.Y = -132
[YgoDuelist] YgoSecondHandLayoutPatch EXIT return false
[YgoLifecycle] StartCardPlay S7_FinishedCleanupDone holderId=101602824386 model=Command_Defend index=7 inTree=True extra=
[YgoDuelist] YgoSecondHandLayoutPatch ENTER all=8 main=4 opts=4 FocusedHolderId=101334388914 FocusedIsOpt=True
[YgoDuelist]   opts[0] holderId=101468606650 model=Command_Attack
[YgoDuelist]   opts[1] holderId=101334388914 model=Command_Change_Battle_Position
[YgoDuelist]   opts[2] holderId=101200171178 model=Toggle_Die_For_You
[YgoDuelist]   opts[3] holderId=101065953442 model=Exit_Monster_Options
[YgoDuelist] YgoSecondHandLayoutPatch: AFTER holder.Position.Y = -745
[YgoDuelist] YgoSecondHandLayoutPatch: AFTER holder.TargetPosition.Y = -745
[YgoDuelist] YgoSecondHandLayoutPatch: AFTER holder.Hitbox.Position.Y = -132
[YgoDuelist] YgoSecondHandLayoutPatch: AFTER holder.Position.Y = -745
[YgoDuelist] YgoSecondHandLayoutPatch: AFTER holder.TargetPosition.Y = -745
[YgoDuelist] YgoSecondHandLayoutPatch: AFTER holder.Hitbox.Position.Y = -132
[YgoDuelist] YgoSecondHandLayoutPatch: AFTER holder.Position.Y = -745
[YgoDuelist] YgoSecondHandLayoutPatch: AFTER holder.TargetPosition.Y = -745
[YgoDuelist] YgoSecondHandLayoutPatch: AFTER holder.Hitbox.Position.Y = -132
[YgoDuelist] YgoSecondHandLayoutPatch: AFTER holder.Position.Y = -745
[YgoDuelist] YgoSecondHandLayoutPatch: AFTER holder.TargetPosition.Y = -745
[YgoDuelist] YgoSecondHandLayoutPatch: AFTER holder.Hitbox.Position.Y = -132
[YgoDuelist] YgoSecondHandLayoutPatch EXIT return false
[YgoDuelist] YgoSecondHandLayoutPatch ENTER all=8 main=4 opts=4 FocusedHolderId=0 FocusedIsOpt=False
[YgoDuelist]   opts[0] holderId=101468606650 model=Command_Attack
[YgoDuelist]   opts[1] holderId=101334388914 model=Command_Change_Battle_Position
[YgoDuelist]   opts[2] holderId=101200171178 model=Toggle_Die_For_You
[YgoDuelist]   opts[3] holderId=101065953442 model=Exit_Monster_Options
[YgoDuelist] YgoSecondHandLayoutPatch: AFTER holder.Position.Y = -745
[YgoDuelist] YgoSecondHandLayoutPatch: AFTER holder.TargetPosition.Y = -745
[YgoDuelist] YgoSecondHandLayoutPatch: AFTER holder.Hitbox.Position.Y = -132
[YgoDuelist] YgoSecondHandLayoutPatch: AFTER holder.Position.Y = -745
[YgoDuelist] YgoSecondHandLayoutPatch: AFTER holder.TargetPosition.Y = -745
[YgoDuelist] YgoSecondHandLayoutPatch: AFTER holder.Hitbox.Position.Y = -132
[YgoDuelist] YgoSecondHandLayoutPatch: AFTER holder.Position.Y = -745
[YgoDuelist] YgoSecondHandLayoutPatch: AFTER holder.TargetPosition.Y = -745
[YgoDuelist] YgoSecondHandLayoutPatch: AFTER holder.Hitbox.Position.Y = -132
[YgoDuelist] YgoSecondHandLayoutPatch: AFTER holder.Position.Y = -745
[YgoDuelist] YgoSecondHandLayoutPatch: AFTER holder.TargetPosition.Y = -745
[YgoDuelist] YgoSecondHandLayoutPatch: AFTER holder.Hitbox.Position.Y = -132
[YgoDuelist] YgoSecondHandLayoutPatch EXIT return false
[YgoDuelist] YgoSecondHandLayoutPatch ENTER all=8 main=4 opts=4 FocusedHolderId=101200171178 FocusedIsOpt=True
[YgoDuelist]   opts[0] holderId=101468606650 model=Command_Attack
[YgoDuelist]   opts[1] holderId=101334388914 model=Command_Change_Battle_Position
[YgoDuelist]   opts[2] holderId=101200171178 model=Toggle_Die_For_You
[YgoDuelist]   opts[3] holderId=101065953442 model=Exit_Monster_Options
[YgoDuelist] YgoSecondHandLayoutPatch: AFTER holder.Position.Y = -745
[YgoDuelist] YgoSecondHandLayoutPatch: AFTER holder.TargetPosition.Y = -745
[YgoDuelist] YgoSecondHandLayoutPatch: AFTER holder.Hitbox.Position.Y = -132
[YgoDuelist] YgoSecondHandLayoutPatch: AFTER holder.Position.Y = -745
[YgoDuelist] YgoSecondHandLayoutPatch: AFTER holder.TargetPosition.Y = -745
[YgoDuelist] YgoSecondHandLayoutPatch: AFTER holder.Hitbox.Position.Y = -132
[YgoDuelist] YgoSecondHandLayoutPatch: AFTER holder.Position.Y = -745
[YgoDuelist] YgoSecondHandLayoutPatch: AFTER holder.TargetPosition.Y = -745
[YgoDuelist] YgoSecondHandLayoutPatch: AFTER holder.Hitbox.Position.Y = -132
[YgoDuelist] YgoSecondHandLayoutPatch: AFTER holder.Position.Y = -745
[YgoDuelist] YgoSecondHandLayoutPatch: AFTER holder.TargetPosition.Y = -745
[YgoDuelist] YgoSecondHandLayoutPatch: AFTER holder.Hitbox.Position.Y = -132
[YgoDuelist] YgoSecondHandLayoutPatch EXIT return false
[YgoDuelist] YgoSecondHandLayoutPatch ENTER all=8 main=4 opts=4 FocusedHolderId=0 FocusedIsOpt=False
[YgoDuelist]   opts[0] holderId=101468606650 model=Command_Attack
[YgoDuelist]   opts[1] holderId=101334388914 model=Command_Change_Battle_Position
[YgoDuelist]   opts[2] holderId=101200171178 model=Toggle_Die_For_You
[YgoDuelist]   opts[3] holderId=101065953442 model=Exit_Monster_Options
[YgoDuelist] YgoSecondHandLayoutPatch: AFTER holder.Position.Y = -745
[YgoDuelist] YgoSecondHandLayoutPatch: AFTER holder.TargetPosition.Y = -745
[YgoDuelist] YgoSecondHandLayoutPatch: AFTER holder.Hitbox.Position.Y = -132
[YgoDuelist] YgoSecondHandLayoutPatch: AFTER holder.Position.Y = -745
[YgoDuelist] YgoSecondHandLayoutPatch: AFTER holder.TargetPosition.Y = -745
[YgoDuelist] YgoSecondHandLayoutPatch: AFTER holder.Hitbox.Position.Y = -132
[YgoDuelist] YgoSecondHandLayoutPatch: AFTER holder.Position.Y = -745
[YgoDuelist] YgoSecondHandLayoutPatch: AFTER holder.TargetPosition.Y = -745
[YgoDuelist] YgoSecondHandLayoutPatch: AFTER holder.Hitbox.Position.Y = -132
[YgoDuelist] YgoSecondHandLayoutPatch: AFTER holder.Position.Y = -745
[YgoDuelist] YgoSecondHandLayoutPatch: AFTER holder.TargetPosition.Y = -745
[YgoDuelist] YgoSecondHandLayoutPatch: AFTER holder.Hitbox.Position.Y = -132
[YgoDuelist] YgoSecondHandLayoutPatch EXIT return false
[YgoDuelist] YgoSecondHandLayoutPatch ENTER all=8 main=4 opts=4 FocusedHolderId=101065953442 FocusedIsOpt=True
[YgoDuelist]   opts[0] holderId=101468606650 model=Command_Attack
[YgoDuelist]   opts[1] holderId=101334388914 model=Command_Change_Battle_Position
[YgoDuelist]   opts[2] holderId=101200171178 model=Toggle_Die_For_You
[YgoDuelist]   opts[3] holderId=101065953442 model=Exit_Monster_Options
[YgoDuelist] YgoSecondHandLayoutPatch: AFTER holder.Position.Y = -745
[YgoDuelist] YgoSecondHandLayoutPatch: AFTER holder.TargetPosition.Y = -745
[YgoDuelist] YgoSecondHandLayoutPatch: AFTER holder.Hitbox.Position.Y = -132
[YgoDuelist] YgoSecondHandLayoutPatch: AFTER holder.Position.Y = -745
[YgoDuelist] YgoSecondHandLayoutPatch: AFTER holder.TargetPosition.Y = -745
[YgoDuelist] YgoSecondHandLayoutPatch: AFTER holder.Hitbox.Position.Y = -132
[YgoDuelist] YgoSecondHandLayoutPatch: AFTER holder.Position.Y = -745
[YgoDuelist] YgoSecondHandLayoutPatch: AFTER holder.TargetPosition.Y = -745
[YgoDuelist] YgoSecondHandLayoutPatch: AFTER holder.Hitbox.Position.Y = -132
[YgoDuelist] YgoSecondHandLayoutPatch: AFTER holder.Position.Y = -745
[YgoDuelist] YgoSecondHandLayoutPatch: AFTER holder.TargetPosition.Y = -745
[YgoDuelist] YgoSecondHandLayoutPatch: AFTER holder.Hitbox.Position.Y = -132
[YgoDuelist] YgoSecondHandLayoutPatch EXIT return false
[YgoDuelist] PlayCardFromOptionPile: ExecutePlayFromOptionPileAsync END
[VERYDEBUG] [GameAction] Action PlayCardAction card: CARD.YGODUELIST-COMMAND_DEFEND (39704191) index: 15 targetid:  finished execution
[DEBUG] [ChecksumTracker] Generating checksum for context: after executing action PlayCardAction card: CARD.YGODUELIST-COMMAND_DEFEND (39704191) index: 15 targetid:  action: PlayCardAction card: CARD.YGODUELIST-COMMAND_DEFEND (39704191) index: 15 targetid:  id: 15
[YgoDuelist][MP][Checksum][fp] netId=76561198136285041 | pt=1 n=9:YGODUELIST-BURNING_LAND01010009,20024,YGODUELIST-DEFEND_YGO_DUELIST010,YGODUELIST-DEFEND_YGO_DUELIST010,YGODUELIST-EARTH_EFFIGY0bYgoDieForYouUserToggleOnFalseiPermanentAtkBonusFromExecutes01010000,20015,20043,YGODUELIST-FIRE_SORCERER0bYgoDieForYouUserToggleOnFalseiPermanentAtkBonusFromExecutes01010002,20017,20041,20043,YGODUELIST-GAIA_POWER01010009,20027,YGODUELIST-RECKLESS_GREED01010009,10011,YGODUELIST-STRIKE_YGO_DUELIST010,YGODUELIST-STRIKE_YGO_DUELIST010 | pt=2 n=3:YGODUELIST-ARCANE_ARCHER_OF_THE_FOREST0bYgoDieForYouUserToggleOnFalseiPermanentAtkBonusFromExecutes01010000,20019,20043,YGODUELIST-OUTSTANDING_DOG_MARRON0bYgoDieForYouUserToggleOnFalseiPermanentAtkBonusFromExecutes01010004,20001,YGODUELIST-TRAP_OF_BOARD_ERASER01010009,10011 | pt=3 n=5:YGODUELIST-DEFEND_YGO_DUELIST010,YGODUELIST-OJAMA_TRIO01010009,10011,YGODUELIST-ROCKET_JUMPER0bYgoDieForYouUserToggleOnFalseiPermanentAtkBonusFromExecutes01010000,20015,20043,20045,YGODUELIST-SKELENGEL0bYgoDieForYouUserToggleOnFalseiPermanentAtkBonusFromExecutes01010004,20006,20041,YGODUELIST-STRIKE_YGO_DUELIST010 | pt=4 n=0: | pt=5 n=0: | pt=932200512 n=0: | pt=932200513 n=0: | pt=932200514 n=0: | pt=932200515 n=1:YGODUELIST-HOURGLASS_OF_COURAGE0bYgoDieForYouUserToggleOnFalseiPermanentAtkBonusFromExecutes01010004,20006,20043 | pt=932200516 n=1:YGODUELIST-TOTAL_DEFENSE_SHOGUN0bYgoDieForYouUserToggleOnFalseiPermanentAtkBonusFromExecutes01010005,20019,20034,20043 | pt=932200517 n=0: | pt=932200518 n=0:
[YgoDuelist][MP][Checksum][fp] netId=76561198345121322 | pt=1 n=4:GREED0104,7,YGODUELIST-DEFEND_YGO_DUELIST010,YGODUELIST-RAIGEKI_BREAK01010009,10011,20045,YGODUELIST-STRIKE_YGO_DUELIST010 | pt=2 n=4:YGODUELIST-FIRE_PRINCESS0bYgoDieForYouUserToggleOnFalseiPermanentAtkBonusFromExecutes01010002,20013,20043,YGODUELIST-QUEEN_S_DOUBLE0bYgoDieForYouUserToggleOnFalseiPermanentAtkBonusFromExecutes01010000,20019,20045,YGODUELIST-STRIKE_YGO_DUELIST010,YGODUELIST-STRIKE_YGO_DUELIST010 | pt=3 n=4:YGODUELIST-DEFEND_YGO_DUELIST010,YGODUELIST-DEFEND_YGO_DUELIST010,YGODUELIST-KURAMA0bYgoDieForYouUserToggleOnFalseiPermanentAtkBonusFromExecutes01010003,20020,20043,YGODUELIST-ZABORG_THE_THUNDER_MONARCH0bYgoDieForYouUserToggleOnFalseiPermanentAtkBonusFromExecutes01010004,20018,20034,20043 | pt=4 n=0: | pt=5 n=0: | pt=932200512 n=0: | pt=932200513 n=1:YGODUELIST-THE_LAST_WARRIOR_FROM_ANOTHER_PLANET0bYgoDieForYouUserToggleOnFalseiPermanentAtkBonusFromExecutes0iSummonAbsorbPrintedDefBonus01010000,20019,20036,20043 | pt=932200514 n=0: | pt=932200515 n=0: | pt=932200516 n=1:YGODUELIST-VERSAGO_THE_DESTROYER0bYgoDieForYouUserToggleOnFalseiPermanentAtkBonusFromExecutes01010005,20007,20043 | pt=932200517 n=1:YGODUELIST-YELLOW_LUSTER_SHIELD01010009,20024 | pt=932200518 n=0:
[DEBUG] [ActionExecutor] Completed execution of action PlayCardAction card: CARD.YGODUELIST-COMMAND_DEFEND (39704191) index: 15 targetid: , attempting to find new action
[VERYDEBUG] [ActionQueueSet] Attempting to find ready action
[VERYDEBUG] [ActionQueueSet] Queue for player 76561198345121322 is empty
[VERYDEBUG] [ActionQueueSet] Queue for player 76561198136285041 is empty
[VERYDEBUG] [ActionQueueSet] No action is ready
[YgoLifecycle] OptionHandUi O1_ForceRelease_Enter holderId=101602824386 model=Command_Defend inTree=True visible=True inActive=False extra=
[YgoLifecycle] OptionHandUi O2_ForceRelease_QueuedFree holderId=101602824386 model=Command_Defend inTree=True visible=False inActive=False extra=
[YgoDuelist] OnSecondHandCardsChanged ENTER player=49413123 cardsCount=5
[YgoDuelist]   cards[0]=Command_Defend id=39704191
[YgoDuelist]   cards[1]=Command_Attack id=21793400
[YgoDuelist]   cards[2]=Command_Change_Battle_Position id=61922873
[YgoDuelist]   cards[3]=Toggle_Die_For_You id=20434947
[YgoDuelist]   cards[4]=Exit_Monster_Options id=49696799
[YgoDuelist] RebuildForPlayer START handId=2525910549030 cardsCount=5
[YgoDuelist] TearDownSecondHandRow REMOVING 4 holders
[YgoDuelist] YgoSecondHandLayoutPatch ENTER all=7 main=4 opts=3 FocusedHolderId=101065953442 FocusedIsOpt=True
[YgoDuelist]   opts[0] holderId=101334388914 model=Command_Change_Battle_Position
[YgoDuelist]   opts[1] holderId=101200171178 model=Toggle_Die_For_You
[YgoDuelist]   opts[2] holderId=101065953442 model=Exit_Monster_Options
[YgoDuelist] YgoSecondHandLayoutPatch: AFTER holder.Position.Y = -745
[YgoDuelist] YgoSecondHandLayoutPatch: AFTER holder.TargetPosition.Y = -745
[YgoDuelist] YgoSecondHandLayoutPatch: AFTER holder.Hitbox.Position.Y = -132
[YgoDuelist] YgoSecondHandLayoutPatch: AFTER holder.Position.Y = -745
[YgoDuelist] YgoSecondHandLayoutPatch: AFTER holder.TargetPosition.Y = -745
[YgoDuelist] YgoSecondHandLayoutPatch: AFTER holder.Hitbox.Position.Y = -132
[YgoDuelist] YgoSecondHandLayoutPatch: AFTER holder.Position.Y = -745
[YgoDuelist] YgoSecondHandLayoutPatch: AFTER holder.TargetPosition.Y = -745
[YgoDuelist] YgoSecondHandLayoutPatch: AFTER holder.Hitbox.Position.Y = -132
[YgoDuelist] YgoSecondHandLayoutPatch EXIT return false
[YgoDuelist] YgoSecondHandLayoutPatch ENTER all=6 main=4 opts=2 FocusedHolderId=101065953442 FocusedIsOpt=True
[YgoDuelist]   opts[0] holderId=101200171178 model=Toggle_Die_For_You
[YgoDuelist]   opts[1] holderId=101065953442 model=Exit_Monster_Options
[YgoDuelist] YgoSecondHandLayoutPatch: AFTER holder.Position.Y = -745
[YgoDuelist] YgoSecondHandLayoutPatch: AFTER holder.TargetPosition.Y = -745
[YgoDuelist] YgoSecondHandLayoutPatch: AFTER holder.Hitbox.Position.Y = -132
[YgoDuelist] YgoSecondHandLayoutPatch: AFTER holder.Position.Y = -745
[YgoDuelist] YgoSecondHandLayoutPatch: AFTER holder.TargetPosition.Y = -745
[YgoDuelist] YgoSecondHandLayoutPatch: AFTER holder.Hitbox.Position.Y = -132
[YgoDuelist] YgoSecondHandLayoutPatch EXIT return false
[YgoDuelist] YgoSecondHandLayoutPatch ENTER all=5 main=4 opts=1 FocusedHolderId=101065953442 FocusedIsOpt=True
[YgoDuelist]   opts[0] holderId=101065953442 model=Exit_Monster_Options
[YgoDuelist] YgoSecondHandLayoutPatch: AFTER holder.Position.Y = -745
[YgoDuelist] YgoSecondHandLayoutPatch: AFTER holder.TargetPosition.Y = -745
[YgoDuelist] YgoSecondHandLayoutPatch: AFTER holder.Hitbox.Position.Y = -132
[YgoDuelist] YgoSecondHandLayoutPatch EXIT return false
[YgoDuelist] YgoSecondHandLayoutPatch ENTER all=5 main=4 opts=1 FocusedHolderId=0 FocusedIsOpt=False
[YgoDuelist]   opts[0] holderId=101065953442 model=?
[YgoDuelist] YgoSecondHandLayoutPatch: AFTER holder.Position.Y = -745
[YgoDuelist] YgoSecondHandLayoutPatch: AFTER holder.TargetPosition.Y = -745
[YgoDuelist] YgoSecondHandLayoutPatch: AFTER holder.Hitbox.Position.Y = -132
[YgoDuelist] YgoSecondHandLayoutPatch EXIT return false
[YgoDuelist] YgoSecondHandLayoutPatch ENTER all=4 main=4 opts=0 FocusedHolderId=0 FocusedIsOpt=False
[YgoDuelist] YgoSecondHandLayoutPatch EXIT return false
[YgoDuelist] RebuildForPlayer ADDING 5 holders
[YgoDuelist]   add[0] CREATE holderId=101737042122 model=Command_Defend
[YgoDuelist] RegisterOptionHolder ENTER handId=2525910549030 holderId=101737042122 index=-1 handChildCountBefore=8
[YgoDuelist] YgoSecondHandLayoutPatch ENTER all=5 main=4 opts=1 FocusedHolderId=0 FocusedIsOpt=False
[YgoDuelist]   opts[0] holderId=101737042122 model=?
[YgoDuelist] YgoSecondHandLayoutPatch: AFTER holder.Position.Y = -745
[YgoDuelist] YgoSecondHandLayoutPatch: AFTER holder.TargetPosition.Y = -745
[YgoDuelist] YgoSecondHandLayoutPatch: AFTER holder.Hitbox.Position.Y = -132
[YgoDuelist] YgoSecondHandLayoutPatch EXIT return false
[YgoDuelist] RegisterOptionHolder EXIT handId=2525910549030 holderId=101737042122 handChildCountAfter=8 holderIsInsideTree=True
[YgoDuelist]   add[0] after RegisterOptionHolder holderId=101737042122 IsInsideTree=True ChildCount=8
[WARN] [BaseLib] GetRawText: Key 'YGO_ATTRIBUTE_DARK.title' not found in table 'static_hover_tips'
[WARN] [BaseLib] GetRawText: Key 'YGO_ATTRIBUTE_DARK.description' not found in table 'static_hover_tips'
[WARN] [BaseLib] GetRawText: Key 'YGO_RACE_FIEND.title' not found in table 'static_hover_tips'
[WARN] [BaseLib] GetRawText: Key 'YGO_RACE_FIEND.description' not found in table 'static_hover_tips'
[WARN] [BaseLib] GetRawText: Key 'YGO_RACE_FIEND.title' not found in table 'static_hover_tips'
[WARN] [BaseLib] GetRawText: Key 'YGO_RACE_FIEND.description' not found in table 'static_hover_tips'
[YgoDuelist]   add[0] after Initialize holderId=101737042122 CardNode=84724944163 CardModel=Command_Defend
[YgoDuelist]   add[1] CREATE holderId=100931735706 model=Command_Attack
[YgoDuelist] RegisterOptionHolder ENTER handId=2525910549030 holderId=100931735706 index=-1 handChildCountBefore=8
[YgoDuelist] YgoSecondHandLayoutPatch ENTER all=6 main=4 opts=2 FocusedHolderId=0 FocusedIsOpt=False
[YgoDuelist]   opts[0] holderId=101737042122 model=Command_Defend
[YgoDuelist]   opts[1] holderId=100931735706 model=?
[YgoDuelist] YgoSecondHandLayoutPatch: AFTER holder.Position.Y = -745
[YgoDuelist] YgoSecondHandLayoutPatch: AFTER holder.TargetPosition.Y = -745
[YgoDuelist] YgoSecondHandLayoutPatch: AFTER holder.Hitbox.Position.Y = -132
[YgoDuelist] YgoSecondHandLayoutPatch: AFTER holder.Position.Y = -152.10417
[YgoDuelist] YgoSecondHandLayoutPatch: AFTER holder.TargetPosition.Y = -745
[YgoDuelist] YgoSecondHandLayoutPatch: AFTER holder.Hitbox.Position.Y = -132
[YgoDuelist] YgoSecondHandLayoutPatch EXIT return false
[YgoDuelist] RegisterOptionHolder EXIT handId=2525910549030 holderId=100931735706 handChildCountAfter=8 holderIsInsideTree=True
[YgoDuelist]   add[1] after RegisterOptionHolder holderId=100931735706 IsInsideTree=True ChildCount=8
[WARN] [BaseLib] GetRawText: Key 'YGO_ATTRIBUTE_DARK.title' not found in table 'static_hover_tips'
[WARN] [BaseLib] GetRawText: Key 'YGO_ATTRIBUTE_DARK.description' not found in table 'static_hover_tips'
[WARN] [BaseLib] GetRawText: Key 'YGO_RACE_FIEND.title' not found in table 'static_hover_tips'
[WARN] [BaseLib] GetRawText: Key 'YGO_RACE_FIEND.description' not found in table 'static_hover_tips'
[WARN] [BaseLib] GetRawText: Key 'YGO_RACE_FIEND.title' not found in table 'static_hover_tips'
[WARN] [BaseLib] GetRawText: Key 'YGO_RACE_FIEND.description' not found in table 'static_hover_tips'
[YgoDuelist]   add[1] after Initialize holderId=100931735706 CardNode=83550538975 CardModel=Command_Attack
[YgoDuelist]   add[2] CREATE holderId=100713631885 model=Command_Change_Battle_Position
[YgoDuelist] RegisterOptionHolder ENTER handId=2525910549030 holderId=100713631885 index=-1 handChildCountBefore=8
[YgoDuelist] YgoSecondHandLayoutPatch ENTER all=7 main=4 opts=3 FocusedHolderId=0 FocusedIsOpt=False
[YgoDuelist]   opts[0] holderId=101737042122 model=Command_Defend
[YgoDuelist]   opts[1] holderId=100931735706 model=Command_Attack
[YgoDuelist]   opts[2] holderId=100713631885 model=?
[YgoDuelist] YgoSecondHandLayoutPatch: AFTER holder.Position.Y = -745
[YgoDuelist] YgoSecondHandLayoutPatch: AFTER holder.TargetPosition.Y = -745
[YgoDuelist] YgoSecondHandLayoutPatch: AFTER holder.Hitbox.Position.Y = -132
[YgoDuelist] YgoSecondHandLayoutPatch: AFTER holder.Position.Y = -273.15375
[YgoDuelist] YgoSecondHandLayoutPatch: AFTER holder.TargetPosition.Y = -745
[YgoDuelist] YgoSecondHandLayoutPatch: AFTER holder.Hitbox.Position.Y = -132
[YgoDuelist] YgoSecondHandLayoutPatch: AFTER holder.Position.Y = -152.10417
[YgoDuelist] YgoSecondHandLayoutPatch: AFTER holder.TargetPosition.Y = -745
[YgoDuelist] YgoSecondHandLayoutPatch: AFTER holder.Hitbox.Position.Y = -132
[YgoDuelist] YgoSecondHandLayoutPatch EXIT return false
[YgoDuelist] RegisterOptionHolder EXIT handId=2525910549030 holderId=100713631885 handChildCountAfter=8 holderIsInsideTree=True
[YgoDuelist]   add[2] after RegisterOptionHolder holderId=100713631885 IsInsideTree=True ChildCount=8
[WARN] [BaseLib] GetRawText: Key 'YGO_ATTRIBUTE_DARK.title' not found in table 'static_hover_tips'
[WARN] [BaseLib] GetRawText: Key 'YGO_ATTRIBUTE_DARK.description' not found in table 'static_hover_tips'
[WARN] [BaseLib] GetRawText: Key 'YGO_RACE_FIEND.title' not found in table 'static_hover_tips'
[WARN] [BaseLib] GetRawText: Key 'YGO_RACE_FIEND.description' not found in table 'static_hover_tips'
[WARN] [BaseLib] GetRawText: Key 'YGO_RACE_FIEND.title' not found in table 'static_hover_tips'
[WARN] [BaseLib] GetRawText: Key 'YGO_RACE_FIEND.description' not found in table 'static_hover_tips'
[YgoDuelist]   add[2] after Initialize holderId=100713631885 CardNode=82191584412 CardModel=Command_Change_Battle_Position
[YgoDuelist]   add[3] CREATE holderId=2802818497950 model=Toggle_Die_For_You
[YgoDuelist] RegisterOptionHolder ENTER handId=2525910549030 holderId=2802818497950 index=-1 handChildCountBefore=8
[YgoDuelist] YgoSecondHandLayoutPatch ENTER all=8 main=4 opts=4 FocusedHolderId=0 FocusedIsOpt=False
[YgoDuelist]   opts[0] holderId=101737042122 model=Command_Defend
[YgoDuelist]   opts[1] holderId=100931735706 model=Command_Attack
[YgoDuelist]   opts[2] holderId=100713631885 model=Command_Change_Battle_Position
[YgoDuelist]   opts[3] holderId=2802818497950 model=?
[YgoDuelist] YgoSecondHandLayoutPatch: AFTER holder.Position.Y = -745
[YgoDuelist] YgoSecondHandLayoutPatch: AFTER holder.TargetPosition.Y = -745
[YgoDuelist] YgoSecondHandLayoutPatch: AFTER holder.Hitbox.Position.Y = -132
[YgoDuelist] YgoSecondHandLayoutPatch: AFTER holder.Position.Y = -369.489
[YgoDuelist] YgoSecondHandLayoutPatch: AFTER holder.TargetPosition.Y = -745
[YgoDuelist] YgoSecondHandLayoutPatch: AFTER holder.Hitbox.Position.Y = -132
[YgoDuelist] YgoSecondHandLayoutPatch: AFTER holder.Position.Y = -273.15375
[YgoDuelist] YgoSecondHandLayoutPatch: AFTER holder.TargetPosition.Y = -745
[YgoDuelist] YgoSecondHandLayoutPatch: AFTER holder.Hitbox.Position.Y = -132
[YgoDuelist] YgoSecondHandLayoutPatch: AFTER holder.Position.Y = -152.10417
[YgoDuelist] YgoSecondHandLayoutPatch: AFTER holder.TargetPosition.Y = -745
[YgoDuelist] YgoSecondHandLayoutPatch: AFTER holder.Hitbox.Position.Y = -132
[YgoDuelist] YgoSecondHandLayoutPatch EXIT return false
[YgoDuelist] RegisterOptionHolder EXIT handId=2525910549030 holderId=2802818497950 handChildCountAfter=8 holderIsInsideTree=True
[YgoDuelist]   add[3] after RegisterOptionHolder holderId=2802818497950 IsInsideTree=True ChildCount=8
[WARN] [BaseLib] GetRawText: Key 'YGO_ATTRIBUTE_DARK.title' not found in table 'static_hover_tips'
[WARN] [BaseLib] GetRawText: Key 'YGO_ATTRIBUTE_DARK.description' not found in table 'static_hover_tips'
[WARN] [BaseLib] GetRawText: Key 'YGO_RACE_FIEND.title' not found in table 'static_hover_tips'
[WARN] [BaseLib] GetRawText: Key 'YGO_RACE_FIEND.description' not found in table 'static_hover_tips'
[WARN] [BaseLib] GetRawText: Key 'YGO_RACE_FIEND.title' not found in table 'static_hover_tips'
[WARN] [BaseLib] GetRawText: Key 'YGO_RACE_FIEND.description' not found in table 'static_hover_tips'
[YgoDuelist]   add[3] after Initialize holderId=2802818497950 CardNode=81000402008 CardModel=Toggle_Die_For_You
[YgoDuelist]   add[4] CREATE holderId=2803690913808 model=Exit_Monster_Options
[YgoDuelist] RegisterOptionHolder ENTER handId=2525910549030 holderId=2803690913808 index=-1 handChildCountBefore=8
[YgoDuelist] YgoSecondHandLayoutPatch ENTER all=9 main=4 opts=5 FocusedHolderId=0 FocusedIsOpt=False
[YgoDuelist]   opts[0] holderId=101737042122 model=Command_Defend
[YgoDuelist]   opts[1] holderId=100931735706 model=Command_Attack
[YgoDuelist]   opts[2] holderId=100713631885 model=Command_Change_Battle_Position
[YgoDuelist]   opts[3] holderId=2802818497950 model=Toggle_Die_For_You
[YgoDuelist]   opts[4] holderId=2803690913808 model=?
[YgoDuelist] YgoSecondHandLayoutPatch: AFTER holder.Position.Y = -745
[YgoDuelist] YgoSecondHandLayoutPatch: AFTER holder.TargetPosition.Y = -745
[YgoDuelist] YgoSecondHandLayoutPatch: AFTER holder.Hitbox.Position.Y = -132
[YgoDuelist] YgoSecondHandLayoutPatch: AFTER holder.Position.Y = -446.15582
[YgoDuelist] YgoSecondHandLayoutPatch: AFTER holder.TargetPosition.Y = -745
[YgoDuelist] YgoSecondHandLayoutPatch: AFTER holder.Hitbox.Position.Y = -132
[YgoDuelist] YgoSecondHandLayoutPatch: AFTER holder.Position.Y = -369.489
[YgoDuelist] YgoSecondHandLayoutPatch: AFTER holder.TargetPosition.Y = -745
[YgoDuelist] YgoSecondHandLayoutPatch: AFTER holder.Hitbox.Position.Y = -132
[YgoDuelist] YgoSecondHandLayoutPatch: AFTER holder.Position.Y = -273.15375
[YgoDuelist] YgoSecondHandLayoutPatch: AFTER holder.TargetPosition.Y = -745
[YgoDuelist] YgoSecondHandLayoutPatch: AFTER holder.Hitbox.Position.Y = -132
[YgoDuelist] YgoSecondHandLayoutPatch: AFTER holder.Position.Y = -152.10417
[YgoDuelist] YgoSecondHandLayoutPatch: AFTER holder.TargetPosition.Y = -745
[YgoDuelist] YgoSecondHandLayoutPatch: AFTER holder.Hitbox.Position.Y = -132
[YgoDuelist] YgoSecondHandLayoutPatch EXIT return false
[YgoDuelist] RegisterOptionHolder EXIT handId=2525910549030 holderId=2803690913808 handChildCountAfter=8 holderIsInsideTree=True
[YgoDuelist]   add[4] after RegisterOptionHolder holderId=2803690913808 IsInsideTree=True ChildCount=8
[WARN] [BaseLib] GetRawText: Key 'YGO_ATTRIBUTE_DARK.title' not found in table 'static_hover_tips'
[WARN] [BaseLib] GetRawText: Key 'YGO_ATTRIBUTE_DARK.description' not found in table 'static_hover_tips'
[WARN] [BaseLib] GetRawText: Key 'YGO_RACE_FIEND.title' not found in table 'static_hover_tips'
[WARN] [BaseLib] GetRawText: Key 'YGO_RACE_FIEND.description' not found in table 'static_hover_tips'
[WARN] [BaseLib] GetRawText: Key 'YGO_RACE_FIEND.title' not found in table 'static_hover_tips'
[WARN] [BaseLib] GetRawText: Key 'YGO_RACE_FIEND.description' not found in table 'static_hover_tips'
[YgoDuelist]   add[4] after Initialize holderId=2803690913808 CardNode=79809219603 CardModel=Exit_Monster_Options
[YgoDuelist] RebuildForPlayer END totalHolders=5 handActiveHoldersCount=9
[YgoDuelist] OnSecondHandCardsChanged EXIT RebuildForPlayer done
[YgoDuelist] YgoSecondHandLayoutPatch ENTER all=9 main=4 opts=5 FocusedHolderId=2803690913808 FocusedIsOpt=True
[YgoDuelist]   opts[0] holderId=101737042122 model=Command_Defend
[YgoDuelist]   opts[1] holderId=100931735706 model=Command_Attack
[YgoDuelist]   opts[2] holderId=100713631885 model=Command_Change_Battle_Position
[YgoDuelist]   opts[3] holderId=2802818497950 model=Toggle_Die_For_You
[YgoDuelist]   opts[4] holderId=2803690913808 model=Exit_Monster_Options
[YgoDuelist] YgoSecondHandLayoutPatch: AFTER holder.Position.Y = -745
[YgoDuelist] YgoSecondHandLayoutPatch: AFTER holder.TargetPosition.Y = -745
[YgoDuelist] YgoSecondHandLayoutPatch: AFTER holder.Hitbox.Position.Y = -132
[YgoDuelist] YgoSecondHandLayoutPatch: AFTER holder.Position.Y = -736.45874
[YgoDuelist] YgoSecondHandLayoutPatch: AFTER holder.TargetPosition.Y = -745
[YgoDuelist] YgoSecondHandLayoutPatch: AFTER holder.Hitbox.Position.Y = -132
[YgoDuelist] YgoSecondHandLayoutPatch: AFTER holder.Position.Y = -734.2675
[YgoDuelist] YgoSecondHandLayoutPatch: AFTER holder.TargetPosition.Y = -745
[YgoDuelist] YgoSecondHandLayoutPatch: AFTER holder.Hitbox.Position.Y = -132
[YgoDuelist] YgoSecondHandLayoutPatch: AFTER holder.Position.Y = -731.5141
[YgoDuelist] YgoSecondHandLayoutPatch: AFTER holder.TargetPosition.Y = -745
[YgoDuelist] YgoSecondHandLayoutPatch: AFTER holder.Hitbox.Position.Y = -132
[YgoDuelist] YgoSecondHandLayoutPatch: AFTER holder.Position.Y = -728.0544
[YgoDuelist] YgoSecondHandLayoutPatch: AFTER holder.TargetPosition.Y = -745
[YgoDuelist] YgoSecondHandLayoutPatch: AFTER holder.Hitbox.Position.Y = -132
[YgoDuelist] YgoSecondHandLayoutPatch EXIT return false
[YgoDuelist] YgoSecondHandLayoutPatch ENTER all=9 main=4 opts=5 FocusedHolderId=0 FocusedIsOpt=False
[YgoDuelist]   opts[0] holderId=101737042122 model=Command_Defend
[YgoDuelist]   opts[1] holderId=100931735706 model=Command_Attack
[YgoDuelist]   opts[2] holderId=100713631885 model=Command_Change_Battle_Position
[YgoDuelist]   opts[3] holderId=2802818497950 model=Toggle_Die_For_You
[YgoDuelist]   opts[4] holderId=2803690913808 model=Exit_Monster_Options
[YgoDuelist] YgoSecondHandLayoutPatch: AFTER holder.Position.Y = -745
[YgoDuelist] YgoSecondHandLayoutPatch: AFTER holder.TargetPosition.Y = -745
[YgoDuelist] YgoSecondHandLayoutPatch: AFTER holder.Hitbox.Position.Y = -132
[YgoDuelist] YgoSecondHandLayoutPatch: AFTER holder.Position.Y = -738.4813
[YgoDuelist] YgoSecondHandLayoutPatch: AFTER holder.TargetPosition.Y = -745
[YgoDuelist] YgoSecondHandLayoutPatch: AFTER holder.Hitbox.Position.Y = -132
[YgoDuelist] YgoSecondHandLayoutPatch: AFTER holder.Position.Y = -736.80896
[YgoDuelist] YgoSecondHandLayoutPatch: AFTER holder.TargetPosition.Y = -745
[YgoDuelist] YgoSecondHandLayoutPatch: AFTER holder.Hitbox.Position.Y = -132
[YgoDuelist] YgoSecondHandLayoutPatch: AFTER holder.Position.Y = -734.7076
[YgoDuelist] YgoSecondHandLayoutPatch: AFTER holder.TargetPosition.Y = -745
[YgoDuelist] YgoSecondHandLayoutPatch: AFTER holder.Hitbox.Position.Y = -132
[YgoDuelist] YgoSecondHandLayoutPatch: AFTER holder.Position.Y = -732.06714
[YgoDuelist] YgoSecondHandLayoutPatch: AFTER holder.TargetPosition.Y = -745
[YgoDuelist] YgoSecondHandLayoutPatch: AFTER holder.Hitbox.Position.Y = -132
[YgoDuelist] YgoSecondHandLayoutPatch EXIT return false
[YgoDuelist] YgoSecondHandLayoutPatch ENTER all=9 main=4 opts=5 FocusedHolderId=2708144668279 FocusedIsOpt=False
[YgoDuelist]   opts[0] holderId=101737042122 model=Command_Defend
[YgoDuelist]   opts[1] holderId=100931735706 model=Command_Attack
[YgoDuelist]   opts[2] holderId=100713631885 model=Command_Change_Battle_Position
[YgoDuelist]   opts[3] holderId=2802818497950 model=Toggle_Die_For_You
[YgoDuelist]   opts[4] holderId=2803690913808 model=Exit_Monster_Options
[YgoDuelist] YgoSecondHandLayoutPatch: AFTER holder.Position.Y = -745
[YgoDuelist] YgoSecondHandLayoutPatch: AFTER holder.TargetPosition.Y = -745
[YgoDuelist] YgoSecondHandLayoutPatch: AFTER holder.Hitbox.Position.Y = -132
[YgoDuelist] YgoSecondHandLayoutPatch: AFTER holder.Position.Y = -743.9895
[YgoDuelist] YgoSecondHandLayoutPatch: AFTER holder.TargetPosition.Y = -745
[YgoDuelist] YgoSecondHandLayoutPatch: AFTER holder.Hitbox.Position.Y = -132
[YgoDuelist] YgoSecondHandLayoutPatch: AFTER holder.Position.Y = -743.7302
[YgoDuelist] YgoSecondHandLayoutPatch: AFTER holder.TargetPosition.Y = -745
[YgoDuelist] YgoSecondHandLayoutPatch: AFTER holder.Hitbox.Position.Y = -132
[YgoDuelist] YgoSecondHandLayoutPatch: AFTER holder.Position.Y = -743.4045
[YgoDuelist] YgoSecondHandLayoutPatch: AFTER holder.TargetPosition.Y = -745
[YgoDuelist] YgoSecondHandLayoutPatch: AFTER holder.Hitbox.Position.Y = -132
[YgoDuelist] YgoSecondHandLayoutPatch: AFTER holder.Position.Y = -742.99506
[YgoDuelist] YgoSecondHandLayoutPatch: AFTER holder.TargetPosition.Y = -745
[YgoDuelist] YgoSecondHandLayoutPatch: AFTER holder.Hitbox.Position.Y = -132
[YgoDuelist] YgoSecondHandLayoutPatch EXIT return false
[YgoDuelist] YgoSecondHandLayoutPatch ENTER all=9 main=4 opts=5 FocusedHolderId=0 FocusedIsOpt=False
[YgoDuelist]   opts[0] holderId=101737042122 model=Command_Defend
[YgoDuelist]   opts[1] holderId=100931735706 model=Command_Attack
[YgoDuelist]   opts[2] holderId=100713631885 model=Command_Change_Battle_Position
[YgoDuelist]   opts[3] holderId=2802818497950 model=Toggle_Die_For_You
[YgoDuelist]   opts[4] holderId=2803690913808 model=Exit_Monster_Options
[YgoDuelist] YgoSecondHandLayoutPatch: AFTER holder.Position.Y = -745
[YgoDuelist] YgoSecondHandLayoutPatch: AFTER holder.TargetPosition.Y = -745
[YgoDuelist] YgoSecondHandLayoutPatch: AFTER holder.Hitbox.Position.Y = -132
[YgoDuelist] YgoSecondHandLayoutPatch: AFTER holder.Position.Y = -745
[YgoDuelist] YgoSecondHandLayoutPatch: AFTER holder.TargetPosition.Y = -745
[YgoDuelist] YgoSecondHandLayoutPatch: AFTER holder.Hitbox.Position.Y = -132
[YgoDuelist] YgoSecondHandLayoutPatch: AFTER holder.Position.Y = -745
[YgoDuelist] YgoSecondHandLayoutPatch: AFTER holder.TargetPosition.Y = -745
[YgoDuelist] YgoSecondHandLayoutPatch: AFTER holder.Hitbox.Position.Y = -132
[YgoDuelist] YgoSecondHandLayoutPatch: AFTER holder.Position.Y = -745
[YgoDuelist] YgoSecondHandLayoutPatch: AFTER holder.TargetPosition.Y = -745
[YgoDuelist] YgoSecondHandLayoutPatch: AFTER holder.Hitbox.Position.Y = -132
[YgoDuelist] YgoSecondHandLayoutPatch: AFTER holder.Position.Y = -745
[YgoDuelist] YgoSecondHandLayoutPatch: AFTER holder.TargetPosition.Y = -745
[YgoDuelist] YgoSecondHandLayoutPatch: AFTER holder.Hitbox.Position.Y = -132
[YgoDuelist] YgoSecondHandLayoutPatch EXIT return false
[YgoDuelist] YgoSecondHandLayoutPatch ENTER all=8 main=3 opts=5 FocusedHolderId=0 FocusedIsOpt=False
[YgoDuelist]   opts[0] holderId=101737042122 model=Command_Defend
[YgoDuelist]   opts[1] holderId=100931735706 model=Command_Attack
[YgoDuelist]   opts[2] holderId=100713631885 model=Command_Change_Battle_Position
[YgoDuelist]   opts[3] holderId=2802818497950 model=Toggle_Die_For_You
[YgoDuelist]   opts[4] holderId=2803690913808 model=Exit_Monster_Options
[YgoDuelist] YgoSecondHandLayoutPatch: AFTER holder.Position.Y = -745
[YgoDuelist] YgoSecondHandLayoutPatch: AFTER holder.TargetPosition.Y = -745
[YgoDuelist] YgoSecondHandLayoutPatch: AFTER holder.Hitbox.Position.Y = -132
[YgoDuelist] YgoSecondHandLayoutPatch: AFTER holder.Position.Y = -745
[YgoDuelist] YgoSecondHandLayoutPatch: AFTER holder.TargetPosition.Y = -745
[YgoDuelist] YgoSecondHandLayoutPatch: AFTER holder.Hitbox.Position.Y = -132
[YgoDuelist] YgoSecondHandLayoutPatch: AFTER holder.Position.Y = -745
[YgoDuelist] YgoSecondHandLayoutPatch: AFTER holder.TargetPosition.Y = -745
[YgoDuelist] YgoSecondHandLayoutPatch: AFTER holder.Hitbox.Position.Y = -132
[YgoDuelist] YgoSecondHandLayoutPatch: AFTER holder.Position.Y = -745
[YgoDuelist] YgoSecondHandLayoutPatch: AFTER holder.TargetPosition.Y = -745
[YgoDuelist] YgoSecondHandLayoutPatch: AFTER holder.Hitbox.Position.Y = -132
[YgoDuelist] YgoSecondHandLayoutPatch: AFTER holder.Position.Y = -745
[YgoDuelist] YgoSecondHandLayoutPatch: AFTER holder.TargetPosition.Y = -745
[YgoDuelist] YgoSecondHandLayoutPatch: AFTER holder.Hitbox.Position.Y = -132
[YgoDuelist] YgoSecondHandLayoutPatch EXIT return false
[YgoDuelist] StartTargeting ENTER validTargetsType=AnyEnemy secondArgType=NCard
[YgoDuelist] StartTargeting POSTFIX cardPlay=NMouseCardPlay holderIsOption=False
[DEBUG] [ActionQueueSynchronizer] Sending message to client to enqueue action PlayCardAction card: CARD.YGODUELIST-QUEEN_S_DOUBLE (56955174) index: 8 targetid: 3 at 08:24:26
[DEBUG] [ActionQueueSynchronizer] Enqueueing action PlayCardAction card: CARD.YGODUELIST-QUEEN_S_DOUBLE (56955174) index: 8 targetid: 3 from owner 76561198345121322
[YgoDuelist] YgoSecondHandLayoutPatch ENTER all=8 main=3 opts=5 FocusedHolderId=0 FocusedIsOpt=False
[YgoDuelist]   opts[0] holderId=101737042122 model=Command_Defend
[YgoDuelist]   opts[1] holderId=100931735706 model=Command_Attack
[YgoDuelist]   opts[2] holderId=100713631885 model=Command_Change_Battle_Position
[YgoDuelist]   opts[3] holderId=2802818497950 model=Toggle_Die_For_You
[YgoDuelist]   opts[4] holderId=2803690913808 model=Exit_Monster_Options
[YgoDuelist] YgoSecondHandLayoutPatch: AFTER holder.Position.Y = -745
[YgoDuelist] YgoSecondHandLayoutPatch: AFTER holder.TargetPosition.Y = -745
[YgoDuelist] YgoSecondHandLayoutPatch: AFTER holder.Hitbox.Position.Y = -132
[YgoDuelist] YgoSecondHandLayoutPatch: AFTER holder.Position.Y = -745
[YgoDuelist] YgoSecondHandLayoutPatch: AFTER holder.TargetPosition.Y = -745
[YgoDuelist] YgoSecondHandLayoutPatch: AFTER holder.Hitbox.Position.Y = -132
[YgoDuelist] YgoSecondHandLayoutPatch: AFTER holder.Position.Y = -745
[YgoDuelist] YgoSecondHandLayoutPatch: AFTER holder.TargetPosition.Y = -745
[YgoDuelist] YgoSecondHandLayoutPatch: AFTER holder.Hitbox.Position.Y = -132
[YgoDuelist] YgoSecondHandLayoutPatch: AFTER holder.Position.Y = -745
[YgoDuelist] YgoSecondHandLayoutPatch: AFTER holder.TargetPosition.Y = -745
[YgoDuelist] YgoSecondHandLayoutPatch: AFTER holder.Hitbox.Position.Y = -132
[YgoDuelist] YgoSecondHandLayoutPatch: AFTER holder.Position.Y = -745
[YgoDuelist] YgoSecondHandLayoutPatch: AFTER holder.TargetPosition.Y = -745
[YgoDuelist] YgoSecondHandLayoutPatch: AFTER holder.Hitbox.Position.Y = -132
[YgoDuelist] YgoSecondHandLayoutPatch EXIT return false
[DEBUG] [ActionQueueSet] Enqueueing action PlayCardAction card: CARD.YGODUELIST-QUEEN_S_DOUBLE (56955174) index: 8 targetid: 3 to player queue owned by 76561198345121322
[DEBUG] [ActionExecutor] Action queue changed, beginning ExecuteActions
[VERYDEBUG] [ActionQueueSet] Attempting to find ready action
[VERYDEBUG] [ActionQueueSet] Action PlayCardAction card: CARD.YGODUELIST-QUEEN_S_DOUBLE (56955174) index: 8 targetid: 3 with id 16 belonging to 76561198345121322 becomes new ready action
[VERYDEBUG] [ActionQueueSet] Queue for player 76561198136285041 is empty
[VERYDEBUG] [ActionQueueSet] Got ready action PlayCardAction card: CARD.YGODUELIST-QUEEN_S_DOUBLE (56955174) index: 8 targetid: 3 (16)
[DEBUG] [ActionExecutor] Executing action: PlayCardAction card: CARD.YGODUELIST-QUEEN_S_DOUBLE (56955174) index: 8 targetid: 3
[VERYDEBUG] [GameAction] Action PlayCardAction card: CARD.YGODUELIST-QUEEN_S_DOUBLE (56955174) index: 8 targetid: 3 began executing
[INFO] Player 76561198345121322 playing card YGODUELIST-QUEEN_S_DOUBLE (targeting Toadpole (index 6))
[YgoDuelist] YgoSecondHandLayoutPatch ENTER all=8 main=3 opts=5 FocusedHolderId=0 FocusedIsOpt=False
[YgoDuelist]   opts[0] holderId=101737042122 model=Command_Defend
[YgoDuelist]   opts[1] holderId=100931735706 model=Command_Attack
[YgoDuelist]   opts[2] holderId=100713631885 model=Command_Change_Battle_Position
[YgoDuelist]   opts[3] holderId=2802818497950 model=Toggle_Die_For_You
[YgoDuelist]   opts[4] holderId=2803690913808 model=Exit_Monster_Options
[YgoDuelist] YgoSecondHandLayoutPatch: AFTER holder.Position.Y = -745
[YgoDuelist] YgoSecondHandLayoutPatch: AFTER holder.TargetPosition.Y = -745
[YgoDuelist] YgoSecondHandLayoutPatch: AFTER holder.Hitbox.Position.Y = -132
[YgoDuelist] YgoSecondHandLayoutPatch: AFTER holder.Position.Y = -745
[YgoDuelist] YgoSecondHandLayoutPatch: AFTER holder.TargetPosition.Y = -745
[YgoDuelist] YgoSecondHandLayoutPatch: AFTER holder.Hitbox.Position.Y = -132
[YgoDuelist] YgoSecondHandLayoutPatch: AFTER holder.Position.Y = -745
[YgoDuelist] YgoSecondHandLayoutPatch: AFTER holder.TargetPosition.Y = -745
[YgoDuelist] YgoSecondHandLayoutPatch: AFTER holder.Hitbox.Position.Y = -132
[YgoDuelist] YgoSecondHandLayoutPatch: AFTER holder.Position.Y = -745
[YgoDuelist] YgoSecondHandLayoutPatch: AFTER holder.TargetPosition.Y = -745
[YgoDuelist] YgoSecondHandLayoutPatch: AFTER holder.Hitbox.Position.Y = -132
[YgoDuelist] YgoSecondHandLayoutPatch: AFTER holder.Position.Y = -745
[YgoDuelist] YgoSecondHandLayoutPatch: AFTER holder.TargetPosition.Y = -745
[YgoDuelist] YgoSecondHandLayoutPatch: AFTER holder.Hitbox.Position.Y = -132
[YgoDuelist] YgoSecondHandLayoutPatch EXIT return false
[YgoDuelist] YgoSecondHandLayoutPatch ENTER all=8 main=3 opts=5 FocusedHolderId=2803690913808 FocusedIsOpt=True
[YgoDuelist]   opts[0] holderId=101737042122 model=Command_Defend
[YgoDuelist]   opts[1] holderId=100931735706 model=Command_Attack
[YgoDuelist]   opts[2] holderId=100713631885 model=Command_Change_Battle_Position
[YgoDuelist]   opts[3] holderId=2802818497950 model=Toggle_Die_For_You
[YgoDuelist]   opts[4] holderId=2803690913808 model=Exit_Monster_Options
[YgoDuelist] YgoSecondHandLayoutPatch: AFTER holder.Position.Y = -745
[YgoDuelist] YgoSecondHandLayoutPatch: AFTER holder.TargetPosition.Y = -745
[YgoDuelist] YgoSecondHandLayoutPatch: AFTER holder.Hitbox.Position.Y = -132
[YgoDuelist] YgoSecondHandLayoutPatch: AFTER holder.Position.Y = -745
[YgoDuelist] YgoSecondHandLayoutPatch: AFTER holder.TargetPosition.Y = -745
[YgoDuelist] YgoSecondHandLayoutPatch: AFTER holder.Hitbox.Position.Y = -132
[YgoDuelist] YgoSecondHandLayoutPatch: AFTER holder.Position.Y = -745
[YgoDuelist] YgoSecondHandLayoutPatch: AFTER holder.TargetPosition.Y = -745
[YgoDuelist] YgoSecondHandLayoutPatch: AFTER holder.Hitbox.Position.Y = -132
[YgoDuelist] YgoSecondHandLayoutPatch: AFTER holder.Position.Y = -745
[YgoDuelist] YgoSecondHandLayoutPatch: AFTER holder.TargetPosition.Y = -745
[YgoDuelist] YgoSecondHandLayoutPatch: AFTER holder.Hitbox.Position.Y = -132
[YgoDuelist] YgoSecondHandLayoutPatch: AFTER holder.Position.Y = -745
[YgoDuelist] YgoSecondHandLayoutPatch: AFTER holder.TargetPosition.Y = -745
[YgoDuelist] YgoSecondHandLayoutPatch: AFTER holder.Hitbox.Position.Y = -132
[YgoDuelist] YgoSecondHandLayoutPatch EXIT return false
[VERYDEBUG] [GameAction] Action PlayCardAction card: CARD.YGODUELIST-QUEEN_S_DOUBLE (56955174) index: 8 targetid: 3 finished execution
[DEBUG] [ChecksumTracker] Generating checksum for context: after executing action PlayCardAction card: CARD.YGODUELIST-QUEEN_S_DOUBLE (56955174) index: 8 targetid: 3 action: PlayCardAction card: CARD.YGODUELIST-QUEEN_S_DOUBLE (56955174) index: 8 targetid: 3 id: 16
[YgoDuelist][MP][Checksum][fp] netId=76561198136285041 | pt=1 n=9:YGODUELIST-BURNING_LAND01010009,20024,YGODUELIST-DEFEND_YGO_DUELIST010,YGODUELIST-DEFEND_YGO_DUELIST010,YGODUELIST-EARTH_EFFIGY0bYgoDieForYouUserToggleOnFalseiPermanentAtkBonusFromExecutes01010000,20015,20043,YGODUELIST-FIRE_SORCERER0bYgoDieForYouUserToggleOnFalseiPermanentAtkBonusFromExecutes01010002,20017,20041,20043,YGODUELIST-GAIA_POWER01010009,20027,YGODUELIST-RECKLESS_GREED01010009,10011,YGODUELIST-STRIKE_YGO_DUELIST010,YGODUELIST-STRIKE_YGO_DUELIST010 | pt=2 n=3:YGODUELIST-ARCANE_ARCHER_OF_THE_FOREST0bYgoDieForYouUserToggleOnFalseiPermanentAtkBonusFromExecutes01010000,20019,20043,YGODUELIST-OUTSTANDING_DOG_MARRON0bYgoDieForYouUserToggleOnFalseiPermanentAtkBonusFromExecutes01010004,20001,YGODUELIST-TRAP_OF_BOARD_ERASER01010009,10011 | pt=3 n=5:YGODUELIST-DEFEND_YGO_DUELIST010,YGODUELIST-OJAMA_TRIO01010009,10011,YGODUELIST-ROCKET_JUMPER0bYgoDieForYouUserToggleOnFalseiPermanentAtkBonusFromExecutes01010000,20015,20043,20045,YGODUELIST-SKELENGEL0bYgoDieForYouUserToggleOnFalseiPermanentAtkBonusFromExecutes01010004,20006,20041,YGODUELIST-STRIKE_YGO_DUELIST010 | pt=4 n=0: | pt=5 n=0: | pt=932200512 n=0: | pt=932200513 n=0: | pt=932200514 n=0: | pt=932200515 n=1:YGODUELIST-HOURGLASS_OF_COURAGE0bYgoDieForYouUserToggleOnFalseiPermanentAtkBonusFromExecutes01010004,20006,20043 | pt=932200516 n=1:YGODUELIST-TOTAL_DEFENSE_SHOGUN0bYgoDieForYouUserToggleOnFalseiPermanentAtkBonusFromExecutes01010005,20019,20034,20043 | pt=932200517 n=0: | pt=932200518 n=0:
[YgoDuelist][MP][Checksum][fp] netId=76561198345121322 | pt=1 n=4:GREED0104,7,YGODUELIST-DEFEND_YGO_DUELIST010,YGODUELIST-RAIGEKI_BREAK01010009,10011,20045,YGODUELIST-STRIKE_YGO_DUELIST010 | pt=2 n=3:YGODUELIST-FIRE_PRINCESS0bYgoDieForYouUserToggleOnFalseiPermanentAtkBonusFromExecutes01010002,20013,20043,YGODUELIST-STRIKE_YGO_DUELIST010,YGODUELIST-STRIKE_YGO_DUELIST010 | pt=3 n=4:YGODUELIST-DEFEND_YGO_DUELIST010,YGODUELIST-DEFEND_YGO_DUELIST010,YGODUELIST-KURAMA0bYgoDieForYouUserToggleOnFalseiPermanentAtkBonusFromExecutes01010003,20020,20043,YGODUELIST-ZABORG_THE_THUNDER_MONARCH0bYgoDieForYouUserToggleOnFalseiPermanentAtkBonusFromExecutes01010004,20018,20034,20043 | pt=4 n=0: | pt=5 n=0: | pt=932200512 n=0: | pt=932200513 n=1:YGODUELIST-THE_LAST_WARRIOR_FROM_ANOTHER_PLANET0bYgoDieForYouUserToggleOnFalseiPermanentAtkBonusFromExecutes0iSummonAbsorbPrintedDefBonus01010000,20019,20036,20043 | pt=932200514 n=0: | pt=932200515 n=0: | pt=932200516 n=2:YGODUELIST-QUEEN_S_DOUBLE0bYgoDieForYouUserToggleOnFalseiPermanentAtkBonusFromExecutes01010000,20019,20045,YGODUELIST-VERSAGO_THE_DESTROYER0bYgoDieForYouUserToggleOnFalseiPermanentAtkBonusFromExecutes01010005,20007,20043 | pt=932200517 n=1:YGODUELIST-YELLOW_LUSTER_SHIELD01010009,20024 | pt=932200518 n=0:
[DEBUG] [ActionExecutor] Completed execution of action PlayCardAction card: CARD.YGODUELIST-QUEEN_S_DOUBLE (56955174) index: 8 targetid: 3, attempting to find new action
[VERYDEBUG] [ActionQueueSet] Attempting to find ready action
[VERYDEBUG] [ActionQueueSet] Queue for player 76561198345121322 is empty
[VERYDEBUG] [ActionQueueSet] Queue for player 76561198136285041 is empty
[VERYDEBUG] [ActionQueueSet] No action is ready
[YgoDuelist] OnHolderPressed option holder id=2803690913808 card=Exit_Monster_Options
[YgoLifecycle] StartCardPlay S1_EnterPrefix holderId=2803690913808 model=Exit_Monster_Options index=7 inTree=True extra=needsSafePath=True
[YgoLifecycle] StartCardPlay S2_QueuedHolder holderId=2803690913808 model=Exit_Monster_Options index=7 inTree=True extra=queuedIndex=7
[YgoDuelist] YgoSecondHandLayoutPatch ENTER all=8 main=3 opts=5 FocusedHolderId=0 FocusedIsOpt=False
[YgoDuelist]   opts[0] holderId=101737042122 model=Command_Defend
[YgoDuelist]   opts[1] holderId=100931735706 model=Command_Attack
[YgoDuelist]   opts[2] holderId=100713631885 model=Command_Change_Battle_Position
[YgoDuelist]   opts[3] holderId=2802818497950 model=Toggle_Die_For_You
[YgoDuelist]   opts[4] holderId=2803690913808 model=Exit_Monster_Options
[YgoDuelist] YgoSecondHandLayoutPatch: AFTER holder.Position.Y = -745
[YgoDuelist] YgoSecondHandLayoutPatch: AFTER holder.TargetPosition.Y = -745
[YgoDuelist] YgoSecondHandLayoutPatch: AFTER holder.Hitbox.Position.Y = -132
[YgoDuelist] YgoSecondHandLayoutPatch: AFTER holder.Position.Y = -745
[YgoDuelist] YgoSecondHandLayoutPatch: AFTER holder.TargetPosition.Y = -745
[YgoDuelist] YgoSecondHandLayoutPatch: AFTER holder.Hitbox.Position.Y = -132
[YgoDuelist] YgoSecondHandLayoutPatch: AFTER holder.Position.Y = -745
[YgoDuelist] YgoSecondHandLayoutPatch: AFTER holder.TargetPosition.Y = -745
[YgoDuelist] YgoSecondHandLayoutPatch: AFTER holder.Hitbox.Position.Y = -132
[YgoDuelist] YgoSecondHandLayoutPatch: AFTER holder.Position.Y = -745
[YgoDuelist] YgoSecondHandLayoutPatch: AFTER holder.TargetPosition.Y = -745
[YgoDuelist] YgoSecondHandLayoutPatch: AFTER holder.Hitbox.Position.Y = -132
[YgoDuelist] YgoSecondHandLayoutPatch: AFTER holder.Position.Y = -745
[YgoDuelist] YgoSecondHandLayoutPatch: AFTER holder.TargetPosition.Y = -745
[YgoDuelist] YgoSecondHandLayoutPatch: AFTER holder.Hitbox.Position.Y = -132
[YgoDuelist] YgoSecondHandLayoutPatch EXIT return false
[YgoLifecycle] StartCardPlay S3_BeginDrag holderId=2803690913808 model=Exit_Monster_Options index=7 inTree=True extra=
[YgoLifecycle] StartCardPlay S4_CardPlayCreated holderId=2803690913808 model=Exit_Monster_Options index=7 inTree=True extra=cardPlayType=NMouseCardPlay
[YgoLifecycle] MouseStartAsync M1_Enter holderId=2803690913808 model=Exit_Monster_Options holderInTree=True selfInTree=True extra=
[YgoLifecycle] MouseStartAsync M4_StartCardDrag_BeginAwait holderId=2803690913808 model=Exit_Monster_Options holderInTree=True selfInTree=True extra=
[YgoLifecycle] MouseStartAsync M5_StartCardDrag_EndAwait holderId=2803690913808 model=Exit_Monster_Options holderInTree=True selfInTree=True extra=
[YgoLifecycle] MouseStartAsync M9_CannotPlay_Cancel holderId=2803690913808 model=Exit_Monster_Options holderInTree=True selfInTree=True extra=reason=BlockedByCardLogic
[DEBUG] [ActionQueueSynchronizer] Sending message to client to enqueue action YgoMonsterMenuCommandGameAction owner=76561198345121322 ExitMonsterOptions pet=0 at 08:24:27
[DEBUG] [ActionQueueSynchronizer] Enqueueing action YgoMonsterMenuCommandGameAction owner=76561198345121322 ExitMonsterOptions pet=0 from owner 76561198345121322
[DEBUG] [ActionQueueSet] Enqueueing action YgoMonsterMenuCommandGameAction owner=76561198345121322 ExitMonsterOptions pet=0 to player queue owned by 76561198345121322
[DEBUG] [ActionExecutor] Action queue changed, beginning ExecuteActions
[VERYDEBUG] [ActionQueueSet] Attempting to find ready action
[VERYDEBUG] [ActionQueueSet] Action YgoMonsterMenuCommandGameAction owner=76561198345121322 ExitMonsterOptions pet=0 with id 17 belonging to 76561198345121322 becomes new ready action
[VERYDEBUG] [ActionQueueSet] Queue for player 76561198136285041 is empty
[VERYDEBUG] [ActionQueueSet] Got ready action YgoMonsterMenuCommandGameAction owner=76561198345121322 ExitMonsterOptions pet=0 (17)
[DEBUG] [ActionExecutor] Executing action: YgoMonsterMenuCommandGameAction owner=76561198345121322 ExitMonsterOptions pet=0
[VERYDEBUG] [GameAction] Action YgoMonsterMenuCommandGameAction owner=76561198345121322 ExitMonsterOptions pet=0 began executing
[YgoDuelist][MP] YgoMonsterMenuCommandGameAction: kind=ExitMonsterOptions ownerNetId=76561198345121322 petCombatId=0 hasEnemy=False
[ZGO] Exit_Monster_Options.ExecuteExitAsync() entered
[ZGO] Exit_Monster_Options: Clearing YgoCardOptionPile. Previous count=5
[YgoDuelist] OnSecondHandCardsChanged ENTER player=49413123 cardsCount=0
[YgoDuelist] RebuildForPlayer START handId=2525910549030 cardsCount=0
[YgoDuelist] TearDownSecondHandRow REMOVING 5 holders
[YgoDuelist] YgoSecondHandLayoutPatch ENTER all=6 main=3 opts=3 FocusedHolderId=0 FocusedIsOpt=False
[YgoDuelist]   opts[0] holderId=100931735706 model=Command_Attack
[YgoDuelist]   opts[1] holderId=100713631885 model=Command_Change_Battle_Position
[YgoDuelist]   opts[2] holderId=2802818497950 model=Toggle_Die_For_You
[YgoDuelist] YgoSecondHandLayoutPatch: AFTER holder.Position.Y = -745
[YgoDuelist] YgoSecondHandLayoutPatch: AFTER holder.TargetPosition.Y = -745
[YgoDuelist] YgoSecondHandLayoutPatch: AFTER holder.Hitbox.Position.Y = -132
[YgoDuelist] YgoSecondHandLayoutPatch: AFTER holder.Position.Y = -745
[YgoDuelist] YgoSecondHandLayoutPatch: AFTER holder.TargetPosition.Y = -745
[YgoDuelist] YgoSecondHandLayoutPatch: AFTER holder.Hitbox.Position.Y = -132
[YgoDuelist] YgoSecondHandLayoutPatch: AFTER holder.Position.Y = -745
[YgoDuelist] YgoSecondHandLayoutPatch: AFTER holder.TargetPosition.Y = -745
[YgoDuelist] YgoSecondHandLayoutPatch: AFTER holder.Hitbox.Position.Y = -132
[YgoDuelist] YgoSecondHandLayoutPatch EXIT return false
[YgoDuelist] YgoSecondHandLayoutPatch ENTER all=5 main=3 opts=2 FocusedHolderId=0 FocusedIsOpt=False
[YgoDuelist]   opts[0] holderId=100713631885 model=Command_Change_Battle_Position
[YgoDuelist]   opts[1] holderId=2802818497950 model=Toggle_Die_For_You
[YgoDuelist] YgoSecondHandLayoutPatch: AFTER holder.Position.Y = -745
[YgoDuelist] YgoSecondHandLayoutPatch: AFTER holder.TargetPosition.Y = -745
[YgoDuelist] YgoSecondHandLayoutPatch: AFTER holder.Hitbox.Position.Y = -132
[YgoDuelist] YgoSecondHandLayoutPatch: AFTER holder.Position.Y = -745
[YgoDuelist] YgoSecondHandLayoutPatch: AFTER holder.TargetPosition.Y = -745
[YgoDuelist] YgoSecondHandLayoutPatch: AFTER holder.Hitbox.Position.Y = -132
[YgoDuelist] YgoSecondHandLayoutPatch EXIT return false
[YgoDuelist] YgoSecondHandLayoutPatch ENTER all=4 main=3 opts=1 FocusedHolderId=0 FocusedIsOpt=False
[YgoDuelist]   opts[0] holderId=2802818497950 model=Toggle_Die_For_You
[YgoDuelist] YgoSecondHandLayoutPatch: AFTER holder.Position.Y = -745
[YgoDuelist] YgoSecondHandLayoutPatch: AFTER holder.TargetPosition.Y = -745
[YgoDuelist] YgoSecondHandLayoutPatch: AFTER holder.Hitbox.Position.Y = -132
[YgoDuelist] YgoSecondHandLayoutPatch EXIT return false
[YgoDuelist] YgoSecondHandLayoutPatch ENTER all=3 main=3 opts=0 FocusedHolderId=0 FocusedIsOpt=False
[YgoDuelist] YgoSecondHandLayoutPatch EXIT return false
[YgoDuelist] RebuildForPlayer EXIT cards null or empty (row torn down)
[YgoDuelist] OnSecondHandCardsChanged EXIT RebuildForPlayer done
[ZGO] Exit_Monster_Options.ExecuteExitAsync() done
[VERYDEBUG] [GameAction] Action YgoMonsterMenuCommandGameAction owner=76561198345121322 ExitMonsterOptions pet=0 finished execution
[DEBUG] [ChecksumTracker] Generating checksum for context: after executing action YgoMonsterMenuCommandGameAction owner=76561198345121322 ExitMonsterOptions pet=0 action: YgoMonsterMenuCommandGameAction owner=76561198345121322 ExitMonsterOptions pet=0 id: 17
[YgoDuelist][MP][Checksum][fp] netId=76561198136285041 | pt=1 n=9:YGODUELIST-BURNING_LAND01010009,20024,YGODUELIST-DEFEND_YGO_DUELIST010,YGODUELIST-DEFEND_YGO_DUELIST010,YGODUELIST-EARTH_EFFIGY0bYgoDieForYouUserToggleOnFalseiPermanentAtkBonusFromExecutes01010000,20015,20043,YGODUELIST-FIRE_SORCERER0bYgoDieForYouUserToggleOnFalseiPermanentAtkBonusFromExecutes01010002,20017,20041,20043,YGODUELIST-GAIA_POWER01010009,20027,YGODUELIST-RECKLESS_GREED01010009,10011,YGODUELIST-STRIKE_YGO_DUELIST010,YGODUELIST-STRIKE_YGO_DUELIST010 | pt=2 n=3:YGODUELIST-ARCANE_ARCHER_OF_THE_FOREST0bYgoDieForYouUserToggleOnFalseiPermanentAtkBonusFromExecutes01010000,20019,20043,YGODUELIST-OUTSTANDING_DOG_MARRON0bYgoDieForYouUserToggleOnFalseiPermanentAtkBonusFromExecutes01010004,20001,YGODUELIST-TRAP_OF_BOARD_ERASER01010009,10011 | pt=3 n=5:YGODUELIST-DEFEND_YGO_DUELIST010,YGODUELIST-OJAMA_TRIO01010009,10011,YGODUELIST-ROCKET_JUMPER0bYgoDieForYouUserToggleOnFalseiPermanentAtkBonusFromExecutes01010000,20015,20043,20045,YGODUELIST-SKELENGEL0bYgoDieForYouUserToggleOnFalseiPermanentAtkBonusFromExecutes01010004,20006,20041,YGODUELIST-STRIKE_YGO_DUELIST010 | pt=4 n=0: | pt=5 n=0: | pt=932200512 n=0: | pt=932200513 n=0: | pt=932200514 n=0: | pt=932200515 n=1:YGODUELIST-HOURGLASS_OF_COURAGE0bYgoDieForYouUserToggleOnFalseiPermanentAtkBonusFromExecutes01010004,20006,20043 | pt=932200516 n=1:YGODUELIST-TOTAL_DEFENSE_SHOGUN0bYgoDieForYouUserToggleOnFalseiPermanentAtkBonusFromExecutes01010005,20019,20034,20043 | pt=932200517 n=0: | pt=932200518 n=0:
[YgoDuelist][MP][Checksum][fp] netId=76561198345121322 | pt=1 n=4:GREED0104,7,YGODUELIST-DEFEND_YGO_DUELIST010,YGODUELIST-RAIGEKI_BREAK01010009,10011,20045,YGODUELIST-STRIKE_YGO_DUELIST010 | pt=2 n=3:YGODUELIST-FIRE_PRINCESS0bYgoDieForYouUserToggleOnFalseiPermanentAtkBonusFromExecutes01010002,20013,20043,YGODUELIST-STRIKE_YGO_DUELIST010,YGODUELIST-STRIKE_YGO_DUELIST010 | pt=3 n=4:YGODUELIST-DEFEND_YGO_DUELIST010,YGODUELIST-DEFEND_YGO_DUELIST010,YGODUELIST-KURAMA0bYgoDieForYouUserToggleOnFalseiPermanentAtkBonusFromExecutes01010003,20020,20043,YGODUELIST-ZABORG_THE_THUNDER_MONARCH0bYgoDieForYouUserToggleOnFalseiPermanentAtkBonusFromExecutes01010004,20018,20034,20043 | pt=4 n=0: | pt=5 n=0: | pt=932200512 n=0: | pt=932200513 n=1:YGODUELIST-THE_LAST_WARRIOR_FROM_ANOTHER_PLANET0bYgoDieForYouUserToggleOnFalseiPermanentAtkBonusFromExecutes0iSummonAbsorbPrintedDefBonus01010000,20019,20036,20043 | pt=932200514 n=0: | pt=932200515 n=0: | pt=932200516 n=2:YGODUELIST-QUEEN_S_DOUBLE0bYgoDieForYouUserToggleOnFalseiPermanentAtkBonusFromExecutes01010000,20019,20045,YGODUELIST-VERSAGO_THE_DESTROYER0bYgoDieForYouUserToggleOnFalseiPermanentAtkBonusFromExecutes01010005,20007,20043 | pt=932200517 n=1:YGODUELIST-YELLOW_LUSTER_SHIELD01010009,20024 | pt=932200518 n=0:
[DEBUG] [ActionExecutor] Completed execution of action YgoMonsterMenuCommandGameAction owner=76561198345121322 ExitMonsterOptions pet=0, attempting to find new action
[VERYDEBUG] [ActionQueueSet] Attempting to find ready action
[VERYDEBUG] [ActionQueueSet] Queue for player 76561198345121322 is empty
[VERYDEBUG] [ActionQueueSet] Queue for player 76561198136285041 is empty
[VERYDEBUG] [ActionQueueSet] No action is ready
[YgoDuelist][MP][Queue] YgoMonsterMenuCommand -> YgoMonsterMenuCommandGameAction owner=76561198345121322 ExitMonsterOptions pet=0
[YgoLifecycle] StartCardPlay S5_FinishedSignal holderId=2803690913808 model=Exit_Monster_Options index=7 inTree=True extra=success=False
[YgoLifecycle] StartCardPlay S6_InvokeReturnHolderToHand holderId=2803690913808 model=Exit_Monster_Options index=7 inTree=True extra=
[YgoLifecycle] ReturnHolderToHand P1_EnterPrefix holderId=2803690913808 model=Exit_Monster_Options inTree=True visible=True extra=
[YgoLifecycle] ReturnHolderToHand P5_ReparentStart holderId=2803690913808 model=Exit_Monster_Options inTree=True visible=True extra=queued=7 clamped=3 childCount=3
[YgoLifecycle] ReturnHolderToHand P6_ReparentDone holderId=2803690913808 model=Exit_Monster_Options inTree=True visible=True extra=
[YgoLifecycle] ReturnHolderToHand P8_PendingFreeAfterReturn holderId=2803690913808 model=Exit_Monster_Options inTree=True visible=True extra=
[YgoLifecycle] ReturnHolderToHand P10_ExitHandled holderId=2803690913808 model=Exit_Monster_Options inTree=False visible=True extra=
[YgoDuelist] YgoSecondHandLayoutPatch ENTER all=3 main=3 opts=0 FocusedHolderId=0 FocusedIsOpt=False
[YgoDuelist] YgoSecondHandLayoutPatch EXIT return false
[YgoLifecycle] StartCardPlay S7_FinishedCleanupDone holderId=2803690913808 model=Exit_Monster_Options index=-1 inTree=False extra=
[YgoDuelist] YgoSecondHandLayoutPatch ENTER all=3 main=3 opts=0 FocusedHolderId=0 FocusedIsOpt=False
[YgoDuelist] YgoSecondHandLayoutPatch EXIT return false
[YgoLifecycle] StartCardPlay S8_StartCalled holderId=2803690913808 model=Exit_Monster_Options index=-1 inTree=False extra=
[YgoDuelist] StartCardPlay PREFIX: custom safe start path holderId=2803690913808 index=7 isOption=True
[YgoDuelist] StartCardPlay POSTFIX: option holder - NMouseCardPlay created and Start() called
[DEBUG] [ActionQueueSynchronizer] Sending message to client to enqueue action EndPlayerTurnAction for player 76561198345121322 round 2 at 08:24:28
[DEBUG] [ActionQueueSynchronizer] Enqueueing action EndPlayerTurnAction for player 76561198345121322 round 2 from owner 76561198345121322
[DEBUG] [ActionQueueSet] Enqueueing action EndPlayerTurnAction for player 76561198345121322 round 2 to player queue owned by 76561198345121322
[DEBUG] [ActionExecutor] Action queue changed, beginning ExecuteActions
[VERYDEBUG] [ActionQueueSet] Attempting to find ready action
[VERYDEBUG] [ActionQueueSet] Action EndPlayerTurnAction for player 76561198345121322 round 2 with id 18 belonging to 76561198345121322 becomes new ready action
[VERYDEBUG] [ActionQueueSet] Queue for player 76561198136285041 is empty
[VERYDEBUG] [ActionQueueSet] Got ready action EndPlayerTurnAction for player 76561198345121322 round 2 (18)
[DEBUG] [ActionExecutor] Executing action: EndPlayerTurnAction for player 76561198345121322 round 2
[VERYDEBUG] [GameAction] Action EndPlayerTurnAction for player 76561198345121322 round 2 began executing
[VERYDEBUG] [GameAction] Action EndPlayerTurnAction for player 76561198345121322 round 2 finished execution
[DEBUG] [ActionExecutor] Completed execution of action EndPlayerTurnAction for player 76561198345121322 round 2, attempting to find new action
[VERYDEBUG] [ActionQueueSet] Attempting to find ready action
[VERYDEBUG] [ActionQueueSet] Queue for player 76561198345121322 is empty
[VERYDEBUG] [ActionQueueSet] Queue for player 76561198136285041 is empty
[VERYDEBUG] [ActionQueueSet] No action is ready
[VERYDEBUG] [RunLocationTargetedMessageBuffer] Handling map-targeted message RequestEnqueueActionMessage location: act 0 coord (0, 1) action: NetEndPlayerTurnAction round: 2 from 76561198136285041 for location act 0 coord (0, 1)
[DEBUG] [ActionQueueSynchronizer] Received request enqueue action for action NetEndPlayerTurnAction round: 2 (76561198136285041) at 08:24:32
[DEBUG] [ActionQueueSynchronizer] Sending message to client to enqueue action EndPlayerTurnAction for player 76561198136285041 round 2 at 08:24:32
[DEBUG] [ActionQueueSynchronizer] Enqueueing action EndPlayerTurnAction for player 76561198136285041 round 2 from owner 76561198136285041
[DEBUG] [ActionQueueSet] Enqueueing action EndPlayerTurnAction for player 76561198136285041 round 2 to player queue owned by 76561198136285041
[DEBUG] [ActionExecutor] Action queue changed, beginning ExecuteActions
[VERYDEBUG] [ActionQueueSet] Attempting to find ready action
[VERYDEBUG] [ActionQueueSet] Queue for player 76561198345121322 is empty
[VERYDEBUG] [ActionQueueSet] Action EndPlayerTurnAction for player 76561198136285041 round 2 with id 19 belonging to 76561198136285041 becomes new ready action
[VERYDEBUG] [ActionQueueSet] Got ready action EndPlayerTurnAction for player 76561198136285041 round 2 (19)
[DEBUG] [ActionExecutor] Executing action: EndPlayerTurnAction for player 76561198136285041 round 2
[VERYDEBUG] [GameAction] Action EndPlayerTurnAction for player 76561198136285041 round 2 began executing
[VERYDEBUG] [GameAction] Action EndPlayerTurnAction for player 76561198136285041 round 2 finished execution
[DEBUG] [ActionQueueSynchronizer] Combat state becomes EndTurnPhaseOne (from PlayPhase). Starting to cancel all player-driven actions
[DEBUG] [ActionQueueSet] Setting all player queues to cancel all non-hook actions
[VERYDEBUG] [ActionQueueSet] Attempting to find ready action
[VERYDEBUG] [ActionQueueSet] Queue for player 76561198345121322 is empty
[VERYDEBUG] [ActionQueueSet] Queue for player 76561198136285041 is empty
[VERYDEBUG] [ActionQueueSet] No action is ready
[DEBUG] [ChecksumTracker] Generating checksum for context: After player turn phase one end action:  id: 18
[YgoDuelist][MP][Checksum][fp] netId=76561198136285041 | pt=1 n=9:YGODUELIST-BURNING_LAND01010009,20024,YGODUELIST-DEFEND_YGO_DUELIST010,YGODUELIST-DEFEND_YGO_DUELIST010,YGODUELIST-EARTH_EFFIGY0bYgoDieForYouUserToggleOnFalseiPermanentAtkBonusFromExecutes01010000,20015,20043,YGODUELIST-FIRE_SORCERER0bYgoDieForYouUserToggleOnFalseiPermanentAtkBonusFromExecutes01010002,20017,20041,20043,YGODUELIST-GAIA_POWER01010009,20027,YGODUELIST-RECKLESS_GREED01010009,10011,YGODUELIST-STRIKE_YGO_DUELIST010,YGODUELIST-STRIKE_YGO_DUELIST010 | pt=2 n=3:YGODUELIST-ARCANE_ARCHER_OF_THE_FOREST0bYgoDieForYouUserToggleOnFalseiPermanentAtkBonusFromExecutes01010000,20019,20043,YGODUELIST-OUTSTANDING_DOG_MARRON0bYgoDieForYouUserToggleOnFalseiPermanentAtkBonusFromExecutes01010004,20001,YGODUELIST-TRAP_OF_BOARD_ERASER01010009,10011 | pt=3 n=5:YGODUELIST-DEFEND_YGO_DUELIST010,YGODUELIST-OJAMA_TRIO01010009,10011,YGODUELIST-ROCKET_JUMPER0bYgoDieForYouUserToggleOnFalseiPermanentAtkBonusFromExecutes01010000,20015,20043,20045,YGODUELIST-SKELENGEL0bYgoDieForYouUserToggleOnFalseiPermanentAtkBonusFromExecutes01010004,20006,20041,YGODUELIST-STRIKE_YGO_DUELIST010 | pt=4 n=0: | pt=5 n=0: | pt=932200512 n=0: | pt=932200513 n=0: | pt=932200514 n=0: | pt=932200515 n=1:YGODUELIST-HOURGLASS_OF_COURAGE0bYgoDieForYouUserToggleOnFalseiPermanentAtkBonusFromExecutes01010004,20006,20043 | pt=932200516 n=1:YGODUELIST-TOTAL_DEFENSE_SHOGUN0bYgoDieForYouUserToggleOnFalseiPermanentAtkBonusFromExecutes01010005,20019,20034,20043 | pt=932200517 n=0: | pt=932200518 n=0:
[YgoDuelist][MP][Checksum][fp] netId=76561198345121322 | pt=1 n=4:GREED0104,7,YGODUELIST-DEFEND_YGO_DUELIST010,YGODUELIST-RAIGEKI_BREAK01010009,10011,20045,YGODUELIST-STRIKE_YGO_DUELIST010 | pt=2 n=3:YGODUELIST-FIRE_PRINCESS0bYgoDieForYouUserToggleOnFalseiPermanentAtkBonusFromExecutes01010002,20013,20043,YGODUELIST-STRIKE_YGO_DUELIST010,YGODUELIST-STRIKE_YGO_DUELIST010 | pt=3 n=4:YGODUELIST-DEFEND_YGO_DUELIST010,YGODUELIST-DEFEND_YGO_DUELIST010,YGODUELIST-KURAMA0bYgoDieForYouUserToggleOnFalseiPermanentAtkBonusFromExecutes01010003,20020,20043,YGODUELIST-ZABORG_THE_THUNDER_MONARCH0bYgoDieForYouUserToggleOnFalseiPermanentAtkBonusFromExecutes01010004,20018,20034,20043 | pt=4 n=0: | pt=5 n=0: | pt=932200512 n=0: | pt=932200513 n=1:YGODUELIST-THE_LAST_WARRIOR_FROM_ANOTHER_PLANET0bYgoDieForYouUserToggleOnFalseiPermanentAtkBonusFromExecutes0iSummonAbsorbPrintedDefBonus01010000,20019,20036,20043 | pt=932200514 n=0: | pt=932200515 n=0: | pt=932200516 n=2:YGODUELIST-QUEEN_S_DOUBLE0bYgoDieForYouUserToggleOnFalseiPermanentAtkBonusFromExecutes01010000,20019,20045,YGODUELIST-VERSAGO_THE_DESTROYER0bYgoDieForYouUserToggleOnFalseiPermanentAtkBonusFromExecutes01010005,20007,20043 | pt=932200517 n=1:YGODUELIST-YELLOW_LUSTER_SHIELD01010009,20024 | pt=932200518 n=0:
[DEBUG] [ActionQueueSynchronizer] Sending message to client to enqueue action ReadyToBeginEnemyTurnAction 76561198345121322 at 08:24:32
[DEBUG] [ActionQueueSynchronizer] Enqueueing action ReadyToBeginEnemyTurnAction 76561198345121322 from owner 76561198345121322
[DEBUG] [ActionQueueSet] Enqueueing action ReadyToBeginEnemyTurnAction 76561198345121322 to player queue owned by 76561198345121322
[DEBUG] [ActionExecutor] Completed execution of action EndPlayerTurnAction for player 76561198136285041 round 2, attempting to find new action
[VERYDEBUG] [ActionQueueSet] Attempting to find ready action
[VERYDEBUG] [ActionQueueSet] Action ReadyToBeginEnemyTurnAction 76561198345121322 with id 20 belonging to 76561198345121322 becomes new ready action
[VERYDEBUG] [ActionQueueSet] Queue for player 76561198136285041 is empty
[VERYDEBUG] [ActionQueueSet] Got ready action ReadyToBeginEnemyTurnAction 76561198345121322 (20)
[DEBUG] [ActionExecutor] Executing action: ReadyToBeginEnemyTurnAction 76561198345121322
[VERYDEBUG] [GameAction] Action ReadyToBeginEnemyTurnAction 76561198345121322 began executing
[VERYDEBUG] [GameAction] Action ReadyToBeginEnemyTurnAction 76561198345121322 finished execution
[DEBUG] [ActionExecutor] Completed execution of action ReadyToBeginEnemyTurnAction 76561198345121322, attempting to find new action
[VERYDEBUG] [ActionQueueSet] Attempting to find ready action
[VERYDEBUG] [ActionQueueSet] Queue for player 76561198345121322 is empty
[VERYDEBUG] [ActionQueueSet] Queue for player 76561198136285041 is empty
[VERYDEBUG] [ActionQueueSet] No action is ready
[VERYDEBUG] [RunLocationTargetedMessageBuffer] Handling map-targeted message RequestEnqueueActionMessage location: act 0 coord (0, 1) action: NetReadyToBeginEnemyTurnAction from 76561198136285041 for location act 0 coord (0, 1)
[DEBUG] [ActionQueueSynchronizer] Received request enqueue action for action NetReadyToBeginEnemyTurnAction (76561198136285041) at 08:24:32
[DEBUG] [ActionQueueSynchronizer] Sending message to client to enqueue action ReadyToBeginEnemyTurnAction 76561198136285041 at 08:24:32
[DEBUG] [ActionQueueSynchronizer] Enqueueing action ReadyToBeginEnemyTurnAction 76561198136285041 from owner 76561198136285041
[DEBUG] [ActionQueueSet] Enqueueing action ReadyToBeginEnemyTurnAction 76561198136285041 to player queue owned by 76561198136285041
[DEBUG] [ActionExecutor] Action queue changed, beginning ExecuteActions
[VERYDEBUG] [ActionQueueSet] Attempting to find ready action
[VERYDEBUG] [ActionQueueSet] Queue for player 76561198345121322 is empty
[VERYDEBUG] [ActionQueueSet] Action ReadyToBeginEnemyTurnAction 76561198136285041 with id 21 belonging to 76561198136285041 becomes new ready action
[VERYDEBUG] [ActionQueueSet] Got ready action ReadyToBeginEnemyTurnAction 76561198136285041 (21)
[DEBUG] [ActionExecutor] Executing action: ReadyToBeginEnemyTurnAction 76561198136285041
[VERYDEBUG] [GameAction] Action ReadyToBeginEnemyTurnAction 76561198136285041 began executing
[DEBUG] [ActionQueueSynchronizer] Combat state becomes NotPlayPhase. Pausing all player queues
[DEBUG] [ActionQueueSet] Pausing all player queues
[VERYDEBUG] [GameAction] Action ReadyToBeginEnemyTurnAction 76561198136285041 finished execution
[DEBUG] [ActionExecutor] Completed execution of action ReadyToBeginEnemyTurnAction 76561198136285041, attempting to find new action
[VERYDEBUG] [ActionQueueSet] Attempting to find ready action
[VERYDEBUG] [ActionQueueSet] Queue for player 76561198345121322 is empty
[VERYDEBUG] [ActionQueueSet] Queue for player 76561198136285041 is empty
[VERYDEBUG] [ActionQueueSet] No action is ready
[YgoDuelist] YgoSecondHandLayoutPatch ENTER all=2 main=2 opts=0 FocusedHolderId=0 FocusedIsOpt=False
[YgoDuelist] YgoSecondHandLayoutPatch EXIT return false
[YgoDuelist] YgoSecondHandLayoutPatch ENTER all=1 main=1 opts=0 FocusedHolderId=0 FocusedIsOpt=False
[YgoDuelist] YgoSecondHandLayoutPatch EXIT return false
[YgoDuelist] YgoSecondHandLayoutPatch ENTER all=0 main=0 opts=0 FocusedHolderId=0 FocusedIsOpt=False
[YgoDuelist] YgoSecondHandLayoutPatch EXIT return false
[WARN] No player or pet creature found in creatures list! If you're calling a developer console command or you're in a test, this is okay, but it's probably a bug outside of tests. Falling back to null run state.
[DEBUG] [ChecksumTracker] Generating checksum for context: after player turn phase two end action:  id: 19
[YgoDuelist][MP][Checksum][fp] netId=76561198136285041 | pt=1 n=9:YGODUELIST-BURNING_LAND01010009,20024,YGODUELIST-DEFEND_YGO_DUELIST010,YGODUELIST-DEFEND_YGO_DUELIST010,YGODUELIST-EARTH_EFFIGY0bYgoDieForYouUserToggleOnFalseiPermanentAtkBonusFromExecutes01010000,20015,20043,YGODUELIST-FIRE_SORCERER0bYgoDieForYouUserToggleOnFalseiPermanentAtkBonusFromExecutes01010002,20017,20041,20043,YGODUELIST-GAIA_POWER01010009,20027,YGODUELIST-RECKLESS_GREED01010009,10011,YGODUELIST-STRIKE_YGO_DUELIST010,YGODUELIST-STRIKE_YGO_DUELIST010 | pt=2 n=0: | pt=3 n=8:YGODUELIST-ARCANE_ARCHER_OF_THE_FOREST0bYgoDieForYouUserToggleOnFalseiPermanentAtkBonusFromExecutes01010000,20019,20043,YGODUELIST-DEFEND_YGO_DUELIST010,YGODUELIST-OJAMA_TRIO01010009,10011,YGODUELIST-OUTSTANDING_DOG_MARRON0bYgoDieForYouUserToggleOnFalseiPermanentAtkBonusFromExecutes01010004,20001,YGODUELIST-ROCKET_JUMPER0bYgoDieForYouUserToggleOnFalseiPermanentAtkBonusFromExecutes01010000,20015,20043,20045,YGODUELIST-SKELENGEL0bYgoDieForYouUserToggleOnFalseiPermanentAtkBonusFromExecutes01010004,20006,20041,YGODUELIST-STRIKE_YGO_DUELIST010,YGODUELIST-TRAP_OF_BOARD_ERASER01010009,10011 | pt=4 n=0: | pt=5 n=0: | pt=932200512 n=0: | pt=932200513 n=0: | pt=932200514 n=0: | pt=932200515 n=1:YGODUELIST-HOURGLASS_OF_COURAGE0bYgoDieForYouUserToggleOnFalseiPermanentAtkBonusFromExecutes01010004,20006,20043 | pt=932200516 n=1:YGODUELIST-TOTAL_DEFENSE_SHOGUN0bYgoDieForYouUserToggleOnFalseiPermanentAtkBonusFromExecutes01010005,20019,20034,20043 | pt=932200517 n=0: | pt=932200518 n=0:
[YgoDuelist][MP][Checksum][fp] netId=76561198345121322 | pt=1 n=4:GREED0104,7,YGODUELIST-DEFEND_YGO_DUELIST010,YGODUELIST-RAIGEKI_BREAK01010009,10011,20045,YGODUELIST-STRIKE_YGO_DUELIST010 | pt=2 n=0: | pt=3 n=7:YGODUELIST-DEFEND_YGO_DUELIST010,YGODUELIST-DEFEND_YGO_DUELIST010,YGODUELIST-FIRE_PRINCESS0bYgoDieForYouUserToggleOnFalseiPermanentAtkBonusFromExecutes01010002,20013,20043,YGODUELIST-KURAMA0bYgoDieForYouUserToggleOnFalseiPermanentAtkBonusFromExecutes01010003,20020,20043,YGODUELIST-STRIKE_YGO_DUELIST010,YGODUELIST-STRIKE_YGO_DUELIST010,YGODUELIST-ZABORG_THE_THUNDER_MONARCH0bYgoDieForYouUserToggleOnFalseiPermanentAtkBonusFromExecutes01010004,20018,20034,20043 | pt=4 n=0: | pt=5 n=0: | pt=932200512 n=0: | pt=932200513 n=1:YGODUELIST-THE_LAST_WARRIOR_FROM_ANOTHER_PLANET0bYgoDieForYouUserToggleOnFalseiPermanentAtkBonusFromExecutes0iSummonAbsorbPrintedDefBonus01010000,20019,20036,20043 | pt=932200514 n=0: | pt=932200515 n=0: | pt=932200516 n=2:YGODUELIST-QUEEN_S_DOUBLE0bYgoDieForYouUserToggleOnFalseiPermanentAtkBonusFromExecutes01010000,20019,20045,YGODUELIST-VERSAGO_THE_DESTROYER0bYgoDieForYouUserToggleOnFalseiPermanentAtkBonusFromExecutes01010005,20007,20043 | pt=932200517 n=1:YGODUELIST-YELLOW_LUSTER_SHIELD01010009,20024 | pt=932200518 n=0:
[DEBUG] [ChecksumTracker] Generating checksum for context: After enemy turn start action:  id: 20
[YgoDuelist][MP][Checksum][fp] netId=76561198136285041 | pt=1 n=9:YGODUELIST-BURNING_LAND01010009,20024,YGODUELIST-DEFEND_YGO_DUELIST010,YGODUELIST-DEFEND_YGO_DUELIST010,YGODUELIST-EARTH_EFFIGY0bYgoDieForYouUserToggleOnFalseiPermanentAtkBonusFromExecutes01010000,20015,20043,YGODUELIST-FIRE_SORCERER0bYgoDieForYouUserToggleOnFalseiPermanentAtkBonusFromExecutes01010002,20017,20041,20043,YGODUELIST-GAIA_POWER01010009,20027,YGODUELIST-RECKLESS_GREED01010009,10011,YGODUELIST-STRIKE_YGO_DUELIST010,YGODUELIST-STRIKE_YGO_DUELIST010 | pt=2 n=0: | pt=3 n=8:YGODUELIST-ARCANE_ARCHER_OF_THE_FOREST0bYgoDieForYouUserToggleOnFalseiPermanentAtkBonusFromExecutes01010000,20019,20043,YGODUELIST-DEFEND_YGO_DUELIST010,YGODUELIST-OJAMA_TRIO01010009,10011,YGODUELIST-OUTSTANDING_DOG_MARRON0bYgoDieForYouUserToggleOnFalseiPermanentAtkBonusFromExecutes01010004,20001,YGODUELIST-ROCKET_JUMPER0bYgoDieForYouUserToggleOnFalseiPermanentAtkBonusFromExecutes01010000,20015,20043,20045,YGODUELIST-SKELENGEL0bYgoDieForYouUserToggleOnFalseiPermanentAtkBonusFromExecutes01010004,20006,20041,YGODUELIST-STRIKE_YGO_DUELIST010,YGODUELIST-TRAP_OF_BOARD_ERASER01010009,10011 | pt=4 n=0: | pt=5 n=0: | pt=932200512 n=0: | pt=932200513 n=0: | pt=932200514 n=0: | pt=932200515 n=1:YGODUELIST-HOURGLASS_OF_COURAGE0bYgoDieForYouUserToggleOnFalseiPermanentAtkBonusFromExecutes01010004,20006,20043 | pt=932200516 n=1:YGODUELIST-TOTAL_DEFENSE_SHOGUN0bYgoDieForYouUserToggleOnFalseiPermanentAtkBonusFromExecutes01010005,20019,20034,20043 | pt=932200517 n=0: | pt=932200518 n=0:
[YgoDuelist][MP][Checksum][fp] netId=76561198345121322 | pt=1 n=4:GREED0104,7,YGODUELIST-DEFEND_YGO_DUELIST010,YGODUELIST-RAIGEKI_BREAK01010009,10011,20045,YGODUELIST-STRIKE_YGO_DUELIST010 | pt=2 n=0: | pt=3 n=7:YGODUELIST-DEFEND_YGO_DUELIST010,YGODUELIST-DEFEND_YGO_DUELIST010,YGODUELIST-FIRE_PRINCESS0bYgoDieForYouUserToggleOnFalseiPermanentAtkBonusFromExecutes01010002,20013,20043,YGODUELIST-KURAMA0bYgoDieForYouUserToggleOnFalseiPermanentAtkBonusFromExecutes01010003,20020,20043,YGODUELIST-STRIKE_YGO_DUELIST010,YGODUELIST-STRIKE_YGO_DUELIST010,YGODUELIST-ZABORG_THE_THUNDER_MONARCH0bYgoDieForYouUserToggleOnFalseiPermanentAtkBonusFromExecutes01010004,20018,20034,20043 | pt=4 n=0: | pt=5 n=0: | pt=932200512 n=0: | pt=932200513 n=1:YGODUELIST-THE_LAST_WARRIOR_FROM_ANOTHER_PLANET0bYgoDieForYouUserToggleOnFalseiPermanentAtkBonusFromExecutes0iSummonAbsorbPrintedDefBonus01010000,20019,20036,20043 | pt=932200514 n=0: | pt=932200515 n=0: | pt=932200516 n=2:YGODUELIST-QUEEN_S_DOUBLE0bYgoDieForYouUserToggleOnFalseiPermanentAtkBonusFromExecutes01010000,20019,20045,YGODUELIST-VERSAGO_THE_DESTROYER0bYgoDieForYouUserToggleOnFalseiPermanentAtkBonusFromExecutes01010005,20007,20043 | pt=932200517 n=1:YGODUELIST-YELLOW_LUSTER_SHIELD01010009,20024 | pt=932200518 n=0:
[INFO] Monster TOADPOLE performing move SPIKE_SPIT_MOVE
[INFO] Monster TOADPOLE performing move SPIKEN_MOVE
[DEBUG] [ChecksumTracker] Generating checksum for context: After enemy turn end action:  id: 21
[YgoDuelist][MP][Checksum][fp] netId=76561198136285041 | pt=1 n=9:YGODUELIST-BURNING_LAND01010009,20024,YGODUELIST-DEFEND_YGO_DUELIST010,YGODUELIST-DEFEND_YGO_DUELIST010,YGODUELIST-EARTH_EFFIGY0bYgoDieForYouUserToggleOnFalseiPermanentAtkBonusFromExecutes01010000,20015,20043,YGODUELIST-FIRE_SORCERER0bYgoDieForYouUserToggleOnFalseiPermanentAtkBonusFromExecutes01010002,20017,20041,20043,YGODUELIST-GAIA_POWER01010009,20027,YGODUELIST-RECKLESS_GREED01010009,10011,YGODUELIST-STRIKE_YGO_DUELIST010,YGODUELIST-STRIKE_YGO_DUELIST010 | pt=2 n=0: | pt=3 n=8:YGODUELIST-ARCANE_ARCHER_OF_THE_FOREST0bYgoDieForYouUserToggleOnFalseiPermanentAtkBonusFromExecutes01010000,20019,20043,YGODUELIST-DEFEND_YGO_DUELIST010,YGODUELIST-OJAMA_TRIO01010009,10011,YGODUELIST-OUTSTANDING_DOG_MARRON0bYgoDieForYouUserToggleOnFalseiPermanentAtkBonusFromExecutes01010004,20001,YGODUELIST-ROCKET_JUMPER0bYgoDieForYouUserToggleOnFalseiPermanentAtkBonusFromExecutes01010000,20015,20043,20045,YGODUELIST-SKELENGEL0bYgoDieForYouUserToggleOnFalseiPermanentAtkBonusFromExecutes01010004,20006,20041,YGODUELIST-STRIKE_YGO_DUELIST010,YGODUELIST-TRAP_OF_BOARD_ERASER01010009,10011 | pt=4 n=0: | pt=5 n=0: | pt=932200512 n=0: | pt=932200513 n=0: | pt=932200514 n=0: | pt=932200515 n=1:YGODUELIST-HOURGLASS_OF_COURAGE0bYgoDieForYouUserToggleOnFalseiPermanentAtkBonusFromExecutes01010004,20006,20043 | pt=932200516 n=1:YGODUELIST-TOTAL_DEFENSE_SHOGUN0bYgoDieForYouUserToggleOnFalseiPermanentAtkBonusFromExecutes01010005,20019,20034,20043 | pt=932200517 n=0: | pt=932200518 n=0:
[YgoDuelist][MP][Checksum][fp] netId=76561198345121322 | pt=1 n=4:GREED0104,7,YGODUELIST-DEFEND_YGO_DUELIST010,YGODUELIST-RAIGEKI_BREAK01010009,10011,20045,YGODUELIST-STRIKE_YGO_DUELIST010 | pt=2 n=0: | pt=3 n=7:YGODUELIST-DEFEND_YGO_DUELIST010,YGODUELIST-DEFEND_YGO_DUELIST010,YGODUELIST-FIRE_PRINCESS0bYgoDieForYouUserToggleOnFalseiPermanentAtkBonusFromExecutes01010002,20013,20043,YGODUELIST-KURAMA0bYgoDieForYouUserToggleOnFalseiPermanentAtkBonusFromExecutes01010003,20020,20043,YGODUELIST-STRIKE_YGO_DUELIST010,YGODUELIST-STRIKE_YGO_DUELIST010,YGODUELIST-ZABORG_THE_THUNDER_MONARCH0bYgoDieForYouUserToggleOnFalseiPermanentAtkBonusFromExecutes01010004,20018,20034,20043 | pt=4 n=0: | pt=5 n=0: | pt=932200512 n=0: | pt=932200513 n=1:YGODUELIST-THE_LAST_WARRIOR_FROM_ANOTHER_PLANET0bYgoDieForYouUserToggleOnFalseiPermanentAtkBonusFromExecutes0iSummonAbsorbPrintedDefBonus01010000,20019,20036,20043 | pt=932200514 n=0: | pt=932200515 n=0: | pt=932200516 n=2:YGODUELIST-QUEEN_S_DOUBLE0bYgoDieForYouUserToggleOnFalseiPermanentAtkBonusFromExecutes01010000,20019,20045,YGODUELIST-VERSAGO_THE_DESTROYER0bYgoDieForYouUserToggleOnFalseiPermanentAtkBonusFromExecutes01010005,20007,20043 | pt=932200517 n=1:YGODUELIST-YELLOW_LUSTER_SHIELD01010009,20024 | pt=932200518 n=0:
[YgoDuelist] YgoSecondHandLayoutPatch ENTER all=1 main=1 opts=0 FocusedHolderId=0 FocusedIsOpt=False
[YgoDuelist] YgoSecondHandLayoutPatch EXIT return false
[YgoDuelist] YgoSecondHandLayoutPatch ENTER all=1 main=1 opts=0 FocusedHolderId=0 FocusedIsOpt=False
[YgoDuelist] YgoSecondHandLayoutPatch EXIT return false
[YgoDuelist] YgoSecondHandLayoutPatch ENTER all=2 main=2 opts=0 FocusedHolderId=0 FocusedIsOpt=False
[YgoDuelist] YgoSecondHandLayoutPatch EXIT return false
[YgoDuelist] YgoSecondHandLayoutPatch ENTER all=2 main=2 opts=0 FocusedHolderId=0 FocusedIsOpt=False
[YgoDuelist] YgoSecondHandLayoutPatch EXIT return false
[YgoDuelist] YgoSecondHandLayoutPatch ENTER all=3 main=3 opts=0 FocusedHolderId=0 FocusedIsOpt=False
[YgoDuelist] YgoSecondHandLayoutPatch EXIT return false
[YgoDuelist] YgoSecondHandLayoutPatch ENTER all=3 main=3 opts=0 FocusedHolderId=0 FocusedIsOpt=False
[YgoDuelist] YgoSecondHandLayoutPatch EXIT return false
[YgoDuelist] YgoSecondHandLayoutPatch ENTER all=4 main=4 opts=0 FocusedHolderId=0 FocusedIsOpt=False
[YgoDuelist] YgoSecondHandLayoutPatch EXIT return false
[YgoDuelist] YgoSecondHandLayoutPatch ENTER all=4 main=4 opts=0 FocusedHolderId=0 FocusedIsOpt=False
[YgoDuelist] YgoSecondHandLayoutPatch EXIT return false
[YgoDuelist] YgoSecondHandLayoutPatch ENTER all=5 main=5 opts=0 FocusedHolderId=0 FocusedIsOpt=False
[YgoDuelist] YgoSecondHandLayoutPatch EXIT return false
[YgoDuelist] YgoSecondHandLayoutPatch ENTER all=5 main=5 opts=0 FocusedHolderId=0 FocusedIsOpt=False
[YgoDuelist] YgoSecondHandLayoutPatch EXIT return false
[YgoDuelist][MP][Checksum][CmdReconcile] cleared stiff/fatigue before snapshot petCombatId=4 netId=76561198345121322
[YgoDuelist][MP][Checksum][CmdReconcile] cleared stiff/fatigue before snapshot petCombatId=7 netId=76561198345121322
[YgoDuelist][MP][Checksum][CmdReconcile] cleared stiff/fatigue before snapshot petCombatId=6 netId=76561198136285041
[DEBUG] [ChecksumTracker] Generating checksum for context: After player turn start action:  id: 22
[YgoDuelist][MP][Checksum][fp] netId=76561198136285041 | pt=1 n=4:YGODUELIST-DEFEND_YGO_DUELIST010,YGODUELIST-FIRE_SORCERER0bYgoDieForYouUserToggleOnFalseiPermanentAtkBonusFromExecutes01010002,20017,20041,20043,YGODUELIST-RECKLESS_GREED01010009,10011,YGODUELIST-STRIKE_YGO_DUELIST010 | pt=2 n=5:YGODUELIST-BURNING_LAND01010009,20024,YGODUELIST-DEFEND_YGO_DUELIST010,YGODUELIST-EARTH_EFFIGY0bYgoDieForYouUserToggleOnFalseiPermanentAtkBonusFromExecutes01010000,20015,20043,YGODUELIST-GAIA_POWER01010009,20027,YGODUELIST-STRIKE_YGO_DUELIST010 | pt=3 n=8:YGODUELIST-ARCANE_ARCHER_OF_THE_FOREST0bYgoDieForYouUserToggleOnFalseiPermanentAtkBonusFromExecutes01010000,20019,20043,YGODUELIST-DEFEND_YGO_DUELIST010,YGODUELIST-OJAMA_TRIO01010009,10011,YGODUELIST-OUTSTANDING_DOG_MARRON0bYgoDieForYouUserToggleOnFalseiPermanentAtkBonusFromExecutes01010004,20001,YGODUELIST-ROCKET_JUMPER0bYgoDieForYouUserToggleOnFalseiPermanentAtkBonusFromExecutes01010000,20015,20043,20045,YGODUELIST-SKELENGEL0bYgoDieForYouUserToggleOnFalseiPermanentAtkBonusFromExecutes01010004,20006,20041,YGODUELIST-STRIKE_YGO_DUELIST010,YGODUELIST-TRAP_OF_BOARD_ERASER01010009,10011 | pt=4 n=0: | pt=5 n=0: | pt=932200512 n=0: | pt=932200513 n=0: | pt=932200514 n=0: | pt=932200515 n=1:YGODUELIST-HOURGLASS_OF_COURAGE0bYgoDieForYouUserToggleOnFalseiPermanentAtkBonusFromExecutes01010004,20006,20043 | pt=932200516 n=1:YGODUELIST-TOTAL_DEFENSE_SHOGUN0bYgoDieForYouUserToggleOnFalseiPermanentAtkBonusFromExecutes01010005,20019,20034,20043 | pt=932200517 n=0: | pt=932200518 n=0:
[YgoDuelist][MP][Checksum][fp] netId=76561198345121322 | pt=1 n=6:YGODUELIST-DEFEND_YGO_DUELIST010,YGODUELIST-DEFEND_YGO_DUELIST010,YGODUELIST-FIRE_PRINCESS0bYgoDieForYouUserToggleOnFalseiPermanentAtkBonusFromExecutes01010002,20013,20043,YGODUELIST-KURAMA0bYgoDieForYouUserToggleOnFalseiPermanentAtkBonusFromExecutes01010003,20020,20043,YGODUELIST-STRIKE_YGO_DUELIST010,YGODUELIST-ZABORG_THE_THUNDER_MONARCH0bYgoDieForYouUserToggleOnFalseiPermanentAtkBonusFromExecutes01010004,20018,20034,20043 | pt=2 n=5:GREED0104,7,YGODUELIST-DEFEND_YGO_DUELIST010,YGODUELIST-RAIGEKI_BREAK01010009,10011,20045,YGODUELIST-STRIKE_YGO_DUELIST010,YGODUELIST-STRIKE_YGO_DUELIST010 | pt=3 n=0: | pt=4 n=0: | pt=5 n=0: | pt=932200512 n=0: | pt=932200513 n=1:YGODUELIST-THE_LAST_WARRIOR_FROM_ANOTHER_PLANET0bYgoDieForYouUserToggleOnFalseiPermanentAtkBonusFromExecutes0iSummonAbsorbPrintedDefBonus01010000,20019,20036,20043 | pt=932200514 n=0: | pt=932200515 n=0: | pt=932200516 n=2:YGODUELIST-QUEEN_S_DOUBLE0bYgoDieForYouUserToggleOnFalseiPermanentAtkBonusFromExecutes01010000,20019,20045,YGODUELIST-VERSAGO_THE_DESTROYER0bYgoDieForYouUserToggleOnFalseiPermanentAtkBonusFromExecutes01010005,20007,20043 | pt=932200517 n=1:YGODUELIST-YELLOW_LUSTER_SHIELD01010009,20024 | pt=932200518 n=0:
[DEBUG] [ActionExecutor] Un-pausing queue
[DEBUG] [ActionQueueSynchronizer] Combat state becomes PlayPhase. Requesting 0 actions and unpausing action queues
[DEBUG] [ActionQueueSet] Unpausing all player queues
[DEBUG] [ActionExecutor] Action queue changed, beginning ExecuteActions
[VERYDEBUG] [ActionQueueSet] Attempting to find ready action
[VERYDEBUG] [ActionQueueSet] Queue for player 76561198345121322 is empty
[VERYDEBUG] [ActionQueueSet] Queue for player 76561198136285041 is empty
[VERYDEBUG] [ActionQueueSet] No action is ready
[YgoDuelist][MP][MonsterCommandTurnReset] hook cleared command lock powers petCombatId=4 netId=76561198345121322
[YgoDuelist][MP][MonsterCommandTurnReset] hook cleared command lock powers petCombatId=6 netId=76561198136285041
[DEBUG] [NetQualityTracker] Connection statistics at 08:24:39:
[DEBUG] [NetQualityTracker] 	76561198136285041 - Ping: 66.81596. Packet Loss: 3E-45.
[VERYDEBUG] [RunLocationTargetedMessageBuffer] Handling map-targeted message RequestEnqueueActionMessage location: act 0 coord (0, 1) action: YgoDuelist.YgoDuelistCode.GameActions.NetYgoMonsterMenuCommandAction from 76561198136285041 for location act 0 coord (0, 1)
[DEBUG] [ActionQueueSynchronizer] Received request enqueue action for action YgoDuelist.YgoDuelistCode.GameActions.NetYgoMonsterMenuCommandAction (76561198136285041) at 08:24:44
[DEBUG] [ActionQueueSynchronizer] Sending message to client to enqueue action YgoMonsterMenuCommandGameAction owner=76561198136285041 OpenMonsterOptions pet=6 at 08:24:44
[DEBUG] [ActionQueueSynchronizer] Enqueueing action YgoMonsterMenuCommandGameAction owner=76561198136285041 OpenMonsterOptions pet=6 from owner 76561198136285041
[DEBUG] [ActionQueueSet] Enqueueing action YgoMonsterMenuCommandGameAction owner=76561198136285041 OpenMonsterOptions pet=6 to player queue owned by 76561198136285041
[DEBUG] [ActionExecutor] Action queue changed, beginning ExecuteActions
[VERYDEBUG] [ActionQueueSet] Attempting to find ready action
[VERYDEBUG] [ActionQueueSet] Queue for player 76561198345121322 is empty
[VERYDEBUG] [ActionQueueSet] Action YgoMonsterMenuCommandGameAction owner=76561198136285041 OpenMonsterOptions pet=6 with id 22 belonging to 76561198136285041 becomes new ready action
[VERYDEBUG] [ActionQueueSet] Got ready action YgoMonsterMenuCommandGameAction owner=76561198136285041 OpenMonsterOptions pet=6 (22)
[DEBUG] [ActionExecutor] Executing action: YgoMonsterMenuCommandGameAction owner=76561198136285041 OpenMonsterOptions pet=6
[VERYDEBUG] [GameAction] Action YgoMonsterMenuCommandGameAction owner=76561198136285041 OpenMonsterOptions pet=6 began executing
[YgoDuelist][MP] YgoMonsterMenuCommandGameAction: kind=OpenMonsterOptions ownerNetId=76561198136285041 petCombatId=6 hasEnemy=False
[YgoDuelist] OnSecondHandCardsChanged ENTER player=42064926 cardsCount=5
[YgoDuelist]   cards[0]=Command_Defend id=58543869
[YgoDuelist]   cards[1]=Command_Attack id=57132773
[YgoDuelist]   cards[2]=Command_Change_Battle_Position id=44432914
[YgoDuelist]   cards[3]=Toggle_Die_For_You id=64351907
[YgoDuelist]   cards[4]=Exit_Monster_Options id=42296259
[YgoDuelist] OnSecondHandCardsChanged EXIT me != player
[YgoDuelist][MP][OptionPile] OpenMonsterOptions: player=76561198136285041 count=5 ids=[YGODUELIST-EXIT_MONSTER_OPTIONS=2071, YGODUELIST-TOGGLE_DIE_FOR_YOU=2070, YGODUELIST-COMMAND_CHANGE_BATTLE_POSITION=2069, YGODUELIST-COMMAND_ATTACK=2068, YGODUELIST-COMMAND_DEFEND=2067]
[VERYDEBUG] [GameAction] Action YgoMonsterMenuCommandGameAction owner=76561198136285041 OpenMonsterOptions pet=6 finished execution
[DEBUG] [ChecksumTracker] Generating checksum for context: after executing action YgoMonsterMenuCommandGameAction owner=76561198136285041 OpenMonsterOptions pet=6 action: YgoMonsterMenuCommandGameAction owner=76561198136285041 OpenMonsterOptions pet=6 id: 23
[YgoDuelist][MP][Checksum][fp] netId=76561198136285041 | pt=1 n=4:YGODUELIST-DEFEND_YGO_DUELIST010,YGODUELIST-FIRE_SORCERER0bYgoDieForYouUserToggleOnFalseiPermanentAtkBonusFromExecutes01010002,20017,20041,20043,YGODUELIST-RECKLESS_GREED01010009,10011,YGODUELIST-STRIKE_YGO_DUELIST010 | pt=2 n=5:YGODUELIST-BURNING_LAND01010009,20024,YGODUELIST-DEFEND_YGO_DUELIST010,YGODUELIST-EARTH_EFFIGY0bYgoDieForYouUserToggleOnFalseiPermanentAtkBonusFromExecutes01010000,20015,20043,YGODUELIST-GAIA_POWER01010009,20027,YGODUELIST-STRIKE_YGO_DUELIST010 | pt=3 n=8:YGODUELIST-ARCANE_ARCHER_OF_THE_FOREST0bYgoDieForYouUserToggleOnFalseiPermanentAtkBonusFromExecutes01010000,20019,20043,YGODUELIST-DEFEND_YGO_DUELIST010,YGODUELIST-OJAMA_TRIO01010009,10011,YGODUELIST-OUTSTANDING_DOG_MARRON0bYgoDieForYouUserToggleOnFalseiPermanentAtkBonusFromExecutes01010004,20001,YGODUELIST-ROCKET_JUMPER0bYgoDieForYouUserToggleOnFalseiPermanentAtkBonusFromExecutes01010000,20015,20043,20045,YGODUELIST-SKELENGEL0bYgoDieForYouUserToggleOnFalseiPermanentAtkBonusFromExecutes01010004,20006,20041,YGODUELIST-STRIKE_YGO_DUELIST010,YGODUELIST-TRAP_OF_BOARD_ERASER01010009,10011 | pt=4 n=0: | pt=5 n=0: | pt=932200512 n=0: | pt=932200513 n=0: | pt=932200514 n=0: | pt=932200515 n=1:YGODUELIST-HOURGLASS_OF_COURAGE0bYgoDieForYouUserToggleOnFalseiPermanentAtkBonusFromExecutes01010004,20006,20043 | pt=932200516 n=1:YGODUELIST-TOTAL_DEFENSE_SHOGUN0bYgoDieForYouUserToggleOnFalseiPermanentAtkBonusFromExecutes01010005,20019,20034,20043 | pt=932200517 n=0: | pt=932200518 n=0:
[YgoDuelist][MP][Checksum][fp] netId=76561198345121322 | pt=1 n=6:YGODUELIST-DEFEND_YGO_DUELIST010,YGODUELIST-DEFEND_YGO_DUELIST010,YGODUELIST-FIRE_PRINCESS0bYgoDieForYouUserToggleOnFalseiPermanentAtkBonusFromExecutes01010002,20013,20043,YGODUELIST-KURAMA0bYgoDieForYouUserToggleOnFalseiPermanentAtkBonusFromExecutes01010003,20020,20043,YGODUELIST-STRIKE_YGO_DUELIST010,YGODUELIST-ZABORG_THE_THUNDER_MONARCH0bYgoDieForYouUserToggleOnFalseiPermanentAtkBonusFromExecutes01010004,20018,20034,20043 | pt=2 n=5:GREED0104,7,YGODUELIST-DEFEND_YGO_DUELIST010,YGODUELIST-RAIGEKI_BREAK01010009,10011,20045,YGODUELIST-STRIKE_YGO_DUELIST010,YGODUELIST-STRIKE_YGO_DUELIST010 | pt=3 n=0: | pt=4 n=0: | pt=5 n=0: | pt=932200512 n=0: | pt=932200513 n=1:YGODUELIST-THE_LAST_WARRIOR_FROM_ANOTHER_PLANET0bYgoDieForYouUserToggleOnFalseiPermanentAtkBonusFromExecutes0iSummonAbsorbPrintedDefBonus01010000,20019,20036,20043 | pt=932200514 n=0: | pt=932200515 n=0: | pt=932200516 n=2:YGODUELIST-QUEEN_S_DOUBLE0bYgoDieForYouUserToggleOnFalseiPermanentAtkBonusFromExecutes01010000,20019,20045,YGODUELIST-VERSAGO_THE_DESTROYER0bYgoDieForYouUserToggleOnFalseiPermanentAtkBonusFromExecutes01010005,20007,20043 | pt=932200517 n=1:YGODUELIST-YELLOW_LUSTER_SHIELD01010009,20024 | pt=932200518 n=0:
[DEBUG] [ActionExecutor] Completed execution of action YgoMonsterMenuCommandGameAction owner=76561198136285041 OpenMonsterOptions pet=6, attempting to find new action
[VERYDEBUG] [ActionQueueSet] Attempting to find ready action
[VERYDEBUG] [ActionQueueSet] Queue for player 76561198345121322 is empty
[VERYDEBUG] [ActionQueueSet] Queue for player 76561198136285041 is empty
[VERYDEBUG] [ActionQueueSet] No action is ready
[WARN] [BaseLib] GetRawText: Key 'YGO_ATTRIBUTE_DARK.title' not found in table 'static_hover_tips'
[WARN] [BaseLib] GetRawText: Key 'YGO_ATTRIBUTE_DARK.description' not found in table 'static_hover_tips'
[WARN] [BaseLib] GetRawText: Key 'YGO_RACE_WARRIOR.title' not found in table 'static_hover_tips'
[WARN] [BaseLib] GetRawText: Key 'YGO_RACE_WARRIOR.description' not found in table 'static_hover_tips'
[WARN] [BaseLib] GetRawText: Key 'YGO_ATTRIBUTE_DARK.title' not found in table 'static_hover_tips'
[WARN] [BaseLib] GetRawText: Key 'YGO_ATTRIBUTE_DARK.description' not found in table 'static_hover_tips'
[WARN] [BaseLib] GetRawText: Key 'YGO_RACE_WARRIOR.title' not found in table 'static_hover_tips'
[WARN] [BaseLib] GetRawText: Key 'YGO_RACE_WARRIOR.description' not found in table 'static_hover_tips'
[WARN] [BaseLib] GetRawText: Key 'YGO_ATTRIBUTE_DARK.title' not found in table 'static_hover_tips'
[WARN] [BaseLib] GetRawText: Key 'YGO_ATTRIBUTE_DARK.description' not found in table 'static_hover_tips'
[WARN] [BaseLib] GetRawText: Key 'YGO_RACE_WARRIOR.title' not found in table 'static_hover_tips'
[WARN] [BaseLib] GetRawText: Key 'YGO_RACE_WARRIOR.description' not found in table 'static_hover_tips'
[WARN] [BaseLib] GetRawText: Key 'YGO_ATTRIBUTE_DARK.title' not found in table 'static_hover_tips'
[WARN] [BaseLib] GetRawText: Key 'YGO_ATTRIBUTE_DARK.description' not found in table 'static_hover_tips'
[WARN] [BaseLib] GetRawText: Key 'YGO_RACE_WARRIOR.title' not found in table 'static_hover_tips'
[WARN] [BaseLib] GetRawText: Key 'YGO_RACE_WARRIOR.description' not found in table 'static_hover_tips'
[WARN] [BaseLib] GetRawText: Key 'YGO_ATTRIBUTE_DARK.title' not found in table 'static_hover_tips'
[WARN] [BaseLib] GetRawText: Key 'YGO_ATTRIBUTE_DARK.description' not found in table 'static_hover_tips'
[WARN] [BaseLib] GetRawText: Key 'YGO_RACE_WARRIOR.title' not found in table 'static_hover_tips'
[WARN] [BaseLib] GetRawText: Key 'YGO_RACE_WARRIOR.description' not found in table 'static_hover_tips'
[WARN] [BaseLib] GetRawText: Key 'YGO_ATTRIBUTE_DARK.title' not found in table 'static_hover_tips'
[WARN] [BaseLib] GetRawText: Key 'YGO_ATTRIBUTE_DARK.description' not found in table 'static_hover_tips'
[WARN] [BaseLib] GetRawText: Key 'YGO_RACE_WARRIOR.title' not found in table 'static_hover_tips'
[WARN] [BaseLib] GetRawText: Key 'YGO_RACE_WARRIOR.description' not found in table 'static_hover_tips'
[WARN] [BaseLib] GetRawText: Key 'YGO_ATTRIBUTE_DARK.title' not found in table 'static_hover_tips'
[WARN] [BaseLib] GetRawText: Key 'YGO_ATTRIBUTE_DARK.description' not found in table 'static_hover_tips'
[WARN] [BaseLib] GetRawText: Key 'YGO_RACE_WARRIOR.title' not found in table 'static_hover_tips'
[WARN] [BaseLib] GetRawText: Key 'YGO_RACE_WARRIOR.description' not found in table 'static_hover_tips'
[WARN] [BaseLib] GetRawText: Key 'YGO_ATTRIBUTE_DARK.title' not found in table 'static_hover_tips'
[WARN] [BaseLib] GetRawText: Key 'YGO_ATTRIBUTE_DARK.description' not found in table 'static_hover_tips'
[WARN] [BaseLib] GetRawText: Key 'YGO_RACE_WARRIOR.title' not found in table 'static_hover_tips'
[WARN] [BaseLib] GetRawText: Key 'YGO_RACE_WARRIOR.description' not found in table 'static_hover_tips'
[WARN] [BaseLib] GetRawText: Key 'YGO_ATTRIBUTE_DARK.title' not found in table 'static_hover_tips'
[WARN] [BaseLib] GetRawText: Key 'YGO_ATTRIBUTE_DARK.description' not found in table 'static_hover_tips'
[WARN] [BaseLib] GetRawText: Key 'YGO_RACE_WARRIOR.title' not found in table 'static_hover_tips'
[WARN] [BaseLib] GetRawText: Key 'YGO_RACE_WARRIOR.description' not found in table 'static_hover_tips'
[VERYDEBUG] [RunLocationTargetedMessageBuffer] Handling map-targeted message RequestEnqueueActionMessage location: act 0 coord (0, 1) action: NetPlayCardAction (NetCombatCard 2067) target: null from 76561198136285041 for location act 0 coord (0, 1)
[DEBUG] [ActionQueueSynchronizer] Received request enqueue action for action NetPlayCardAction (NetCombatCard 2067) target: null (76561198136285041) at 08:24:57
[DEBUG] [ActionQueueSynchronizer] Sending message to client to enqueue action PlayCardAction card: CARD.YGODUELIST-COMMAND_DEFEND (58543869) index: 2067 targetid:  at 08:24:57
[DEBUG] [ActionQueueSynchronizer] Enqueueing action PlayCardAction card: CARD.YGODUELIST-COMMAND_DEFEND (58543869) index: 2067 targetid:  from owner 76561198136285041
[WARN] [BaseLib] GetRawText: Key 'YGO_ATTRIBUTE_DARK.title' not found in table 'static_hover_tips'
[WARN] [BaseLib] GetRawText: Key 'YGO_ATTRIBUTE_DARK.description' not found in table 'static_hover_tips'
[WARN] [BaseLib] GetRawText: Key 'YGO_RACE_WARRIOR.title' not found in table 'static_hover_tips'
[WARN] [BaseLib] GetRawText: Key 'YGO_RACE_WARRIOR.description' not found in table 'static_hover_tips'
[DEBUG] [ActionQueueSet] Enqueueing action PlayCardAction card: CARD.YGODUELIST-COMMAND_DEFEND (58543869) index: 2067 targetid:  to player queue owned by 76561198136285041
[DEBUG] [ActionExecutor] Action queue changed, beginning ExecuteActions
[VERYDEBUG] [ActionQueueSet] Attempting to find ready action
[VERYDEBUG] [ActionQueueSet] Queue for player 76561198345121322 is empty
[VERYDEBUG] [ActionQueueSet] Action PlayCardAction card: CARD.YGODUELIST-COMMAND_DEFEND (58543869) index: 2067 targetid:  with id 23 belonging to 76561198136285041 becomes new ready action
[VERYDEBUG] [ActionQueueSet] Got ready action PlayCardAction card: CARD.YGODUELIST-COMMAND_DEFEND (58543869) index: 2067 targetid:  (23)
[DEBUG] [ActionExecutor] Executing action: PlayCardAction card: CARD.YGODUELIST-COMMAND_DEFEND (58543869) index: 2067 targetid: 
[VERYDEBUG] [GameAction] Action PlayCardAction card: CARD.YGODUELIST-COMMAND_DEFEND (58543869) index: 2067 targetid:  began executing
[YgoDuelist] PlayCardFromOptionPile: ExecutePlayFromOptionPileAsync START
[YgoDuelist] PlayCardFromOptionPile: card=YGODUELIST-COMMAND_DEFEND type=Command_Defend TargetType=Self
[YgoDuelist][MP][OptionPile] post-target-resolve card=YGODUELIST-COMMAND_DEFEND source=YGODUELIST-TOTAL_DEFENSE_SHOGUN sourcePetId=6 actionTargetId= resolvedTargetCombatId=
[YgoDuelist] PlayCardFromOptionPile: ExecutePlayFromOptionPileAsync END
[VERYDEBUG] [GameAction] Action PlayCardAction card: CARD.YGODUELIST-COMMAND_DEFEND (58543869) index: 2067 targetid:  finished execution
[DEBUG] [ChecksumTracker] Generating checksum for context: after executing action PlayCardAction card: CARD.YGODUELIST-COMMAND_DEFEND (58543869) index: 2067 targetid:  action: PlayCardAction card: CARD.YGODUELIST-COMMAND_DEFEND (58543869) index: 2067 targetid:  id: 24
[YgoDuelist][MP][Checksum][fp] netId=76561198136285041 | pt=1 n=4:YGODUELIST-DEFEND_YGO_DUELIST010,YGODUELIST-FIRE_SORCERER0bYgoDieForYouUserToggleOnFalseiPermanentAtkBonusFromExecutes01010002,20017,20041,20043,YGODUELIST-RECKLESS_GREED01010009,10011,YGODUELIST-STRIKE_YGO_DUELIST010 | pt=2 n=5:YGODUELIST-BURNING_LAND01010009,20024,YGODUELIST-DEFEND_YGO_DUELIST010,YGODUELIST-EARTH_EFFIGY0bYgoDieForYouUserToggleOnFalseiPermanentAtkBonusFromExecutes01010000,20015,20043,YGODUELIST-GAIA_POWER01010009,20027,YGODUELIST-STRIKE_YGO_DUELIST010 | pt=3 n=8:YGODUELIST-ARCANE_ARCHER_OF_THE_FOREST0bYgoDieForYouUserToggleOnFalseiPermanentAtkBonusFromExecutes01010000,20019,20043,YGODUELIST-DEFEND_YGO_DUELIST010,YGODUELIST-OJAMA_TRIO01010009,10011,YGODUELIST-OUTSTANDING_DOG_MARRON0bYgoDieForYouUserToggleOnFalseiPermanentAtkBonusFromExecutes01010004,20001,YGODUELIST-ROCKET_JUMPER0bYgoDieForYouUserToggleOnFalseiPermanentAtkBonusFromExecutes01010000,20015,20043,20045,YGODUELIST-SKELENGEL0bYgoDieForYouUserToggleOnFalseiPermanentAtkBonusFromExecutes01010004,20006,20041,YGODUELIST-STRIKE_YGO_DUELIST010,YGODUELIST-TRAP_OF_BOARD_ERASER01010009,10011 | pt=4 n=0: | pt=5 n=0: | pt=932200512 n=0: | pt=932200513 n=0: | pt=932200514 n=0: | pt=932200515 n=1:YGODUELIST-HOURGLASS_OF_COURAGE0bYgoDieForYouUserToggleOnFalseiPermanentAtkBonusFromExecutes01010004,20006,20043 | pt=932200516 n=1:YGODUELIST-TOTAL_DEFENSE_SHOGUN0bYgoDieForYouUserToggleOnFalseiPermanentAtkBonusFromExecutes01010005,20019,20034,20043 | pt=932200517 n=0: | pt=932200518 n=0:
[YgoDuelist][MP][Checksum][fp] netId=76561198345121322 | pt=1 n=6:YGODUELIST-DEFEND_YGO_DUELIST010,YGODUELIST-DEFEND_YGO_DUELIST010,YGODUELIST-FIRE_PRINCESS0bYgoDieForYouUserToggleOnFalseiPermanentAtkBonusFromExecutes01010002,20013,20043,YGODUELIST-KURAMA0bYgoDieForYouUserToggleOnFalseiPermanentAtkBonusFromExecutes01010003,20020,20043,YGODUELIST-STRIKE_YGO_DUELIST010,YGODUELIST-ZABORG_THE_THUNDER_MONARCH0bYgoDieForYouUserToggleOnFalseiPermanentAtkBonusFromExecutes01010004,20018,20034,20043 | pt=2 n=5:GREED0104,7,YGODUELIST-DEFEND_YGO_DUELIST010,YGODUELIST-RAIGEKI_BREAK01010009,10011,20045,YGODUELIST-STRIKE_YGO_DUELIST010,YGODUELIST-STRIKE_YGO_DUELIST010 | pt=3 n=0: | pt=4 n=0: | pt=5 n=0: | pt=932200512 n=0: | pt=932200513 n=1:YGODUELIST-THE_LAST_WARRIOR_FROM_ANOTHER_PLANET0bYgoDieForYouUserToggleOnFalseiPermanentAtkBonusFromExecutes0iSummonAbsorbPrintedDefBonus01010000,20019,20036,20043 | pt=932200514 n=0: | pt=932200515 n=0: | pt=932200516 n=2:YGODUELIST-QUEEN_S_DOUBLE0bYgoDieForYouUserToggleOnFalseiPermanentAtkBonusFromExecutes01010000,20019,20045,YGODUELIST-VERSAGO_THE_DESTROYER0bYgoDieForYouUserToggleOnFalseiPermanentAtkBonusFromExecutes01010005,20007,20043 | pt=932200517 n=1:YGODUELIST-YELLOW_LUSTER_SHIELD01010009,20024 | pt=932200518 n=0:
[DEBUG] [ActionExecutor] Completed execution of action PlayCardAction card: CARD.YGODUELIST-COMMAND_DEFEND (58543869) index: 2067 targetid: , attempting to find new action
[VERYDEBUG] [ActionQueueSet] Attempting to find ready action
[VERYDEBUG] [ActionQueueSet] Queue for player 76561198345121322 is empty
[VERYDEBUG] [ActionQueueSet] Queue for player 76561198136285041 is empty
[VERYDEBUG] [ActionQueueSet] No action is ready
[YgoDuelist] OnSecondHandCardsChanged ENTER player=42064926 cardsCount=5
[YgoDuelist]   cards[0]=Command_Defend id=58543869
[YgoDuelist]   cards[1]=Command_Attack id=57132773
[YgoDuelist]   cards[2]=Command_Change_Battle_Position id=44432914
[YgoDuelist]   cards[3]=Toggle_Die_For_You id=64351907
[YgoDuelist]   cards[4]=Exit_Monster_Options id=42296259
[YgoDuelist] OnSecondHandCardsChanged EXIT me != player
[WARN] [BaseLib] GetRawText: Key 'YGO_ATTRIBUTE_DARK.title' not found in table 'static_hover_tips'
[WARN] [BaseLib] GetRawText: Key 'YGO_ATTRIBUTE_DARK.description' not found in table 'static_hover_tips'
[WARN] [BaseLib] GetRawText: Key 'YGO_RACE_WARRIOR.title' not found in table 'static_hover_tips'
[WARN] [BaseLib] GetRawText: Key 'YGO_RACE_WARRIOR.description' not found in table 'static_hover_tips'
[DEBUG] [NetQualityTracker] Connection statistics at 08:24:59:
[DEBUG] [NetQualityTracker] 	76561198136285041 - Ping: 66.830315. Packet Loss: 3E-45.
[VERYDEBUG] [RunLocationTargetedMessageBuffer] Handling map-targeted message RequestEnqueueActionMessage location: act 0 coord (0, 1) action: YgoDuelist.YgoDuelistCode.GameActions.NetYgoMonsterMenuCommandAction from 76561198136285041 for location act 0 coord (0, 1)
[DEBUG] [ActionQueueSynchronizer] Received request enqueue action for action YgoDuelist.YgoDuelistCode.GameActions.NetYgoMonsterMenuCommandAction (76561198136285041) at 08:25:00
[DEBUG] [ActionQueueSynchronizer] Sending message to client to enqueue action YgoMonsterMenuCommandGameAction owner=76561198136285041 ExitMonsterOptions pet=0 at 08:25:00
[DEBUG] [ActionQueueSynchronizer] Enqueueing action YgoMonsterMenuCommandGameAction owner=76561198136285041 ExitMonsterOptions pet=0 from owner 76561198136285041
[DEBUG] [ActionQueueSet] Enqueueing action YgoMonsterMenuCommandGameAction owner=76561198136285041 ExitMonsterOptions pet=0 to player queue owned by 76561198136285041
[DEBUG] [ActionExecutor] Action queue changed, beginning ExecuteActions
[VERYDEBUG] [ActionQueueSet] Attempting to find ready action
[VERYDEBUG] [ActionQueueSet] Queue for player 76561198345121322 is empty
[VERYDEBUG] [ActionQueueSet] Action YgoMonsterMenuCommandGameAction owner=76561198136285041 ExitMonsterOptions pet=0 with id 24 belonging to 76561198136285041 becomes new ready action
[VERYDEBUG] [ActionQueueSet] Got ready action YgoMonsterMenuCommandGameAction owner=76561198136285041 ExitMonsterOptions pet=0 (24)
[DEBUG] [ActionExecutor] Executing action: YgoMonsterMenuCommandGameAction owner=76561198136285041 ExitMonsterOptions pet=0
[VERYDEBUG] [GameAction] Action YgoMonsterMenuCommandGameAction owner=76561198136285041 ExitMonsterOptions pet=0 began executing
[YgoDuelist][MP] YgoMonsterMenuCommandGameAction: kind=ExitMonsterOptions ownerNetId=76561198136285041 petCombatId=0 hasEnemy=False
[ZGO] Exit_Monster_Options.ExecuteExitAsync() entered
[ZGO] Exit_Monster_Options: Clearing YgoCardOptionPile. Previous count=5
[YgoDuelist] OnSecondHandCardsChanged ENTER player=42064926 cardsCount=0
[YgoDuelist] OnSecondHandCardsChanged EXIT me != player
[ZGO] Exit_Monster_Options.ExecuteExitAsync() done
[VERYDEBUG] [GameAction] Action YgoMonsterMenuCommandGameAction owner=76561198136285041 ExitMonsterOptions pet=0 finished execution
[DEBUG] [ChecksumTracker] Generating checksum for context: after executing action YgoMonsterMenuCommandGameAction owner=76561198136285041 ExitMonsterOptions pet=0 action: YgoMonsterMenuCommandGameAction owner=76561198136285041 ExitMonsterOptions pet=0 id: 25
[YgoDuelist][MP][Checksum][fp] netId=76561198136285041 | pt=1 n=4:YGODUELIST-DEFEND_YGO_DUELIST010,YGODUELIST-FIRE_SORCERER0bYgoDieForYouUserToggleOnFalseiPermanentAtkBonusFromExecutes01010002,20017,20041,20043,YGODUELIST-RECKLESS_GREED01010009,10011,YGODUELIST-STRIKE_YGO_DUELIST010 | pt=2 n=5:YGODUELIST-BURNING_LAND01010009,20024,YGODUELIST-DEFEND_YGO_DUELIST010,YGODUELIST-EARTH_EFFIGY0bYgoDieForYouUserToggleOnFalseiPermanentAtkBonusFromExecutes01010000,20015,20043,YGODUELIST-GAIA_POWER01010009,20027,YGODUELIST-STRIKE_YGO_DUELIST010 | pt=3 n=8:YGODUELIST-ARCANE_ARCHER_OF_THE_FOREST0bYgoDieForYouUserToggleOnFalseiPermanentAtkBonusFromExecutes01010000,20019,20043,YGODUELIST-DEFEND_YGO_DUELIST010,YGODUELIST-OJAMA_TRIO01010009,10011,YGODUELIST-OUTSTANDING_DOG_MARRON0bYgoDieForYouUserToggleOnFalseiPermanentAtkBonusFromExecutes01010004,20001,YGODUELIST-ROCKET_JUMPER0bYgoDieForYouUserToggleOnFalseiPermanentAtkBonusFromExecutes01010000,20015,20043,20045,YGODUELIST-SKELENGEL0bYgoDieForYouUserToggleOnFalseiPermanentAtkBonusFromExecutes01010004,20006,20041,YGODUELIST-STRIKE_YGO_DUELIST010,YGODUELIST-TRAP_OF_BOARD_ERASER01010009,10011 | pt=4 n=0: | pt=5 n=0: | pt=932200512 n=0: | pt=932200513 n=0: | pt=932200514 n=0: | pt=932200515 n=1:YGODUELIST-HOURGLASS_OF_COURAGE0bYgoDieForYouUserToggleOnFalseiPermanentAtkBonusFromExecutes01010004,20006,20043 | pt=932200516 n=1:YGODUELIST-TOTAL_DEFENSE_SHOGUN0bYgoDieForYouUserToggleOnFalseiPermanentAtkBonusFromExecutes01010005,20019,20034,20043 | pt=932200517 n=0: | pt=932200518 n=0:
[YgoDuelist][MP][Checksum][fp] netId=76561198345121322 | pt=1 n=6:YGODUELIST-DEFEND_YGO_DUELIST010,YGODUELIST-DEFEND_YGO_DUELIST010,YGODUELIST-FIRE_PRINCESS0bYgoDieForYouUserToggleOnFalseiPermanentAtkBonusFromExecutes01010002,20013,20043,YGODUELIST-KURAMA0bYgoDieForYouUserToggleOnFalseiPermanentAtkBonusFromExecutes01010003,20020,20043,YGODUELIST-STRIKE_YGO_DUELIST010,YGODUELIST-ZABORG_THE_THUNDER_MONARCH0bYgoDieForYouUserToggleOnFalseiPermanentAtkBonusFromExecutes01010004,20018,20034,20043 | pt=2 n=5:GREED0104,7,YGODUELIST-DEFEND_YGO_DUELIST010,YGODUELIST-RAIGEKI_BREAK01010009,10011,20045,YGODUELIST-STRIKE_YGO_DUELIST010,YGODUELIST-STRIKE_YGO_DUELIST010 | pt=3 n=0: | pt=4 n=0: | pt=5 n=0: | pt=932200512 n=0: | pt=932200513 n=1:YGODUELIST-THE_LAST_WARRIOR_FROM_ANOTHER_PLANET0bYgoDieForYouUserToggleOnFalseiPermanentAtkBonusFromExecutes0iSummonAbsorbPrintedDefBonus01010000,20019,20036,20043 | pt=932200514 n=0: | pt=932200515 n=0: | pt=932200516 n=2:YGODUELIST-QUEEN_S_DOUBLE0bYgoDieForYouUserToggleOnFalseiPermanentAtkBonusFromExecutes01010000,20019,20045,YGODUELIST-VERSAGO_THE_DESTROYER0bYgoDieForYouUserToggleOnFalseiPermanentAtkBonusFromExecutes01010005,20007,20043 | pt=932200517 n=1:YGODUELIST-YELLOW_LUSTER_SHIELD01010009,20024 | pt=932200518 n=0:
[DEBUG] [ActionExecutor] Completed execution of action YgoMonsterMenuCommandGameAction owner=76561198136285041 ExitMonsterOptions pet=0, attempting to find new action
[VERYDEBUG] [ActionQueueSet] Attempting to find ready action
[VERYDEBUG] [ActionQueueSet] Queue for player 76561198345121322 is empty
[VERYDEBUG] [ActionQueueSet] Queue for player 76561198136285041 is empty
[VERYDEBUG] [ActionQueueSet] No action is ready
[YgoDuelist] Hover start on duel pet: DuelMonsterModel
[YgoDuelist] Hover end on duel pet: DuelMonsterModel
[YgoSetVisualDebug] Id=YGODUELIST-EARTH_EFFIGY, YgoCardType=EffectMonster, IsHandEffectFormActive=False, WillSet=True, FaceDown=True, ShouldUseSetVisual=True
[YgoStripVisualDebug] Id=YGODUELIST-EARTH_EFFIGY, YgoCardType=EffectMonster, Attr=Earth, Race=Rock, IsHandEffectFormActive=False, WillSet=True, FaceDown=True, UseFaceDownStrip=True
[WARN] [BaseLib] GetRawText: Key 'YGO_ATTRIBUTE_EARTH.title' not found in table 'static_hover_tips'
[WARN] [BaseLib] GetRawText: Key 'YGO_ATTRIBUTE_EARTH.description' not found in table 'static_hover_tips'
[WARN] [BaseLib] GetRawText: Key 'YGO_RACE_ROCK.title' not found in table 'static_hover_tips'
[WARN] [BaseLib] GetRawText: Key 'YGO_RACE_ROCK.description' not found in table 'static_hover_tips'
[YgoDuelist] Right mouse button pressed.
[YgoDuelist] Right-click: no currently hovered duel pet.
[YgoDuelist] Hover start on duel pet: DuelMonsterModel
[YgoDuelist] Hover end on duel pet: DuelMonsterModel
[YgoDuelist] YgoSecondHandLayoutPatch ENTER all=5 main=5 opts=0 FocusedHolderId=2871655402516 FocusedIsOpt=False
[YgoDuelist] YgoSecondHandLayoutPatch EXIT return false
[YgoDuelist] YgoSecondHandLayoutPatch ENTER all=5 main=5 opts=0 FocusedHolderId=0 FocusedIsOpt=False
[YgoDuelist] YgoSecondHandLayoutPatch EXIT return false
[YgoDuelist] YgoSecondHandLayoutPatch ENTER all=5 main=5 opts=0 FocusedHolderId=2870111899430 FocusedIsOpt=False
[YgoDuelist] YgoSecondHandLayoutPatch EXIT return false
[YgoDuelist] YgoSecondHandLayoutPatch ENTER all=5 main=5 opts=0 FocusedHolderId=0 FocusedIsOpt=False
[YgoDuelist] YgoSecondHandLayoutPatch EXIT return false
[YgoDuelist] YgoSecondHandLayoutPatch ENTER all=5 main=5 opts=0 FocusedHolderId=2871655402516 FocusedIsOpt=False
[YgoDuelist] YgoSecondHandLayoutPatch EXIT return false
[YgoDuelist] YgoSecondHandLayoutPatch ENTER all=5 main=5 opts=0 FocusedHolderId=0 FocusedIsOpt=False
[YgoDuelist] YgoSecondHandLayoutPatch EXIT return false
[YgoDuelist] YgoSecondHandLayoutPatch ENTER all=5 main=5 opts=0 FocusedHolderId=2870111899430 FocusedIsOpt=False
[YgoDuelist] YgoSecondHandLayoutPatch EXIT return false
[YgoDuelist] Right mouse button pressed.
[YgoDuelist] Right-click: no currently hovered duel pet.
[YgoDuelist] YgoSecondHandLayoutPatch ENTER all=5 main=5 opts=0 FocusedHolderId=2870111899430 FocusedIsOpt=False
[YgoDuelist] YgoSecondHandLayoutPatch EXIT return false
[YgoDuelist] YgoSecondHandLayoutPatch ENTER all=5 main=5 opts=0 FocusedHolderId=0 FocusedIsOpt=False
[YgoDuelist] YgoSecondHandLayoutPatch EXIT return false
[YgoDuelist] YgoSecondHandLayoutPatch ENTER all=4 main=4 opts=0 FocusedHolderId=0 FocusedIsOpt=False
[YgoDuelist] YgoSecondHandLayoutPatch EXIT return false
[DEBUG] [ActionQueueSynchronizer] Sending message to client to enqueue action YgoSetSpellTrapFromHandGameAction owner=76561198345121322 netCard=NetCombatCard 11 model=YGODUELIST-RAIGEKI_BREAK ord=0 at 08:25:09
[DEBUG] [ActionQueueSynchronizer] Enqueueing action YgoSetSpellTrapFromHandGameAction owner=76561198345121322 netCard=NetCombatCard 11 model=YGODUELIST-RAIGEKI_BREAK ord=0 from owner 76561198345121322
[DEBUG] [ActionQueueSet] Enqueueing action YgoSetSpellTrapFromHandGameAction owner=76561198345121322 netCard=NetCombatCard 11 model=YGODUELIST-RAIGEKI_BREAK ord=0 to player queue owned by 76561198345121322
[DEBUG] [ActionExecutor] Action queue changed, beginning ExecuteActions
[VERYDEBUG] [ActionQueueSet] Attempting to find ready action
[VERYDEBUG] [ActionQueueSet] Action YgoSetSpellTrapFromHandGameAction owner=76561198345121322 netCard=NetCombatCard 11 model=YGODUELIST-RAIGEKI_BREAK ord=0 with id 25 belonging to 76561198345121322 becomes new ready action
[VERYDEBUG] [ActionQueueSet] Queue for player 76561198136285041 is empty
[VERYDEBUG] [ActionQueueSet] Got ready action YgoSetSpellTrapFromHandGameAction owner=76561198345121322 netCard=NetCombatCard 11 model=YGODUELIST-RAIGEKI_BREAK ord=0 (25)
[DEBUG] [ActionExecutor] Executing action: YgoSetSpellTrapFromHandGameAction owner=76561198345121322 netCard=NetCombatCard 11 model=YGODUELIST-RAIGEKI_BREAK ord=0
[VERYDEBUG] [GameAction] Action YgoSetSpellTrapFromHandGameAction owner=76561198345121322 netCard=NetCombatCard 11 model=YGODUELIST-RAIGEKI_BREAK ord=0 began executing
[YgoDuelist][MP] YgoSetSpellTrapFromHandGameAction: TrySetFromHandAsync card=YGODUELIST-RAIGEKI_BREAK owner=76561198345121322 netIndex=11
[YgoDuelist] YgoSecondHandLayoutPatch ENTER all=5 main=5 opts=0 FocusedHolderId=0 FocusedIsOpt=False
[YgoDuelist] YgoSecondHandLayoutPatch EXIT return false
[YgoDuelist] YgoSecondHandLayoutPatch ENTER all=5 main=5 opts=0 FocusedHolderId=0 FocusedIsOpt=False
[YgoDuelist] YgoSecondHandLayoutPatch EXIT return false
[YgoDuelist] YgoSecondHandLayoutPatch ENTER all=4 main=4 opts=0 FocusedHolderId=0 FocusedIsOpt=False
[YgoDuelist] YgoSecondHandLayoutPatch EXIT return false
[YgoDuelist][MP][Queue] SetSpellTrapFromHand -> YgoSetSpellTrapFromHandGameAction owner=76561198345121322 netCard=NetCombatCard 11 model=YGODUELIST-RAIGEKI_BREAK ord=0
[YgoDuelist] YgoSecondHandLayoutPatch ENTER all=4 main=4 opts=0 FocusedHolderId=0 FocusedIsOpt=False
[YgoDuelist] YgoSecondHandLayoutPatch EXIT return false
[VERYDEBUG] [GameAction] Action YgoSetSpellTrapFromHandGameAction owner=76561198345121322 netCard=NetCombatCard 11 model=YGODUELIST-RAIGEKI_BREAK ord=0 finished execution
[DEBUG] [ChecksumTracker] Generating checksum for context: after executing action YgoSetSpellTrapFromHandGameAction owner=76561198345121322 netCard=NetCombatCard 11 model=YGODUELIST-RAIGEKI_BREAK ord=0 action: YgoSetSpellTrapFromHandGameAction owner=76561198345121322 netCard=NetCombatCard 11 model=YGODUELIST-RAIGEKI_BREAK ord=0 id: 26
[YgoDuelist][MP][Checksum][fp] netId=76561198136285041 | pt=1 n=4:YGODUELIST-DEFEND_YGO_DUELIST010,YGODUELIST-FIRE_SORCERER0bYgoDieForYouUserToggleOnFalseiPermanentAtkBonusFromExecutes01010002,20017,20041,20043,YGODUELIST-RECKLESS_GREED01010009,10011,YGODUELIST-STRIKE_YGO_DUELIST010 | pt=2 n=5:YGODUELIST-BURNING_LAND01010009,20024,YGODUELIST-DEFEND_YGO_DUELIST010,YGODUELIST-EARTH_EFFIGY0bYgoDieForYouUserToggleOnFalseiPermanentAtkBonusFromExecutes01010000,20015,20043,YGODUELIST-GAIA_POWER01010009,20027,YGODUELIST-STRIKE_YGO_DUELIST010 | pt=3 n=8:YGODUELIST-ARCANE_ARCHER_OF_THE_FOREST0bYgoDieForYouUserToggleOnFalseiPermanentAtkBonusFromExecutes01010000,20019,20043,YGODUELIST-DEFEND_YGO_DUELIST010,YGODUELIST-OJAMA_TRIO01010009,10011,YGODUELIST-OUTSTANDING_DOG_MARRON0bYgoDieForYouUserToggleOnFalseiPermanentAtkBonusFromExecutes01010004,20001,YGODUELIST-ROCKET_JUMPER0bYgoDieForYouUserToggleOnFalseiPermanentAtkBonusFromExecutes01010000,20015,20043,20045,YGODUELIST-SKELENGEL0bYgoDieForYouUserToggleOnFalseiPermanentAtkBonusFromExecutes01010004,20006,20041,YGODUELIST-STRIKE_YGO_DUELIST010,YGODUELIST-TRAP_OF_BOARD_ERASER01010009,10011 | pt=4 n=0: | pt=5 n=0: | pt=932200512 n=0: | pt=932200513 n=0: | pt=932200514 n=0: | pt=932200515 n=1:YGODUELIST-HOURGLASS_OF_COURAGE0bYgoDieForYouUserToggleOnFalseiPermanentAtkBonusFromExecutes01010004,20006,20043 | pt=932200516 n=1:YGODUELIST-TOTAL_DEFENSE_SHOGUN0bYgoDieForYouUserToggleOnFalseiPermanentAtkBonusFromExecutes01010005,20019,20034,20043 | pt=932200517 n=0: | pt=932200518 n=0:
[YgoDuelist][MP][Checksum][fp] netId=76561198345121322 | pt=1 n=6:YGODUELIST-DEFEND_YGO_DUELIST010,YGODUELIST-DEFEND_YGO_DUELIST010,YGODUELIST-FIRE_PRINCESS0bYgoDieForYouUserToggleOnFalseiPermanentAtkBonusFromExecutes01010002,20013,20043,YGODUELIST-KURAMA0bYgoDieForYouUserToggleOnFalseiPermanentAtkBonusFromExecutes01010003,20020,20043,YGODUELIST-STRIKE_YGO_DUELIST010,YGODUELIST-ZABORG_THE_THUNDER_MONARCH0bYgoDieForYouUserToggleOnFalseiPermanentAtkBonusFromExecutes01010004,20018,20034,20043 | pt=2 n=4:GREED0104,7,YGODUELIST-DEFEND_YGO_DUELIST010,YGODUELIST-STRIKE_YGO_DUELIST010,YGODUELIST-STRIKE_YGO_DUELIST010 | pt=3 n=0: | pt=4 n=0: | pt=5 n=0: | pt=932200512 n=0: | pt=932200513 n=1:YGODUELIST-THE_LAST_WARRIOR_FROM_ANOTHER_PLANET0bYgoDieForYouUserToggleOnFalseiPermanentAtkBonusFromExecutes0iSummonAbsorbPrintedDefBonus01010000,20019,20036,20043 | pt=932200514 n=0: | pt=932200515 n=0: | pt=932200516 n=2:YGODUELIST-QUEEN_S_DOUBLE0bYgoDieForYouUserToggleOnFalseiPermanentAtkBonusFromExecutes01010000,20019,20045,YGODUELIST-VERSAGO_THE_DESTROYER0bYgoDieForYouUserToggleOnFalseiPermanentAtkBonusFromExecutes01010005,20007,20043 | pt=932200517 n=2:YGODUELIST-RAIGEKI_BREAK01010009,10011,20045,YGODUELIST-YELLOW_LUSTER_SHIELD01010009,20024 | pt=932200518 n=0:
[YgoDuelist] Hover start on duel pet: DuelMonsterModel
[DEBUG] [ActionExecutor] Completed execution of action YgoSetSpellTrapFromHandGameAction owner=76561198345121322 netCard=NetCombatCard 11 model=YGODUELIST-RAIGEKI_BREAK ord=0, attempting to find new action
[VERYDEBUG] [ActionQueueSet] Attempting to find ready action
[VERYDEBUG] [ActionQueueSet] Queue for player 76561198345121322 is empty
[VERYDEBUG] [ActionQueueSet] Queue for player 76561198136285041 is empty
[VERYDEBUG] [ActionQueueSet] No action is ready
[YgoDuelist] OnSecondHandCardsChanged ENTER player=49413123 cardsCount=2
[YgoDuelist]   cards[0]=Raigeki_Break id=47044590
[YgoDuelist]   cards[1]=Yellow_Luster_Shield id=42834526
[YgoDuelist] RebuildForPlayer START handId=2525910549030 cardsCount=2
[YgoDuelist] RebuildForPlayer ADDING 2 holders
[YgoDuelist]   add[0] CREATE holderId=2802818497950 model=Raigeki_Break
[YgoDuelist] RegisterOptionHolder ENTER handId=2525910549030 holderId=2802818497950 index=-1 handChildCountBefore=7
[YgoDuelist] YgoSecondHandLayoutPatch ENTER all=5 main=4 opts=1 FocusedHolderId=0 FocusedIsOpt=False
[YgoDuelist]   opts[0] holderId=2802818497950 model=?
[YgoDuelist] YgoSecondHandLayoutPatch: AFTER holder.Position.Y = -745
[YgoDuelist] YgoSecondHandLayoutPatch: AFTER holder.TargetPosition.Y = -745
[YgoDuelist] YgoSecondHandLayoutPatch: AFTER holder.Hitbox.Position.Y = -132
[YgoDuelist] YgoSecondHandLayoutPatch EXIT return false
[YgoDuelist] RegisterOptionHolder EXIT handId=2525910549030 holderId=2802818497950 handChildCountAfter=7 holderIsInsideTree=True
[YgoDuelist]   add[0] after RegisterOptionHolder holderId=2802818497950 IsInsideTree=True ChildCount=7
[YgoDuelist]   add[0] after Initialize holderId=2802818497950 CardNode=76286004039 CardModel=Raigeki_Break
[YgoDuelist]   add[1] CREATE holderId=100713631885 model=Yellow_Luster_Shield
[YgoDuelist] RegisterOptionHolder ENTER handId=2525910549030 holderId=100713631885 index=-1 handChildCountBefore=7
[YgoDuelist] YgoSecondHandLayoutPatch ENTER all=6 main=4 opts=2 FocusedHolderId=0 FocusedIsOpt=False
[YgoDuelist]   opts[0] holderId=2802818497950 model=Raigeki_Break
[YgoDuelist]   opts[1] holderId=100713631885 model=?
[YgoDuelist] YgoSecondHandLayoutPatch: AFTER holder.Position.Y = -745
[YgoDuelist] YgoSecondHandLayoutPatch: AFTER holder.TargetPosition.Y = -745
[YgoDuelist] YgoSecondHandLayoutPatch: AFTER holder.Hitbox.Position.Y = -132
[YgoDuelist] YgoSecondHandLayoutPatch: AFTER holder.Position.Y = -745
[YgoDuelist] YgoSecondHandLayoutPatch: AFTER holder.TargetPosition.Y = -745
[YgoDuelist] YgoSecondHandLayoutPatch: AFTER holder.Hitbox.Position.Y = -132
[YgoDuelist] YgoSecondHandLayoutPatch EXIT return false
[YgoDuelist] RegisterOptionHolder EXIT handId=2525910549030 holderId=100713631885 handChildCountAfter=7 holderIsInsideTree=True
[YgoDuelist]   add[1] after RegisterOptionHolder holderId=100713631885 IsInsideTree=True ChildCount=7
[WARN] [BaseLib] GetRawText: Key 'YGO_RACE_SPELL_CONTINUOUS.title' not found in table 'static_hover_tips'
[WARN] [BaseLib] GetRawText: Key 'YGO_RACE_SPELL_CONTINUOUS.description' not found in table 'static_hover_tips'
[YgoDuelist]   add[1] after Initialize holderId=100713631885 CardNode=75111598851 CardModel=Yellow_Luster_Shield
[YgoDuelist] RebuildForPlayer END totalHolders=2 handActiveHoldersCount=6
[YgoDuelist] OnSecondHandCardsChanged EXIT RebuildForPlayer done
[YgoDuelist] Hover end on duel pet: DuelMonsterModel
[YgoDuelist] Hover start on duel pet: DuelMonsterModel
[YgoDuelist] Right mouse button pressed.
[YgoDuelist] Right-click on duel pet: DuelMonsterModel
[DEBUG] [ActionQueueSynchronizer] Sending message to client to enqueue action YgoMonsterMenuCommandGameAction owner=76561198345121322 OpenMonsterOptions pet=4 at 08:25:11
[DEBUG] [ActionQueueSynchronizer] Enqueueing action YgoMonsterMenuCommandGameAction owner=76561198345121322 OpenMonsterOptions pet=4 from owner 76561198345121322
[DEBUG] [ActionQueueSet] Enqueueing action YgoMonsterMenuCommandGameAction owner=76561198345121322 OpenMonsterOptions pet=4 to player queue owned by 76561198345121322
[DEBUG] [ActionExecutor] Action queue changed, beginning ExecuteActions
[VERYDEBUG] [ActionQueueSet] Attempting to find ready action
[VERYDEBUG] [ActionQueueSet] Action YgoMonsterMenuCommandGameAction owner=76561198345121322 OpenMonsterOptions pet=4 with id 26 belonging to 76561198345121322 becomes new ready action
[VERYDEBUG] [ActionQueueSet] Queue for player 76561198136285041 is empty
[VERYDEBUG] [ActionQueueSet] Got ready action YgoMonsterMenuCommandGameAction owner=76561198345121322 OpenMonsterOptions pet=4 (26)
[DEBUG] [ActionExecutor] Executing action: YgoMonsterMenuCommandGameAction owner=76561198345121322 OpenMonsterOptions pet=4
[VERYDEBUG] [GameAction] Action YgoMonsterMenuCommandGameAction owner=76561198345121322 OpenMonsterOptions pet=4 began executing
[YgoDuelist][MP] YgoMonsterMenuCommandGameAction: kind=OpenMonsterOptions ownerNetId=76561198345121322 petCombatId=4 hasEnemy=False
[YgoDuelist] OnSecondHandCardsChanged ENTER player=49413123 cardsCount=5
[YgoDuelist]   cards[0]=Command_Defend id=18550517
[YgoDuelist]   cards[1]=Command_Attack id=32736928
[YgoDuelist]   cards[2]=Command_Change_Battle_Position id=26196903
[YgoDuelist]   cards[3]=Toggle_Die_For_You id=34445537
[YgoDuelist]   cards[4]=Exit_Monster_Options id=41574385
[YgoDuelist] RebuildForPlayer START handId=2525910549030 cardsCount=5
[YgoDuelist] TearDownSecondHandRow REMOVING 2 holders
[YgoDuelist] YgoSecondHandLayoutPatch ENTER all=5 main=4 opts=1 FocusedHolderId=0 FocusedIsOpt=False
[YgoDuelist]   opts[0] holderId=100713631885 model=Yellow_Luster_Shield
[YgoDuelist] YgoSecondHandLayoutPatch: AFTER holder.Position.Y = -745
[YgoDuelist] YgoSecondHandLayoutPatch: AFTER holder.TargetPosition.Y = -745
[YgoDuelist] YgoSecondHandLayoutPatch: AFTER holder.Hitbox.Position.Y = -132
[YgoDuelist] YgoSecondHandLayoutPatch EXIT return false
[YgoDuelist] YgoSecondHandLayoutPatch ENTER all=4 main=4 opts=0 FocusedHolderId=0 FocusedIsOpt=False
[YgoDuelist] YgoSecondHandLayoutPatch EXIT return false
[YgoDuelist] RebuildForPlayer ADDING 5 holders
[YgoDuelist]   add[0] CREATE holderId=100931735706 model=Command_Defend
[YgoDuelist] RegisterOptionHolder ENTER handId=2525910549030 holderId=100931735706 index=-1 handChildCountBefore=7
[YgoDuelist] YgoSecondHandLayoutPatch ENTER all=5 main=4 opts=1 FocusedHolderId=0 FocusedIsOpt=False
[YgoDuelist]   opts[0] holderId=100931735706 model=?
[YgoDuelist] YgoSecondHandLayoutPatch: AFTER holder.Position.Y = -745
[YgoDuelist] YgoSecondHandLayoutPatch: AFTER holder.TargetPosition.Y = -745
[YgoDuelist] YgoSecondHandLayoutPatch: AFTER holder.Hitbox.Position.Y = -132
[YgoDuelist] YgoSecondHandLayoutPatch EXIT return false
[YgoDuelist] RegisterOptionHolder EXIT handId=2525910549030 holderId=100931735706 handChildCountAfter=7 holderIsInsideTree=True
[YgoDuelist]   add[0] after RegisterOptionHolder holderId=100931735706 IsInsideTree=True ChildCount=7
[WARN] [BaseLib] GetRawText: Key 'YGO_ATTRIBUTE_DARK.title' not found in table 'static_hover_tips'
[WARN] [BaseLib] GetRawText: Key 'YGO_ATTRIBUTE_DARK.description' not found in table 'static_hover_tips'
[WARN] [BaseLib] GetRawText: Key 'YGO_RACE_FIEND.title' not found in table 'static_hover_tips'
[WARN] [BaseLib] GetRawText: Key 'YGO_RACE_FIEND.description' not found in table 'static_hover_tips'
[WARN] [BaseLib] GetRawText: Key 'YGO_RACE_FIEND.title' not found in table 'static_hover_tips'
[WARN] [BaseLib] GetRawText: Key 'YGO_RACE_FIEND.description' not found in table 'static_hover_tips'
[YgoDuelist]   add[0] after Initialize holderId=100931735706 CardNode=91771375291 CardModel=Command_Defend
[YgoDuelist]   add[1] CREATE holderId=101737042122 model=Command_Attack
[YgoDuelist] RegisterOptionHolder ENTER handId=2525910549030 holderId=101737042122 index=-1 handChildCountBefore=7
[YgoDuelist] YgoSecondHandLayoutPatch ENTER all=6 main=4 opts=2 FocusedHolderId=0 FocusedIsOpt=False
[YgoDuelist]   opts[0] holderId=100931735706 model=Command_Defend
[YgoDuelist]   opts[1] holderId=101737042122 model=?
[YgoDuelist] YgoSecondHandLayoutPatch: AFTER holder.Position.Y = -745
[YgoDuelist] YgoSecondHandLayoutPatch: AFTER holder.TargetPosition.Y = -745
[YgoDuelist] YgoSecondHandLayoutPatch: AFTER holder.Hitbox.Position.Y = -132
[YgoDuelist] YgoSecondHandLayoutPatch: AFTER holder.Position.Y = -745
[YgoDuelist] YgoSecondHandLayoutPatch: AFTER holder.TargetPosition.Y = -745
[YgoDuelist] YgoSecondHandLayoutPatch: AFTER holder.Hitbox.Position.Y = -132
[YgoDuelist] YgoSecondHandLayoutPatch EXIT return false
[YgoDuelist] RegisterOptionHolder EXIT handId=2525910549030 holderId=101737042122 handChildCountAfter=7 holderIsInsideTree=True
[YgoDuelist]   add[1] after RegisterOptionHolder holderId=101737042122 IsInsideTree=True ChildCount=7
[WARN] [BaseLib] GetRawText: Key 'YGO_ATTRIBUTE_DARK.title' not found in table 'static_hover_tips'
[WARN] [BaseLib] GetRawText: Key 'YGO_ATTRIBUTE_DARK.description' not found in table 'static_hover_tips'
[WARN] [BaseLib] GetRawText: Key 'YGO_RACE_FIEND.title' not found in table 'static_hover_tips'
[WARN] [BaseLib] GetRawText: Key 'YGO_RACE_FIEND.description' not found in table 'static_hover_tips'
[WARN] [BaseLib] GetRawText: Key 'YGO_RACE_FIEND.title' not found in table 'static_hover_tips'
[WARN] [BaseLib] GetRawText: Key 'YGO_RACE_FIEND.description' not found in table 'static_hover_tips'
[YgoDuelist]   add[1] after Initialize holderId=101737042122 CardNode=73937193663 CardModel=Command_Attack
[YgoDuelist]   add[2] CREATE holderId=101065953442 model=Command_Change_Battle_Position
[YgoDuelist] RegisterOptionHolder ENTER handId=2525910549030 holderId=101065953442 index=-1 handChildCountBefore=7
[YgoDuelist] YgoSecondHandLayoutPatch ENTER all=7 main=4 opts=3 FocusedHolderId=0 FocusedIsOpt=False
[YgoDuelist]   opts[0] holderId=100931735706 model=Command_Defend
[YgoDuelist]   opts[1] holderId=101737042122 model=Command_Attack
[YgoDuelist]   opts[2] holderId=101065953442 model=?
[YgoDuelist] YgoSecondHandLayoutPatch: AFTER holder.Position.Y = -745
[YgoDuelist] YgoSecondHandLayoutPatch: AFTER holder.TargetPosition.Y = -745
[YgoDuelist] YgoSecondHandLayoutPatch: AFTER holder.Hitbox.Position.Y = -132
[YgoDuelist] YgoSecondHandLayoutPatch: AFTER holder.Position.Y = -745
[YgoDuelist] YgoSecondHandLayoutPatch: AFTER holder.TargetPosition.Y = -745
[YgoDuelist] YgoSecondHandLayoutPatch: AFTER holder.Hitbox.Position.Y = -132
[YgoDuelist] YgoSecondHandLayoutPatch: AFTER holder.Position.Y = -745
[YgoDuelist] YgoSecondHandLayoutPatch: AFTER holder.TargetPosition.Y = -745
[YgoDuelist] YgoSecondHandLayoutPatch: AFTER holder.Hitbox.Position.Y = -132
[YgoDuelist] YgoSecondHandLayoutPatch EXIT return false
[YgoDuelist] RegisterOptionHolder EXIT handId=2525910549030 holderId=101065953442 handChildCountAfter=7 holderIsInsideTree=True
[YgoDuelist]   add[2] after RegisterOptionHolder holderId=101065953442 IsInsideTree=True ChildCount=7
[WARN] [BaseLib] GetRawText: Key 'YGO_ATTRIBUTE_DARK.title' not found in table 'static_hover_tips'
[WARN] [BaseLib] GetRawText: Key 'YGO_ATTRIBUTE_DARK.description' not found in table 'static_hover_tips'
[WARN] [BaseLib] GetRawText: Key 'YGO_RACE_FIEND.title' not found in table 'static_hover_tips'
[WARN] [BaseLib] GetRawText: Key 'YGO_RACE_FIEND.description' not found in table 'static_hover_tips'
[WARN] [BaseLib] GetRawText: Key 'YGO_RACE_FIEND.title' not found in table 'static_hover_tips'
[WARN] [BaseLib] GetRawText: Key 'YGO_RACE_FIEND.description' not found in table 'static_hover_tips'
[YgoDuelist]   add[2] after Initialize holderId=101065953442 CardNode=72762788475 CardModel=Command_Change_Battle_Position
[YgoDuelist]   add[3] CREATE holderId=101200171178 model=Toggle_Die_For_You
[YgoDuelist] RegisterOptionHolder ENTER handId=2525910549030 holderId=101200171178 index=-1 handChildCountBefore=7
[YgoDuelist] YgoSecondHandLayoutPatch ENTER all=8 main=4 opts=4 FocusedHolderId=0 FocusedIsOpt=False
[YgoDuelist]   opts[0] holderId=100931735706 model=Command_Defend
[YgoDuelist]   opts[1] holderId=101737042122 model=Command_Attack
[YgoDuelist]   opts[2] holderId=101065953442 model=Command_Change_Battle_Position
[YgoDuelist]   opts[3] holderId=101200171178 model=?
[YgoDuelist] YgoSecondHandLayoutPatch: AFTER holder.Position.Y = -745
[YgoDuelist] YgoSecondHandLayoutPatch: AFTER holder.TargetPosition.Y = -745
[YgoDuelist] YgoSecondHandLayoutPatch: AFTER holder.Hitbox.Position.Y = -132
[YgoDuelist] YgoSecondHandLayoutPatch: AFTER holder.Position.Y = -745
[YgoDuelist] YgoSecondHandLayoutPatch: AFTER holder.TargetPosition.Y = -745
[YgoDuelist] YgoSecondHandLayoutPatch: AFTER holder.Hitbox.Position.Y = -132
[YgoDuelist] YgoSecondHandLayoutPatch: AFTER holder.Position.Y = -745
[YgoDuelist] YgoSecondHandLayoutPatch: AFTER holder.TargetPosition.Y = -745
[YgoDuelist] YgoSecondHandLayoutPatch: AFTER holder.Hitbox.Position.Y = -132
[YgoDuelist] YgoSecondHandLayoutPatch: AFTER holder.Position.Y = -745
[YgoDuelist] YgoSecondHandLayoutPatch: AFTER holder.TargetPosition.Y = -745
[YgoDuelist] YgoSecondHandLayoutPatch: AFTER holder.Hitbox.Position.Y = -132
[YgoDuelist] YgoSecondHandLayoutPatch EXIT return false
[YgoDuelist] RegisterOptionHolder EXIT handId=2525910549030 holderId=101200171178 handChildCountAfter=7 holderIsInsideTree=True
[YgoDuelist]   add[3] after RegisterOptionHolder holderId=101200171178 IsInsideTree=True ChildCount=7
[WARN] [BaseLib] GetRawText: Key 'YGO_ATTRIBUTE_DARK.title' not found in table 'static_hover_tips'
[WARN] [BaseLib] GetRawText: Key 'YGO_ATTRIBUTE_DARK.description' not found in table 'static_hover_tips'
[WARN] [BaseLib] GetRawText: Key 'YGO_RACE_FIEND.title' not found in table 'static_hover_tips'
[WARN] [BaseLib] GetRawText: Key 'YGO_RACE_FIEND.description' not found in table 'static_hover_tips'
[WARN] [BaseLib] GetRawText: Key 'YGO_RACE_FIEND.title' not found in table 'static_hover_tips'
[WARN] [BaseLib] GetRawText: Key 'YGO_RACE_FIEND.description' not found in table 'static_hover_tips'
[YgoDuelist]   add[3] after Initialize holderId=101200171178 CardNode=71588383287 CardModel=Toggle_Die_For_You
[YgoDuelist]   add[4] CREATE holderId=101334388914 model=Exit_Monster_Options
[YgoDuelist] RegisterOptionHolder ENTER handId=2525910549030 holderId=101334388914 index=-1 handChildCountBefore=7
[YgoDuelist] YgoSecondHandLayoutPatch ENTER all=9 main=4 opts=5 FocusedHolderId=0 FocusedIsOpt=False
[YgoDuelist]   opts[0] holderId=100931735706 model=Command_Defend
[YgoDuelist]   opts[1] holderId=101737042122 model=Command_Attack
[YgoDuelist]   opts[2] holderId=101065953442 model=Command_Change_Battle_Position
[YgoDuelist]   opts[3] holderId=101200171178 model=Toggle_Die_For_You
[YgoDuelist]   opts[4] holderId=101334388914 model=?
[YgoDuelist] YgoSecondHandLayoutPatch: AFTER holder.Position.Y = -745
[YgoDuelist] YgoSecondHandLayoutPatch: AFTER holder.TargetPosition.Y = -745
[YgoDuelist] YgoSecondHandLayoutPatch: AFTER holder.Hitbox.Position.Y = -132
[YgoDuelist] YgoSecondHandLayoutPatch: AFTER holder.Position.Y = -745
[YgoDuelist] YgoSecondHandLayoutPatch: AFTER holder.TargetPosition.Y = -745
[YgoDuelist] YgoSecondHandLayoutPatch: AFTER holder.Hitbox.Position.Y = -132
[YgoDuelist] YgoSecondHandLayoutPatch: AFTER holder.Position.Y = -745
[YgoDuelist] YgoSecondHandLayoutPatch: AFTER holder.TargetPosition.Y = -745
[YgoDuelist] YgoSecondHandLayoutPatch: AFTER holder.Hitbox.Position.Y = -132
[YgoDuelist] YgoSecondHandLayoutPatch: AFTER holder.Position.Y = -745
[YgoDuelist] YgoSecondHandLayoutPatch: AFTER holder.TargetPosition.Y = -745
[YgoDuelist] YgoSecondHandLayoutPatch: AFTER holder.Hitbox.Position.Y = -132
[YgoDuelist] YgoSecondHandLayoutPatch: AFTER holder.Position.Y = -745
[YgoDuelist] YgoSecondHandLayoutPatch: AFTER holder.TargetPosition.Y = -745
[YgoDuelist] YgoSecondHandLayoutPatch: AFTER holder.Hitbox.Position.Y = -132
[YgoDuelist] YgoSecondHandLayoutPatch EXIT return false
[YgoDuelist] RegisterOptionHolder EXIT handId=2525910549030 holderId=101334388914 handChildCountAfter=7 holderIsInsideTree=True
[YgoDuelist]   add[4] after RegisterOptionHolder holderId=101334388914 IsInsideTree=True ChildCount=7
[WARN] [BaseLib] GetRawText: Key 'YGO_ATTRIBUTE_DARK.title' not found in table 'static_hover_tips'
[WARN] [BaseLib] GetRawText: Key 'YGO_ATTRIBUTE_DARK.description' not found in table 'static_hover_tips'
[WARN] [BaseLib] GetRawText: Key 'YGO_RACE_FIEND.title' not found in table 'static_hover_tips'
[WARN] [BaseLib] GetRawText: Key 'YGO_RACE_FIEND.description' not found in table 'static_hover_tips'
[WARN] [BaseLib] GetRawText: Key 'YGO_RACE_FIEND.title' not found in table 'static_hover_tips'
[WARN] [BaseLib] GetRawText: Key 'YGO_RACE_FIEND.description' not found in table 'static_hover_tips'
[YgoDuelist]   add[4] after Initialize holderId=101334388914 CardNode=70413978099 CardModel=Exit_Monster_Options
[YgoDuelist] RebuildForPlayer END totalHolders=5 handActiveHoldersCount=9
[YgoDuelist] OnSecondHandCardsChanged EXIT RebuildForPlayer done
[YgoDuelist][MP][OptionPile] OpenMonsterOptions: player=76561198345121322 count=5 ids=[YGODUELIST-EXIT_MONSTER_OPTIONS=24, YGODUELIST-TOGGLE_DIE_FOR_YOU=23, YGODUELIST-COMMAND_CHANGE_BATTLE_POSITION=22, YGODUELIST-COMMAND_ATTACK=21, YGODUELIST-COMMAND_DEFEND=20]
[VERYDEBUG] [GameAction] Action YgoMonsterMenuCommandGameAction owner=76561198345121322 OpenMonsterOptions pet=4 finished execution
[DEBUG] [ChecksumTracker] Generating checksum for context: after executing action YgoMonsterMenuCommandGameAction owner=76561198345121322 OpenMonsterOptions pet=4 action: YgoMonsterMenuCommandGameAction owner=76561198345121322 OpenMonsterOptions pet=4 id: 27
[YgoDuelist][MP][Checksum][fp] netId=76561198136285041 | pt=1 n=4:YGODUELIST-DEFEND_YGO_DUELIST010,YGODUELIST-FIRE_SORCERER0bYgoDieForYouUserToggleOnFalseiPermanentAtkBonusFromExecutes01010002,20017,20041,20043,YGODUELIST-RECKLESS_GREED01010009,10011,YGODUELIST-STRIKE_YGO_DUELIST010 | pt=2 n=5:YGODUELIST-BURNING_LAND01010009,20024,YGODUELIST-DEFEND_YGO_DUELIST010,YGODUELIST-EARTH_EFFIGY0bYgoDieForYouUserToggleOnFalseiPermanentAtkBonusFromExecutes01010000,20015,20043,YGODUELIST-GAIA_POWER01010009,20027,YGODUELIST-STRIKE_YGO_DUELIST010 | pt=3 n=8:YGODUELIST-ARCANE_ARCHER_OF_THE_FOREST0bYgoDieForYouUserToggleOnFalseiPermanentAtkBonusFromExecutes01010000,20019,20043,YGODUELIST-DEFEND_YGO_DUELIST010,YGODUELIST-OJAMA_TRIO01010009,10011,YGODUELIST-OUTSTANDING_DOG_MARRON0bYgoDieForYouUserToggleOnFalseiPermanentAtkBonusFromExecutes01010004,20001,YGODUELIST-ROCKET_JUMPER0bYgoDieForYouUserToggleOnFalseiPermanentAtkBonusFromExecutes01010000,20015,20043,20045,YGODUELIST-SKELENGEL0bYgoDieForYouUserToggleOnFalseiPermanentAtkBonusFromExecutes01010004,20006,20041,YGODUELIST-STRIKE_YGO_DUELIST010,YGODUELIST-TRAP_OF_BOARD_ERASER01010009,10011 | pt=4 n=0: | pt=5 n=0: | pt=932200512 n=0: | pt=932200513 n=0: | pt=932200514 n=0: | pt=932200515 n=1:YGODUELIST-HOURGLASS_OF_COURAGE0bYgoDieForYouUserToggleOnFalseiPermanentAtkBonusFromExecutes01010004,20006,20043 | pt=932200516 n=1:YGODUELIST-TOTAL_DEFENSE_SHOGUN0bYgoDieForYouUserToggleOnFalseiPermanentAtkBonusFromExecutes01010005,20019,20034,20043 | pt=932200517 n=0: | pt=932200518 n=0:
[YgoDuelist][MP][Checksum][fp] netId=76561198345121322 | pt=1 n=6:YGODUELIST-DEFEND_YGO_DUELIST010,YGODUELIST-DEFEND_YGO_DUELIST010,YGODUELIST-FIRE_PRINCESS0bYgoDieForYouUserToggleOnFalseiPermanentAtkBonusFromExecutes01010002,20013,20043,YGODUELIST-KURAMA0bYgoDieForYouUserToggleOnFalseiPermanentAtkBonusFromExecutes01010003,20020,20043,YGODUELIST-STRIKE_YGO_DUELIST010,YGODUELIST-ZABORG_THE_THUNDER_MONARCH0bYgoDieForYouUserToggleOnFalseiPermanentAtkBonusFromExecutes01010004,20018,20034,20043 | pt=2 n=4:GREED0104,7,YGODUELIST-DEFEND_YGO_DUELIST010,YGODUELIST-STRIKE_YGO_DUELIST010,YGODUELIST-STRIKE_YGO_DUELIST010 | pt=3 n=0: | pt=4 n=0: | pt=5 n=0: | pt=932200512 n=0: | pt=932200513 n=1:YGODUELIST-THE_LAST_WARRIOR_FROM_ANOTHER_PLANET0bYgoDieForYouUserToggleOnFalseiPermanentAtkBonusFromExecutes0iSummonAbsorbPrintedDefBonus01010000,20019,20036,20043 | pt=932200514 n=0: | pt=932200515 n=0: | pt=932200516 n=2:YGODUELIST-QUEEN_S_DOUBLE0bYgoDieForYouUserToggleOnFalseiPermanentAtkBonusFromExecutes01010000,20019,20045,YGODUELIST-VERSAGO_THE_DESTROYER0bYgoDieForYouUserToggleOnFalseiPermanentAtkBonusFromExecutes01010005,20007,20043 | pt=932200517 n=2:YGODUELIST-RAIGEKI_BREAK01010009,10011,20045,YGODUELIST-YELLOW_LUSTER_SHIELD01010009,20024 | pt=932200518 n=0:
[DEBUG] [ActionExecutor] Completed execution of action YgoMonsterMenuCommandGameAction owner=76561198345121322 OpenMonsterOptions pet=4, attempting to find new action
[VERYDEBUG] [ActionQueueSet] Attempting to find ready action
[VERYDEBUG] [ActionQueueSet] Queue for player 76561198345121322 is empty
[VERYDEBUG] [ActionQueueSet] Queue for player 76561198136285041 is empty
[VERYDEBUG] [ActionQueueSet] No action is ready
[YgoDuelist][MP][Queue] OpenMonsterOptions -> YgoMonsterMenuCommandGameAction owner=76561198345121322 OpenMonsterOptions pet=4
[YgoDuelist][MP] OpenMonsterOptions enqueued ownerNetId=76561198345121322 petCombatId=4
[YgoDuelist] Hover end on duel pet: DuelMonsterModel
[YgoDuelist] YgoSecondHandLayoutPatch ENTER all=9 main=4 opts=5 FocusedHolderId=101737042122 FocusedIsOpt=True
[YgoDuelist]   opts[0] holderId=100931735706 model=Command_Defend
[YgoDuelist]   opts[1] holderId=101737042122 model=Command_Attack
[YgoDuelist]   opts[2] holderId=101065953442 model=Command_Change_Battle_Position
[YgoDuelist]   opts[3] holderId=101200171178 model=Toggle_Die_For_You
[YgoDuelist]   opts[4] holderId=101334388914 model=Exit_Monster_Options
[YgoDuelist] YgoSecondHandLayoutPatch: AFTER holder.Position.Y = -745
[YgoDuelist] YgoSecondHandLayoutPatch: AFTER holder.TargetPosition.Y = -745
[YgoDuelist] YgoSecondHandLayoutPatch: AFTER holder.Hitbox.Position.Y = -132
[YgoDuelist] YgoSecondHandLayoutPatch: AFTER holder.Position.Y = -745
[YgoDuelist] YgoSecondHandLayoutPatch: AFTER holder.TargetPosition.Y = -745
[YgoDuelist] YgoSecondHandLayoutPatch: AFTER holder.Hitbox.Position.Y = -132
[YgoDuelist] YgoSecondHandLayoutPatch: AFTER holder.Position.Y = -745
[YgoDuelist] YgoSecondHandLayoutPatch: AFTER holder.TargetPosition.Y = -745
[YgoDuelist] YgoSecondHandLayoutPatch: AFTER holder.Hitbox.Position.Y = -132
[YgoDuelist] YgoSecondHandLayoutPatch: AFTER holder.Position.Y = -745
[YgoDuelist] YgoSecondHandLayoutPatch: AFTER holder.TargetPosition.Y = -745
[YgoDuelist] YgoSecondHandLayoutPatch: AFTER holder.Hitbox.Position.Y = -132
[YgoDuelist] YgoSecondHandLayoutPatch: AFTER holder.Position.Y = -745
[YgoDuelist] YgoSecondHandLayoutPatch: AFTER holder.TargetPosition.Y = -745
[YgoDuelist] YgoSecondHandLayoutPatch: AFTER holder.Hitbox.Position.Y = -132
[YgoDuelist] YgoSecondHandLayoutPatch EXIT return false
[YgoDuelist] YgoSecondHandLayoutPatch ENTER all=9 main=4 opts=5 FocusedHolderId=0 FocusedIsOpt=False
[YgoDuelist]   opts[0] holderId=100931735706 model=Command_Defend
[YgoDuelist]   opts[1] holderId=101737042122 model=Command_Attack
[YgoDuelist]   opts[2] holderId=101065953442 model=Command_Change_Battle_Position
[YgoDuelist]   opts[3] holderId=101200171178 model=Toggle_Die_For_You
[YgoDuelist]   opts[4] holderId=101334388914 model=Exit_Monster_Options
[YgoDuelist] YgoSecondHandLayoutPatch: AFTER holder.Position.Y = -745
[YgoDuelist] YgoSecondHandLayoutPatch: AFTER holder.TargetPosition.Y = -745
[YgoDuelist] YgoSecondHandLayoutPatch: AFTER holder.Hitbox.Position.Y = -132
[YgoDuelist] YgoSecondHandLayoutPatch: AFTER holder.Position.Y = -745
[YgoDuelist] YgoSecondHandLayoutPatch: AFTER holder.TargetPosition.Y = -745
[YgoDuelist] YgoSecondHandLayoutPatch: AFTER holder.Hitbox.Position.Y = -132
[YgoDuelist] YgoSecondHandLayoutPatch: AFTER holder.Position.Y = -745
[YgoDuelist] YgoSecondHandLayoutPatch: AFTER holder.TargetPosition.Y = -745
[YgoDuelist] YgoSecondHandLayoutPatch: AFTER holder.Hitbox.Position.Y = -132
[YgoDuelist] YgoSecondHandLayoutPatch: AFTER holder.Position.Y = -745
[YgoDuelist] YgoSecondHandLayoutPatch: AFTER holder.TargetPosition.Y = -745
[YgoDuelist] YgoSecondHandLayoutPatch: AFTER holder.Hitbox.Position.Y = -132
[YgoDuelist] YgoSecondHandLayoutPatch: AFTER holder.Position.Y = -745
[YgoDuelist] YgoSecondHandLayoutPatch: AFTER holder.TargetPosition.Y = -745
[YgoDuelist] YgoSecondHandLayoutPatch: AFTER holder.Hitbox.Position.Y = -132
[YgoDuelist] YgoSecondHandLayoutPatch EXIT return false
[YgoDuelist] YgoSecondHandLayoutPatch ENTER all=9 main=4 opts=5 FocusedHolderId=100931735706 FocusedIsOpt=True
[YgoDuelist]   opts[0] holderId=100931735706 model=Command_Defend
[YgoDuelist]   opts[1] holderId=101737042122 model=Command_Attack
[YgoDuelist]   opts[2] holderId=101065953442 model=Command_Change_Battle_Position
[YgoDuelist]   opts[3] holderId=101200171178 model=Toggle_Die_For_You
[YgoDuelist]   opts[4] holderId=101334388914 model=Exit_Monster_Options
[YgoDuelist] YgoSecondHandLayoutPatch: AFTER holder.Position.Y = -745
[YgoDuelist] YgoSecondHandLayoutPatch: AFTER holder.TargetPosition.Y = -745
[YgoDuelist] YgoSecondHandLayoutPatch: AFTER holder.Hitbox.Position.Y = -132
[YgoDuelist] YgoSecondHandLayoutPatch: AFTER holder.Position.Y = -745
[YgoDuelist] YgoSecondHandLayoutPatch: AFTER holder.TargetPosition.Y = -745
[YgoDuelist] YgoSecondHandLayoutPatch: AFTER holder.Hitbox.Position.Y = -132
[YgoDuelist] YgoSecondHandLayoutPatch: AFTER holder.Position.Y = -745
[YgoDuelist] YgoSecondHandLayoutPatch: AFTER holder.TargetPosition.Y = -745
[YgoDuelist] YgoSecondHandLayoutPatch: AFTER holder.Hitbox.Position.Y = -132
[YgoDuelist] YgoSecondHandLayoutPatch: AFTER holder.Position.Y = -745
[YgoDuelist] YgoSecondHandLayoutPatch: AFTER holder.TargetPosition.Y = -745
[YgoDuelist] YgoSecondHandLayoutPatch: AFTER holder.Hitbox.Position.Y = -132
[YgoDuelist] YgoSecondHandLayoutPatch: AFTER holder.Position.Y = -745
[YgoDuelist] YgoSecondHandLayoutPatch: AFTER holder.TargetPosition.Y = -745
[YgoDuelist] YgoSecondHandLayoutPatch: AFTER holder.Hitbox.Position.Y = -132
[YgoDuelist] YgoSecondHandLayoutPatch EXIT return false
[YgoDuelist] YgoSecondHandLayoutPatch ENTER all=9 main=4 opts=5 FocusedHolderId=0 FocusedIsOpt=False
[YgoDuelist]   opts[0] holderId=100931735706 model=Command_Defend
[YgoDuelist]   opts[1] holderId=101737042122 model=Command_Attack
[YgoDuelist]   opts[2] holderId=101065953442 model=Command_Change_Battle_Position
[YgoDuelist]   opts[3] holderId=101200171178 model=Toggle_Die_For_You
[YgoDuelist]   opts[4] holderId=101334388914 model=Exit_Monster_Options
[YgoDuelist] YgoSecondHandLayoutPatch: AFTER holder.Position.Y = -745
[YgoDuelist] YgoSecondHandLayoutPatch: AFTER holder.TargetPosition.Y = -745
[YgoDuelist] YgoSecondHandLayoutPatch: AFTER holder.Hitbox.Position.Y = -132
[YgoDuelist] YgoSecondHandLayoutPatch: AFTER holder.Position.Y = -745
[YgoDuelist] YgoSecondHandLayoutPatch: AFTER holder.TargetPosition.Y = -745
[YgoDuelist] YgoSecondHandLayoutPatch: AFTER holder.Hitbox.Position.Y = -132
[YgoDuelist] YgoSecondHandLayoutPatch: AFTER holder.Position.Y = -745
[YgoDuelist] YgoSecondHandLayoutPatch: AFTER holder.TargetPosition.Y = -745
[YgoDuelist] YgoSecondHandLayoutPatch: AFTER holder.Hitbox.Position.Y = -132
[YgoDuelist] YgoSecondHandLayoutPatch: AFTER holder.Position.Y = -745
[YgoDuelist] YgoSecondHandLayoutPatch: AFTER holder.TargetPosition.Y = -745
[YgoDuelist] YgoSecondHandLayoutPatch: AFTER holder.Hitbox.Position.Y = -132
[YgoDuelist] YgoSecondHandLayoutPatch: AFTER holder.Position.Y = -745
[YgoDuelist] YgoSecondHandLayoutPatch: AFTER holder.TargetPosition.Y = -745
[YgoDuelist] YgoSecondHandLayoutPatch: AFTER holder.Hitbox.Position.Y = -132
[YgoDuelist] YgoSecondHandLayoutPatch EXIT return false
[YgoDuelist] Hover start on duel pet: DuelMonsterModel
[YgoDuelist] Right mouse button pressed.
[YgoDuelist] Right-click on duel pet: DuelMonsterModel
[DEBUG] [ActionQueueSynchronizer] Sending message to client to enqueue action YgoMonsterMenuCommandGameAction owner=76561198345121322 OpenMonsterOptions pet=7 at 08:25:14
[DEBUG] [ActionQueueSynchronizer] Enqueueing action YgoMonsterMenuCommandGameAction owner=76561198345121322 OpenMonsterOptions pet=7 from owner 76561198345121322
[DEBUG] [ActionQueueSet] Enqueueing action YgoMonsterMenuCommandGameAction owner=76561198345121322 OpenMonsterOptions pet=7 to player queue owned by 76561198345121322
[DEBUG] [ActionExecutor] Action queue changed, beginning ExecuteActions
[VERYDEBUG] [ActionQueueSet] Attempting to find ready action
[VERYDEBUG] [ActionQueueSet] Action YgoMonsterMenuCommandGameAction owner=76561198345121322 OpenMonsterOptions pet=7 with id 27 belonging to 76561198345121322 becomes new ready action
[VERYDEBUG] [ActionQueueSet] Queue for player 76561198136285041 is empty
[VERYDEBUG] [ActionQueueSet] Got ready action YgoMonsterMenuCommandGameAction owner=76561198345121322 OpenMonsterOptions pet=7 (27)
[DEBUG] [ActionExecutor] Executing action: YgoMonsterMenuCommandGameAction owner=76561198345121322 OpenMonsterOptions pet=7
[VERYDEBUG] [GameAction] Action YgoMonsterMenuCommandGameAction owner=76561198345121322 OpenMonsterOptions pet=7 began executing
[YgoDuelist][MP] YgoMonsterMenuCommandGameAction: kind=OpenMonsterOptions ownerNetId=76561198345121322 petCombatId=7 hasEnemy=False
[YgoDuelist] OnSecondHandCardsChanged ENTER player=49413123 cardsCount=5
[YgoDuelist]   cards[0]=Command_Defend id=253755
[YgoDuelist]   cards[1]=Command_Attack id=2283802
[YgoDuelist]   cards[2]=Command_Change_Battle_Position id=20554222
[YgoDuelist]   cards[3]=Toggle_Die_For_You id=50770272
[YgoDuelist]   cards[4]=Exit_Monster_Options id=54279265
[YgoDuelist] RebuildForPlayer START handId=2525910549030 cardsCount=5
[YgoDuelist] TearDownSecondHandRow REMOVING 5 holders
[YgoDuelist] YgoSecondHandLayoutPatch ENTER all=8 main=4 opts=4 FocusedHolderId=0 FocusedIsOpt=False
[YgoDuelist]   opts[0] holderId=101737042122 model=Command_Attack
[YgoDuelist]   opts[1] holderId=101065953442 model=Command_Change_Battle_Position
[YgoDuelist]   opts[2] holderId=101200171178 model=Toggle_Die_For_You
[YgoDuelist]   opts[3] holderId=101334388914 model=Exit_Monster_Options
[YgoDuelist] YgoSecondHandLayoutPatch: AFTER holder.Position.Y = -745
[YgoDuelist] YgoSecondHandLayoutPatch: AFTER holder.TargetPosition.Y = -745
[YgoDuelist] YgoSecondHandLayoutPatch: AFTER holder.Hitbox.Position.Y = -132
[YgoDuelist] YgoSecondHandLayoutPatch: AFTER holder.Position.Y = -745
[YgoDuelist] YgoSecondHandLayoutPatch: AFTER holder.TargetPosition.Y = -745
[YgoDuelist] YgoSecondHandLayoutPatch: AFTER holder.Hitbox.Position.Y = -132
[YgoDuelist] YgoSecondHandLayoutPatch: AFTER holder.Position.Y = -745
[YgoDuelist] YgoSecondHandLayoutPatch: AFTER holder.TargetPosition.Y = -745
[YgoDuelist] YgoSecondHandLayoutPatch: AFTER holder.Hitbox.Position.Y = -132
[YgoDuelist] YgoSecondHandLayoutPatch: AFTER holder.Position.Y = -745
[YgoDuelist] YgoSecondHandLayoutPatch: AFTER holder.TargetPosition.Y = -745
[YgoDuelist] YgoSecondHandLayoutPatch: AFTER holder.Hitbox.Position.Y = -132
[YgoDuelist] YgoSecondHandLayoutPatch EXIT return false
[YgoDuelist] YgoSecondHandLayoutPatch ENTER all=7 main=4 opts=3 FocusedHolderId=0 FocusedIsOpt=False
[YgoDuelist]   opts[0] holderId=101065953442 model=Command_Change_Battle_Position
[YgoDuelist]   opts[1] holderId=101200171178 model=Toggle_Die_For_You
[YgoDuelist]   opts[2] holderId=101334388914 model=Exit_Monster_Options
[YgoDuelist] YgoSecondHandLayoutPatch: AFTER holder.Position.Y = -745
[YgoDuelist] YgoSecondHandLayoutPatch: AFTER holder.TargetPosition.Y = -745
[YgoDuelist] YgoSecondHandLayoutPatch: AFTER holder.Hitbox.Position.Y = -132
[YgoDuelist] YgoSecondHandLayoutPatch: AFTER holder.Position.Y = -745
[YgoDuelist] YgoSecondHandLayoutPatch: AFTER holder.TargetPosition.Y = -745
[YgoDuelist] YgoSecondHandLayoutPatch: AFTER holder.Hitbox.Position.Y = -132
[YgoDuelist] YgoSecondHandLayoutPatch: AFTER holder.Position.Y = -745
[YgoDuelist] YgoSecondHandLayoutPatch: AFTER holder.TargetPosition.Y = -745
[YgoDuelist] YgoSecondHandLayoutPatch: AFTER holder.Hitbox.Position.Y = -132
[YgoDuelist] YgoSecondHandLayoutPatch EXIT return false
[YgoDuelist] YgoSecondHandLayoutPatch ENTER all=6 main=4 opts=2 FocusedHolderId=0 FocusedIsOpt=False
[YgoDuelist]   opts[0] holderId=101200171178 model=Toggle_Die_For_You
[YgoDuelist]   opts[1] holderId=101334388914 model=Exit_Monster_Options
[YgoDuelist] YgoSecondHandLayoutPatch: AFTER holder.Position.Y = -745
[YgoDuelist] YgoSecondHandLayoutPatch: AFTER holder.TargetPosition.Y = -745
[YgoDuelist] YgoSecondHandLayoutPatch: AFTER holder.Hitbox.Position.Y = -132
[YgoDuelist] YgoSecondHandLayoutPatch: AFTER holder.Position.Y = -745
[YgoDuelist] YgoSecondHandLayoutPatch: AFTER holder.TargetPosition.Y = -745
[YgoDuelist] YgoSecondHandLayoutPatch: AFTER holder.Hitbox.Position.Y = -132
[YgoDuelist] YgoSecondHandLayoutPatch EXIT return false
[YgoDuelist] YgoSecondHandLayoutPatch ENTER all=5 main=4 opts=1 FocusedHolderId=0 FocusedIsOpt=False
[YgoDuelist]   opts[0] holderId=101334388914 model=Exit_Monster_Options
[YgoDuelist] YgoSecondHandLayoutPatch: AFTER holder.Position.Y = -745
[YgoDuelist] YgoSecondHandLayoutPatch: AFTER holder.TargetPosition.Y = -745
[YgoDuelist] YgoSecondHandLayoutPatch: AFTER holder.Hitbox.Position.Y = -132
[YgoDuelist] YgoSecondHandLayoutPatch EXIT return false
[YgoDuelist] YgoSecondHandLayoutPatch ENTER all=4 main=4 opts=0 FocusedHolderId=0 FocusedIsOpt=False
[YgoDuelist] YgoSecondHandLayoutPatch EXIT return false
[YgoDuelist] RebuildForPlayer ADDING 5 holders
[YgoDuelist]   add[0] CREATE holderId=100713631885 model=Command_Defend
[YgoDuelist] RegisterOptionHolder ENTER handId=2525910549030 holderId=100713631885 index=-1 handChildCountBefore=7
[YgoDuelist] YgoSecondHandLayoutPatch ENTER all=5 main=4 opts=1 FocusedHolderId=0 FocusedIsOpt=False
[YgoDuelist]   opts[0] holderId=100713631885 model=?
[YgoDuelist] YgoSecondHandLayoutPatch: AFTER holder.Position.Y = -745
[YgoDuelist] YgoSecondHandLayoutPatch: AFTER holder.TargetPosition.Y = -745
[YgoDuelist] YgoSecondHandLayoutPatch: AFTER holder.Hitbox.Position.Y = -132
[YgoDuelist] YgoSecondHandLayoutPatch EXIT return false
[YgoDuelist] RegisterOptionHolder EXIT handId=2525910549030 holderId=100713631885 handChildCountAfter=7 holderIsInsideTree=True
[YgoDuelist]   add[0] after RegisterOptionHolder holderId=100713631885 IsInsideTree=True ChildCount=7
[WARN] [BaseLib] GetRawText: Key 'YGO_ATTRIBUTE_EARTH.title' not found in table 'static_hover_tips'
[WARN] [BaseLib] GetRawText: Key 'YGO_ATTRIBUTE_EARTH.description' not found in table 'static_hover_tips'
[WARN] [BaseLib] GetRawText: Key 'YGO_RACE_WARRIOR.title' not found in table 'static_hover_tips'
[WARN] [BaseLib] GetRawText: Key 'YGO_RACE_WARRIOR.description' not found in table 'static_hover_tips'
[YgoDuelist]   add[0] after Initialize holderId=100713631885 CardNode=69239572911 CardModel=Command_Defend
[YgoDuelist]   add[1] CREATE holderId=2802818497950 model=Command_Attack
[YgoDuelist] RegisterOptionHolder ENTER handId=2525910549030 holderId=2802818497950 index=-1 handChildCountBefore=7
[YgoDuelist] YgoSecondHandLayoutPatch ENTER all=6 main=4 opts=2 FocusedHolderId=0 FocusedIsOpt=False
[YgoDuelist]   opts[0] holderId=100713631885 model=Command_Defend
[YgoDuelist]   opts[1] holderId=2802818497950 model=?
[YgoDuelist] YgoSecondHandLayoutPatch: AFTER holder.Position.Y = -745
[YgoDuelist] YgoSecondHandLayoutPatch: AFTER holder.TargetPosition.Y = -745
[YgoDuelist] YgoSecondHandLayoutPatch: AFTER holder.Hitbox.Position.Y = -132
[YgoDuelist] YgoSecondHandLayoutPatch: AFTER holder.Position.Y = -745
[YgoDuelist] YgoSecondHandLayoutPatch: AFTER holder.TargetPosition.Y = -745
[YgoDuelist] YgoSecondHandLayoutPatch: AFTER holder.Hitbox.Position.Y = -132
[YgoDuelist] YgoSecondHandLayoutPatch EXIT return false
[YgoDuelist] RegisterOptionHolder EXIT handId=2525910549030 holderId=2802818497950 handChildCountAfter=7 holderIsInsideTree=True
[YgoDuelist]   add[1] after RegisterOptionHolder holderId=2802818497950 IsInsideTree=True ChildCount=7
[WARN] [BaseLib] GetRawText: Key 'YGO_ATTRIBUTE_EARTH.title' not found in table 'static_hover_tips'
[WARN] [BaseLib] GetRawText: Key 'YGO_ATTRIBUTE_EARTH.description' not found in table 'static_hover_tips'
[WARN] [BaseLib] GetRawText: Key 'YGO_RACE_WARRIOR.title' not found in table 'static_hover_tips'
[WARN] [BaseLib] GetRawText: Key 'YGO_RACE_WARRIOR.description' not found in table 'static_hover_tips'
[YgoDuelist]   add[1] after Initialize holderId=2802818497950 CardNode=68065167723 CardModel=Command_Attack
[YgoDuelist]   add[2] CREATE holderId=101468606650 model=Command_Change_Battle_Position
[YgoDuelist] RegisterOptionHolder ENTER handId=2525910549030 holderId=101468606650 index=-1 handChildCountBefore=7
[YgoDuelist] YgoSecondHandLayoutPatch ENTER all=7 main=4 opts=3 FocusedHolderId=0 FocusedIsOpt=False
[YgoDuelist]   opts[0] holderId=100713631885 model=Command_Defend
[YgoDuelist]   opts[1] holderId=2802818497950 model=Command_Attack
[YgoDuelist]   opts[2] holderId=101468606650 model=?
[YgoDuelist] YgoSecondHandLayoutPatch: AFTER holder.Position.Y = -745
[YgoDuelist] YgoSecondHandLayoutPatch: AFTER holder.TargetPosition.Y = -745
[YgoDuelist] YgoSecondHandLayoutPatch: AFTER holder.Hitbox.Position.Y = -132
[YgoDuelist] YgoSecondHandLayoutPatch: AFTER holder.Position.Y = -745
[YgoDuelist] YgoSecondHandLayoutPatch: AFTER holder.TargetPosition.Y = -745
[YgoDuelist] YgoSecondHandLayoutPatch: AFTER holder.Hitbox.Position.Y = -132
[YgoDuelist] YgoSecondHandLayoutPatch: AFTER holder.Position.Y = -745
[YgoDuelist] YgoSecondHandLayoutPatch: AFTER holder.TargetPosition.Y = -745
[YgoDuelist] YgoSecondHandLayoutPatch: AFTER holder.Hitbox.Position.Y = -132
[YgoDuelist] YgoSecondHandLayoutPatch EXIT return false
[YgoDuelist] RegisterOptionHolder EXIT handId=2525910549030 holderId=101468606650 handChildCountAfter=7 holderIsInsideTree=True
[YgoDuelist]   add[2] after RegisterOptionHolder holderId=101468606650 IsInsideTree=True ChildCount=7
[WARN] [BaseLib] GetRawText: Key 'YGO_ATTRIBUTE_EARTH.title' not found in table 'static_hover_tips'
[WARN] [BaseLib] GetRawText: Key 'YGO_ATTRIBUTE_EARTH.description' not found in table 'static_hover_tips'
[WARN] [BaseLib] GetRawText: Key 'YGO_RACE_WARRIOR.title' not found in table 'static_hover_tips'
[WARN] [BaseLib] GetRawText: Key 'YGO_RACE_WARRIOR.description' not found in table 'static_hover_tips'
[YgoDuelist]   add[2] after Initialize holderId=101468606650 CardNode=66873985320 CardModel=Command_Change_Battle_Position
[YgoDuelist]   add[3] CREATE holderId=2968862608328 model=Toggle_Die_For_You
[YgoDuelist] RegisterOptionHolder ENTER handId=2525910549030 holderId=2968862608328 index=-1 handChildCountBefore=7
[YgoDuelist] YgoSecondHandLayoutPatch ENTER all=8 main=4 opts=4 FocusedHolderId=0 FocusedIsOpt=False
[YgoDuelist]   opts[0] holderId=100713631885 model=Command_Defend
[YgoDuelist]   opts[1] holderId=2802818497950 model=Command_Attack
[YgoDuelist]   opts[2] holderId=101468606650 model=Command_Change_Battle_Position
[YgoDuelist]   opts[3] holderId=2968862608328 model=?
[YgoDuelist] YgoSecondHandLayoutPatch: AFTER holder.Position.Y = -745
[YgoDuelist] YgoSecondHandLayoutPatch: AFTER holder.TargetPosition.Y = -745
[YgoDuelist] YgoSecondHandLayoutPatch: AFTER holder.Hitbox.Position.Y = -132
[YgoDuelist] YgoSecondHandLayoutPatch: AFTER holder.Position.Y = -745
[YgoDuelist] YgoSecondHandLayoutPatch: AFTER holder.TargetPosition.Y = -745
[YgoDuelist] YgoSecondHandLayoutPatch: AFTER holder.Hitbox.Position.Y = -132
[YgoDuelist] YgoSecondHandLayoutPatch: AFTER holder.Position.Y = -745
[YgoDuelist] YgoSecondHandLayoutPatch: AFTER holder.TargetPosition.Y = -745
[YgoDuelist] YgoSecondHandLayoutPatch: AFTER holder.Hitbox.Position.Y = -132
[YgoDuelist] YgoSecondHandLayoutPatch: AFTER holder.Position.Y = -86.91667
[YgoDuelist] YgoSecondHandLayoutPatch: AFTER holder.TargetPosition.Y = -745
[YgoDuelist] YgoSecondHandLayoutPatch: AFTER holder.Hitbox.Position.Y = -132
[YgoDuelist] YgoSecondHandLayoutPatch EXIT return false
[YgoDuelist] RegisterOptionHolder EXIT handId=2525910549030 holderId=2968862608328 handChildCountAfter=7 holderIsInsideTree=True
[YgoDuelist]   add[3] after RegisterOptionHolder holderId=2968862608328 IsInsideTree=True ChildCount=7
[WARN] [BaseLib] GetRawText: Key 'YGO_ATTRIBUTE_EARTH.title' not found in table 'static_hover_tips'
[WARN] [BaseLib] GetRawText: Key 'YGO_ATTRIBUTE_EARTH.description' not found in table 'static_hover_tips'
[WARN] [BaseLib] GetRawText: Key 'YGO_RACE_WARRIOR.title' not found in table 'static_hover_tips'
[WARN] [BaseLib] GetRawText: Key 'YGO_RACE_WARRIOR.description' not found in table 'static_hover_tips'
[YgoDuelist]   add[3] after Initialize holderId=2968862608328 CardNode=65632471267 CardModel=Toggle_Die_For_You
[YgoDuelist]   add[4] CREATE holderId=2969919573034 model=Exit_Monster_Options
[YgoDuelist] RegisterOptionHolder ENTER handId=2525910549030 holderId=2969919573034 index=-1 handChildCountBefore=7
[YgoDuelist] YgoSecondHandLayoutPatch ENTER all=9 main=4 opts=5 FocusedHolderId=0 FocusedIsOpt=False
[YgoDuelist]   opts[0] holderId=100713631885 model=Command_Defend
[YgoDuelist]   opts[1] holderId=2802818497950 model=Command_Attack
[YgoDuelist]   opts[2] holderId=101468606650 model=Command_Change_Battle_Position
[YgoDuelist]   opts[3] holderId=2968862608328 model=Toggle_Die_For_You
[YgoDuelist]   opts[4] holderId=2969919573034 model=?
[YgoDuelist] YgoSecondHandLayoutPatch: AFTER holder.Position.Y = -745
[YgoDuelist] YgoSecondHandLayoutPatch: AFTER holder.TargetPosition.Y = -745
[YgoDuelist] YgoSecondHandLayoutPatch: AFTER holder.Hitbox.Position.Y = -132
[YgoDuelist] YgoSecondHandLayoutPatch: AFTER holder.Position.Y = -745
[YgoDuelist] YgoSecondHandLayoutPatch: AFTER holder.TargetPosition.Y = -745
[YgoDuelist] YgoSecondHandLayoutPatch: AFTER holder.Hitbox.Position.Y = -132
[YgoDuelist] YgoSecondHandLayoutPatch: AFTER holder.Position.Y = -745
[YgoDuelist] YgoSecondHandLayoutPatch: AFTER holder.TargetPosition.Y = -745
[YgoDuelist] YgoSecondHandLayoutPatch: AFTER holder.Hitbox.Position.Y = -132
[YgoDuelist] YgoSecondHandLayoutPatch: AFTER holder.Position.Y = -163.69305
[YgoDuelist] YgoSecondHandLayoutPatch: AFTER holder.TargetPosition.Y = -745
[YgoDuelist] YgoSecondHandLayoutPatch: AFTER holder.Hitbox.Position.Y = -132
[YgoDuelist] YgoSecondHandLayoutPatch: AFTER holder.Position.Y = -86.91667
[YgoDuelist] YgoSecondHandLayoutPatch: AFTER holder.TargetPosition.Y = -745
[YgoDuelist] YgoSecondHandLayoutPatch: AFTER holder.Hitbox.Position.Y = -132
[YgoDuelist] YgoSecondHandLayoutPatch EXIT return false
[YgoDuelist] RegisterOptionHolder EXIT handId=2525910549030 holderId=2969919573034 handChildCountAfter=7 holderIsInsideTree=True
[YgoDuelist]   add[4] after RegisterOptionHolder holderId=2969919573034 IsInsideTree=True ChildCount=7
[WARN] [BaseLib] GetRawText: Key 'YGO_ATTRIBUTE_EARTH.title' not found in table 'static_hover_tips'
[WARN] [BaseLib] GetRawText: Key 'YGO_ATTRIBUTE_EARTH.description' not found in table 'static_hover_tips'
[WARN] [BaseLib] GetRawText: Key 'YGO_RACE_WARRIOR.title' not found in table 'static_hover_tips'
[WARN] [BaseLib] GetRawText: Key 'YGO_RACE_WARRIOR.description' not found in table 'static_hover_tips'
[YgoDuelist]   add[4] after Initialize holderId=2969919573034 CardNode=64458066079 CardModel=Exit_Monster_Options
[YgoDuelist] RebuildForPlayer END totalHolders=5 handActiveHoldersCount=9
[YgoDuelist] OnSecondHandCardsChanged EXIT RebuildForPlayer done
[YgoDuelist][MP][OptionPile] OpenMonsterOptions: player=76561198345121322 count=5 ids=[YGODUELIST-EXIT_MONSTER_OPTIONS=29, YGODUELIST-TOGGLE_DIE_FOR_YOU=28, YGODUELIST-COMMAND_CHANGE_BATTLE_POSITION=27, YGODUELIST-COMMAND_ATTACK=26, YGODUELIST-COMMAND_DEFEND=25]
[VERYDEBUG] [GameAction] Action YgoMonsterMenuCommandGameAction owner=76561198345121322 OpenMonsterOptions pet=7 finished execution
[DEBUG] [ChecksumTracker] Generating checksum for context: after executing action YgoMonsterMenuCommandGameAction owner=76561198345121322 OpenMonsterOptions pet=7 action: YgoMonsterMenuCommandGameAction owner=76561198345121322 OpenMonsterOptions pet=7 id: 28
[YgoDuelist][MP][Checksum][fp] netId=76561198136285041 | pt=1 n=4:YGODUELIST-DEFEND_YGO_DUELIST010,YGODUELIST-FIRE_SORCERER0bYgoDieForYouUserToggleOnFalseiPermanentAtkBonusFromExecutes01010002,20017,20041,20043,YGODUELIST-RECKLESS_GREED01010009,10011,YGODUELIST-STRIKE_YGO_DUELIST010 | pt=2 n=5:YGODUELIST-BURNING_LAND01010009,20024,YGODUELIST-DEFEND_YGO_DUELIST010,YGODUELIST-EARTH_EFFIGY0bYgoDieForYouUserToggleOnFalseiPermanentAtkBonusFromExecutes01010000,20015,20043,YGODUELIST-GAIA_POWER01010009,20027,YGODUELIST-STRIKE_YGO_DUELIST010 | pt=3 n=8:YGODUELIST-ARCANE_ARCHER_OF_THE_FOREST0bYgoDieForYouUserToggleOnFalseiPermanentAtkBonusFromExecutes01010000,20019,20043,YGODUELIST-DEFEND_YGO_DUELIST010,YGODUELIST-OJAMA_TRIO01010009,10011,YGODUELIST-OUTSTANDING_DOG_MARRON0bYgoDieForYouUserToggleOnFalseiPermanentAtkBonusFromExecutes01010004,20001,YGODUELIST-ROCKET_JUMPER0bYgoDieForYouUserToggleOnFalseiPermanentAtkBonusFromExecutes01010000,20015,20043,20045,YGODUELIST-SKELENGEL0bYgoDieForYouUserToggleOnFalseiPermanentAtkBonusFromExecutes01010004,20006,20041,YGODUELIST-STRIKE_YGO_DUELIST010,YGODUELIST-TRAP_OF_BOARD_ERASER01010009,10011 | pt=4 n=0: | pt=5 n=0: | pt=932200512 n=0: | pt=932200513 n=0: | pt=932200514 n=0: | pt=932200515 n=1:YGODUELIST-HOURGLASS_OF_COURAGE0bYgoDieForYouUserToggleOnFalseiPermanentAtkBonusFromExecutes01010004,20006,20043 | pt=932200516 n=1:YGODUELIST-TOTAL_DEFENSE_SHOGUN0bYgoDieForYouUserToggleOnFalseiPermanentAtkBonusFromExecutes01010005,20019,20034,20043 | pt=932200517 n=0: | pt=932200518 n=0:
[YgoDuelist][MP][Checksum][fp] netId=76561198345121322 | pt=1 n=6:YGODUELIST-DEFEND_YGO_DUELIST010,YGODUELIST-DEFEND_YGO_DUELIST010,YGODUELIST-FIRE_PRINCESS0bYgoDieForYouUserToggleOnFalseiPermanentAtkBonusFromExecutes01010002,20013,20043,YGODUELIST-KURAMA0bYgoDieForYouUserToggleOnFalseiPermanentAtkBonusFromExecutes01010003,20020,20043,YGODUELIST-STRIKE_YGO_DUELIST010,YGODUELIST-ZABORG_THE_THUNDER_MONARCH0bYgoDieForYouUserToggleOnFalseiPermanentAtkBonusFromExecutes01010004,20018,20034,20043 | pt=2 n=4:GREED0104,7,YGODUELIST-DEFEND_YGO_DUELIST010,YGODUELIST-STRIKE_YGO_DUELIST010,YGODUELIST-STRIKE_YGO_DUELIST010 | pt=3 n=0: | pt=4 n=0: | pt=5 n=0: | pt=932200512 n=0: | pt=932200513 n=1:YGODUELIST-THE_LAST_WARRIOR_FROM_ANOTHER_PLANET0bYgoDieForYouUserToggleOnFalseiPermanentAtkBonusFromExecutes0iSummonAbsorbPrintedDefBonus01010000,20019,20036,20043 | pt=932200514 n=0: | pt=932200515 n=0: | pt=932200516 n=2:YGODUELIST-QUEEN_S_DOUBLE0bYgoDieForYouUserToggleOnFalseiPermanentAtkBonusFromExecutes01010000,20019,20045,YGODUELIST-VERSAGO_THE_DESTROYER0bYgoDieForYouUserToggleOnFalseiPermanentAtkBonusFromExecutes01010005,20007,20043 | pt=932200517 n=2:YGODUELIST-RAIGEKI_BREAK01010009,10011,20045,YGODUELIST-YELLOW_LUSTER_SHIELD01010009,20024 | pt=932200518 n=0:
[DEBUG] [ActionExecutor] Completed execution of action YgoMonsterMenuCommandGameAction owner=76561198345121322 OpenMonsterOptions pet=7, attempting to find new action
[VERYDEBUG] [ActionQueueSet] Attempting to find ready action
[VERYDEBUG] [ActionQueueSet] Queue for player 76561198345121322 is empty
[VERYDEBUG] [ActionQueueSet] Queue for player 76561198136285041 is empty
[VERYDEBUG] [ActionQueueSet] No action is ready
[YgoDuelist][MP][Queue] OpenMonsterOptions -> YgoMonsterMenuCommandGameAction owner=76561198345121322 OpenMonsterOptions pet=7
[YgoDuelist][MP] OpenMonsterOptions enqueued ownerNetId=76561198345121322 petCombatId=7
[YgoDuelist] Hover end on duel pet: DuelMonsterModel
[YgoDuelist] YgoSecondHandLayoutPatch ENTER all=9 main=4 opts=5 FocusedHolderId=2802818497950 FocusedIsOpt=True
[YgoDuelist]   opts[0] holderId=100713631885 model=Command_Defend
[YgoDuelist]   opts[1] holderId=2802818497950 model=Command_Attack
[YgoDuelist]   opts[2] holderId=101468606650 model=Command_Change_Battle_Position
[YgoDuelist]   opts[3] holderId=2968862608328 model=Toggle_Die_For_You
[YgoDuelist]   opts[4] holderId=2969919573034 model=Exit_Monster_Options
[YgoDuelist] YgoSecondHandLayoutPatch: AFTER holder.Position.Y = -745
[YgoDuelist] YgoSecondHandLayoutPatch: AFTER holder.TargetPosition.Y = -745
[YgoDuelist] YgoSecondHandLayoutPatch: AFTER holder.Hitbox.Position.Y = -132
[YgoDuelist] YgoSecondHandLayoutPatch: AFTER holder.Position.Y = -745
[YgoDuelist] YgoSecondHandLayoutPatch: AFTER holder.TargetPosition.Y = -745
[YgoDuelist] YgoSecondHandLayoutPatch: AFTER holder.Hitbox.Position.Y = -132
[YgoDuelist] YgoSecondHandLayoutPatch: AFTER holder.Position.Y = -745
[YgoDuelist] YgoSecondHandLayoutPatch: AFTER holder.TargetPosition.Y = -745
[YgoDuelist] YgoSecondHandLayoutPatch: AFTER holder.Hitbox.Position.Y = -132
[YgoDuelist] YgoSecondHandLayoutPatch: AFTER holder.Position.Y = -697.53394
[YgoDuelist] YgoSecondHandLayoutPatch: AFTER holder.TargetPosition.Y = -745
[YgoDuelist] YgoSecondHandLayoutPatch: AFTER holder.Hitbox.Position.Y = -132
[YgoDuelist] YgoSecondHandLayoutPatch: AFTER holder.Position.Y = -691.26483
[YgoDuelist] YgoSecondHandLayoutPatch: AFTER holder.TargetPosition.Y = -745
[YgoDuelist] YgoSecondHandLayoutPatch: AFTER holder.Hitbox.Position.Y = -132
[YgoDuelist] YgoSecondHandLayoutPatch EXIT return false
[YgoDuelist] YgoSecondHandLayoutPatch ENTER all=9 main=4 opts=5 FocusedHolderId=0 FocusedIsOpt=False
[YgoDuelist]   opts[0] holderId=100713631885 model=Command_Defend
[YgoDuelist]   opts[1] holderId=2802818497950 model=Command_Attack
[YgoDuelist]   opts[2] holderId=101468606650 model=Command_Change_Battle_Position
[YgoDuelist]   opts[3] holderId=2968862608328 model=Toggle_Die_For_You
[YgoDuelist]   opts[4] holderId=2969919573034 model=Exit_Monster_Options
[YgoDuelist] YgoSecondHandLayoutPatch: AFTER holder.Position.Y = -745
[YgoDuelist] YgoSecondHandLayoutPatch: AFTER holder.TargetPosition.Y = -745
[YgoDuelist] YgoSecondHandLayoutPatch: AFTER holder.Hitbox.Position.Y = -132
[YgoDuelist] YgoSecondHandLayoutPatch: AFTER holder.Position.Y = -745
[YgoDuelist] YgoSecondHandLayoutPatch: AFTER holder.TargetPosition.Y = -745
[YgoDuelist] YgoSecondHandLayoutPatch: AFTER holder.Hitbox.Position.Y = -132
[YgoDuelist] YgoSecondHandLayoutPatch: AFTER holder.Position.Y = -745
[YgoDuelist] YgoSecondHandLayoutPatch: AFTER holder.TargetPosition.Y = -745
[YgoDuelist] YgoSecondHandLayoutPatch: AFTER holder.Hitbox.Position.Y = -132
[YgoDuelist] YgoSecondHandLayoutPatch: AFTER holder.Position.Y = -720.65814
[YgoDuelist] YgoSecondHandLayoutPatch: AFTER holder.TargetPosition.Y = -745
[YgoDuelist] YgoSecondHandLayoutPatch: AFTER holder.Hitbox.Position.Y = -132
[YgoDuelist] YgoSecondHandLayoutPatch: AFTER holder.Position.Y = -717.4432
[YgoDuelist] YgoSecondHandLayoutPatch: AFTER holder.TargetPosition.Y = -745
[YgoDuelist] YgoSecondHandLayoutPatch: AFTER holder.Hitbox.Position.Y = -132
[YgoDuelist] YgoSecondHandLayoutPatch EXIT return false
[YgoDuelist] YgoSecondHandLayoutPatch ENTER all=9 main=4 opts=5 FocusedHolderId=100713631885 FocusedIsOpt=True
[YgoDuelist]   opts[0] holderId=100713631885 model=Command_Defend
[YgoDuelist]   opts[1] holderId=2802818497950 model=Command_Attack
[YgoDuelist]   opts[2] holderId=101468606650 model=Command_Change_Battle_Position
[YgoDuelist]   opts[3] holderId=2968862608328 model=Toggle_Die_For_You
[YgoDuelist]   opts[4] holderId=2969919573034 model=Exit_Monster_Options
[YgoDuelist] YgoSecondHandLayoutPatch: AFTER holder.Position.Y = -745
[YgoDuelist] YgoSecondHandLayoutPatch: AFTER holder.TargetPosition.Y = -745
[YgoDuelist] YgoSecondHandLayoutPatch: AFTER holder.Hitbox.Position.Y = -132
[YgoDuelist] YgoSecondHandLayoutPatch: AFTER holder.Position.Y = -745
[YgoDuelist] YgoSecondHandLayoutPatch: AFTER holder.TargetPosition.Y = -745
[YgoDuelist] YgoSecondHandLayoutPatch: AFTER holder.Hitbox.Position.Y = -132
[YgoDuelist] YgoSecondHandLayoutPatch: AFTER holder.Position.Y = -745
[YgoDuelist] YgoSecondHandLayoutPatch: AFTER holder.TargetPosition.Y = -745
[YgoDuelist] YgoSecondHandLayoutPatch: AFTER holder.Hitbox.Position.Y = -132
[YgoDuelist] YgoSecondHandLayoutPatch: AFTER holder.Position.Y = -723.49805
[YgoDuelist] YgoSecondHandLayoutPatch: AFTER holder.TargetPosition.Y = -745
[YgoDuelist] YgoSecondHandLayoutPatch: AFTER holder.Hitbox.Position.Y = -132
[YgoDuelist] YgoSecondHandLayoutPatch: AFTER holder.Position.Y = -720.65814
[YgoDuelist] YgoSecondHandLayoutPatch: AFTER holder.TargetPosition.Y = -745
[YgoDuelist] YgoSecondHandLayoutPatch: AFTER holder.Hitbox.Position.Y = -132
[YgoDuelist] YgoSecondHandLayoutPatch EXIT return false
[YgoDuelist] OnHolderPressed option holder id=100713631885 card=Command_Defend
[YgoLifecycle] StartCardPlay S1_EnterPrefix holderId=100713631885 model=Command_Defend index=4 inTree=True extra=needsSafePath=True
[YgoLifecycle] StartCardPlay S2_QueuedHolder holderId=100713631885 model=Command_Defend index=4 inTree=True extra=queuedIndex=4
[YgoDuelist] YgoSecondHandLayoutPatch ENTER all=9 main=4 opts=5 FocusedHolderId=0 FocusedIsOpt=False
[YgoDuelist]   opts[0] holderId=100713631885 model=Command_Defend
[YgoDuelist]   opts[1] holderId=2802818497950 model=Command_Attack
[YgoDuelist]   opts[2] holderId=101468606650 model=Command_Change_Battle_Position
[YgoDuelist]   opts[3] holderId=2968862608328 model=Toggle_Die_For_You
[YgoDuelist]   opts[4] holderId=2969919573034 model=Exit_Monster_Options
[YgoDuelist] YgoSecondHandLayoutPatch: AFTER holder.Position.Y = -745
[YgoDuelist] YgoSecondHandLayoutPatch: AFTER holder.TargetPosition.Y = -745
[YgoDuelist] YgoSecondHandLayoutPatch: AFTER holder.Hitbox.Position.Y = -132
[YgoDuelist] YgoSecondHandLayoutPatch: AFTER holder.Position.Y = -745
[YgoDuelist] YgoSecondHandLayoutPatch: AFTER holder.TargetPosition.Y = -745
[YgoDuelist] YgoSecondHandLayoutPatch: AFTER holder.Hitbox.Position.Y = -132
[YgoDuelist] YgoSecondHandLayoutPatch: AFTER holder.Position.Y = -745
[YgoDuelist] YgoSecondHandLayoutPatch: AFTER holder.TargetPosition.Y = -745
[YgoDuelist] YgoSecondHandLayoutPatch: AFTER holder.Hitbox.Position.Y = -132
[YgoDuelist] YgoSecondHandLayoutPatch: AFTER holder.Position.Y = -745
[YgoDuelist] YgoSecondHandLayoutPatch: AFTER holder.TargetPosition.Y = -745
[YgoDuelist] YgoSecondHandLayoutPatch: AFTER holder.Hitbox.Position.Y = -132
[YgoDuelist] YgoSecondHandLayoutPatch: AFTER holder.Position.Y = -745
[YgoDuelist] YgoSecondHandLayoutPatch: AFTER holder.TargetPosition.Y = -745
[YgoDuelist] YgoSecondHandLayoutPatch: AFTER holder.Hitbox.Position.Y = -132
[YgoDuelist] YgoSecondHandLayoutPatch EXIT return false
[YgoLifecycle] StartCardPlay S3_BeginDrag holderId=100713631885 model=Command_Defend index=7 inTree=True extra=
[YgoLifecycle] StartCardPlay S4_CardPlayCreated holderId=100713631885 model=Command_Defend index=7 inTree=True extra=cardPlayType=NMouseCardPlay
[YgoLifecycle] MouseStartAsync M1_Enter holderId=100713631885 model=Command_Defend holderInTree=True selfInTree=True extra=
[YgoLifecycle] MouseStartAsync M4_StartCardDrag_BeginAwait holderId=100713631885 model=Command_Defend holderInTree=True selfInTree=True extra=
[YgoLifecycle] MouseStartAsync M5_StartCardDrag_EndAwait holderId=100713631885 model=Command_Defend holderInTree=True selfInTree=True extra=
[YgoDuelist] YgoSecondHandLayoutPatch ENTER all=8 main=4 opts=4 FocusedHolderId=0 FocusedIsOpt=False
[YgoDuelist]   opts[0] holderId=2802818497950 model=Command_Attack
[YgoDuelist]   opts[1] holderId=101468606650 model=Command_Change_Battle_Position
[YgoDuelist]   opts[2] holderId=2968862608328 model=Toggle_Die_For_You
[YgoDuelist]   opts[3] holderId=2969919573034 model=Exit_Monster_Options
[YgoDuelist] YgoSecondHandLayoutPatch: AFTER holder.Position.Y = -745
[YgoDuelist] YgoSecondHandLayoutPatch: AFTER holder.TargetPosition.Y = -745
[YgoDuelist] YgoSecondHandLayoutPatch: AFTER holder.Hitbox.Position.Y = -132
[YgoDuelist] YgoSecondHandLayoutPatch: AFTER holder.Position.Y = -745
[YgoDuelist] YgoSecondHandLayoutPatch: AFTER holder.TargetPosition.Y = -745
[YgoDuelist] YgoSecondHandLayoutPatch: AFTER holder.Hitbox.Position.Y = -132
[YgoDuelist] YgoSecondHandLayoutPatch: AFTER holder.Position.Y = -745
[YgoDuelist] YgoSecondHandLayoutPatch: AFTER holder.TargetPosition.Y = -745
[YgoDuelist] YgoSecondHandLayoutPatch: AFTER holder.Hitbox.Position.Y = -132
[YgoDuelist] YgoSecondHandLayoutPatch: AFTER holder.Position.Y = -745
[YgoDuelist] YgoSecondHandLayoutPatch: AFTER holder.TargetPosition.Y = -745
[YgoDuelist] YgoSecondHandLayoutPatch: AFTER holder.Hitbox.Position.Y = -132
[YgoDuelist] YgoSecondHandLayoutPatch EXIT return false
[YgoLifecycle] StartCardPlay S8_StartCalled holderId=100713631885 model=Command_Defend index=7 inTree=True extra=
[YgoDuelist] StartCardPlay PREFIX: custom safe start path holderId=100713631885 index=4 isOption=True
[YgoDuelist] StartCardPlay POSTFIX: option holder - NMouseCardPlay created and Start() called
[YgoLifecycle] MouseStartAsync M10_TargetSelectionCompleted holderId=100713631885 model=Command_Defend holderInTree=True selfInTree=True extra=targetMode=ClickMouseToTarget
[YgoLifecycle] MouseStartAsync M13_InvokeTryPlayCard holderId=100713631885 model=Command_Defend holderInTree=True selfInTree=True extra=
[YgoDuelist] TryPlayCard ENTER option holder TargetType=Self target=NULL
[DEBUG] [ActionQueueSynchronizer] Sending message to client to enqueue action PlayCardAction card: CARD.YGODUELIST-COMMAND_DEFEND (253755) index: 25 targetid:  at 08:25:17
[DEBUG] [ActionQueueSynchronizer] Enqueueing action PlayCardAction card: CARD.YGODUELIST-COMMAND_DEFEND (253755) index: 25 targetid:  from owner 76561198345121322
[DEBUG] [ActionQueueSet] Enqueueing action PlayCardAction card: CARD.YGODUELIST-COMMAND_DEFEND (253755) index: 25 targetid:  to player queue owned by 76561198345121322
[DEBUG] [ActionExecutor] Action queue changed, beginning ExecuteActions
[VERYDEBUG] [ActionQueueSet] Attempting to find ready action
[VERYDEBUG] [ActionQueueSet] Action PlayCardAction card: CARD.YGODUELIST-COMMAND_DEFEND (253755) index: 25 targetid:  with id 28 belonging to 76561198345121322 becomes new ready action
[VERYDEBUG] [ActionQueueSet] Queue for player 76561198136285041 is empty
[VERYDEBUG] [ActionQueueSet] Got ready action PlayCardAction card: CARD.YGODUELIST-COMMAND_DEFEND (253755) index: 25 targetid:  (28)
[DEBUG] [ActionExecutor] Executing action: PlayCardAction card: CARD.YGODUELIST-COMMAND_DEFEND (253755) index: 25 targetid: 
[VERYDEBUG] [GameAction] Action PlayCardAction card: CARD.YGODUELIST-COMMAND_DEFEND (253755) index: 25 targetid:  began executing
[YgoDuelist] PlayCardFromOptionPile: ExecutePlayFromOptionPileAsync START
[YgoDuelist] PlayCardFromOptionPile: card=YGODUELIST-COMMAND_DEFEND type=Command_Defend TargetType=Self
[YgoDuelist][MP][OptionPile] post-target-resolve card=YGODUELIST-COMMAND_DEFEND source=YGODUELIST-QUEEN_S_DOUBLE sourcePetId=7 actionTargetId= resolvedTargetCombatId=
[YgoLifecycle] StartCardPlay S5_FinishedSignal holderId=100713631885 model=Command_Defend index=7 inTree=True extra=success=True
[YgoLifecycle] OptionHandUi O3_ShouldScrap_Decision holderId=100713631885 model=Command_Defend inTree=True visible=True inActive=False extra=playerNull=False cardInOptionPile=True shouldScrap=False
[YgoLifecycle] StartCardPlay S6b_SuccessPathScrapDecision holderId=100713631885 model=Command_Defend index=7 inTree=True extra=shouldScrap=False
[YgoDuelist] YgoSecondHandLayoutPatch ENTER all=8 main=4 opts=4 FocusedHolderId=0 FocusedIsOpt=False
[YgoDuelist]   opts[0] holderId=2802818497950 model=Command_Attack
[YgoDuelist]   opts[1] holderId=101468606650 model=Command_Change_Battle_Position
[YgoDuelist]   opts[2] holderId=2968862608328 model=Toggle_Die_For_You
[YgoDuelist]   opts[3] holderId=2969919573034 model=Exit_Monster_Options
[YgoDuelist] YgoSecondHandLayoutPatch: AFTER holder.Position.Y = -745
[YgoDuelist] YgoSecondHandLayoutPatch: AFTER holder.TargetPosition.Y = -745
[YgoDuelist] YgoSecondHandLayoutPatch: AFTER holder.Hitbox.Position.Y = -132
[YgoDuelist] YgoSecondHandLayoutPatch: AFTER holder.Position.Y = -745
[YgoDuelist] YgoSecondHandLayoutPatch: AFTER holder.TargetPosition.Y = -745
[YgoDuelist] YgoSecondHandLayoutPatch: AFTER holder.Hitbox.Position.Y = -132
[YgoDuelist] YgoSecondHandLayoutPatch: AFTER holder.Position.Y = -745
[YgoDuelist] YgoSecondHandLayoutPatch: AFTER holder.TargetPosition.Y = -745
[YgoDuelist] YgoSecondHandLayoutPatch: AFTER holder.Hitbox.Position.Y = -132
[YgoDuelist] YgoSecondHandLayoutPatch: AFTER holder.Position.Y = -745
[YgoDuelist] YgoSecondHandLayoutPatch: AFTER holder.TargetPosition.Y = -745
[YgoDuelist] YgoSecondHandLayoutPatch: AFTER holder.Hitbox.Position.Y = -132
[YgoDuelist] YgoSecondHandLayoutPatch EXIT return false
[YgoLifecycle] StartCardPlay S7_FinishedCleanupDone holderId=100713631885 model=Command_Defend index=7 inTree=True extra=
[YgoDuelist] PlayCardFromOptionPile: ExecutePlayFromOptionPileAsync END
[VERYDEBUG] [GameAction] Action PlayCardAction card: CARD.YGODUELIST-COMMAND_DEFEND (253755) index: 25 targetid:  finished execution
[DEBUG] [ChecksumTracker] Generating checksum for context: after executing action PlayCardAction card: CARD.YGODUELIST-COMMAND_DEFEND (253755) index: 25 targetid:  action: PlayCardAction card: CARD.YGODUELIST-COMMAND_DEFEND (253755) index: 25 targetid:  id: 29
[YgoDuelist][MP][Checksum][fp] netId=76561198136285041 | pt=1 n=4:YGODUELIST-DEFEND_YGO_DUELIST010,YGODUELIST-FIRE_SORCERER0bYgoDieForYouUserToggleOnFalseiPermanentAtkBonusFromExecutes01010002,20017,20041,20043,YGODUELIST-RECKLESS_GREED01010009,10011,YGODUELIST-STRIKE_YGO_DUELIST010 | pt=2 n=5:YGODUELIST-BURNING_LAND01010009,20024,YGODUELIST-DEFEND_YGO_DUELIST010,YGODUELIST-EARTH_EFFIGY0bYgoDieForYouUserToggleOnFalseiPermanentAtkBonusFromExecutes01010000,20015,20043,YGODUELIST-GAIA_POWER01010009,20027,YGODUELIST-STRIKE_YGO_DUELIST010 | pt=3 n=8:YGODUELIST-ARCANE_ARCHER_OF_THE_FOREST0bYgoDieForYouUserToggleOnFalseiPermanentAtkBonusFromExecutes01010000,20019,20043,YGODUELIST-DEFEND_YGO_DUELIST010,YGODUELIST-OJAMA_TRIO01010009,10011,YGODUELIST-OUTSTANDING_DOG_MARRON0bYgoDieForYouUserToggleOnFalseiPermanentAtkBonusFromExecutes01010004,20001,YGODUELIST-ROCKET_JUMPER0bYgoDieForYouUserToggleOnFalseiPermanentAtkBonusFromExecutes01010000,20015,20043,20045,YGODUELIST-SKELENGEL0bYgoDieForYouUserToggleOnFalseiPermanentAtkBonusFromExecutes01010004,20006,20041,YGODUELIST-STRIKE_YGO_DUELIST010,YGODUELIST-TRAP_OF_BOARD_ERASER01010009,10011 | pt=4 n=0: | pt=5 n=0: | pt=932200512 n=0: | pt=932200513 n=0: | pt=932200514 n=0: | pt=932200515 n=1:YGODUELIST-HOURGLASS_OF_COURAGE0bYgoDieForYouUserToggleOnFalseiPermanentAtkBonusFromExecutes01010004,20006,20043 | pt=932200516 n=1:YGODUELIST-TOTAL_DEFENSE_SHOGUN0bYgoDieForYouUserToggleOnFalseiPermanentAtkBonusFromExecutes01010005,20019,20034,20043 | pt=932200517 n=0: | pt=932200518 n=0:
[YgoDuelist][MP][Checksum][fp] netId=76561198345121322 | pt=1 n=6:YGODUELIST-DEFEND_YGO_DUELIST010,YGODUELIST-DEFEND_YGO_DUELIST010,YGODUELIST-FIRE_PRINCESS0bYgoDieForYouUserToggleOnFalseiPermanentAtkBonusFromExecutes01010002,20013,20043,YGODUELIST-KURAMA0bYgoDieForYouUserToggleOnFalseiPermanentAtkBonusFromExecutes01010003,20020,20043,YGODUELIST-STRIKE_YGO_DUELIST010,YGODUELIST-ZABORG_THE_THUNDER_MONARCH0bYgoDieForYouUserToggleOnFalseiPermanentAtkBonusFromExecutes01010004,20018,20034,20043 | pt=2 n=4:GREED0104,7,YGODUELIST-DEFEND_YGO_DUELIST010,YGODUELIST-STRIKE_YGO_DUELIST010,YGODUELIST-STRIKE_YGO_DUELIST010 | pt=3 n=0: | pt=4 n=0: | pt=5 n=0: | pt=932200512 n=0: | pt=932200513 n=1:YGODUELIST-THE_LAST_WARRIOR_FROM_ANOTHER_PLANET0bYgoDieForYouUserToggleOnFalseiPermanentAtkBonusFromExecutes0iSummonAbsorbPrintedDefBonus01010000,20019,20036,20043 | pt=932200514 n=0: | pt=932200515 n=0: | pt=932200516 n=2:YGODUELIST-QUEEN_S_DOUBLE0bYgoDieForYouUserToggleOnFalseiPermanentAtkBonusFromExecutes01010000,20019,20045,YGODUELIST-VERSAGO_THE_DESTROYER0bYgoDieForYouUserToggleOnFalseiPermanentAtkBonusFromExecutes01010005,20007,20043 | pt=932200517 n=2:YGODUELIST-RAIGEKI_BREAK01010009,10011,20045,YGODUELIST-YELLOW_LUSTER_SHIELD01010009,20024 | pt=932200518 n=0:
[DEBUG] [ActionExecutor] Completed execution of action PlayCardAction card: CARD.YGODUELIST-COMMAND_DEFEND (253755) index: 25 targetid: , attempting to find new action
[VERYDEBUG] [ActionQueueSet] Attempting to find ready action
[VERYDEBUG] [ActionQueueSet] Queue for player 76561198345121322 is empty
[VERYDEBUG] [ActionQueueSet] Queue for player 76561198136285041 is empty
[VERYDEBUG] [ActionQueueSet] No action is ready
[YgoLifecycle] OptionHandUi O1_ForceRelease_Enter holderId=100713631885 model=Command_Defend inTree=True visible=True inActive=False extra=
[YgoLifecycle] OptionHandUi O2_ForceRelease_QueuedFree holderId=100713631885 model=Command_Defend inTree=True visible=False inActive=False extra=
[YgoDuelist] OnSecondHandCardsChanged ENTER player=49413123 cardsCount=5
[YgoDuelist]   cards[0]=Command_Defend id=253755
[YgoDuelist]   cards[1]=Command_Attack id=2283802
[YgoDuelist]   cards[2]=Command_Change_Battle_Position id=20554222
[YgoDuelist]   cards[3]=Toggle_Die_For_You id=50770272
[YgoDuelist]   cards[4]=Exit_Monster_Options id=54279265
[YgoDuelist] RebuildForPlayer START handId=2525910549030 cardsCount=5
[YgoDuelist] TearDownSecondHandRow REMOVING 4 holders
[YgoDuelist] YgoSecondHandLayoutPatch ENTER all=7 main=4 opts=3 FocusedHolderId=0 FocusedIsOpt=False
[YgoDuelist]   opts[0] holderId=101468606650 model=Command_Change_Battle_Position
[YgoDuelist]   opts[1] holderId=2968862608328 model=Toggle_Die_For_You
[YgoDuelist]   opts[2] holderId=2969919573034 model=Exit_Monster_Options
[YgoDuelist] YgoSecondHandLayoutPatch: AFTER holder.Position.Y = -745
[YgoDuelist] YgoSecondHandLayoutPatch: AFTER holder.TargetPosition.Y = -745
[YgoDuelist] YgoSecondHandLayoutPatch: AFTER holder.Hitbox.Position.Y = -132
[YgoDuelist] YgoSecondHandLayoutPatch: AFTER holder.Position.Y = -745
[YgoDuelist] YgoSecondHandLayoutPatch: AFTER holder.TargetPosition.Y = -745
[YgoDuelist] YgoSecondHandLayoutPatch: AFTER holder.Hitbox.Position.Y = -132
[YgoDuelist] YgoSecondHandLayoutPatch: AFTER holder.Position.Y = -745
[YgoDuelist] YgoSecondHandLayoutPatch: AFTER holder.TargetPosition.Y = -745
[YgoDuelist] YgoSecondHandLayoutPatch: AFTER holder.Hitbox.Position.Y = -132
[YgoDuelist] YgoSecondHandLayoutPatch EXIT return false
[YgoDuelist] YgoSecondHandLayoutPatch ENTER all=6 main=4 opts=2 FocusedHolderId=0 FocusedIsOpt=False
[YgoDuelist]   opts[0] holderId=2968862608328 model=Toggle_Die_For_You
[YgoDuelist]   opts[1] holderId=2969919573034 model=Exit_Monster_Options
[YgoDuelist] YgoSecondHandLayoutPatch: AFTER holder.Position.Y = -745
[YgoDuelist] YgoSecondHandLayoutPatch: AFTER holder.TargetPosition.Y = -745
[YgoDuelist] YgoSecondHandLayoutPatch: AFTER holder.Hitbox.Position.Y = -132
[YgoDuelist] YgoSecondHandLayoutPatch: AFTER holder.Position.Y = -745
[YgoDuelist] YgoSecondHandLayoutPatch: AFTER holder.TargetPosition.Y = -745
[YgoDuelist] YgoSecondHandLayoutPatch: AFTER holder.Hitbox.Position.Y = -132
[YgoDuelist] YgoSecondHandLayoutPatch EXIT return false
[YgoDuelist] YgoSecondHandLayoutPatch ENTER all=5 main=4 opts=1 FocusedHolderId=0 FocusedIsOpt=False
[YgoDuelist]   opts[0] holderId=2969919573034 model=Exit_Monster_Options
[YgoDuelist] YgoSecondHandLayoutPatch: AFTER holder.Position.Y = -745
[YgoDuelist] YgoSecondHandLayoutPatch: AFTER holder.TargetPosition.Y = -745
[YgoDuelist] YgoSecondHandLayoutPatch: AFTER holder.Hitbox.Position.Y = -132
[YgoDuelist] YgoSecondHandLayoutPatch EXIT return false
[YgoDuelist] YgoSecondHandLayoutPatch ENTER all=4 main=4 opts=0 FocusedHolderId=0 FocusedIsOpt=False
[YgoDuelist] YgoSecondHandLayoutPatch EXIT return false
[YgoDuelist] RebuildForPlayer ADDING 5 holders
[YgoDuelist]   add[0] CREATE holderId=101334388914 model=Command_Defend
[YgoDuelist] RegisterOptionHolder ENTER handId=2525910549030 holderId=101334388914 index=-1 handChildCountBefore=8
[YgoDuelist] YgoSecondHandLayoutPatch ENTER all=5 main=4 opts=1 FocusedHolderId=0 FocusedIsOpt=False
[YgoDuelist]   opts[0] holderId=101334388914 model=?
[YgoDuelist] YgoSecondHandLayoutPatch: AFTER holder.Position.Y = -745
[YgoDuelist] YgoSecondHandLayoutPatch: AFTER holder.TargetPosition.Y = -745
[YgoDuelist] YgoSecondHandLayoutPatch: AFTER holder.Hitbox.Position.Y = -132
[YgoDuelist] YgoSecondHandLayoutPatch EXIT return false
[YgoDuelist] RegisterOptionHolder EXIT handId=2525910549030 holderId=101334388914 handChildCountAfter=8 holderIsInsideTree=True
[YgoDuelist]   add[0] after RegisterOptionHolder holderId=101334388914 IsInsideTree=True ChildCount=8
[WARN] [BaseLib] GetRawText: Key 'YGO_ATTRIBUTE_EARTH.title' not found in table 'static_hover_tips'
[WARN] [BaseLib] GetRawText: Key 'YGO_ATTRIBUTE_EARTH.description' not found in table 'static_hover_tips'
[WARN] [BaseLib] GetRawText: Key 'YGO_RACE_WARRIOR.title' not found in table 'static_hover_tips'
[WARN] [BaseLib] GetRawText: Key 'YGO_RACE_WARRIOR.description' not found in table 'static_hover_tips'
[YgoDuelist]   add[0] after Initialize holderId=101334388914 CardNode=63283660891 CardModel=Command_Defend
[YgoDuelist]   add[1] CREATE holderId=101200171178 model=Command_Attack
[YgoDuelist] RegisterOptionHolder ENTER handId=2525910549030 holderId=101200171178 index=-1 handChildCountBefore=8
[YgoDuelist] YgoSecondHandLayoutPatch ENTER all=6 main=4 opts=2 FocusedHolderId=0 FocusedIsOpt=False
[YgoDuelist]   opts[0] holderId=101334388914 model=Command_Defend
[YgoDuelist]   opts[1] holderId=101200171178 model=?
[YgoDuelist] YgoSecondHandLayoutPatch: AFTER holder.Position.Y = -745
[YgoDuelist] YgoSecondHandLayoutPatch: AFTER holder.TargetPosition.Y = -745
[YgoDuelist] YgoSecondHandLayoutPatch: AFTER holder.Hitbox.Position.Y = -132
[YgoDuelist] YgoSecondHandLayoutPatch: AFTER holder.Position.Y = -745
[YgoDuelist] YgoSecondHandLayoutPatch: AFTER holder.TargetPosition.Y = -745
[YgoDuelist] YgoSecondHandLayoutPatch: AFTER holder.Hitbox.Position.Y = -132
[YgoDuelist] YgoSecondHandLayoutPatch EXIT return false
[YgoDuelist] RegisterOptionHolder EXIT handId=2525910549030 holderId=101200171178 handChildCountAfter=8 holderIsInsideTree=True
[YgoDuelist]   add[1] after RegisterOptionHolder holderId=101200171178 IsInsideTree=True ChildCount=8
[WARN] [BaseLib] GetRawText: Key 'YGO_ATTRIBUTE_EARTH.title' not found in table 'static_hover_tips'
[WARN] [BaseLib] GetRawText: Key 'YGO_ATTRIBUTE_EARTH.description' not found in table 'static_hover_tips'
[WARN] [BaseLib] GetRawText: Key 'YGO_RACE_WARRIOR.title' not found in table 'static_hover_tips'
[WARN] [BaseLib] GetRawText: Key 'YGO_RACE_WARRIOR.description' not found in table 'static_hover_tips'
[YgoDuelist]   add[1] after Initialize holderId=101200171178 CardNode=62109255288 CardModel=Command_Attack
[YgoDuelist]   add[2] CREATE holderId=101065953442 model=Command_Change_Battle_Position
[YgoDuelist] RegisterOptionHolder ENTER handId=2525910549030 holderId=101065953442 index=-1 handChildCountBefore=8
[YgoDuelist] YgoSecondHandLayoutPatch ENTER all=7 main=4 opts=3 FocusedHolderId=0 FocusedIsOpt=False
[YgoDuelist]   opts[0] holderId=101334388914 model=Command_Defend
[YgoDuelist]   opts[1] holderId=101200171178 model=Command_Attack
[YgoDuelist]   opts[2] holderId=101065953442 model=?
[YgoDuelist] YgoSecondHandLayoutPatch: AFTER holder.Position.Y = -745
[YgoDuelist] YgoSecondHandLayoutPatch: AFTER holder.TargetPosition.Y = -745
[YgoDuelist] YgoSecondHandLayoutPatch: AFTER holder.Hitbox.Position.Y = -132
[YgoDuelist] YgoSecondHandLayoutPatch: AFTER holder.Position.Y = -745
[YgoDuelist] YgoSecondHandLayoutPatch: AFTER holder.TargetPosition.Y = -745
[YgoDuelist] YgoSecondHandLayoutPatch: AFTER holder.Hitbox.Position.Y = -132
[YgoDuelist] YgoSecondHandLayoutPatch: AFTER holder.Position.Y = -745
[YgoDuelist] YgoSecondHandLayoutPatch: AFTER holder.TargetPosition.Y = -745
[YgoDuelist] YgoSecondHandLayoutPatch: AFTER holder.Hitbox.Position.Y = -132
[YgoDuelist] YgoSecondHandLayoutPatch EXIT return false
[YgoDuelist] RegisterOptionHolder EXIT handId=2525910549030 holderId=101065953442 handChildCountAfter=8 holderIsInsideTree=True
[YgoDuelist]   add[2] after RegisterOptionHolder holderId=101065953442 IsInsideTree=True ChildCount=8
[WARN] [BaseLib] GetRawText: Key 'YGO_ATTRIBUTE_EARTH.title' not found in table 'static_hover_tips'
[WARN] [BaseLib] GetRawText: Key 'YGO_ATTRIBUTE_EARTH.description' not found in table 'static_hover_tips'
[WARN] [BaseLib] GetRawText: Key 'YGO_RACE_WARRIOR.title' not found in table 'static_hover_tips'
[WARN] [BaseLib] GetRawText: Key 'YGO_RACE_WARRIOR.description' not found in table 'static_hover_tips'
[YgoDuelist]   add[2] after Initialize holderId=101065953442 CardNode=2992149379609 CardModel=Command_Change_Battle_Position
[YgoDuelist]   add[3] CREATE holderId=101737042122 model=Toggle_Die_For_You
[YgoDuelist] RegisterOptionHolder ENTER handId=2525910549030 holderId=101737042122 index=-1 handChildCountBefore=8
[YgoDuelist] YgoSecondHandLayoutPatch ENTER all=8 main=4 opts=4 FocusedHolderId=0 FocusedIsOpt=False
[YgoDuelist]   opts[0] holderId=101334388914 model=Command_Defend
[YgoDuelist]   opts[1] holderId=101200171178 model=Command_Attack
[YgoDuelist]   opts[2] holderId=101065953442 model=Command_Change_Battle_Position
[YgoDuelist]   opts[3] holderId=101737042122 model=?
[YgoDuelist] YgoSecondHandLayoutPatch: AFTER holder.Position.Y = -745
[YgoDuelist] YgoSecondHandLayoutPatch: AFTER holder.TargetPosition.Y = -745
[YgoDuelist] YgoSecondHandLayoutPatch: AFTER holder.Hitbox.Position.Y = -132
[YgoDuelist] YgoSecondHandLayoutPatch: AFTER holder.Position.Y = -745
[YgoDuelist] YgoSecondHandLayoutPatch: AFTER holder.TargetPosition.Y = -745
[YgoDuelist] YgoSecondHandLayoutPatch: AFTER holder.Hitbox.Position.Y = -132
[YgoDuelist] YgoSecondHandLayoutPatch: AFTER holder.Position.Y = -745
[YgoDuelist] YgoSecondHandLayoutPatch: AFTER holder.TargetPosition.Y = -745
[YgoDuelist] YgoSecondHandLayoutPatch: AFTER holder.Hitbox.Position.Y = -132
[YgoDuelist] YgoSecondHandLayoutPatch: AFTER holder.Position.Y = -745
[YgoDuelist] YgoSecondHandLayoutPatch: AFTER holder.TargetPosition.Y = -745
[YgoDuelist] YgoSecondHandLayoutPatch: AFTER holder.Hitbox.Position.Y = -132
[YgoDuelist] YgoSecondHandLayoutPatch EXIT return false
[YgoDuelist] RegisterOptionHolder EXIT handId=2525910549030 holderId=101737042122 handChildCountAfter=8 holderIsInsideTree=True
[YgoDuelist]   add[3] after RegisterOptionHolder holderId=101737042122 IsInsideTree=True ChildCount=8
[WARN] [BaseLib] GetRawText: Key 'YGO_ATTRIBUTE_EARTH.title' not found in table 'static_hover_tips'
[WARN] [BaseLib] GetRawText: Key 'YGO_ATTRIBUTE_EARTH.description' not found in table 'static_hover_tips'
[WARN] [BaseLib] GetRawText: Key 'YGO_RACE_WARRIOR.title' not found in table 'static_hover_tips'
[WARN] [BaseLib] GetRawText: Key 'YGO_RACE_WARRIOR.description' not found in table 'static_hover_tips'
[YgoDuelist]   add[3] after Initialize holderId=101737042122 CardNode=2994246532506 CardModel=Toggle_Die_For_You
[YgoDuelist]   add[4] CREATE holderId=100931735706 model=Exit_Monster_Options
[YgoDuelist] RegisterOptionHolder ENTER handId=2525910549030 holderId=100931735706 index=-1 handChildCountBefore=8
[YgoDuelist] YgoSecondHandLayoutPatch ENTER all=9 main=4 opts=5 FocusedHolderId=0 FocusedIsOpt=False
[YgoDuelist]   opts[0] holderId=101334388914 model=Command_Defend
[YgoDuelist]   opts[1] holderId=101200171178 model=Command_Attack
[YgoDuelist]   opts[2] holderId=101065953442 model=Command_Change_Battle_Position
[YgoDuelist]   opts[3] holderId=101737042122 model=Toggle_Die_For_You
[YgoDuelist]   opts[4] holderId=100931735706 model=?
[YgoDuelist] YgoSecondHandLayoutPatch: AFTER holder.Position.Y = -745
[YgoDuelist] YgoSecondHandLayoutPatch: AFTER holder.TargetPosition.Y = -745
[YgoDuelist] YgoSecondHandLayoutPatch: AFTER holder.Hitbox.Position.Y = -132
[YgoDuelist] YgoSecondHandLayoutPatch: AFTER holder.Position.Y = -745
[YgoDuelist] YgoSecondHandLayoutPatch: AFTER holder.TargetPosition.Y = -745
[YgoDuelist] YgoSecondHandLayoutPatch: AFTER holder.Hitbox.Position.Y = -132
[YgoDuelist] YgoSecondHandLayoutPatch: AFTER holder.Position.Y = -745
[YgoDuelist] YgoSecondHandLayoutPatch: AFTER holder.TargetPosition.Y = -745
[YgoDuelist] YgoSecondHandLayoutPatch: AFTER holder.Hitbox.Position.Y = -132
[YgoDuelist] YgoSecondHandLayoutPatch: AFTER holder.Position.Y = -745
[YgoDuelist] YgoSecondHandLayoutPatch: AFTER holder.TargetPosition.Y = -745
[YgoDuelist] YgoSecondHandLayoutPatch: AFTER holder.Hitbox.Position.Y = -132
[YgoDuelist] YgoSecondHandLayoutPatch: AFTER holder.Position.Y = -745
[YgoDuelist] YgoSecondHandLayoutPatch: AFTER holder.TargetPosition.Y = -745
[YgoDuelist] YgoSecondHandLayoutPatch: AFTER holder.Hitbox.Position.Y = -132
[YgoDuelist] YgoSecondHandLayoutPatch EXIT return false
[YgoDuelist] RegisterOptionHolder EXIT handId=2525910549030 holderId=100931735706 handChildCountAfter=8 holderIsInsideTree=True
[YgoDuelist]   add[4] after RegisterOptionHolder holderId=100931735706 IsInsideTree=True ChildCount=8
[WARN] [BaseLib] GetRawText: Key 'YGO_ATTRIBUTE_EARTH.title' not found in table 'static_hover_tips'
[WARN] [BaseLib] GetRawText: Key 'YGO_ATTRIBUTE_EARTH.description' not found in table 'static_hover_tips'
[WARN] [BaseLib] GetRawText: Key 'YGO_RACE_WARRIOR.title' not found in table 'static_hover_tips'
[WARN] [BaseLib] GetRawText: Key 'YGO_RACE_WARRIOR.description' not found in table 'static_hover_tips'
[YgoDuelist]   add[4] after Initialize holderId=100931735706 CardNode=2996410793359 CardModel=Exit_Monster_Options
[YgoDuelist] RebuildForPlayer END totalHolders=5 handActiveHoldersCount=9
[YgoDuelist] OnSecondHandCardsChanged EXIT RebuildForPlayer done
[YgoDuelist] Hover start on duel pet: DuelMonsterModel
[YgoDuelist] Right mouse button pressed.
[YgoDuelist] Right-click on duel pet: DuelMonsterModel
[DEBUG] [ActionQueueSynchronizer] Sending message to client to enqueue action YgoMonsterMenuCommandGameAction owner=76561198345121322 OpenMonsterOptions pet=4 at 08:25:18
[DEBUG] [ActionQueueSynchronizer] Enqueueing action YgoMonsterMenuCommandGameAction owner=76561198345121322 OpenMonsterOptions pet=4 from owner 76561198345121322
[DEBUG] [ActionQueueSet] Enqueueing action YgoMonsterMenuCommandGameAction owner=76561198345121322 OpenMonsterOptions pet=4 to player queue owned by 76561198345121322
[DEBUG] [ActionExecutor] Action queue changed, beginning ExecuteActions
[VERYDEBUG] [ActionQueueSet] Attempting to find ready action
[VERYDEBUG] [ActionQueueSet] Action YgoMonsterMenuCommandGameAction owner=76561198345121322 OpenMonsterOptions pet=4 with id 29 belonging to 76561198345121322 becomes new ready action
[VERYDEBUG] [ActionQueueSet] Queue for player 76561198136285041 is empty
[VERYDEBUG] [ActionQueueSet] Got ready action YgoMonsterMenuCommandGameAction owner=76561198345121322 OpenMonsterOptions pet=4 (29)
[DEBUG] [ActionExecutor] Executing action: YgoMonsterMenuCommandGameAction owner=76561198345121322 OpenMonsterOptions pet=4
[VERYDEBUG] [GameAction] Action YgoMonsterMenuCommandGameAction owner=76561198345121322 OpenMonsterOptions pet=4 began executing
[YgoDuelist][MP] YgoMonsterMenuCommandGameAction: kind=OpenMonsterOptions ownerNetId=76561198345121322 petCombatId=4 hasEnemy=False
[YgoDuelist] OnSecondHandCardsChanged ENTER player=49413123 cardsCount=5
[YgoDuelist]   cards[0]=Command_Defend id=15171410
[YgoDuelist]   cards[1]=Command_Attack id=2324967
[YgoDuelist]   cards[2]=Command_Change_Battle_Position id=20924708
[YgoDuelist]   cards[3]=Toggle_Die_For_You id=54104651
[YgoDuelist]   cards[4]=Exit_Monster_Options id=17179811
[YgoDuelist] RebuildForPlayer START handId=2525910549030 cardsCount=5
[YgoDuelist] TearDownSecondHandRow REMOVING 5 holders
[YgoDuelist] YgoSecondHandLayoutPatch ENTER all=8 main=4 opts=4 FocusedHolderId=0 FocusedIsOpt=False
[YgoDuelist]   opts[0] holderId=101200171178 model=Command_Attack
[YgoDuelist]   opts[1] holderId=101065953442 model=Command_Change_Battle_Position
[YgoDuelist]   opts[2] holderId=101737042122 model=Toggle_Die_For_You
[YgoDuelist]   opts[3] holderId=100931735706 model=Exit_Monster_Options
[YgoDuelist] YgoSecondHandLayoutPatch: AFTER holder.Position.Y = -745
[YgoDuelist] YgoSecondHandLayoutPatch: AFTER holder.TargetPosition.Y = -745
[YgoDuelist] YgoSecondHandLayoutPatch: AFTER holder.Hitbox.Position.Y = -132
[YgoDuelist] YgoSecondHandLayoutPatch: AFTER holder.Position.Y = -745
[YgoDuelist] YgoSecondHandLayoutPatch: AFTER holder.TargetPosition.Y = -745
[YgoDuelist] YgoSecondHandLayoutPatch: AFTER holder.Hitbox.Position.Y = -132
[YgoDuelist] YgoSecondHandLayoutPatch: AFTER holder.Position.Y = -745
[YgoDuelist] YgoSecondHandLayoutPatch: AFTER holder.TargetPosition.Y = -745
[YgoDuelist] YgoSecondHandLayoutPatch: AFTER holder.Hitbox.Position.Y = -132
[YgoDuelist] YgoSecondHandLayoutPatch: AFTER holder.Position.Y = -745
[YgoDuelist] YgoSecondHandLayoutPatch: AFTER holder.TargetPosition.Y = -745
[YgoDuelist] YgoSecondHandLayoutPatch: AFTER holder.Hitbox.Position.Y = -132
[YgoDuelist] YgoSecondHandLayoutPatch EXIT return false
[YgoDuelist] YgoSecondHandLayoutPatch ENTER all=7 main=4 opts=3 FocusedHolderId=0 FocusedIsOpt=False
[YgoDuelist]   opts[0] holderId=101065953442 model=Command_Change_Battle_Position
[YgoDuelist]   opts[1] holderId=101737042122 model=Toggle_Die_For_You
[YgoDuelist]   opts[2] holderId=100931735706 model=Exit_Monster_Options
[YgoDuelist] YgoSecondHandLayoutPatch: AFTER holder.Position.Y = -745
[YgoDuelist] YgoSecondHandLayoutPatch: AFTER holder.TargetPosition.Y = -745
[YgoDuelist] YgoSecondHandLayoutPatch: AFTER holder.Hitbox.Position.Y = -132
[YgoDuelist] YgoSecondHandLayoutPatch: AFTER holder.Position.Y = -745
[YgoDuelist] YgoSecondHandLayoutPatch: AFTER holder.TargetPosition.Y = -745
[YgoDuelist] YgoSecondHandLayoutPatch: AFTER holder.Hitbox.Position.Y = -132
[YgoDuelist] YgoSecondHandLayoutPatch: AFTER holder.Position.Y = -745
[YgoDuelist] YgoSecondHandLayoutPatch: AFTER holder.TargetPosition.Y = -745
[YgoDuelist] YgoSecondHandLayoutPatch: AFTER holder.Hitbox.Position.Y = -132
[YgoDuelist] YgoSecondHandLayoutPatch EXIT return false
[YgoDuelist] YgoSecondHandLayoutPatch ENTER all=6 main=4 opts=2 FocusedHolderId=0 FocusedIsOpt=False
[YgoDuelist]   opts[0] holderId=101737042122 model=Toggle_Die_For_You
[YgoDuelist]   opts[1] holderId=100931735706 model=Exit_Monster_Options
[YgoDuelist] YgoSecondHandLayoutPatch: AFTER holder.Position.Y = -745
[YgoDuelist] YgoSecondHandLayoutPatch: AFTER holder.TargetPosition.Y = -745
[YgoDuelist] YgoSecondHandLayoutPatch: AFTER holder.Hitbox.Position.Y = -132
[YgoDuelist] YgoSecondHandLayoutPatch: AFTER holder.Position.Y = -745
[YgoDuelist] YgoSecondHandLayoutPatch: AFTER holder.TargetPosition.Y = -745
[YgoDuelist] YgoSecondHandLayoutPatch: AFTER holder.Hitbox.Position.Y = -132
[YgoDuelist] YgoSecondHandLayoutPatch EXIT return false
[YgoDuelist] YgoSecondHandLayoutPatch ENTER all=5 main=4 opts=1 FocusedHolderId=0 FocusedIsOpt=False
[YgoDuelist]   opts[0] holderId=100931735706 model=Exit_Monster_Options
[YgoDuelist] YgoSecondHandLayoutPatch: AFTER holder.Position.Y = -745
[YgoDuelist] YgoSecondHandLayoutPatch: AFTER holder.TargetPosition.Y = -745
[YgoDuelist] YgoSecondHandLayoutPatch: AFTER holder.Hitbox.Position.Y = -132
[YgoDuelist] YgoSecondHandLayoutPatch EXIT return false
[YgoDuelist] YgoSecondHandLayoutPatch ENTER all=4 main=4 opts=0 FocusedHolderId=0 FocusedIsOpt=False
[YgoDuelist] YgoSecondHandLayoutPatch EXIT return false
[YgoDuelist] RebuildForPlayer ADDING 5 holders
[YgoDuelist]   add[0] CREATE holderId=2969919573034 model=Command_Defend
[YgoDuelist] RegisterOptionHolder ENTER handId=2525910549030 holderId=2969919573034 index=-1 handChildCountBefore=7
[YgoDuelist] YgoSecondHandLayoutPatch ENTER all=5 main=4 opts=1 FocusedHolderId=0 FocusedIsOpt=False
[YgoDuelist]   opts[0] holderId=2969919573034 model=?
[YgoDuelist] YgoSecondHandLayoutPatch: AFTER holder.Position.Y = -745
[YgoDuelist] YgoSecondHandLayoutPatch: AFTER holder.TargetPosition.Y = -745
[YgoDuelist] YgoSecondHandLayoutPatch: AFTER holder.Hitbox.Position.Y = -132
[YgoDuelist] YgoSecondHandLayoutPatch EXIT return false
[YgoDuelist] RegisterOptionHolder EXIT handId=2525910549030 holderId=2969919573034 handChildCountAfter=7 holderIsInsideTree=True
[YgoDuelist]   add[0] after RegisterOptionHolder holderId=2969919573034 IsInsideTree=True ChildCount=7
[WARN] [BaseLib] GetRawText: Key 'YGO_ATTRIBUTE_DARK.title' not found in table 'static_hover_tips'
[WARN] [BaseLib] GetRawText: Key 'YGO_ATTRIBUTE_DARK.description' not found in table 'static_hover_tips'
[WARN] [BaseLib] GetRawText: Key 'YGO_RACE_FIEND.title' not found in table 'static_hover_tips'
[WARN] [BaseLib] GetRawText: Key 'YGO_RACE_FIEND.description' not found in table 'static_hover_tips'
[WARN] [BaseLib] GetRawText: Key 'YGO_RACE_FIEND.title' not found in table 'static_hover_tips'
[WARN] [BaseLib] GetRawText: Key 'YGO_RACE_FIEND.description' not found in table 'static_hover_tips'
[YgoDuelist]   add[0] after Initialize holderId=2969919573034 CardNode=3002417023422 CardModel=Command_Defend
[YgoDuelist]   add[1] CREATE holderId=2968862608328 model=Command_Attack
[YgoDuelist] RegisterOptionHolder ENTER handId=2525910549030 holderId=2968862608328 index=-1 handChildCountBefore=7
[YgoDuelist] YgoSecondHandLayoutPatch ENTER all=6 main=4 opts=2 FocusedHolderId=0 FocusedIsOpt=False
[YgoDuelist]   opts[0] holderId=2969919573034 model=Command_Defend
[YgoDuelist]   opts[1] holderId=2968862608328 model=?
[YgoDuelist] YgoSecondHandLayoutPatch: AFTER holder.Position.Y = -745
[YgoDuelist] YgoSecondHandLayoutPatch: AFTER holder.TargetPosition.Y = -745
[YgoDuelist] YgoSecondHandLayoutPatch: AFTER holder.Hitbox.Position.Y = -132
[YgoDuelist] YgoSecondHandLayoutPatch: AFTER holder.Position.Y = -745
[YgoDuelist] YgoSecondHandLayoutPatch: AFTER holder.TargetPosition.Y = -745
[YgoDuelist] YgoSecondHandLayoutPatch: AFTER holder.Hitbox.Position.Y = -132
[YgoDuelist] YgoSecondHandLayoutPatch EXIT return false
[YgoDuelist] RegisterOptionHolder EXIT handId=2525910549030 holderId=2968862608328 handChildCountAfter=7 holderIsInsideTree=True
[YgoDuelist]   add[1] after RegisterOptionHolder holderId=2968862608328 IsInsideTree=True ChildCount=7
[WARN] [BaseLib] GetRawText: Key 'YGO_ATTRIBUTE_DARK.title' not found in table 'static_hover_tips'
[WARN] [BaseLib] GetRawText: Key 'YGO_ATTRIBUTE_DARK.description' not found in table 'static_hover_tips'
[WARN] [BaseLib] GetRawText: Key 'YGO_RACE_FIEND.title' not found in table 'static_hover_tips'
[WARN] [BaseLib] GetRawText: Key 'YGO_RACE_FIEND.description' not found in table 'static_hover_tips'
[WARN] [BaseLib] GetRawText: Key 'YGO_RACE_FIEND.title' not found in table 'static_hover_tips'
[WARN] [BaseLib] GetRawText: Key 'YGO_RACE_FIEND.description' not found in table 'static_hover_tips'
[YgoDuelist]   add[1] after Initialize holderId=2968862608328 CardNode=3004497412520 CardModel=Command_Attack
[YgoDuelist]   add[2] CREATE holderId=101468606650 model=Command_Change_Battle_Position
[YgoDuelist] RegisterOptionHolder ENTER handId=2525910549030 holderId=101468606650 index=-1 handChildCountBefore=7
[YgoDuelist] YgoSecondHandLayoutPatch ENTER all=7 main=4 opts=3 FocusedHolderId=0 FocusedIsOpt=False
[YgoDuelist]   opts[0] holderId=2969919573034 model=Command_Defend
[YgoDuelist]   opts[1] holderId=2968862608328 model=Command_Attack
[YgoDuelist]   opts[2] holderId=101468606650 model=?
[YgoDuelist] YgoSecondHandLayoutPatch: AFTER holder.Position.Y = -745
[YgoDuelist] YgoSecondHandLayoutPatch: AFTER holder.TargetPosition.Y = -745
[YgoDuelist] YgoSecondHandLayoutPatch: AFTER holder.Hitbox.Position.Y = -132
[YgoDuelist] YgoSecondHandLayoutPatch: AFTER holder.Position.Y = -745
[YgoDuelist] YgoSecondHandLayoutPatch: AFTER holder.TargetPosition.Y = -745
[YgoDuelist] YgoSecondHandLayoutPatch: AFTER holder.Hitbox.Position.Y = -132
[YgoDuelist] YgoSecondHandLayoutPatch: AFTER holder.Position.Y = -745
[YgoDuelist] YgoSecondHandLayoutPatch: AFTER holder.TargetPosition.Y = -745
[YgoDuelist] YgoSecondHandLayoutPatch: AFTER holder.Hitbox.Position.Y = -132
[YgoDuelist] YgoSecondHandLayoutPatch EXIT return false
[YgoDuelist] RegisterOptionHolder EXIT handId=2525910549030 holderId=101468606650 handChildCountAfter=7 holderIsInsideTree=True
[YgoDuelist]   add[2] after RegisterOptionHolder holderId=101468606650 IsInsideTree=True ChildCount=7
[WARN] [BaseLib] GetRawText: Key 'YGO_ATTRIBUTE_DARK.title' not found in table 'static_hover_tips'
[WARN] [BaseLib] GetRawText: Key 'YGO_ATTRIBUTE_DARK.description' not found in table 'static_hover_tips'
[WARN] [BaseLib] GetRawText: Key 'YGO_RACE_FIEND.title' not found in table 'static_hover_tips'
[WARN] [BaseLib] GetRawText: Key 'YGO_RACE_FIEND.description' not found in table 'static_hover_tips'
[WARN] [BaseLib] GetRawText: Key 'YGO_RACE_FIEND.title' not found in table 'static_hover_tips'
[WARN] [BaseLib] GetRawText: Key 'YGO_RACE_FIEND.description' not found in table 'static_hover_tips'
[YgoDuelist]   add[2] after Initialize holderId=101468606650 CardNode=3006644892694 CardModel=Command_Change_Battle_Position
[YgoDuelist]   add[3] CREATE holderId=2802818497950 model=Toggle_Die_For_You
[YgoDuelist] RegisterOptionHolder ENTER handId=2525910549030 holderId=2802818497950 index=-1 handChildCountBefore=7
[YgoDuelist] YgoSecondHandLayoutPatch ENTER all=8 main=4 opts=4 FocusedHolderId=0 FocusedIsOpt=False
[YgoDuelist]   opts[0] holderId=2969919573034 model=Command_Defend
[YgoDuelist]   opts[1] holderId=2968862608328 model=Command_Attack
[YgoDuelist]   opts[2] holderId=101468606650 model=Command_Change_Battle_Position
[YgoDuelist]   opts[3] holderId=2802818497950 model=?
[YgoDuelist] YgoSecondHandLayoutPatch: AFTER holder.Position.Y = -745
[YgoDuelist] YgoSecondHandLayoutPatch: AFTER holder.TargetPosition.Y = -745
[YgoDuelist] YgoSecondHandLayoutPatch: AFTER holder.Hitbox.Position.Y = -132
[YgoDuelist] YgoSecondHandLayoutPatch: AFTER holder.Position.Y = -745
[YgoDuelist] YgoSecondHandLayoutPatch: AFTER holder.TargetPosition.Y = -745
[YgoDuelist] YgoSecondHandLayoutPatch: AFTER holder.Hitbox.Position.Y = -132
[YgoDuelist] YgoSecondHandLayoutPatch: AFTER holder.Position.Y = -745
[YgoDuelist] YgoSecondHandLayoutPatch: AFTER holder.TargetPosition.Y = -745
[YgoDuelist] YgoSecondHandLayoutPatch: AFTER holder.Hitbox.Position.Y = -132
[YgoDuelist] YgoSecondHandLayoutPatch: AFTER holder.Position.Y = -745
[YgoDuelist] YgoSecondHandLayoutPatch: AFTER holder.TargetPosition.Y = -745
[YgoDuelist] YgoSecondHandLayoutPatch: AFTER holder.Hitbox.Position.Y = -132
[YgoDuelist] YgoSecondHandLayoutPatch EXIT return false
[YgoDuelist] RegisterOptionHolder EXIT handId=2525910549030 holderId=2802818497950 handChildCountAfter=7 holderIsInsideTree=True
[YgoDuelist]   add[3] after RegisterOptionHolder holderId=2802818497950 IsInsideTree=True ChildCount=7
[WARN] [BaseLib] GetRawText: Key 'YGO_ATTRIBUTE_DARK.title' not found in table 'static_hover_tips'
[WARN] [BaseLib] GetRawText: Key 'YGO_ATTRIBUTE_DARK.description' not found in table 'static_hover_tips'
[WARN] [BaseLib] GetRawText: Key 'YGO_RACE_FIEND.title' not found in table 'static_hover_tips'
[WARN] [BaseLib] GetRawText: Key 'YGO_RACE_FIEND.description' not found in table 'static_hover_tips'
[WARN] [BaseLib] GetRawText: Key 'YGO_RACE_FIEND.title' not found in table 'static_hover_tips'
[WARN] [BaseLib] GetRawText: Key 'YGO_RACE_FIEND.description' not found in table 'static_hover_tips'
[YgoDuelist]   add[3] after Initialize holderId=2802818497950 CardNode=3008775599053 CardModel=Toggle_Die_For_You
[YgoDuelist]   add[4] CREATE holderId=3010520435836 model=Exit_Monster_Options
[YgoDuelist] RegisterOptionHolder ENTER handId=2525910549030 holderId=3010520435836 index=-1 handChildCountBefore=7
[YgoDuelist] YgoSecondHandLayoutPatch ENTER all=9 main=4 opts=5 FocusedHolderId=0 FocusedIsOpt=False
[YgoDuelist]   opts[0] holderId=2969919573034 model=Command_Defend
[YgoDuelist]   opts[1] holderId=2968862608328 model=Command_Attack
[YgoDuelist]   opts[2] holderId=101468606650 model=Command_Change_Battle_Position
[YgoDuelist]   opts[3] holderId=2802818497950 model=Toggle_Die_For_You
[YgoDuelist]   opts[4] holderId=3010520435836 model=?
[YgoDuelist] YgoSecondHandLayoutPatch: AFTER holder.Position.Y = -745
[YgoDuelist] YgoSecondHandLayoutPatch: AFTER holder.TargetPosition.Y = -745
[YgoDuelist] YgoSecondHandLayoutPatch: AFTER holder.Hitbox.Position.Y = -132
[YgoDuelist] YgoSecondHandLayoutPatch: AFTER holder.Position.Y = -745
[YgoDuelist] YgoSecondHandLayoutPatch: AFTER holder.TargetPosition.Y = -745
[YgoDuelist] YgoSecondHandLayoutPatch: AFTER holder.Hitbox.Position.Y = -132
[YgoDuelist] YgoSecondHandLayoutPatch: AFTER holder.Position.Y = -745
[YgoDuelist] YgoSecondHandLayoutPatch: AFTER holder.TargetPosition.Y = -745
[YgoDuelist] YgoSecondHandLayoutPatch: AFTER holder.Hitbox.Position.Y = -132
[YgoDuelist] YgoSecondHandLayoutPatch: AFTER holder.Position.Y = -745
[YgoDuelist] YgoSecondHandLayoutPatch: AFTER holder.TargetPosition.Y = -745
[YgoDuelist] YgoSecondHandLayoutPatch: AFTER holder.Hitbox.Position.Y = -132
[YgoDuelist] YgoSecondHandLayoutPatch: AFTER holder.Position.Y = -86.91667
[YgoDuelist] YgoSecondHandLayoutPatch: AFTER holder.TargetPosition.Y = -745
[YgoDuelist] YgoSecondHandLayoutPatch: AFTER holder.Hitbox.Position.Y = -132
[YgoDuelist] YgoSecondHandLayoutPatch EXIT return false
[YgoDuelist] RegisterOptionHolder EXIT handId=2525910549030 holderId=3010520435836 handChildCountAfter=7 holderIsInsideTree=True
[YgoDuelist]   add[4] after RegisterOptionHolder holderId=3010520435836 IsInsideTree=True ChildCount=7
[WARN] [BaseLib] GetRawText: Key 'YGO_ATTRIBUTE_DARK.title' not found in table 'static_hover_tips'
[WARN] [BaseLib] GetRawText: Key 'YGO_ATTRIBUTE_DARK.description' not found in table 'static_hover_tips'
[WARN] [BaseLib] GetRawText: Key 'YGO_RACE_FIEND.title' not found in table 'static_hover_tips'
[WARN] [BaseLib] GetRawText: Key 'YGO_RACE_FIEND.description' not found in table 'static_hover_tips'
[WARN] [BaseLib] GetRawText: Key 'YGO_RACE_FIEND.title' not found in table 'static_hover_tips'
[WARN] [BaseLib] GetRawText: Key 'YGO_RACE_FIEND.description' not found in table 'static_hover_tips'
[YgoDuelist]   add[4] after Initialize holderId=3010520435836 CardNode=3011107638405 CardModel=Exit_Monster_Options
[YgoDuelist] RebuildForPlayer END totalHolders=5 handActiveHoldersCount=9
[YgoDuelist] OnSecondHandCardsChanged EXIT RebuildForPlayer done
[YgoDuelist][MP][OptionPile] OpenMonsterOptions: player=76561198345121322 count=5 ids=[YGODUELIST-EXIT_MONSTER_OPTIONS=34, YGODUELIST-TOGGLE_DIE_FOR_YOU=33, YGODUELIST-COMMAND_CHANGE_BATTLE_POSITION=32, YGODUELIST-COMMAND_ATTACK=31, YGODUELIST-COMMAND_DEFEND=30]
[VERYDEBUG] [GameAction] Action YgoMonsterMenuCommandGameAction owner=76561198345121322 OpenMonsterOptions pet=4 finished execution
[DEBUG] [ChecksumTracker] Generating checksum for context: after executing action YgoMonsterMenuCommandGameAction owner=76561198345121322 OpenMonsterOptions pet=4 action: YgoMonsterMenuCommandGameAction owner=76561198345121322 OpenMonsterOptions pet=4 id: 30
[YgoDuelist][MP][Checksum][fp] netId=76561198136285041 | pt=1 n=4:YGODUELIST-DEFEND_YGO_DUELIST010,YGODUELIST-FIRE_SORCERER0bYgoDieForYouUserToggleOnFalseiPermanentAtkBonusFromExecutes01010002,20017,20041,20043,YGODUELIST-RECKLESS_GREED01010009,10011,YGODUELIST-STRIKE_YGO_DUELIST010 | pt=2 n=5:YGODUELIST-BURNING_LAND01010009,20024,YGODUELIST-DEFEND_YGO_DUELIST010,YGODUELIST-EARTH_EFFIGY0bYgoDieForYouUserToggleOnFalseiPermanentAtkBonusFromExecutes01010000,20015,20043,YGODUELIST-GAIA_POWER01010009,20027,YGODUELIST-STRIKE_YGO_DUELIST010 | pt=3 n=8:YGODUELIST-ARCANE_ARCHER_OF_THE_FOREST0bYgoDieForYouUserToggleOnFalseiPermanentAtkBonusFromExecutes01010000,20019,20043,YGODUELIST-DEFEND_YGO_DUELIST010,YGODUELIST-OJAMA_TRIO01010009,10011,YGODUELIST-OUTSTANDING_DOG_MARRON0bYgoDieForYouUserToggleOnFalseiPermanentAtkBonusFromExecutes01010004,20001,YGODUELIST-ROCKET_JUMPER0bYgoDieForYouUserToggleOnFalseiPermanentAtkBonusFromExecutes01010000,20015,20043,20045,YGODUELIST-SKELENGEL0bYgoDieForYouUserToggleOnFalseiPermanentAtkBonusFromExecutes01010004,20006,20041,YGODUELIST-STRIKE_YGO_DUELIST010,YGODUELIST-TRAP_OF_BOARD_ERASER01010009,10011 | pt=4 n=0: | pt=5 n=0: | pt=932200512 n=0: | pt=932200513 n=0: | pt=932200514 n=0: | pt=932200515 n=1:YGODUELIST-HOURGLASS_OF_COURAGE0bYgoDieForYouUserToggleOnFalseiPermanentAtkBonusFromExecutes01010004,20006,20043 | pt=932200516 n=1:YGODUELIST-TOTAL_DEFENSE_SHOGUN0bYgoDieForYouUserToggleOnFalseiPermanentAtkBonusFromExecutes01010005,20019,20034,20043 | pt=932200517 n=0: | pt=932200518 n=0:
[YgoDuelist][MP][Checksum][fp] netId=76561198345121322 | pt=1 n=6:YGODUELIST-DEFEND_YGO_DUELIST010,YGODUELIST-DEFEND_YGO_DUELIST010,YGODUELIST-FIRE_PRINCESS0bYgoDieForYouUserToggleOnFalseiPermanentAtkBonusFromExecutes01010002,20013,20043,YGODUELIST-KURAMA0bYgoDieForYouUserToggleOnFalseiPermanentAtkBonusFromExecutes01010003,20020,20043,YGODUELIST-STRIKE_YGO_DUELIST010,YGODUELIST-ZABORG_THE_THUNDER_MONARCH0bYgoDieForYouUserToggleOnFalseiPermanentAtkBonusFromExecutes01010004,20018,20034,20043 | pt=2 n=4:GREED0104,7,YGODUELIST-DEFEND_YGO_DUELIST010,YGODUELIST-STRIKE_YGO_DUELIST010,YGODUELIST-STRIKE_YGO_DUELIST010 | pt=3 n=0: | pt=4 n=0: | pt=5 n=0: | pt=932200512 n=0: | pt=932200513 n=1:YGODUELIST-THE_LAST_WARRIOR_FROM_ANOTHER_PLANET0bYgoDieForYouUserToggleOnFalseiPermanentAtkBonusFromExecutes0iSummonAbsorbPrintedDefBonus01010000,20019,20036,20043 | pt=932200514 n=0: | pt=932200515 n=0: | pt=932200516 n=2:YGODUELIST-QUEEN_S_DOUBLE0bYgoDieForYouUserToggleOnFalseiPermanentAtkBonusFromExecutes01010000,20019,20045,YGODUELIST-VERSAGO_THE_DESTROYER0bYgoDieForYouUserToggleOnFalseiPermanentAtkBonusFromExecutes01010005,20007,20043 | pt=932200517 n=2:YGODUELIST-RAIGEKI_BREAK01010009,10011,20045,YGODUELIST-YELLOW_LUSTER_SHIELD01010009,20024 | pt=932200518 n=0:
[DEBUG] [ActionExecutor] Completed execution of action YgoMonsterMenuCommandGameAction owner=76561198345121322 OpenMonsterOptions pet=4, attempting to find new action
[VERYDEBUG] [ActionQueueSet] Attempting to find ready action
[VERYDEBUG] [ActionQueueSet] Queue for player 76561198345121322 is empty
[VERYDEBUG] [ActionQueueSet] Queue for player 76561198136285041 is empty
[VERYDEBUG] [ActionQueueSet] No action is ready
[YgoDuelist][MP][Queue] OpenMonsterOptions -> YgoMonsterMenuCommandGameAction owner=76561198345121322 OpenMonsterOptions pet=4
[YgoDuelist][MP] OpenMonsterOptions enqueued ownerNetId=76561198345121322 petCombatId=4
[YgoDuelist] Hover end on duel pet: DuelMonsterModel
[YgoDuelist] YgoSecondHandLayoutPatch ENTER all=9 main=4 opts=5 FocusedHolderId=2969919573034 FocusedIsOpt=True
[YgoDuelist]   opts[0] holderId=2969919573034 model=Command_Defend
[YgoDuelist]   opts[1] holderId=2968862608328 model=Command_Attack
[YgoDuelist]   opts[2] holderId=101468606650 model=Command_Change_Battle_Position
[YgoDuelist]   opts[3] holderId=2802818497950 model=Toggle_Die_For_You
[YgoDuelist]   opts[4] holderId=3010520435836 model=Exit_Monster_Options
[YgoDuelist] YgoSecondHandLayoutPatch: AFTER holder.Position.Y = -745
[YgoDuelist] YgoSecondHandLayoutPatch: AFTER holder.TargetPosition.Y = -745
[YgoDuelist] YgoSecondHandLayoutPatch: AFTER holder.Hitbox.Position.Y = -132
[YgoDuelist] YgoSecondHandLayoutPatch: AFTER holder.Position.Y = -745
[YgoDuelist] YgoSecondHandLayoutPatch: AFTER holder.TargetPosition.Y = -745
[YgoDuelist] YgoSecondHandLayoutPatch: AFTER holder.Hitbox.Position.Y = -132
[YgoDuelist] YgoSecondHandLayoutPatch: AFTER holder.Position.Y = -745
[YgoDuelist] YgoSecondHandLayoutPatch: AFTER holder.TargetPosition.Y = -745
[YgoDuelist] YgoSecondHandLayoutPatch: AFTER holder.Hitbox.Position.Y = -132
[YgoDuelist] YgoSecondHandLayoutPatch: AFTER holder.Position.Y = -745
[YgoDuelist] YgoSecondHandLayoutPatch: AFTER holder.TargetPosition.Y = -745
[YgoDuelist] YgoSecondHandLayoutPatch: AFTER holder.Hitbox.Position.Y = -132
[YgoDuelist] YgoSecondHandLayoutPatch: AFTER holder.Position.Y = -741.7318
[YgoDuelist] YgoSecondHandLayoutPatch: AFTER holder.TargetPosition.Y = -745
[YgoDuelist] YgoSecondHandLayoutPatch: AFTER holder.Hitbox.Position.Y = -132
[YgoDuelist] YgoSecondHandLayoutPatch EXIT return false
[YgoDuelist] OnHolderPressed option holder id=2969919573034 card=Command_Defend
[YgoLifecycle] StartCardPlay S1_EnterPrefix holderId=2969919573034 model=Command_Defend index=4 inTree=True extra=needsSafePath=True
[YgoLifecycle] StartCardPlay S2_QueuedHolder holderId=2969919573034 model=Command_Defend index=4 inTree=True extra=queuedIndex=4
[YgoDuelist] YgoSecondHandLayoutPatch ENTER all=9 main=4 opts=5 FocusedHolderId=0 FocusedIsOpt=False
[YgoDuelist]   opts[0] holderId=2969919573034 model=Command_Defend
[YgoDuelist]   opts[1] holderId=2968862608328 model=Command_Attack
[YgoDuelist]   opts[2] holderId=101468606650 model=Command_Change_Battle_Position
[YgoDuelist]   opts[3] holderId=2802818497950 model=Toggle_Die_For_You
[YgoDuelist]   opts[4] holderId=3010520435836 model=Exit_Monster_Options
[YgoDuelist] YgoSecondHandLayoutPatch: AFTER holder.Position.Y = -745
[YgoDuelist] YgoSecondHandLayoutPatch: AFTER holder.TargetPosition.Y = -745
[YgoDuelist] YgoSecondHandLayoutPatch: AFTER holder.Hitbox.Position.Y = -132
[YgoDuelist] YgoSecondHandLayoutPatch: AFTER holder.Position.Y = -745
[YgoDuelist] YgoSecondHandLayoutPatch: AFTER holder.TargetPosition.Y = -745
[YgoDuelist] YgoSecondHandLayoutPatch: AFTER holder.Hitbox.Position.Y = -132
[YgoDuelist] YgoSecondHandLayoutPatch: AFTER holder.Position.Y = -745
[YgoDuelist] YgoSecondHandLayoutPatch: AFTER holder.TargetPosition.Y = -745
[YgoDuelist] YgoSecondHandLayoutPatch: AFTER holder.Hitbox.Position.Y = -132
[YgoDuelist] YgoSecondHandLayoutPatch: AFTER holder.Position.Y = -745
[YgoDuelist] YgoSecondHandLayoutPatch: AFTER holder.TargetPosition.Y = -745
[YgoDuelist] YgoSecondHandLayoutPatch: AFTER holder.Hitbox.Position.Y = -132
[YgoDuelist] YgoSecondHandLayoutPatch: AFTER holder.Position.Y = -745
[YgoDuelist] YgoSecondHandLayoutPatch: AFTER holder.TargetPosition.Y = -745
[YgoDuelist] YgoSecondHandLayoutPatch: AFTER holder.Hitbox.Position.Y = -132
[YgoDuelist] YgoSecondHandLayoutPatch EXIT return false
[YgoLifecycle] StartCardPlay S3_BeginDrag holderId=2969919573034 model=Command_Defend index=7 inTree=True extra=
[YgoLifecycle] StartCardPlay S4_CardPlayCreated holderId=2969919573034 model=Command_Defend index=7 inTree=True extra=cardPlayType=NMouseCardPlay
[YgoLifecycle] MouseStartAsync M1_Enter holderId=2969919573034 model=Command_Defend holderInTree=True selfInTree=True extra=
[YgoLifecycle] MouseStartAsync M4_StartCardDrag_BeginAwait holderId=2969919573034 model=Command_Defend holderInTree=True selfInTree=True extra=
[YgoLifecycle] MouseStartAsync M5_StartCardDrag_EndAwait holderId=2969919573034 model=Command_Defend holderInTree=True selfInTree=True extra=
[YgoDuelist] YgoSecondHandLayoutPatch ENTER all=8 main=4 opts=4 FocusedHolderId=0 FocusedIsOpt=False
[YgoDuelist]   opts[0] holderId=2968862608328 model=Command_Attack
[YgoDuelist]   opts[1] holderId=101468606650 model=Command_Change_Battle_Position
[YgoDuelist]   opts[2] holderId=2802818497950 model=Toggle_Die_For_You
[YgoDuelist]   opts[3] holderId=3010520435836 model=Exit_Monster_Options
[YgoDuelist] YgoSecondHandLayoutPatch: AFTER holder.Position.Y = -745
[YgoDuelist] YgoSecondHandLayoutPatch: AFTER holder.TargetPosition.Y = -745
[YgoDuelist] YgoSecondHandLayoutPatch: AFTER holder.Hitbox.Position.Y = -132
[YgoDuelist] YgoSecondHandLayoutPatch: AFTER holder.Position.Y = -745
[YgoDuelist] YgoSecondHandLayoutPatch: AFTER holder.TargetPosition.Y = -745
[YgoDuelist] YgoSecondHandLayoutPatch: AFTER holder.Hitbox.Position.Y = -132
[YgoDuelist] YgoSecondHandLayoutPatch: AFTER holder.Position.Y = -745
[YgoDuelist] YgoSecondHandLayoutPatch: AFTER holder.TargetPosition.Y = -745
[YgoDuelist] YgoSecondHandLayoutPatch: AFTER holder.Hitbox.Position.Y = -132
[YgoDuelist] YgoSecondHandLayoutPatch: AFTER holder.Position.Y = -745
[YgoDuelist] YgoSecondHandLayoutPatch: AFTER holder.TargetPosition.Y = -745
[YgoDuelist] YgoSecondHandLayoutPatch: AFTER holder.Hitbox.Position.Y = -132
[YgoDuelist] YgoSecondHandLayoutPatch EXIT return false
[YgoLifecycle] StartCardPlay S8_StartCalled holderId=2969919573034 model=Command_Defend index=7 inTree=True extra=
[YgoDuelist] StartCardPlay PREFIX: custom safe start path holderId=2969919573034 index=4 isOption=True
[YgoDuelist] StartCardPlay POSTFIX: option holder - NMouseCardPlay created and Start() called
[YgoLifecycle] MouseStartAsync M10_TargetSelectionCompleted holderId=2969919573034 model=Command_Defend holderInTree=True selfInTree=True extra=targetMode=ClickMouseToTarget
[YgoLifecycle] MouseStartAsync M13_InvokeTryPlayCard holderId=2969919573034 model=Command_Defend holderInTree=True selfInTree=True extra=
[YgoDuelist] TryPlayCard ENTER option holder TargetType=Self target=NULL
[DEBUG] [ActionQueueSynchronizer] Sending message to client to enqueue action PlayCardAction card: CARD.YGODUELIST-COMMAND_DEFEND (15171410) index: 30 targetid:  at 08:25:19
[DEBUG] [ActionQueueSynchronizer] Enqueueing action PlayCardAction card: CARD.YGODUELIST-COMMAND_DEFEND (15171410) index: 30 targetid:  from owner 76561198345121322
[DEBUG] [ActionQueueSet] Enqueueing action PlayCardAction card: CARD.YGODUELIST-COMMAND_DEFEND (15171410) index: 30 targetid:  to player queue owned by 76561198345121322
[DEBUG] [ActionExecutor] Action queue changed, beginning ExecuteActions
[VERYDEBUG] [ActionQueueSet] Attempting to find ready action
[VERYDEBUG] [ActionQueueSet] Action PlayCardAction card: CARD.YGODUELIST-COMMAND_DEFEND (15171410) index: 30 targetid:  with id 30 belonging to 76561198345121322 becomes new ready action
[VERYDEBUG] [ActionQueueSet] Queue for player 76561198136285041 is empty
[VERYDEBUG] [ActionQueueSet] Got ready action PlayCardAction card: CARD.YGODUELIST-COMMAND_DEFEND (15171410) index: 30 targetid:  (30)
[DEBUG] [ActionExecutor] Executing action: PlayCardAction card: CARD.YGODUELIST-COMMAND_DEFEND (15171410) index: 30 targetid: 
[VERYDEBUG] [GameAction] Action PlayCardAction card: CARD.YGODUELIST-COMMAND_DEFEND (15171410) index: 30 targetid:  began executing
[YgoDuelist] PlayCardFromOptionPile: ExecutePlayFromOptionPileAsync START
[YgoDuelist] PlayCardFromOptionPile: card=YGODUELIST-COMMAND_DEFEND type=Command_Defend TargetType=Self
[YgoDuelist][MP][OptionPile] post-target-resolve card=YGODUELIST-COMMAND_DEFEND source=YGODUELIST-VERSAGO_THE_DESTROYER sourcePetId=4 actionTargetId= resolvedTargetCombatId=
[YgoLifecycle] StartCardPlay S5_FinishedSignal holderId=2969919573034 model=Command_Defend index=7 inTree=True extra=success=True
[YgoLifecycle] OptionHandUi O3_ShouldScrap_Decision holderId=2969919573034 model=Command_Defend inTree=True visible=True inActive=False extra=playerNull=False cardInOptionPile=True shouldScrap=False
[YgoLifecycle] StartCardPlay S6b_SuccessPathScrapDecision holderId=2969919573034 model=Command_Defend index=7 inTree=True extra=shouldScrap=False
[YgoDuelist] YgoSecondHandLayoutPatch ENTER all=8 main=4 opts=4 FocusedHolderId=0 FocusedIsOpt=False
[YgoDuelist]   opts[0] holderId=2968862608328 model=Command_Attack
[YgoDuelist]   opts[1] holderId=101468606650 model=Command_Change_Battle_Position
[YgoDuelist]   opts[2] holderId=2802818497950 model=Toggle_Die_For_You
[YgoDuelist]   opts[3] holderId=3010520435836 model=Exit_Monster_Options
[YgoDuelist] YgoSecondHandLayoutPatch: AFTER holder.Position.Y = -745
[YgoDuelist] YgoSecondHandLayoutPatch: AFTER holder.TargetPosition.Y = -745
[YgoDuelist] YgoSecondHandLayoutPatch: AFTER holder.Hitbox.Position.Y = -132
[YgoDuelist] YgoSecondHandLayoutPatch: AFTER holder.Position.Y = -745
[YgoDuelist] YgoSecondHandLayoutPatch: AFTER holder.TargetPosition.Y = -745
[YgoDuelist] YgoSecondHandLayoutPatch: AFTER holder.Hitbox.Position.Y = -132
[YgoDuelist] YgoSecondHandLayoutPatch: AFTER holder.Position.Y = -745
[YgoDuelist] YgoSecondHandLayoutPatch: AFTER holder.TargetPosition.Y = -745
[YgoDuelist] YgoSecondHandLayoutPatch: AFTER holder.Hitbox.Position.Y = -132
[YgoDuelist] YgoSecondHandLayoutPatch: AFTER holder.Position.Y = -745
[YgoDuelist] YgoSecondHandLayoutPatch: AFTER holder.TargetPosition.Y = -745
[YgoDuelist] YgoSecondHandLayoutPatch: AFTER holder.Hitbox.Position.Y = -132
[YgoDuelist] YgoSecondHandLayoutPatch EXIT return false
[YgoLifecycle] StartCardPlay S7_FinishedCleanupDone holderId=2969919573034 model=Command_Defend index=7 inTree=True extra=
[YgoDuelist] Hover start on duel pet: DuelMonsterModel
[YgoDuelist] Hover end on duel pet: DuelMonsterModel
[DEBUG] [NetQualityTracker] Connection statistics at 08:25:19:
[DEBUG] [NetQualityTracker] 	76561198136285041 - Ping: 58.2839. Packet Loss: 3E-45.
[YgoDuelist] PlayCardFromOptionPile: ExecutePlayFromOptionPileAsync END
[VERYDEBUG] [GameAction] Action PlayCardAction card: CARD.YGODUELIST-COMMAND_DEFEND (15171410) index: 30 targetid:  finished execution
[DEBUG] [ChecksumTracker] Generating checksum for context: after executing action PlayCardAction card: CARD.YGODUELIST-COMMAND_DEFEND (15171410) index: 30 targetid:  action: PlayCardAction card: CARD.YGODUELIST-COMMAND_DEFEND (15171410) index: 30 targetid:  id: 31
[YgoDuelist][MP][Checksum][fp] netId=76561198136285041 | pt=1 n=4:YGODUELIST-DEFEND_YGO_DUELIST010,YGODUELIST-FIRE_SORCERER0bYgoDieForYouUserToggleOnFalseiPermanentAtkBonusFromExecutes01010002,20017,20041,20043,YGODUELIST-RECKLESS_GREED01010009,10011,YGODUELIST-STRIKE_YGO_DUELIST010 | pt=2 n=5:YGODUELIST-BURNING_LAND01010009,20024,YGODUELIST-DEFEND_YGO_DUELIST010,YGODUELIST-EARTH_EFFIGY0bYgoDieForYouUserToggleOnFalseiPermanentAtkBonusFromExecutes01010000,20015,20043,YGODUELIST-GAIA_POWER01010009,20027,YGODUELIST-STRIKE_YGO_DUELIST010 | pt=3 n=8:YGODUELIST-ARCANE_ARCHER_OF_THE_FOREST0bYgoDieForYouUserToggleOnFalseiPermanentAtkBonusFromExecutes01010000,20019,20043,YGODUELIST-DEFEND_YGO_DUELIST010,YGODUELIST-OJAMA_TRIO01010009,10011,YGODUELIST-OUTSTANDING_DOG_MARRON0bYgoDieForYouUserToggleOnFalseiPermanentAtkBonusFromExecutes01010004,20001,YGODUELIST-ROCKET_JUMPER0bYgoDieForYouUserToggleOnFalseiPermanentAtkBonusFromExecutes01010000,20015,20043,20045,YGODUELIST-SKELENGEL0bYgoDieForYouUserToggleOnFalseiPermanentAtkBonusFromExecutes01010004,20006,20041,YGODUELIST-STRIKE_YGO_DUELIST010,YGODUELIST-TRAP_OF_BOARD_ERASER01010009,10011 | pt=4 n=0: | pt=5 n=0: | pt=932200512 n=0: | pt=932200513 n=0: | pt=932200514 n=0: | pt=932200515 n=1:YGODUELIST-HOURGLASS_OF_COURAGE0bYgoDieForYouUserToggleOnFalseiPermanentAtkBonusFromExecutes01010004,20006,20043 | pt=932200516 n=1:YGODUELIST-TOTAL_DEFENSE_SHOGUN0bYgoDieForYouUserToggleOnFalseiPermanentAtkBonusFromExecutes01010005,20019,20034,20043 | pt=932200517 n=0: | pt=932200518 n=0:
[YgoDuelist][MP][Checksum][fp] netId=76561198345121322 | pt=1 n=6:YGODUELIST-DEFEND_YGO_DUELIST010,YGODUELIST-DEFEND_YGO_DUELIST010,YGODUELIST-FIRE_PRINCESS0bYgoDieForYouUserToggleOnFalseiPermanentAtkBonusFromExecutes01010002,20013,20043,YGODUELIST-KURAMA0bYgoDieForYouUserToggleOnFalseiPermanentAtkBonusFromExecutes01010003,20020,20043,YGODUELIST-STRIKE_YGO_DUELIST010,YGODUELIST-ZABORG_THE_THUNDER_MONARCH0bYgoDieForYouUserToggleOnFalseiPermanentAtkBonusFromExecutes01010004,20018,20034,20043 | pt=2 n=4:GREED0104,7,YGODUELIST-DEFEND_YGO_DUELIST010,YGODUELIST-STRIKE_YGO_DUELIST010,YGODUELIST-STRIKE_YGO_DUELIST010 | pt=3 n=0: | pt=4 n=0: | pt=5 n=0: | pt=932200512 n=0: | pt=932200513 n=1:YGODUELIST-THE_LAST_WARRIOR_FROM_ANOTHER_PLANET0bYgoDieForYouUserToggleOnFalseiPermanentAtkBonusFromExecutes0iSummonAbsorbPrintedDefBonus01010000,20019,20036,20043 | pt=932200514 n=0: | pt=932200515 n=0: | pt=932200516 n=2:YGODUELIST-QUEEN_S_DOUBLE0bYgoDieForYouUserToggleOnFalseiPermanentAtkBonusFromExecutes01010000,20019,20045,YGODUELIST-VERSAGO_THE_DESTROYER0bYgoDieForYouUserToggleOnFalseiPermanentAtkBonusFromExecutes01010005,20007,20043 | pt=932200517 n=2:YGODUELIST-RAIGEKI_BREAK01010009,10011,20045,YGODUELIST-YELLOW_LUSTER_SHIELD01010009,20024 | pt=932200518 n=0:
[DEBUG] [ActionExecutor] Completed execution of action PlayCardAction card: CARD.YGODUELIST-COMMAND_DEFEND (15171410) index: 30 targetid: , attempting to find new action
[VERYDEBUG] [ActionQueueSet] Attempting to find ready action
[VERYDEBUG] [ActionQueueSet] Queue for player 76561198345121322 is empty
[VERYDEBUG] [ActionQueueSet] Queue for player 76561198136285041 is empty
[VERYDEBUG] [ActionQueueSet] No action is ready
[YgoLifecycle] OptionHandUi O1_ForceRelease_Enter holderId=2969919573034 model=Command_Defend inTree=True visible=True inActive=False extra=
[YgoLifecycle] OptionHandUi O2_ForceRelease_QueuedFree holderId=2969919573034 model=Command_Defend inTree=True visible=False inActive=False extra=
[YgoDuelist] OnSecondHandCardsChanged ENTER player=49413123 cardsCount=5
[YgoDuelist]   cards[0]=Command_Defend id=15171410
[YgoDuelist]   cards[1]=Command_Attack id=2324967
[YgoDuelist]   cards[2]=Command_Change_Battle_Position id=20924708
[YgoDuelist]   cards[3]=Toggle_Die_For_You id=54104651
[YgoDuelist]   cards[4]=Exit_Monster_Options id=17179811
[YgoDuelist] RebuildForPlayer START handId=2525910549030 cardsCount=5
[YgoDuelist] TearDownSecondHandRow REMOVING 4 holders
[YgoDuelist] YgoSecondHandLayoutPatch ENTER all=7 main=4 opts=3 FocusedHolderId=0 FocusedIsOpt=False
[YgoDuelist]   opts[0] holderId=101468606650 model=Command_Change_Battle_Position
[YgoDuelist]   opts[1] holderId=2802818497950 model=Toggle_Die_For_You
[YgoDuelist]   opts[2] holderId=3010520435836 model=Exit_Monster_Options
[YgoDuelist] YgoSecondHandLayoutPatch: AFTER holder.Position.Y = -745
[YgoDuelist] YgoSecondHandLayoutPatch: AFTER holder.TargetPosition.Y = -745
[YgoDuelist] YgoSecondHandLayoutPatch: AFTER holder.Hitbox.Position.Y = -132
[YgoDuelist] YgoSecondHandLayoutPatch: AFTER holder.Position.Y = -745
[YgoDuelist] YgoSecondHandLayoutPatch: AFTER holder.TargetPosition.Y = -745
[YgoDuelist] YgoSecondHandLayoutPatch: AFTER holder.Hitbox.Position.Y = -132
[YgoDuelist] YgoSecondHandLayoutPatch: AFTER holder.Position.Y = -745
[YgoDuelist] YgoSecondHandLayoutPatch: AFTER holder.TargetPosition.Y = -745
[YgoDuelist] YgoSecondHandLayoutPatch: AFTER holder.Hitbox.Position.Y = -132
[YgoDuelist] YgoSecondHandLayoutPatch EXIT return false
[YgoDuelist] YgoSecondHandLayoutPatch ENTER all=6 main=4 opts=2 FocusedHolderId=0 FocusedIsOpt=False
[YgoDuelist]   opts[0] holderId=2802818497950 model=Toggle_Die_For_You
[YgoDuelist]   opts[1] holderId=3010520435836 model=Exit_Monster_Options
[YgoDuelist] YgoSecondHandLayoutPatch: AFTER holder.Position.Y = -745
[YgoDuelist] YgoSecondHandLayoutPatch: AFTER holder.TargetPosition.Y = -745
[YgoDuelist] YgoSecondHandLayoutPatch: AFTER holder.Hitbox.Position.Y = -132
[YgoDuelist] YgoSecondHandLayoutPatch: AFTER holder.Position.Y = -745
[YgoDuelist] YgoSecondHandLayoutPatch: AFTER holder.TargetPosition.Y = -745
[YgoDuelist] YgoSecondHandLayoutPatch: AFTER holder.Hitbox.Position.Y = -132
[YgoDuelist] YgoSecondHandLayoutPatch EXIT return false
[YgoDuelist] YgoSecondHandLayoutPatch ENTER all=5 main=4 opts=1 FocusedHolderId=0 FocusedIsOpt=False
[YgoDuelist]   opts[0] holderId=3010520435836 model=Exit_Monster_Options
[YgoDuelist] YgoSecondHandLayoutPatch: AFTER holder.Position.Y = -745
[YgoDuelist] YgoSecondHandLayoutPatch: AFTER holder.TargetPosition.Y = -745
[YgoDuelist] YgoSecondHandLayoutPatch: AFTER holder.Hitbox.Position.Y = -132
[YgoDuelist] YgoSecondHandLayoutPatch EXIT return false
[YgoDuelist] YgoSecondHandLayoutPatch ENTER all=4 main=4 opts=0 FocusedHolderId=0 FocusedIsOpt=False
[YgoDuelist] YgoSecondHandLayoutPatch EXIT return false
[YgoDuelist] RebuildForPlayer ADDING 5 holders
[YgoDuelist]   add[0] CREATE holderId=100931735706 model=Command_Defend
[YgoDuelist] RegisterOptionHolder ENTER handId=2525910549030 holderId=100931735706 index=-1 handChildCountBefore=8
[YgoDuelist] YgoSecondHandLayoutPatch ENTER all=5 main=4 opts=1 FocusedHolderId=0 FocusedIsOpt=False
[YgoDuelist]   opts[0] holderId=100931735706 model=?
[YgoDuelist] YgoSecondHandLayoutPatch: AFTER holder.Position.Y = -745
[YgoDuelist] YgoSecondHandLayoutPatch: AFTER holder.TargetPosition.Y = -745
[YgoDuelist] YgoSecondHandLayoutPatch: AFTER holder.Hitbox.Position.Y = -132
[YgoDuelist] YgoSecondHandLayoutPatch EXIT return false
[YgoDuelist] RegisterOptionHolder EXIT handId=2525910549030 holderId=100931735706 handChildCountAfter=8 holderIsInsideTree=True
[YgoDuelist]   add[0] after RegisterOptionHolder holderId=100931735706 IsInsideTree=True ChildCount=8
[WARN] [BaseLib] GetRawText: Key 'YGO_ATTRIBUTE_DARK.title' not found in table 'static_hover_tips'
[WARN] [BaseLib] GetRawText: Key 'YGO_ATTRIBUTE_DARK.description' not found in table 'static_hover_tips'
[WARN] [BaseLib] GetRawText: Key 'YGO_RACE_FIEND.title' not found in table 'static_hover_tips'
[WARN] [BaseLib] GetRawText: Key 'YGO_RACE_FIEND.description' not found in table 'static_hover_tips'
[WARN] [BaseLib] GetRawText: Key 'YGO_RACE_FIEND.title' not found in table 'static_hover_tips'
[WARN] [BaseLib] GetRawText: Key 'YGO_RACE_FIEND.description' not found in table 'static_hover_tips'
[YgoDuelist]   add[0] after Initialize holderId=100931735706 CardNode=3037280091389 CardModel=Command_Defend
[YgoDuelist]   add[1] CREATE holderId=101737042122 model=Command_Attack
[YgoDuelist] RegisterOptionHolder ENTER handId=2525910549030 holderId=101737042122 index=-1 handChildCountBefore=8
[YgoDuelist] YgoSecondHandLayoutPatch ENTER all=6 main=4 opts=2 FocusedHolderId=0 FocusedIsOpt=False
[YgoDuelist]   opts[0] holderId=100931735706 model=Command_Defend
[YgoDuelist]   opts[1] holderId=101737042122 model=?
[YgoDuelist] YgoSecondHandLayoutPatch: AFTER holder.Position.Y = -745
[YgoDuelist] YgoSecondHandLayoutPatch: AFTER holder.TargetPosition.Y = -745
[YgoDuelist] YgoSecondHandLayoutPatch: AFTER holder.Hitbox.Position.Y = -132
[YgoDuelist] YgoSecondHandLayoutPatch: AFTER holder.Position.Y = -745
[YgoDuelist] YgoSecondHandLayoutPatch: AFTER holder.TargetPosition.Y = -745
[YgoDuelist] YgoSecondHandLayoutPatch: AFTER holder.Hitbox.Position.Y = -132
[YgoDuelist] YgoSecondHandLayoutPatch EXIT return false
[YgoDuelist] RegisterOptionHolder EXIT handId=2525910549030 holderId=101737042122 handChildCountAfter=8 holderIsInsideTree=True
[YgoDuelist]   add[1] after RegisterOptionHolder holderId=101737042122 IsInsideTree=True ChildCount=8
[WARN] [BaseLib] GetRawText: Key 'YGO_ATTRIBUTE_DARK.title' not found in table 'static_hover_tips'
[WARN] [BaseLib] GetRawText: Key 'YGO_ATTRIBUTE_DARK.description' not found in table 'static_hover_tips'
[WARN] [BaseLib] GetRawText: Key 'YGO_RACE_FIEND.title' not found in table 'static_hover_tips'
[WARN] [BaseLib] GetRawText: Key 'YGO_RACE_FIEND.description' not found in table 'static_hover_tips'
[WARN] [BaseLib] GetRawText: Key 'YGO_RACE_FIEND.title' not found in table 'static_hover_tips'
[WARN] [BaseLib] GetRawText: Key 'YGO_RACE_FIEND.description' not found in table 'static_hover_tips'
[YgoDuelist]   add[1] after Initialize holderId=101737042122 CardNode=3039360470272 CardModel=Command_Attack
[YgoDuelist]   add[2] CREATE holderId=101065953442 model=Command_Change_Battle_Position
[YgoDuelist] RegisterOptionHolder ENTER handId=2525910549030 holderId=101065953442 index=-1 handChildCountBefore=8
[YgoDuelist] YgoSecondHandLayoutPatch ENTER all=7 main=4 opts=3 FocusedHolderId=0 FocusedIsOpt=False
[YgoDuelist]   opts[0] holderId=100931735706 model=Command_Defend
[YgoDuelist]   opts[1] holderId=101737042122 model=Command_Attack
[YgoDuelist]   opts[2] holderId=101065953442 model=?
[YgoDuelist] YgoSecondHandLayoutPatch: AFTER holder.Position.Y = -745
[YgoDuelist] YgoSecondHandLayoutPatch: AFTER holder.TargetPosition.Y = -745
[YgoDuelist] YgoSecondHandLayoutPatch: AFTER holder.Hitbox.Position.Y = -132
[YgoDuelist] YgoSecondHandLayoutPatch: AFTER holder.Position.Y = -745
[YgoDuelist] YgoSecondHandLayoutPatch: AFTER holder.TargetPosition.Y = -745
[YgoDuelist] YgoSecondHandLayoutPatch: AFTER holder.Hitbox.Position.Y = -132
[YgoDuelist] YgoSecondHandLayoutPatch: AFTER holder.Position.Y = -745
[YgoDuelist] YgoSecondHandLayoutPatch: AFTER holder.TargetPosition.Y = -745
[YgoDuelist] YgoSecondHandLayoutPatch: AFTER holder.Hitbox.Position.Y = -132
[YgoDuelist] YgoSecondHandLayoutPatch EXIT return false
[YgoDuelist] RegisterOptionHolder EXIT handId=2525910549030 holderId=101065953442 handChildCountAfter=8 holderIsInsideTree=True
[YgoDuelist]   add[2] after RegisterOptionHolder holderId=101065953442 IsInsideTree=True ChildCount=8
[WARN] [BaseLib] GetRawText: Key 'YGO_ATTRIBUTE_DARK.title' not found in table 'static_hover_tips'
[WARN] [BaseLib] GetRawText: Key 'YGO_ATTRIBUTE_DARK.description' not found in table 'static_hover_tips'
[WARN] [BaseLib] GetRawText: Key 'YGO_RACE_FIEND.title' not found in table 'static_hover_tips'
[WARN] [BaseLib] GetRawText: Key 'YGO_RACE_FIEND.description' not found in table 'static_hover_tips'
[WARN] [BaseLib] GetRawText: Key 'YGO_RACE_FIEND.title' not found in table 'static_hover_tips'
[WARN] [BaseLib] GetRawText: Key 'YGO_RACE_FIEND.description' not found in table 'static_hover_tips'
[YgoDuelist]   add[2] after Initialize holderId=101065953442 CardNode=3041507949232 CardModel=Command_Change_Battle_Position
[YgoDuelist]   add[3] CREATE holderId=101200171178 model=Toggle_Die_For_You
[YgoDuelist] RegisterOptionHolder ENTER handId=2525910549030 holderId=101200171178 index=-1 handChildCountBefore=8
[YgoDuelist] YgoSecondHandLayoutPatch ENTER all=8 main=4 opts=4 FocusedHolderId=0 FocusedIsOpt=False
[YgoDuelist]   opts[0] holderId=100931735706 model=Command_Defend
[YgoDuelist]   opts[1] holderId=101737042122 model=Command_Attack
[YgoDuelist]   opts[2] holderId=101065953442 model=Command_Change_Battle_Position
[YgoDuelist]   opts[3] holderId=101200171178 model=?
[YgoDuelist] YgoSecondHandLayoutPatch: AFTER holder.Position.Y = -745
[YgoDuelist] YgoSecondHandLayoutPatch: AFTER holder.TargetPosition.Y = -745
[YgoDuelist] YgoSecondHandLayoutPatch: AFTER holder.Hitbox.Position.Y = -132
[YgoDuelist] YgoSecondHandLayoutPatch: AFTER holder.Position.Y = -745
[YgoDuelist] YgoSecondHandLayoutPatch: AFTER holder.TargetPosition.Y = -745
[YgoDuelist] YgoSecondHandLayoutPatch: AFTER holder.Hitbox.Position.Y = -132
[YgoDuelist] YgoSecondHandLayoutPatch: AFTER holder.Position.Y = -745
[YgoDuelist] YgoSecondHandLayoutPatch: AFTER holder.TargetPosition.Y = -745
[YgoDuelist] YgoSecondHandLayoutPatch: AFTER holder.Hitbox.Position.Y = -132
[YgoDuelist] YgoSecondHandLayoutPatch: AFTER holder.Position.Y = -745
[YgoDuelist] YgoSecondHandLayoutPatch: AFTER holder.TargetPosition.Y = -745
[YgoDuelist] YgoSecondHandLayoutPatch: AFTER holder.Hitbox.Position.Y = -132
[YgoDuelist] YgoSecondHandLayoutPatch EXIT return false
[YgoDuelist] RegisterOptionHolder EXIT handId=2525910549030 holderId=101200171178 handChildCountAfter=8 holderIsInsideTree=True
[YgoDuelist]   add[3] after RegisterOptionHolder holderId=101200171178 IsInsideTree=True ChildCount=8
[WARN] [BaseLib] GetRawText: Key 'YGO_ATTRIBUTE_DARK.title' not found in table 'static_hover_tips'
[WARN] [BaseLib] GetRawText: Key 'YGO_ATTRIBUTE_DARK.description' not found in table 'static_hover_tips'
[WARN] [BaseLib] GetRawText: Key 'YGO_RACE_FIEND.title' not found in table 'static_hover_tips'
[WARN] [BaseLib] GetRawText: Key 'YGO_RACE_FIEND.description' not found in table 'static_hover_tips'
[WARN] [BaseLib] GetRawText: Key 'YGO_RACE_FIEND.title' not found in table 'static_hover_tips'
[WARN] [BaseLib] GetRawText: Key 'YGO_RACE_FIEND.description' not found in table 'static_hover_tips'
[YgoDuelist]   add[3] after Initialize holderId=101200171178 CardNode=3043638660313 CardModel=Toggle_Die_For_You
[YgoDuelist]   add[4] CREATE holderId=101334388914 model=Exit_Monster_Options
[YgoDuelist] RegisterOptionHolder ENTER handId=2525910549030 holderId=101334388914 index=-1 handChildCountBefore=8
[YgoDuelist] YgoSecondHandLayoutPatch ENTER all=9 main=4 opts=5 FocusedHolderId=0 FocusedIsOpt=False
[YgoDuelist]   opts[0] holderId=100931735706 model=Command_Defend
[YgoDuelist]   opts[1] holderId=101737042122 model=Command_Attack
[YgoDuelist]   opts[2] holderId=101065953442 model=Command_Change_Battle_Position
[YgoDuelist]   opts[3] holderId=101200171178 model=Toggle_Die_For_You
[YgoDuelist]   opts[4] holderId=101334388914 model=?
[YgoDuelist] YgoSecondHandLayoutPatch: AFTER holder.Position.Y = -745
[YgoDuelist] YgoSecondHandLayoutPatch: AFTER holder.TargetPosition.Y = -745
[YgoDuelist] YgoSecondHandLayoutPatch: AFTER holder.Hitbox.Position.Y = -132
[YgoDuelist] YgoSecondHandLayoutPatch: AFTER holder.Position.Y = -745
[YgoDuelist] YgoSecondHandLayoutPatch: AFTER holder.TargetPosition.Y = -745
[YgoDuelist] YgoSecondHandLayoutPatch: AFTER holder.Hitbox.Position.Y = -132
[YgoDuelist] YgoSecondHandLayoutPatch: AFTER holder.Position.Y = -745
[YgoDuelist] YgoSecondHandLayoutPatch: AFTER holder.TargetPosition.Y = -745
[YgoDuelist] YgoSecondHandLayoutPatch: AFTER holder.Hitbox.Position.Y = -132
[YgoDuelist] YgoSecondHandLayoutPatch: AFTER holder.Position.Y = -745
[YgoDuelist] YgoSecondHandLayoutPatch: AFTER holder.TargetPosition.Y = -745
[YgoDuelist] YgoSecondHandLayoutPatch: AFTER holder.Hitbox.Position.Y = -132
[YgoDuelist] YgoSecondHandLayoutPatch: AFTER holder.Position.Y = -745
[YgoDuelist] YgoSecondHandLayoutPatch: AFTER holder.TargetPosition.Y = -745
[YgoDuelist] YgoSecondHandLayoutPatch: AFTER holder.Hitbox.Position.Y = -132
[YgoDuelist] YgoSecondHandLayoutPatch EXIT return false
[YgoDuelist] RegisterOptionHolder EXIT handId=2525910549030 holderId=101334388914 handChildCountAfter=8 holderIsInsideTree=True
[YgoDuelist]   add[4] after RegisterOptionHolder holderId=101334388914 IsInsideTree=True ChildCount=8
[WARN] [BaseLib] GetRawText: Key 'YGO_ATTRIBUTE_DARK.title' not found in table 'static_hover_tips'
[WARN] [BaseLib] GetRawText: Key 'YGO_ATTRIBUTE_DARK.description' not found in table 'static_hover_tips'
[WARN] [BaseLib] GetRawText: Key 'YGO_RACE_FIEND.title' not found in table 'static_hover_tips'
[WARN] [BaseLib] GetRawText: Key 'YGO_RACE_FIEND.description' not found in table 'static_hover_tips'
[WARN] [BaseLib] GetRawText: Key 'YGO_RACE_FIEND.title' not found in table 'static_hover_tips'
[WARN] [BaseLib] GetRawText: Key 'YGO_RACE_FIEND.description' not found in table 'static_hover_tips'
[YgoDuelist]   add[4] after Initialize holderId=101334388914 CardNode=3045836475882 CardModel=Exit_Monster_Options
[YgoDuelist] RebuildForPlayer END totalHolders=5 handActiveHoldersCount=9
[YgoDuelist] OnSecondHandCardsChanged EXIT RebuildForPlayer done
[YgoDuelist] YgoSecondHandLayoutPatch ENTER all=9 main=4 opts=5 FocusedHolderId=2871655402516 FocusedIsOpt=False
[YgoDuelist]   opts[0] holderId=100931735706 model=Command_Defend
[YgoDuelist]   opts[1] holderId=101737042122 model=Command_Attack
[YgoDuelist]   opts[2] holderId=101065953442 model=Command_Change_Battle_Position
[YgoDuelist]   opts[3] holderId=101200171178 model=Toggle_Die_For_You
[YgoDuelist]   opts[4] holderId=101334388914 model=Exit_Monster_Options
[YgoDuelist] YgoSecondHandLayoutPatch: AFTER holder.Position.Y = -745
[YgoDuelist] YgoSecondHandLayoutPatch: AFTER holder.TargetPosition.Y = -745
[YgoDuelist] YgoSecondHandLayoutPatch: AFTER holder.Hitbox.Position.Y = -132
[YgoDuelist] YgoSecondHandLayoutPatch: AFTER holder.Position.Y = -745
[YgoDuelist] YgoSecondHandLayoutPatch: AFTER holder.TargetPosition.Y = -745
[YgoDuelist] YgoSecondHandLayoutPatch: AFTER holder.Hitbox.Position.Y = -132
[YgoDuelist] YgoSecondHandLayoutPatch: AFTER holder.Position.Y = -745
[YgoDuelist] YgoSecondHandLayoutPatch: AFTER holder.TargetPosition.Y = -745
[YgoDuelist] YgoSecondHandLayoutPatch: AFTER holder.Hitbox.Position.Y = -132
[YgoDuelist] YgoSecondHandLayoutPatch: AFTER holder.Position.Y = -745
[YgoDuelist] YgoSecondHandLayoutPatch: AFTER holder.TargetPosition.Y = -745
[YgoDuelist] YgoSecondHandLayoutPatch: AFTER holder.Hitbox.Position.Y = -132
[YgoDuelist] YgoSecondHandLayoutPatch: AFTER holder.Position.Y = -745
[YgoDuelist] YgoSecondHandLayoutPatch: AFTER holder.TargetPosition.Y = -745
[YgoDuelist] YgoSecondHandLayoutPatch: AFTER holder.Hitbox.Position.Y = -132
[YgoDuelist] YgoSecondHandLayoutPatch EXIT return false
[YgoDuelist] YgoSecondHandLayoutPatch ENTER all=9 main=4 opts=5 FocusedHolderId=0 FocusedIsOpt=False
[YgoDuelist]   opts[0] holderId=100931735706 model=Command_Defend
[YgoDuelist]   opts[1] holderId=101737042122 model=Command_Attack
[YgoDuelist]   opts[2] holderId=101065953442 model=Command_Change_Battle_Position
[YgoDuelist]   opts[3] holderId=101200171178 model=Toggle_Die_For_You
[YgoDuelist]   opts[4] holderId=101334388914 model=Exit_Monster_Options
[YgoDuelist] YgoSecondHandLayoutPatch: AFTER holder.Position.Y = -745
[YgoDuelist] YgoSecondHandLayoutPatch: AFTER holder.TargetPosition.Y = -745
[YgoDuelist] YgoSecondHandLayoutPatch: AFTER holder.Hitbox.Position.Y = -132
[YgoDuelist] YgoSecondHandLayoutPatch: AFTER holder.Position.Y = -745
[YgoDuelist] YgoSecondHandLayoutPatch: AFTER holder.TargetPosition.Y = -745
[YgoDuelist] YgoSecondHandLayoutPatch: AFTER holder.Hitbox.Position.Y = -132
[YgoDuelist] YgoSecondHandLayoutPatch: AFTER holder.Position.Y = -745
[YgoDuelist] YgoSecondHandLayoutPatch: AFTER holder.TargetPosition.Y = -745
[YgoDuelist] YgoSecondHandLayoutPatch: AFTER holder.Hitbox.Position.Y = -132
[YgoDuelist] YgoSecondHandLayoutPatch: AFTER holder.Position.Y = -745
[YgoDuelist] YgoSecondHandLayoutPatch: AFTER holder.TargetPosition.Y = -745
[YgoDuelist] YgoSecondHandLayoutPatch: AFTER holder.Hitbox.Position.Y = -132
[YgoDuelist] YgoSecondHandLayoutPatch: AFTER holder.Position.Y = -745
[YgoDuelist] YgoSecondHandLayoutPatch: AFTER holder.TargetPosition.Y = -745
[YgoDuelist] YgoSecondHandLayoutPatch: AFTER holder.Hitbox.Position.Y = -132
[YgoDuelist] YgoSecondHandLayoutPatch EXIT return false
[YgoDuelist] YgoSecondHandLayoutPatch ENTER all=8 main=3 opts=5 FocusedHolderId=0 FocusedIsOpt=False
[YgoDuelist]   opts[0] holderId=100931735706 model=Command_Defend
[YgoDuelist]   opts[1] holderId=101737042122 model=Command_Attack
[YgoDuelist]   opts[2] holderId=101065953442 model=Command_Change_Battle_Position
[YgoDuelist]   opts[3] holderId=101200171178 model=Toggle_Die_For_You
[YgoDuelist]   opts[4] holderId=101334388914 model=Exit_Monster_Options
[YgoDuelist] YgoSecondHandLayoutPatch: AFTER holder.Position.Y = -745
[YgoDuelist] YgoSecondHandLayoutPatch: AFTER holder.TargetPosition.Y = -745
[YgoDuelist] YgoSecondHandLayoutPatch: AFTER holder.Hitbox.Position.Y = -132
[YgoDuelist] YgoSecondHandLayoutPatch: AFTER holder.Position.Y = -745
[YgoDuelist] YgoSecondHandLayoutPatch: AFTER holder.TargetPosition.Y = -745
[YgoDuelist] YgoSecondHandLayoutPatch: AFTER holder.Hitbox.Position.Y = -132
[YgoDuelist] YgoSecondHandLayoutPatch: AFTER holder.Position.Y = -745
[YgoDuelist] YgoSecondHandLayoutPatch: AFTER holder.TargetPosition.Y = -745
[YgoDuelist] YgoSecondHandLayoutPatch: AFTER holder.Hitbox.Position.Y = -132
[YgoDuelist] YgoSecondHandLayoutPatch: AFTER holder.Position.Y = -745
[YgoDuelist] YgoSecondHandLayoutPatch: AFTER holder.TargetPosition.Y = -745
[YgoDuelist] YgoSecondHandLayoutPatch: AFTER holder.Hitbox.Position.Y = -132
[YgoDuelist] YgoSecondHandLayoutPatch: AFTER holder.Position.Y = -745
[YgoDuelist] YgoSecondHandLayoutPatch: AFTER holder.TargetPosition.Y = -745
[YgoDuelist] YgoSecondHandLayoutPatch: AFTER holder.Hitbox.Position.Y = -132
[YgoDuelist] YgoSecondHandLayoutPatch EXIT return false
[YgoDuelist] Hover start on duel pet: DuelMonsterModel
[YgoDuelist] Hover end on duel pet: DuelMonsterModel
[DEBUG] [ActionQueueSynchronizer] Sending message to client to enqueue action PlayCardAction card: CARD.YGODUELIST-DEFEND_YGO_DUELIST (20748128) index: 12 targetid:  at 08:25:20
[DEBUG] [ActionQueueSynchronizer] Enqueueing action PlayCardAction card: CARD.YGODUELIST-DEFEND_YGO_DUELIST (20748128) index: 12 targetid:  from owner 76561198345121322
[YgoDuelist] YgoSecondHandLayoutPatch ENTER all=8 main=3 opts=5 FocusedHolderId=0 FocusedIsOpt=False
[YgoDuelist]   opts[0] holderId=100931735706 model=Command_Defend
[YgoDuelist]   opts[1] holderId=101737042122 model=Command_Attack
[YgoDuelist]   opts[2] holderId=101065953442 model=Command_Change_Battle_Position
[YgoDuelist]   opts[3] holderId=101200171178 model=Toggle_Die_For_You
[YgoDuelist]   opts[4] holderId=101334388914 model=Exit_Monster_Options
[YgoDuelist] YgoSecondHandLayoutPatch: AFTER holder.Position.Y = -745
[YgoDuelist] YgoSecondHandLayoutPatch: AFTER holder.TargetPosition.Y = -745
[YgoDuelist] YgoSecondHandLayoutPatch: AFTER holder.Hitbox.Position.Y = -132
[YgoDuelist] YgoSecondHandLayoutPatch: AFTER holder.Position.Y = -745
[YgoDuelist] YgoSecondHandLayoutPatch: AFTER holder.TargetPosition.Y = -745
[YgoDuelist] YgoSecondHandLayoutPatch: AFTER holder.Hitbox.Position.Y = -132
[YgoDuelist] YgoSecondHandLayoutPatch: AFTER holder.Position.Y = -745
[YgoDuelist] YgoSecondHandLayoutPatch: AFTER holder.TargetPosition.Y = -745
[YgoDuelist] YgoSecondHandLayoutPatch: AFTER holder.Hitbox.Position.Y = -132
[YgoDuelist] YgoSecondHandLayoutPatch: AFTER holder.Position.Y = -745
[YgoDuelist] YgoSecondHandLayoutPatch: AFTER holder.TargetPosition.Y = -745
[YgoDuelist] YgoSecondHandLayoutPatch: AFTER holder.Hitbox.Position.Y = -132
[YgoDuelist] YgoSecondHandLayoutPatch: AFTER holder.Position.Y = -745
[YgoDuelist] YgoSecondHandLayoutPatch: AFTER holder.TargetPosition.Y = -745
[YgoDuelist] YgoSecondHandLayoutPatch: AFTER holder.Hitbox.Position.Y = -132
[YgoDuelist] YgoSecondHandLayoutPatch EXIT return false
[DEBUG] [ActionQueueSet] Enqueueing action PlayCardAction card: CARD.YGODUELIST-DEFEND_YGO_DUELIST (20748128) index: 12 targetid:  to player queue owned by 76561198345121322
[DEBUG] [ActionExecutor] Action queue changed, beginning ExecuteActions
[VERYDEBUG] [ActionQueueSet] Attempting to find ready action
[VERYDEBUG] [ActionQueueSet] Action PlayCardAction card: CARD.YGODUELIST-DEFEND_YGO_DUELIST (20748128) index: 12 targetid:  with id 31 belonging to 76561198345121322 becomes new ready action
[VERYDEBUG] [ActionQueueSet] Queue for player 76561198136285041 is empty
[VERYDEBUG] [ActionQueueSet] Got ready action PlayCardAction card: CARD.YGODUELIST-DEFEND_YGO_DUELIST (20748128) index: 12 targetid:  (31)
[DEBUG] [ActionExecutor] Executing action: PlayCardAction card: CARD.YGODUELIST-DEFEND_YGO_DUELIST (20748128) index: 12 targetid: 
[VERYDEBUG] [GameAction] Action PlayCardAction card: CARD.YGODUELIST-DEFEND_YGO_DUELIST (20748128) index: 12 targetid:  began executing
[INFO] Player 76561198345121322 playing card YGODUELIST-DEFEND_YGO_DUELIST (no target)
[YgoDuelist] YgoSecondHandLayoutPatch ENTER all=8 main=3 opts=5 FocusedHolderId=0 FocusedIsOpt=False
[YgoDuelist]   opts[0] holderId=100931735706 model=Command_Defend
[YgoDuelist]   opts[1] holderId=101737042122 model=Command_Attack
[YgoDuelist]   opts[2] holderId=101065953442 model=Command_Change_Battle_Position
[YgoDuelist]   opts[3] holderId=101200171178 model=Toggle_Die_For_You
[YgoDuelist]   opts[4] holderId=101334388914 model=Exit_Monster_Options
[YgoDuelist] YgoSecondHandLayoutPatch: AFTER holder.Position.Y = -745
[YgoDuelist] YgoSecondHandLayoutPatch: AFTER holder.TargetPosition.Y = -745
[YgoDuelist] YgoSecondHandLayoutPatch: AFTER holder.Hitbox.Position.Y = -132
[YgoDuelist] YgoSecondHandLayoutPatch: AFTER holder.Position.Y = -745
[YgoDuelist] YgoSecondHandLayoutPatch: AFTER holder.TargetPosition.Y = -745
[YgoDuelist] YgoSecondHandLayoutPatch: AFTER holder.Hitbox.Position.Y = -132
[YgoDuelist] YgoSecondHandLayoutPatch: AFTER holder.Position.Y = -745
[YgoDuelist] YgoSecondHandLayoutPatch: AFTER holder.TargetPosition.Y = -745
[YgoDuelist] YgoSecondHandLayoutPatch: AFTER holder.Hitbox.Position.Y = -132
[YgoDuelist] YgoSecondHandLayoutPatch: AFTER holder.Position.Y = -745
[YgoDuelist] YgoSecondHandLayoutPatch: AFTER holder.TargetPosition.Y = -745
[YgoDuelist] YgoSecondHandLayoutPatch: AFTER holder.Hitbox.Position.Y = -132
[YgoDuelist] YgoSecondHandLayoutPatch: AFTER holder.Position.Y = -745
[YgoDuelist] YgoSecondHandLayoutPatch: AFTER holder.TargetPosition.Y = -745
[YgoDuelist] YgoSecondHandLayoutPatch: AFTER holder.Hitbox.Position.Y = -132
[YgoDuelist] YgoSecondHandLayoutPatch EXIT return false
[VERYDEBUG] [GameAction] Action PlayCardAction card: CARD.YGODUELIST-DEFEND_YGO_DUELIST (20748128) index: 12 targetid:  finished execution
[DEBUG] [ChecksumTracker] Generating checksum for context: after executing action PlayCardAction card: CARD.YGODUELIST-DEFEND_YGO_DUELIST (20748128) index: 12 targetid:  action: PlayCardAction card: CARD.YGODUELIST-DEFEND_YGO_DUELIST (20748128) index: 12 targetid:  id: 32
[YgoDuelist][MP][Checksum][fp] netId=76561198136285041 | pt=1 n=4:YGODUELIST-DEFEND_YGO_DUELIST010,YGODUELIST-FIRE_SORCERER0bYgoDieForYouUserToggleOnFalseiPermanentAtkBonusFromExecutes01010002,20017,20041,20043,YGODUELIST-RECKLESS_GREED01010009,10011,YGODUELIST-STRIKE_YGO_DUELIST010 | pt=2 n=5:YGODUELIST-BURNING_LAND01010009,20024,YGODUELIST-DEFEND_YGO_DUELIST010,YGODUELIST-EARTH_EFFIGY0bYgoDieForYouUserToggleOnFalseiPermanentAtkBonusFromExecutes01010000,20015,20043,YGODUELIST-GAIA_POWER01010009,20027,YGODUELIST-STRIKE_YGO_DUELIST010 | pt=3 n=8:YGODUELIST-ARCANE_ARCHER_OF_THE_FOREST0bYgoDieForYouUserToggleOnFalseiPermanentAtkBonusFromExecutes01010000,20019,20043,YGODUELIST-DEFEND_YGO_DUELIST010,YGODUELIST-OJAMA_TRIO01010009,10011,YGODUELIST-OUTSTANDING_DOG_MARRON0bYgoDieForYouUserToggleOnFalseiPermanentAtkBonusFromExecutes01010004,20001,YGODUELIST-ROCKET_JUMPER0bYgoDieForYouUserToggleOnFalseiPermanentAtkBonusFromExecutes01010000,20015,20043,20045,YGODUELIST-SKELENGEL0bYgoDieForYouUserToggleOnFalseiPermanentAtkBonusFromExecutes01010004,20006,20041,YGODUELIST-STRIKE_YGO_DUELIST010,YGODUELIST-TRAP_OF_BOARD_ERASER01010009,10011 | pt=4 n=0: | pt=5 n=0: | pt=932200512 n=0: | pt=932200513 n=0: | pt=932200514 n=0: | pt=932200515 n=1:YGODUELIST-HOURGLASS_OF_COURAGE0bYgoDieForYouUserToggleOnFalseiPermanentAtkBonusFromExecutes01010004,20006,20043 | pt=932200516 n=1:YGODUELIST-TOTAL_DEFENSE_SHOGUN0bYgoDieForYouUserToggleOnFalseiPermanentAtkBonusFromExecutes01010005,20019,20034,20043 | pt=932200517 n=0: | pt=932200518 n=0:
[YgoDuelist][MP][Checksum][fp] netId=76561198345121322 | pt=1 n=6:YGODUELIST-DEFEND_YGO_DUELIST010,YGODUELIST-DEFEND_YGO_DUELIST010,YGODUELIST-FIRE_PRINCESS0bYgoDieForYouUserToggleOnFalseiPermanentAtkBonusFromExecutes01010002,20013,20043,YGODUELIST-KURAMA0bYgoDieForYouUserToggleOnFalseiPermanentAtkBonusFromExecutes01010003,20020,20043,YGODUELIST-STRIKE_YGO_DUELIST010,YGODUELIST-ZABORG_THE_THUNDER_MONARCH0bYgoDieForYouUserToggleOnFalseiPermanentAtkBonusFromExecutes01010004,20018,20034,20043 | pt=2 n=3:GREED0104,7,YGODUELIST-STRIKE_YGO_DUELIST010,YGODUELIST-STRIKE_YGO_DUELIST010 | pt=3 n=1:YGODUELIST-DEFEND_YGO_DUELIST010 | pt=4 n=0: | pt=5 n=0: | pt=932200512 n=0: | pt=932200513 n=1:YGODUELIST-THE_LAST_WARRIOR_FROM_ANOTHER_PLANET0bYgoDieForYouUserToggleOnFalseiPermanentAtkBonusFromExecutes0iSummonAbsorbPrintedDefBonus01010000,20019,20036,20043 | pt=932200514 n=0: | pt=932200515 n=0: | pt=932200516 n=2:YGODUELIST-QUEEN_S_DOUBLE0bYgoDieForYouUserToggleOnFalseiPermanentAtkBonusFromExecutes01010000,20019,20045,YGODUELIST-VERSAGO_THE_DESTROYER0bYgoDieForYouUserToggleOnFalseiPermanentAtkBonusFromExecutes01010005,20007,20043 | pt=932200517 n=2:YGODUELIST-RAIGEKI_BREAK01010009,10011,20045,YGODUELIST-YELLOW_LUSTER_SHIELD01010009,20024 | pt=932200518 n=0:
[DEBUG] [ActionExecutor] Completed execution of action PlayCardAction card: CARD.YGODUELIST-DEFEND_YGO_DUELIST (20748128) index: 12 targetid: , attempting to find new action
[VERYDEBUG] [ActionQueueSet] Attempting to find ready action
[VERYDEBUG] [ActionQueueSet] Queue for player 76561198345121322 is empty
[VERYDEBUG] [ActionQueueSet] Queue for player 76561198136285041 is empty
[VERYDEBUG] [ActionQueueSet] No action is ready
[DEBUG] [ActionQueueSynchronizer] Sending message to client to enqueue action EndPlayerTurnAction for player 76561198345121322 round 3 at 08:25:22
[DEBUG] [ActionQueueSynchronizer] Enqueueing action EndPlayerTurnAction for player 76561198345121322 round 3 from owner 76561198345121322
[DEBUG] [ActionQueueSet] Enqueueing action EndPlayerTurnAction for player 76561198345121322 round 3 to player queue owned by 76561198345121322
[DEBUG] [ActionExecutor] Action queue changed, beginning ExecuteActions
[VERYDEBUG] [ActionQueueSet] Attempting to find ready action
[VERYDEBUG] [ActionQueueSet] Action EndPlayerTurnAction for player 76561198345121322 round 3 with id 32 belonging to 76561198345121322 becomes new ready action
[VERYDEBUG] [ActionQueueSet] Queue for player 76561198136285041 is empty
[VERYDEBUG] [ActionQueueSet] Got ready action EndPlayerTurnAction for player 76561198345121322 round 3 (32)
[DEBUG] [ActionExecutor] Executing action: EndPlayerTurnAction for player 76561198345121322 round 3
[VERYDEBUG] [GameAction] Action EndPlayerTurnAction for player 76561198345121322 round 3 began executing
[VERYDEBUG] [GameAction] Action EndPlayerTurnAction for player 76561198345121322 round 3 finished execution
[DEBUG] [ActionExecutor] Completed execution of action EndPlayerTurnAction for player 76561198345121322 round 3, attempting to find new action
[VERYDEBUG] [ActionQueueSet] Attempting to find ready action
[VERYDEBUG] [ActionQueueSet] Queue for player 76561198345121322 is empty
[VERYDEBUG] [ActionQueueSet] Queue for player 76561198136285041 is empty
[VERYDEBUG] [ActionQueueSet] No action is ready
[WARN] [BaseLib] GetRawText: Key 'YGO_RACE_SPELL_CONTINUOUS.title' not found in table 'static_hover_tips'
[WARN] [BaseLib] GetRawText: Key 'YGO_RACE_SPELL_CONTINUOUS.description' not found in table 'static_hover_tips'
[VERYDEBUG] [RunLocationTargetedMessageBuffer] Handling map-targeted message RequestEnqueueActionMessage location: act 0 coord (0, 1) action: YgoDuelist.YgoDuelistCode.GameActions.NetYgoSetSpellTrapFromHandAction from 76561198136285041 for location act 0 coord (0, 1)
[DEBUG] [ActionQueueSynchronizer] Received request enqueue action for action YgoDuelist.YgoDuelistCode.GameActions.NetYgoSetSpellTrapFromHandAction (76561198136285041) at 08:25:28
[DEBUG] [ActionQueueSynchronizer] Sending message to client to enqueue action YgoSetSpellTrapFromHandGameAction owner=76561198136285041 netCard=NetCombatCard 2062 model=YGODUELIST-BURNING_LAND ord=0 at 08:25:28
[DEBUG] [ActionQueueSynchronizer] Enqueueing action YgoSetSpellTrapFromHandGameAction owner=76561198136285041 netCard=NetCombatCard 2062 model=YGODUELIST-BURNING_LAND ord=0 from owner 76561198136285041
[DEBUG] [ActionQueueSet] Enqueueing action YgoSetSpellTrapFromHandGameAction owner=76561198136285041 netCard=NetCombatCard 2062 model=YGODUELIST-BURNING_LAND ord=0 to player queue owned by 76561198136285041
[DEBUG] [ActionExecutor] Action queue changed, beginning ExecuteActions
[VERYDEBUG] [ActionQueueSet] Attempting to find ready action
[VERYDEBUG] [ActionQueueSet] Queue for player 76561198345121322 is empty
[VERYDEBUG] [ActionQueueSet] Action YgoSetSpellTrapFromHandGameAction owner=76561198136285041 netCard=NetCombatCard 2062 model=YGODUELIST-BURNING_LAND ord=0 with id 33 belonging to 76561198136285041 becomes new ready action
[VERYDEBUG] [ActionQueueSet] Got ready action YgoSetSpellTrapFromHandGameAction owner=76561198136285041 netCard=NetCombatCard 2062 model=YGODUELIST-BURNING_LAND ord=0 (33)
[DEBUG] [ActionExecutor] Executing action: YgoSetSpellTrapFromHandGameAction owner=76561198136285041 netCard=NetCombatCard 2062 model=YGODUELIST-BURNING_LAND ord=0
[VERYDEBUG] [GameAction] Action YgoSetSpellTrapFromHandGameAction owner=76561198136285041 netCard=NetCombatCard 2062 model=YGODUELIST-BURNING_LAND ord=0 began executing
[YgoDuelist][MP] YgoSetSpellTrapFromHandGameAction: TrySetFromHandAsync card=YGODUELIST-BURNING_LAND owner=76561198136285041 netIndex=2062
[VERYDEBUG] [GameAction] Action YgoSetSpellTrapFromHandGameAction owner=76561198136285041 netCard=NetCombatCard 2062 model=YGODUELIST-BURNING_LAND ord=0 finished execution
[DEBUG] [ChecksumTracker] Generating checksum for context: after executing action YgoSetSpellTrapFromHandGameAction owner=76561198136285041 netCard=NetCombatCard 2062 model=YGODUELIST-BURNING_LAND ord=0 action: YgoSetSpellTrapFromHandGameAction owner=76561198136285041 netCard=NetCombatCard 2062 model=YGODUELIST-BURNING_LAND ord=0 id: 33
[YgoDuelist][MP][Checksum][fp] netId=76561198136285041 | pt=1 n=4:YGODUELIST-DEFEND_YGO_DUELIST010,YGODUELIST-FIRE_SORCERER0bYgoDieForYouUserToggleOnFalseiPermanentAtkBonusFromExecutes01010002,20017,20041,20043,YGODUELIST-RECKLESS_GREED01010009,10011,YGODUELIST-STRIKE_YGO_DUELIST010 | pt=2 n=4:YGODUELIST-DEFEND_YGO_DUELIST010,YGODUELIST-EARTH_EFFIGY0bYgoDieForYouUserToggleOnFalseiPermanentAtkBonusFromExecutes01010000,20015,20043,YGODUELIST-GAIA_POWER01010009,20027,YGODUELIST-STRIKE_YGO_DUELIST010 | pt=3 n=8:YGODUELIST-ARCANE_ARCHER_OF_THE_FOREST0bYgoDieForYouUserToggleOnFalseiPermanentAtkBonusFromExecutes01010000,20019,20043,YGODUELIST-DEFEND_YGO_DUELIST010,YGODUELIST-OJAMA_TRIO01010009,10011,YGODUELIST-OUTSTANDING_DOG_MARRON0bYgoDieForYouUserToggleOnFalseiPermanentAtkBonusFromExecutes01010004,20001,YGODUELIST-ROCKET_JUMPER0bYgoDieForYouUserToggleOnFalseiPermanentAtkBonusFromExecutes01010000,20015,20043,20045,YGODUELIST-SKELENGEL0bYgoDieForYouUserToggleOnFalseiPermanentAtkBonusFromExecutes01010004,20006,20041,YGODUELIST-STRIKE_YGO_DUELIST010,YGODUELIST-TRAP_OF_BOARD_ERASER01010009,10011 | pt=4 n=0: | pt=5 n=0: | pt=932200512 n=0: | pt=932200513 n=0: | pt=932200514 n=0: | pt=932200515 n=1:YGODUELIST-HOURGLASS_OF_COURAGE0bYgoDieForYouUserToggleOnFalseiPermanentAtkBonusFromExecutes01010004,20006,20043 | pt=932200516 n=1:YGODUELIST-TOTAL_DEFENSE_SHOGUN0bYgoDieForYouUserToggleOnFalseiPermanentAtkBonusFromExecutes01010005,20019,20034,20043 | pt=932200517 n=1:YGODUELIST-BURNING_LAND01010009,20024 | pt=932200518 n=0:
[YgoDuelist][MP][Checksum][fp] netId=76561198345121322 | pt=1 n=6:YGODUELIST-DEFEND_YGO_DUELIST010,YGODUELIST-DEFEND_YGO_DUELIST010,YGODUELIST-FIRE_PRINCESS0bYgoDieForYouUserToggleOnFalseiPermanentAtkBonusFromExecutes01010002,20013,20043,YGODUELIST-KURAMA0bYgoDieForYouUserToggleOnFalseiPermanentAtkBonusFromExecutes01010003,20020,20043,YGODUELIST-STRIKE_YGO_DUELIST010,YGODUELIST-ZABORG_THE_THUNDER_MONARCH0bYgoDieForYouUserToggleOnFalseiPermanentAtkBonusFromExecutes01010004,20018,20034,20043 | pt=2 n=3:GREED0104,7,YGODUELIST-STRIKE_YGO_DUELIST010,YGODUELIST-STRIKE_YGO_DUELIST010 | pt=3 n=1:YGODUELIST-DEFEND_YGO_DUELIST010 | pt=4 n=0: | pt=5 n=0: | pt=932200512 n=0: | pt=932200513 n=1:YGODUELIST-THE_LAST_WARRIOR_FROM_ANOTHER_PLANET0bYgoDieForYouUserToggleOnFalseiPermanentAtkBonusFromExecutes0iSummonAbsorbPrintedDefBonus01010000,20019,20036,20043 | pt=932200514 n=0: | pt=932200515 n=0: | pt=932200516 n=2:YGODUELIST-QUEEN_S_DOUBLE0bYgoDieForYouUserToggleOnFalseiPermanentAtkBonusFromExecutes01010000,20019,20045,YGODUELIST-VERSAGO_THE_DESTROYER0bYgoDieForYouUserToggleOnFalseiPermanentAtkBonusFromExecutes01010005,20007,20043 | pt=932200517 n=2:YGODUELIST-RAIGEKI_BREAK01010009,10011,20045,YGODUELIST-YELLOW_LUSTER_SHIELD01010009,20024 | pt=932200518 n=0:
[DEBUG] [ActionExecutor] Completed execution of action YgoSetSpellTrapFromHandGameAction owner=76561198136285041 netCard=NetCombatCard 2062 model=YGODUELIST-BURNING_LAND ord=0, attempting to find new action
[VERYDEBUG] [ActionQueueSet] Attempting to find ready action
[VERYDEBUG] [ActionQueueSet] Queue for player 76561198345121322 is empty
[VERYDEBUG] [ActionQueueSet] Queue for player 76561198136285041 is empty
[VERYDEBUG] [ActionQueueSet] No action is ready
[YgoDuelist] OnSecondHandCardsChanged ENTER player=42064926 cardsCount=1
[YgoDuelist]   cards[0]=Burning_Land id=17274853
[YgoDuelist] OnSecondHandCardsChanged EXIT me != player
[WARN] [BaseLib] GetRawText: Key 'YGO_RACE_SPELL_FIELD.title' not found in table 'static_hover_tips'
[WARN] [BaseLib] GetRawText: Key 'YGO_RACE_SPELL_FIELD.description' not found in table 'static_hover_tips'
[VERYDEBUG] [RunLocationTargetedMessageBuffer] Handling map-targeted message RequestEnqueueActionMessage location: act 0 coord (0, 1) action: YgoDuelist.YgoDuelistCode.GameActions.NetYgoSetSpellTrapFromHandAction from 76561198136285041 for location act 0 coord (0, 1)
[DEBUG] [ActionQueueSynchronizer] Received request enqueue action for action YgoDuelist.YgoDuelistCode.GameActions.NetYgoSetSpellTrapFromHandAction (76561198136285041) at 08:25:31
[DEBUG] [ActionQueueSynchronizer] Sending message to client to enqueue action YgoSetSpellTrapFromHandGameAction owner=76561198136285041 netCard=NetCombatCard 2061 model=YGODUELIST-GAIA_POWER ord=0 at 08:25:31
[DEBUG] [ActionQueueSynchronizer] Enqueueing action YgoSetSpellTrapFromHandGameAction owner=76561198136285041 netCard=NetCombatCard 2061 model=YGODUELIST-GAIA_POWER ord=0 from owner 76561198136285041
[DEBUG] [ActionQueueSet] Enqueueing action YgoSetSpellTrapFromHandGameAction owner=76561198136285041 netCard=NetCombatCard 2061 model=YGODUELIST-GAIA_POWER ord=0 to player queue owned by 76561198136285041
[DEBUG] [ActionExecutor] Action queue changed, beginning ExecuteActions
[VERYDEBUG] [ActionQueueSet] Attempting to find ready action
[VERYDEBUG] [ActionQueueSet] Queue for player 76561198345121322 is empty
[VERYDEBUG] [ActionQueueSet] Action YgoSetSpellTrapFromHandGameAction owner=76561198136285041 netCard=NetCombatCard 2061 model=YGODUELIST-GAIA_POWER ord=0 with id 34 belonging to 76561198136285041 becomes new ready action
[VERYDEBUG] [ActionQueueSet] Got ready action YgoSetSpellTrapFromHandGameAction owner=76561198136285041 netCard=NetCombatCard 2061 model=YGODUELIST-GAIA_POWER ord=0 (34)
[DEBUG] [ActionExecutor] Executing action: YgoSetSpellTrapFromHandGameAction owner=76561198136285041 netCard=NetCombatCard 2061 model=YGODUELIST-GAIA_POWER ord=0
[VERYDEBUG] [GameAction] Action YgoSetSpellTrapFromHandGameAction owner=76561198136285041 netCard=NetCombatCard 2061 model=YGODUELIST-GAIA_POWER ord=0 began executing
[YgoDuelist][MP] YgoSetSpellTrapFromHandGameAction: TrySetFromHandAsync card=YGODUELIST-GAIA_POWER owner=76561198136285041 netIndex=2061
[YgoDuelist] OnSecondHandCardsChanged ENTER player=42064926 cardsCount=2
[YgoDuelist]   cards[0]=Gaia_Power id=24289049
[YgoDuelist]   cards[1]=Burning_Land id=17274853
[YgoDuelist] OnSecondHandCardsChanged EXIT me != player
[VERYDEBUG] [GameAction] Action YgoSetSpellTrapFromHandGameAction owner=76561198136285041 netCard=NetCombatCard 2061 model=YGODUELIST-GAIA_POWER ord=0 finished execution
[DEBUG] [ChecksumTracker] Generating checksum for context: after executing action YgoSetSpellTrapFromHandGameAction owner=76561198136285041 netCard=NetCombatCard 2061 model=YGODUELIST-GAIA_POWER ord=0 action: YgoSetSpellTrapFromHandGameAction owner=76561198136285041 netCard=NetCombatCard 2061 model=YGODUELIST-GAIA_POWER ord=0 id: 34
[YgoDuelist][MP][Checksum][fp] netId=76561198136285041 | pt=1 n=4:YGODUELIST-DEFEND_YGO_DUELIST010,YGODUELIST-FIRE_SORCERER0bYgoDieForYouUserToggleOnFalseiPermanentAtkBonusFromExecutes01010002,20017,20041,20043,YGODUELIST-RECKLESS_GREED01010009,10011,YGODUELIST-STRIKE_YGO_DUELIST010 | pt=2 n=3:YGODUELIST-DEFEND_YGO_DUELIST010,YGODUELIST-EARTH_EFFIGY0bYgoDieForYouUserToggleOnFalseiPermanentAtkBonusFromExecutes01010000,20015,20043,YGODUELIST-STRIKE_YGO_DUELIST010 | pt=3 n=8:YGODUELIST-ARCANE_ARCHER_OF_THE_FOREST0bYgoDieForYouUserToggleOnFalseiPermanentAtkBonusFromExecutes01010000,20019,20043,YGODUELIST-DEFEND_YGO_DUELIST010,YGODUELIST-OJAMA_TRIO01010009,10011,YGODUELIST-OUTSTANDING_DOG_MARRON0bYgoDieForYouUserToggleOnFalseiPermanentAtkBonusFromExecutes01010004,20001,YGODUELIST-ROCKET_JUMPER0bYgoDieForYouUserToggleOnFalseiPermanentAtkBonusFromExecutes01010000,20015,20043,20045,YGODUELIST-SKELENGEL0bYgoDieForYouUserToggleOnFalseiPermanentAtkBonusFromExecutes01010004,20006,20041,YGODUELIST-STRIKE_YGO_DUELIST010,YGODUELIST-TRAP_OF_BOARD_ERASER01010009,10011 | pt=4 n=0: | pt=5 n=0: | pt=932200512 n=0: | pt=932200513 n=0: | pt=932200514 n=0: | pt=932200515 n=1:YGODUELIST-HOURGLASS_OF_COURAGE0bYgoDieForYouUserToggleOnFalseiPermanentAtkBonusFromExecutes01010004,20006,20043 | pt=932200516 n=1:YGODUELIST-TOTAL_DEFENSE_SHOGUN0bYgoDieForYouUserToggleOnFalseiPermanentAtkBonusFromExecutes01010005,20019,20034,20043 | pt=932200517 n=2:YGODUELIST-BURNING_LAND01010009,20024,YGODUELIST-GAIA_POWER01010009,20027 | pt=932200518 n=0:
[YgoDuelist][MP][Checksum][fp] netId=76561198345121322 | pt=1 n=6:YGODUELIST-DEFEND_YGO_DUELIST010,YGODUELIST-DEFEND_YGO_DUELIST010,YGODUELIST-FIRE_PRINCESS0bYgoDieForYouUserToggleOnFalseiPermanentAtkBonusFromExecutes01010002,20013,20043,YGODUELIST-KURAMA0bYgoDieForYouUserToggleOnFalseiPermanentAtkBonusFromExecutes01010003,20020,20043,YGODUELIST-STRIKE_YGO_DUELIST010,YGODUELIST-ZABORG_THE_THUNDER_MONARCH0bYgoDieForYouUserToggleOnFalseiPermanentAtkBonusFromExecutes01010004,20018,20034,20043 | pt=2 n=3:GREED0104,7,YGODUELIST-STRIKE_YGO_DUELIST010,YGODUELIST-STRIKE_YGO_DUELIST010 | pt=3 n=1:YGODUELIST-DEFEND_YGO_DUELIST010 | pt=4 n=0: | pt=5 n=0: | pt=932200512 n=0: | pt=932200513 n=1:YGODUELIST-THE_LAST_WARRIOR_FROM_ANOTHER_PLANET0bYgoDieForYouUserToggleOnFalseiPermanentAtkBonusFromExecutes0iSummonAbsorbPrintedDefBonus01010000,20019,20036,20043 | pt=932200514 n=0: | pt=932200515 n=0: | pt=932200516 n=2:YGODUELIST-QUEEN_S_DOUBLE0bYgoDieForYouUserToggleOnFalseiPermanentAtkBonusFromExecutes01010000,20019,20045,YGODUELIST-VERSAGO_THE_DESTROYER0bYgoDieForYouUserToggleOnFalseiPermanentAtkBonusFromExecutes01010005,20007,20043 | pt=932200517 n=2:YGODUELIST-RAIGEKI_BREAK01010009,10011,20045,YGODUELIST-YELLOW_LUSTER_SHIELD01010009,20024 | pt=932200518 n=0:
[DEBUG] [ActionExecutor] Completed execution of action YgoSetSpellTrapFromHandGameAction owner=76561198136285041 netCard=NetCombatCard 2061 model=YGODUELIST-GAIA_POWER ord=0, attempting to find new action
[VERYDEBUG] [ActionQueueSet] Attempting to find ready action
[VERYDEBUG] [ActionQueueSet] Queue for player 76561198345121322 is empty
[VERYDEBUG] [ActionQueueSet] Queue for player 76561198136285041 is empty
[VERYDEBUG] [ActionQueueSet] No action is ready
[YgoDuelist] OnSecondHandCardsChanged ENTER player=42064926 cardsCount=2
[YgoDuelist]   cards[0]=Gaia_Power id=24289049
[YgoDuelist]   cards[1]=Burning_Land id=17274853
[YgoDuelist] OnSecondHandCardsChanged EXIT me != player
[WARN] [BaseLib] GetRawText: Key 'YGO_RACE_SPELL_CONTINUOUS.title' not found in table 'static_hover_tips'
[WARN] [BaseLib] GetRawText: Key 'YGO_RACE_SPELL_CONTINUOUS.description' not found in table 'static_hover_tips'
[VERYDEBUG] [RunLocationTargetedMessageBuffer] Handling map-targeted message RequestEnqueueActionMessage location: act 0 coord (0, 1) action: NetPlayCardAction (NetCombatCard 2062) target: null from 76561198136285041 for location act 0 coord (0, 1)
[DEBUG] [ActionQueueSynchronizer] Received request enqueue action for action NetPlayCardAction (NetCombatCard 2062) target: null (76561198136285041) at 08:25:35
[DEBUG] [ActionQueueSynchronizer] Sending message to client to enqueue action PlayCardAction card: CARD.YGODUELIST-BURNING_LAND (17274853) index: 2062 targetid:  at 08:25:35
[DEBUG] [ActionQueueSynchronizer] Enqueueing action PlayCardAction card: CARD.YGODUELIST-BURNING_LAND (17274853) index: 2062 targetid:  from owner 76561198136285041
[WARN] [BaseLib] GetRawText: Key 'YGO_RACE_SPELL_CONTINUOUS.title' not found in table 'static_hover_tips'
[WARN] [BaseLib] GetRawText: Key 'YGO_RACE_SPELL_CONTINUOUS.description' not found in table 'static_hover_tips'
[DEBUG] [ActionQueueSet] Enqueueing action PlayCardAction card: CARD.YGODUELIST-BURNING_LAND (17274853) index: 2062 targetid:  to player queue owned by 76561198136285041
[DEBUG] [ActionExecutor] Action queue changed, beginning ExecuteActions
[VERYDEBUG] [ActionQueueSet] Attempting to find ready action
[VERYDEBUG] [ActionQueueSet] Queue for player 76561198345121322 is empty
[VERYDEBUG] [ActionQueueSet] Action PlayCardAction card: CARD.YGODUELIST-BURNING_LAND (17274853) index: 2062 targetid:  with id 35 belonging to 76561198136285041 becomes new ready action
[VERYDEBUG] [ActionQueueSet] Got ready action PlayCardAction card: CARD.YGODUELIST-BURNING_LAND (17274853) index: 2062 targetid:  (35)
[DEBUG] [ActionExecutor] Executing action: PlayCardAction card: CARD.YGODUELIST-BURNING_LAND (17274853) index: 2062 targetid: 
[VERYDEBUG] [GameAction] Action PlayCardAction card: CARD.YGODUELIST-BURNING_LAND (17274853) index: 2062 targetid:  began executing
[WARN] Asset not cached: res://YgoDuelist/images/card_portraits/burning_land.png
[VERYDEBUG] [GameAction] Action PlayCardAction card: CARD.YGODUELIST-BURNING_LAND (17274853) index: 2062 targetid:  finished execution
[DEBUG] [ChecksumTracker] Generating checksum for context: after executing action PlayCardAction card: CARD.YGODUELIST-BURNING_LAND (17274853) index: 2062 targetid:  action: PlayCardAction card: CARD.YGODUELIST-BURNING_LAND (17274853) index: 2062 targetid:  id: 35
[YgoDuelist][MP][Checksum][fp] netId=76561198136285041 | pt=1 n=4:YGODUELIST-DEFEND_YGO_DUELIST010,YGODUELIST-FIRE_SORCERER0bYgoDieForYouUserToggleOnFalseiPermanentAtkBonusFromExecutes01010002,20017,20041,20043,YGODUELIST-RECKLESS_GREED01010009,10011,YGODUELIST-STRIKE_YGO_DUELIST010 | pt=2 n=3:YGODUELIST-DEFEND_YGO_DUELIST010,YGODUELIST-EARTH_EFFIGY0bYgoDieForYouUserToggleOnFalseiPermanentAtkBonusFromExecutes01010000,20015,20043,YGODUELIST-STRIKE_YGO_DUELIST010 | pt=3 n=8:YGODUELIST-ARCANE_ARCHER_OF_THE_FOREST0bYgoDieForYouUserToggleOnFalseiPermanentAtkBonusFromExecutes01010000,20019,20043,YGODUELIST-DEFEND_YGO_DUELIST010,YGODUELIST-OJAMA_TRIO01010009,10011,YGODUELIST-OUTSTANDING_DOG_MARRON0bYgoDieForYouUserToggleOnFalseiPermanentAtkBonusFromExecutes01010004,20001,YGODUELIST-ROCKET_JUMPER0bYgoDieForYouUserToggleOnFalseiPermanentAtkBonusFromExecutes01010000,20015,20043,20045,YGODUELIST-SKELENGEL0bYgoDieForYouUserToggleOnFalseiPermanentAtkBonusFromExecutes01010004,20006,20041,YGODUELIST-STRIKE_YGO_DUELIST010,YGODUELIST-TRAP_OF_BOARD_ERASER01010009,10011 | pt=4 n=0: | pt=5 n=0: | pt=932200512 n=0: | pt=932200513 n=0: | pt=932200514 n=0: | pt=932200515 n=1:YGODUELIST-HOURGLASS_OF_COURAGE0bYgoDieForYouUserToggleOnFalseiPermanentAtkBonusFromExecutes01010004,20006,20043 | pt=932200516 n=1:YGODUELIST-TOTAL_DEFENSE_SHOGUN0bYgoDieForYouUserToggleOnFalseiPermanentAtkBonusFromExecutes01010005,20019,20034,20043 | pt=932200517 n=2:YGODUELIST-BURNING_LAND01010009,20024,YGODUELIST-GAIA_POWER01010009,20027 | pt=932200518 n=0:
[YgoDuelist][MP][Checksum][fp] netId=76561198345121322 | pt=1 n=6:YGODUELIST-DEFEND_YGO_DUELIST010,YGODUELIST-DEFEND_YGO_DUELIST010,YGODUELIST-FIRE_PRINCESS0bYgoDieForYouUserToggleOnFalseiPermanentAtkBonusFromExecutes01010002,20013,20043,YGODUELIST-KURAMA0bYgoDieForYouUserToggleOnFalseiPermanentAtkBonusFromExecutes01010003,20020,20043,YGODUELIST-STRIKE_YGO_DUELIST010,YGODUELIST-ZABORG_THE_THUNDER_MONARCH0bYgoDieForYouUserToggleOnFalseiPermanentAtkBonusFromExecutes01010004,20018,20034,20043 | pt=2 n=3:GREED0104,7,YGODUELIST-STRIKE_YGO_DUELIST010,YGODUELIST-STRIKE_YGO_DUELIST010 | pt=3 n=1:YGODUELIST-DEFEND_YGO_DUELIST010 | pt=4 n=0: | pt=5 n=0: | pt=932200512 n=0: | pt=932200513 n=1:YGODUELIST-THE_LAST_WARRIOR_FROM_ANOTHER_PLANET0bYgoDieForYouUserToggleOnFalseiPermanentAtkBonusFromExecutes0iSummonAbsorbPrintedDefBonus01010000,20019,20036,20043 | pt=932200514 n=0: | pt=932200515 n=0: | pt=932200516 n=2:YGODUELIST-QUEEN_S_DOUBLE0bYgoDieForYouUserToggleOnFalseiPermanentAtkBonusFromExecutes01010000,20019,20045,YGODUELIST-VERSAGO_THE_DESTROYER0bYgoDieForYouUserToggleOnFalseiPermanentAtkBonusFromExecutes01010005,20007,20043 | pt=932200517 n=2:YGODUELIST-RAIGEKI_BREAK01010009,10011,20045,YGODUELIST-YELLOW_LUSTER_SHIELD01010009,20024 | pt=932200518 n=0:
[YgoDuelist] OnSecondHandCardsChanged ENTER player=42064926 cardsCount=2
[YgoDuelist]   cards[0]=Gaia_Power id=24289049
[YgoDuelist]   cards[1]=Burning_Land id=17274853
[YgoDuelist] OnSecondHandCardsChanged EXIT me != player
[DEBUG] [ActionExecutor] Completed execution of action PlayCardAction card: CARD.YGODUELIST-BURNING_LAND (17274853) index: 2062 targetid: , attempting to find new action
[VERYDEBUG] [ActionQueueSet] Attempting to find ready action
[VERYDEBUG] [ActionQueueSet] Queue for player 76561198345121322 is empty
[VERYDEBUG] [ActionQueueSet] Queue for player 76561198136285041 is empty
[VERYDEBUG] [ActionQueueSet] No action is ready
[YgoDuelist] OnSecondHandCardsChanged ENTER player=42064926 cardsCount=2
[YgoDuelist]   cards[0]=Gaia_Power id=24289049
[YgoDuelist]   cards[1]=Burning_Land id=17274853
[YgoDuelist] OnSecondHandCardsChanged EXIT me != player
[YgoDuelist] OnSecondHandCardsChanged ENTER player=42064926 cardsCount=2
[YgoDuelist]   cards[0]=Gaia_Power id=24289049
[YgoDuelist]   cards[1]=Burning_Land id=17274853
[YgoDuelist] OnSecondHandCardsChanged EXIT me != player
[WARN] [BaseLib] GetRawText: Key 'YGO_ATTRIBUTE_EARTH.title' not found in table 'static_hover_tips'
[WARN] [BaseLib] GetRawText: Key 'YGO_ATTRIBUTE_EARTH.description' not found in table 'static_hover_tips'
[WARN] [BaseLib] GetRawText: Key 'YGO_RACE_ROCK.title' not found in table 'static_hover_tips'
[WARN] [BaseLib] GetRawText: Key 'YGO_RACE_ROCK.description' not found in table 'static_hover_tips'
[DEBUG] [NetQualityTracker] Connection statistics at 08:25:39:
[DEBUG] [NetQualityTracker] 	76561198136285041 - Ping: 66.13849. Packet Loss: 3E-45.
[VERYDEBUG] [RunLocationTargetedMessageBuffer] Handling map-targeted message RequestEnqueueActionMessage location: act 0 coord (0, 1) action: NetPlayCardAction (NetCombatCard 2058) target: 2 from 76561198136285041 for location act 0 coord (0, 1)
[DEBUG] [ActionQueueSynchronizer] Received request enqueue action for action NetPlayCardAction (NetCombatCard 2058) target: 2 (76561198136285041) at 08:25:42
[DEBUG] [ActionQueueSynchronizer] Sending message to client to enqueue action PlayCardAction card: CARD.YGODUELIST-EARTH_EFFIGY (32805273) index: 2058 targetid: 2 at 08:25:42
[DEBUG] [ActionQueueSynchronizer] Enqueueing action PlayCardAction card: CARD.YGODUELIST-EARTH_EFFIGY (32805273) index: 2058 targetid: 2 from owner 76561198136285041
[WARN] [BaseLib] GetRawText: Key 'YGO_ATTRIBUTE_EARTH.title' not found in table 'static_hover_tips'
[WARN] [BaseLib] GetRawText: Key 'YGO_ATTRIBUTE_EARTH.description' not found in table 'static_hover_tips'
[WARN] [BaseLib] GetRawText: Key 'YGO_RACE_ROCK.title' not found in table 'static_hover_tips'
[WARN] [BaseLib] GetRawText: Key 'YGO_RACE_ROCK.description' not found in table 'static_hover_tips'
[DEBUG] [ActionQueueSet] Enqueueing action PlayCardAction card: CARD.YGODUELIST-EARTH_EFFIGY (32805273) index: 2058 targetid: 2 to player queue owned by 76561198136285041
[DEBUG] [ActionExecutor] Action queue changed, beginning ExecuteActions
[VERYDEBUG] [ActionQueueSet] Attempting to find ready action
[VERYDEBUG] [ActionQueueSet] Queue for player 76561198345121322 is empty
[VERYDEBUG] [ActionQueueSet] Action PlayCardAction card: CARD.YGODUELIST-EARTH_EFFIGY (32805273) index: 2058 targetid: 2 with id 36 belonging to 76561198136285041 becomes new ready action
[VERYDEBUG] [ActionQueueSet] Got ready action PlayCardAction card: CARD.YGODUELIST-EARTH_EFFIGY (32805273) index: 2058 targetid: 2 (36)
[DEBUG] [ActionExecutor] Executing action: PlayCardAction card: CARD.YGODUELIST-EARTH_EFFIGY (32805273) index: 2058 targetid: 2
[VERYDEBUG] [GameAction] Action PlayCardAction card: CARD.YGODUELIST-EARTH_EFFIGY (32805273) index: 2058 targetid: 2 began executing
[WARN] [BaseLib] GetRawText: Key 'YGO_ATTRIBUTE_EARTH.title' not found in table 'static_hover_tips'
[WARN] [BaseLib] GetRawText: Key 'YGO_ATTRIBUTE_EARTH.description' not found in table 'static_hover_tips'
[WARN] [BaseLib] GetRawText: Key 'YGO_RACE_ROCK.title' not found in table 'static_hover_tips'
[WARN] [BaseLib] GetRawText: Key 'YGO_RACE_ROCK.description' not found in table 'static_hover_tips'
[WARN] [BaseLib] GetRawText: Key 'YGO_ATTRIBUTE_EARTH.title' not found in table 'static_hover_tips'
[WARN] [BaseLib] GetRawText: Key 'YGO_ATTRIBUTE_EARTH.description' not found in table 'static_hover_tips'
[WARN] [BaseLib] GetRawText: Key 'YGO_RACE_ROCK.title' not found in table 'static_hover_tips'
[WARN] [BaseLib] GetRawText: Key 'YGO_RACE_ROCK.description' not found in table 'static_hover_tips'
[YgoDuelist][MP][HandStance] Observer applied wire hand stance atk=True handEffect=False faceDown=False willSet=True netIdx=2058 card=YGODUELIST-EARTH_EFFIGY
[YgoDuelist][MP][PlayCard] Remote peer: mirrored vanilla ExecuteAction body (owner=76561198136285041 card=YGODUELIST-EARTH_EFFIGY)
[INFO] Player 76561198136285041 playing card YGODUELIST-EARTH_EFFIGY (targeting Toadpole (combatId 2)) [YgoDuelist remote mirror, skipped CanPlay]
[VERYDEBUG] [GameAction] Action PlayCardAction card: CARD.YGODUELIST-EARTH_EFFIGY (32805273) index: 2058 targetid: 2 finished execution
[DEBUG] [ChecksumTracker] Generating checksum for context: after executing action PlayCardAction card: CARD.YGODUELIST-EARTH_EFFIGY (32805273) index: 2058 targetid: 2 action: PlayCardAction card: CARD.YGODUELIST-EARTH_EFFIGY (32805273) index: 2058 targetid: 2 id: 36
[YgoDuelist][MP][Checksum][fp] netId=76561198136285041 | pt=1 n=4:YGODUELIST-DEFEND_YGO_DUELIST010,YGODUELIST-FIRE_SORCERER0bYgoDieForYouUserToggleOnFalseiPermanentAtkBonusFromExecutes01010002,20017,20041,20043,YGODUELIST-RECKLESS_GREED01010009,10011,YGODUELIST-STRIKE_YGO_DUELIST010 | pt=2 n=2:YGODUELIST-DEFEND_YGO_DUELIST010,YGODUELIST-STRIKE_YGO_DUELIST010 | pt=3 n=8:YGODUELIST-ARCANE_ARCHER_OF_THE_FOREST0bYgoDieForYouUserToggleOnFalseiPermanentAtkBonusFromExecutes01010000,20019,20043,YGODUELIST-DEFEND_YGO_DUELIST010,YGODUELIST-OJAMA_TRIO01010009,10011,YGODUELIST-OUTSTANDING_DOG_MARRON0bYgoDieForYouUserToggleOnFalseiPermanentAtkBonusFromExecutes01010004,20001,YGODUELIST-ROCKET_JUMPER0bYgoDieForYouUserToggleOnFalseiPermanentAtkBonusFromExecutes01010000,20015,20043,20045,YGODUELIST-SKELENGEL0bYgoDieForYouUserToggleOnFalseiPermanentAtkBonusFromExecutes01010004,20006,20041,YGODUELIST-STRIKE_YGO_DUELIST010,YGODUELIST-TRAP_OF_BOARD_ERASER01010009,10011 | pt=4 n=0: | pt=5 n=0: | pt=932200512 n=0: | pt=932200513 n=0: | pt=932200514 n=0: | pt=932200515 n=1:YGODUELIST-HOURGLASS_OF_COURAGE0bYgoDieForYouUserToggleOnFalseiPermanentAtkBonusFromExecutes01010004,20006,20043 | pt=932200516 n=2:YGODUELIST-EARTH_EFFIGY0bYgoDieForYouUserToggleOnFalseiPermanentAtkBonusFromExecutes01010000,20015,20043,YGODUELIST-TOTAL_DEFENSE_SHOGUN0bYgoDieForYouUserToggleOnFalseiPermanentAtkBonusFromExecutes01010005,20019,20034,20043 | pt=932200517 n=2:YGODUELIST-BURNING_LAND01010009,20024,YGODUELIST-GAIA_POWER01010009,20027 | pt=932200518 n=0:
[YgoDuelist][MP][Checksum][fp] netId=76561198345121322 | pt=1 n=6:YGODUELIST-DEFEND_YGO_DUELIST010,YGODUELIST-DEFEND_YGO_DUELIST010,YGODUELIST-FIRE_PRINCESS0bYgoDieForYouUserToggleOnFalseiPermanentAtkBonusFromExecutes01010002,20013,20043,YGODUELIST-KURAMA0bYgoDieForYouUserToggleOnFalseiPermanentAtkBonusFromExecutes01010003,20020,20043,YGODUELIST-STRIKE_YGO_DUELIST010,YGODUELIST-ZABORG_THE_THUNDER_MONARCH0bYgoDieForYouUserToggleOnFalseiPermanentAtkBonusFromExecutes01010004,20018,20034,20043 | pt=2 n=3:GREED0104,7,YGODUELIST-STRIKE_YGO_DUELIST010,YGODUELIST-STRIKE_YGO_DUELIST010 | pt=3 n=1:YGODUELIST-DEFEND_YGO_DUELIST010 | pt=4 n=0: | pt=5 n=0: | pt=932200512 n=0: | pt=932200513 n=1:YGODUELIST-THE_LAST_WARRIOR_FROM_ANOTHER_PLANET0bYgoDieForYouUserToggleOnFalseiPermanentAtkBonusFromExecutes0iSummonAbsorbPrintedDefBonus01010000,20019,20036,20043 | pt=932200514 n=0: | pt=932200515 n=0: | pt=932200516 n=2:YGODUELIST-QUEEN_S_DOUBLE0bYgoDieForYouUserToggleOnFalseiPermanentAtkBonusFromExecutes01010000,20019,20045,YGODUELIST-VERSAGO_THE_DESTROYER0bYgoDieForYouUserToggleOnFalseiPermanentAtkBonusFromExecutes01010005,20007,20043 | pt=932200517 n=2:YGODUELIST-RAIGEKI_BREAK01010009,10011,20045,YGODUELIST-YELLOW_LUSTER_SHIELD01010009,20024 | pt=932200518 n=0:
[DEBUG] [ActionExecutor] Completed execution of action PlayCardAction card: CARD.YGODUELIST-EARTH_EFFIGY (32805273) index: 2058 targetid: 2, attempting to find new action
[VERYDEBUG] [ActionQueueSet] Attempting to find ready action
[VERYDEBUG] [ActionQueueSet] Queue for player 76561198345121322 is empty
[VERYDEBUG] [ActionQueueSet] Queue for player 76561198136285041 is empty
[VERYDEBUG] [ActionQueueSet] No action is ready
[VERYDEBUG] [RunLocationTargetedMessageBuffer] Handling map-targeted message RequestEnqueueActionMessage location: act 0 coord (0, 1) action: NetEndPlayerTurnAction round: 3 from 76561198136285041 for location act 0 coord (0, 1)
[DEBUG] [ActionQueueSynchronizer] Received request enqueue action for action NetEndPlayerTurnAction round: 3 (76561198136285041) at 08:25:46
[DEBUG] [ActionQueueSynchronizer] Sending message to client to enqueue action EndPlayerTurnAction for player 76561198136285041 round 3 at 08:25:46
[DEBUG] [ActionQueueSynchronizer] Enqueueing action EndPlayerTurnAction for player 76561198136285041 round 3 from owner 76561198136285041
[DEBUG] [ActionQueueSet] Enqueueing action EndPlayerTurnAction for player 76561198136285041 round 3 to player queue owned by 76561198136285041
[DEBUG] [ActionExecutor] Action queue changed, beginning ExecuteActions
[VERYDEBUG] [ActionQueueSet] Attempting to find ready action
[VERYDEBUG] [ActionQueueSet] Queue for player 76561198345121322 is empty
[VERYDEBUG] [ActionQueueSet] Action EndPlayerTurnAction for player 76561198136285041 round 3 with id 37 belonging to 76561198136285041 becomes new ready action
[VERYDEBUG] [ActionQueueSet] Got ready action EndPlayerTurnAction for player 76561198136285041 round 3 (37)
[DEBUG] [ActionExecutor] Executing action: EndPlayerTurnAction for player 76561198136285041 round 3
[VERYDEBUG] [GameAction] Action EndPlayerTurnAction for player 76561198136285041 round 3 began executing
[VERYDEBUG] [GameAction] Action EndPlayerTurnAction for player 76561198136285041 round 3 finished execution
[DEBUG] [ActionQueueSynchronizer] Combat state becomes EndTurnPhaseOne (from PlayPhase). Starting to cancel all player-driven actions
[DEBUG] [ActionQueueSet] Setting all player queues to cancel all non-hook actions
[VERYDEBUG] [ActionQueueSet] Attempting to find ready action
[VERYDEBUG] [ActionQueueSet] Queue for player 76561198345121322 is empty
[VERYDEBUG] [ActionQueueSet] Queue for player 76561198136285041 is empty
[VERYDEBUG] [ActionQueueSet] No action is ready
[DEBUG] [ChecksumTracker] Generating checksum for context: After player turn phase one end action:  id: 37
[YgoDuelist][MP][Checksum][fp] netId=76561198136285041 | pt=1 n=4:YGODUELIST-DEFEND_YGO_DUELIST010,YGODUELIST-FIRE_SORCERER0bYgoDieForYouUserToggleOnFalseiPermanentAtkBonusFromExecutes01010002,20017,20041,20043,YGODUELIST-RECKLESS_GREED01010009,10011,YGODUELIST-STRIKE_YGO_DUELIST010 | pt=2 n=2:YGODUELIST-DEFEND_YGO_DUELIST010,YGODUELIST-STRIKE_YGO_DUELIST010 | pt=3 n=8:YGODUELIST-ARCANE_ARCHER_OF_THE_FOREST0bYgoDieForYouUserToggleOnFalseiPermanentAtkBonusFromExecutes01010000,20019,20043,YGODUELIST-DEFEND_YGO_DUELIST010,YGODUELIST-OJAMA_TRIO01010009,10011,YGODUELIST-OUTSTANDING_DOG_MARRON0bYgoDieForYouUserToggleOnFalseiPermanentAtkBonusFromExecutes01010004,20001,YGODUELIST-ROCKET_JUMPER0bYgoDieForYouUserToggleOnFalseiPermanentAtkBonusFromExecutes01010000,20015,20043,20045,YGODUELIST-SKELENGEL0bYgoDieForYouUserToggleOnFalseiPermanentAtkBonusFromExecutes01010004,20006,20041,YGODUELIST-STRIKE_YGO_DUELIST010,YGODUELIST-TRAP_OF_BOARD_ERASER01010009,10011 | pt=4 n=0: | pt=5 n=0: | pt=932200512 n=0: | pt=932200513 n=0: | pt=932200514 n=0: | pt=932200515 n=1:YGODUELIST-HOURGLASS_OF_COURAGE0bYgoDieForYouUserToggleOnFalseiPermanentAtkBonusFromExecutes01010004,20006,20043 | pt=932200516 n=2:YGODUELIST-EARTH_EFFIGY0bYgoDieForYouUserToggleOnFalseiPermanentAtkBonusFromExecutes01010000,20015,20043,YGODUELIST-TOTAL_DEFENSE_SHOGUN0bYgoDieForYouUserToggleOnFalseiPermanentAtkBonusFromExecutes01010005,20019,20034,20043 | pt=932200517 n=2:YGODUELIST-BURNING_LAND01010009,20024,YGODUELIST-GAIA_POWER01010009,20027 | pt=932200518 n=0:
[YgoDuelist][MP][Checksum][fp] netId=76561198345121322 | pt=1 n=6:YGODUELIST-DEFEND_YGO_DUELIST010,YGODUELIST-DEFEND_YGO_DUELIST010,YGODUELIST-FIRE_PRINCESS0bYgoDieForYouUserToggleOnFalseiPermanentAtkBonusFromExecutes01010002,20013,20043,YGODUELIST-KURAMA0bYgoDieForYouUserToggleOnFalseiPermanentAtkBonusFromExecutes01010003,20020,20043,YGODUELIST-STRIKE_YGO_DUELIST010,YGODUELIST-ZABORG_THE_THUNDER_MONARCH0bYgoDieForYouUserToggleOnFalseiPermanentAtkBonusFromExecutes01010004,20018,20034,20043 | pt=2 n=3:GREED0104,7,YGODUELIST-STRIKE_YGO_DUELIST010,YGODUELIST-STRIKE_YGO_DUELIST010 | pt=3 n=1:YGODUELIST-DEFEND_YGO_DUELIST010 | pt=4 n=0: | pt=5 n=0: | pt=932200512 n=0: | pt=932200513 n=1:YGODUELIST-THE_LAST_WARRIOR_FROM_ANOTHER_PLANET0bYgoDieForYouUserToggleOnFalseiPermanentAtkBonusFromExecutes0iSummonAbsorbPrintedDefBonus01010000,20019,20036,20043 | pt=932200514 n=0: | pt=932200515 n=0: | pt=932200516 n=2:YGODUELIST-QUEEN_S_DOUBLE0bYgoDieForYouUserToggleOnFalseiPermanentAtkBonusFromExecutes01010000,20019,20045,YGODUELIST-VERSAGO_THE_DESTROYER0bYgoDieForYouUserToggleOnFalseiPermanentAtkBonusFromExecutes01010005,20007,20043 | pt=932200517 n=2:YGODUELIST-RAIGEKI_BREAK01010009,10011,20045,YGODUELIST-YELLOW_LUSTER_SHIELD01010009,20024 | pt=932200518 n=0:
[DEBUG] [ActionQueueSynchronizer] Sending message to client to enqueue action ReadyToBeginEnemyTurnAction 76561198345121322 at 08:25:46
[DEBUG] [ActionQueueSynchronizer] Enqueueing action ReadyToBeginEnemyTurnAction 76561198345121322 from owner 76561198345121322
[DEBUG] [ActionQueueSet] Enqueueing action ReadyToBeginEnemyTurnAction 76561198345121322 to player queue owned by 76561198345121322
[DEBUG] [ActionExecutor] Completed execution of action EndPlayerTurnAction for player 76561198136285041 round 3, attempting to find new action
[VERYDEBUG] [ActionQueueSet] Attempting to find ready action
[VERYDEBUG] [ActionQueueSet] Action ReadyToBeginEnemyTurnAction 76561198345121322 with id 38 belonging to 76561198345121322 becomes new ready action
[VERYDEBUG] [ActionQueueSet] Queue for player 76561198136285041 is empty
[VERYDEBUG] [ActionQueueSet] Got ready action ReadyToBeginEnemyTurnAction 76561198345121322 (38)
[DEBUG] [ActionExecutor] Executing action: ReadyToBeginEnemyTurnAction 76561198345121322
[VERYDEBUG] [GameAction] Action ReadyToBeginEnemyTurnAction 76561198345121322 began executing
[VERYDEBUG] [GameAction] Action ReadyToBeginEnemyTurnAction 76561198345121322 finished execution
[DEBUG] [ActionExecutor] Completed execution of action ReadyToBeginEnemyTurnAction 76561198345121322, attempting to find new action
[VERYDEBUG] [ActionQueueSet] Attempting to find ready action
[VERYDEBUG] [ActionQueueSet] Queue for player 76561198345121322 is empty
[VERYDEBUG] [ActionQueueSet] Queue for player 76561198136285041 is empty
[VERYDEBUG] [ActionQueueSet] No action is ready
[VERYDEBUG] [RunLocationTargetedMessageBuffer] Handling map-targeted message RequestEnqueueActionMessage location: act 0 coord (0, 1) action: NetReadyToBeginEnemyTurnAction from 76561198136285041 for location act 0 coord (0, 1)
[DEBUG] [ActionQueueSynchronizer] Received request enqueue action for action NetReadyToBeginEnemyTurnAction (76561198136285041) at 08:25:46
[DEBUG] [ActionQueueSynchronizer] Sending message to client to enqueue action ReadyToBeginEnemyTurnAction 76561198136285041 at 08:25:46
[DEBUG] [ActionQueueSynchronizer] Enqueueing action ReadyToBeginEnemyTurnAction 76561198136285041 from owner 76561198136285041
[DEBUG] [ActionQueueSet] Enqueueing action ReadyToBeginEnemyTurnAction 76561198136285041 to player queue owned by 76561198136285041
[DEBUG] [ActionExecutor] Action queue changed, beginning ExecuteActions
[VERYDEBUG] [ActionQueueSet] Attempting to find ready action
[VERYDEBUG] [ActionQueueSet] Queue for player 76561198345121322 is empty
[VERYDEBUG] [ActionQueueSet] Action ReadyToBeginEnemyTurnAction 76561198136285041 with id 39 belonging to 76561198136285041 becomes new ready action
[VERYDEBUG] [ActionQueueSet] Got ready action ReadyToBeginEnemyTurnAction 76561198136285041 (39)
[DEBUG] [ActionExecutor] Executing action: ReadyToBeginEnemyTurnAction 76561198136285041
[VERYDEBUG] [GameAction] Action ReadyToBeginEnemyTurnAction 76561198136285041 began executing
[DEBUG] [ActionQueueSynchronizer] Combat state becomes NotPlayPhase. Pausing all player queues
[DEBUG] [ActionQueueSet] Pausing all player queues
[VERYDEBUG] [GameAction] Action ReadyToBeginEnemyTurnAction 76561198136285041 finished execution
[DEBUG] [ActionExecutor] Completed execution of action ReadyToBeginEnemyTurnAction 76561198136285041, attempting to find new action
[VERYDEBUG] [ActionQueueSet] Attempting to find ready action
[VERYDEBUG] [ActionQueueSet] Queue for player 76561198345121322 is empty
[VERYDEBUG] [ActionQueueSet] Queue for player 76561198136285041 is empty
[VERYDEBUG] [ActionQueueSet] No action is ready
[YgoDuelist] YgoSecondHandLayoutPatch ENTER all=7 main=2 opts=5 FocusedHolderId=0 FocusedIsOpt=False
[YgoDuelist]   opts[0] holderId=100931735706 model=Command_Defend
[YgoDuelist]   opts[1] holderId=101737042122 model=Command_Attack
[YgoDuelist]   opts[2] holderId=101065953442 model=Command_Change_Battle_Position
[YgoDuelist]   opts[3] holderId=101200171178 model=Toggle_Die_For_You
[YgoDuelist]   opts[4] holderId=101334388914 model=Exit_Monster_Options
[YgoDuelist] YgoSecondHandLayoutPatch: AFTER holder.Position.Y = -745
[YgoDuelist] YgoSecondHandLayoutPatch: AFTER holder.TargetPosition.Y = -745
[YgoDuelist] YgoSecondHandLayoutPatch: AFTER holder.Hitbox.Position.Y = -132
[YgoDuelist] YgoSecondHandLayoutPatch: AFTER holder.Position.Y = -745
[YgoDuelist] YgoSecondHandLayoutPatch: AFTER holder.TargetPosition.Y = -745
[YgoDuelist] YgoSecondHandLayoutPatch: AFTER holder.Hitbox.Position.Y = -132
[YgoDuelist] YgoSecondHandLayoutPatch: AFTER holder.Position.Y = -745
[YgoDuelist] YgoSecondHandLayoutPatch: AFTER holder.TargetPosition.Y = -745
[YgoDuelist] YgoSecondHandLayoutPatch: AFTER holder.Hitbox.Position.Y = -132
[YgoDuelist] YgoSecondHandLayoutPatch: AFTER holder.Position.Y = -745
[YgoDuelist] YgoSecondHandLayoutPatch: AFTER holder.TargetPosition.Y = -745
[YgoDuelist] YgoSecondHandLayoutPatch: AFTER holder.Hitbox.Position.Y = -132
[YgoDuelist] YgoSecondHandLayoutPatch: AFTER holder.Position.Y = -745
[YgoDuelist] YgoSecondHandLayoutPatch: AFTER holder.TargetPosition.Y = -745
[YgoDuelist] YgoSecondHandLayoutPatch: AFTER holder.Hitbox.Position.Y = -132
[YgoDuelist] YgoSecondHandLayoutPatch EXIT return false
[YgoDuelist] YgoSecondHandLayoutPatch ENTER all=6 main=1 opts=5 FocusedHolderId=0 FocusedIsOpt=False
[YgoDuelist]   opts[0] holderId=100931735706 model=Command_Defend
[YgoDuelist]   opts[1] holderId=101737042122 model=Command_Attack
[YgoDuelist]   opts[2] holderId=101065953442 model=Command_Change_Battle_Position
[YgoDuelist]   opts[3] holderId=101200171178 model=Toggle_Die_For_You
[YgoDuelist]   opts[4] holderId=101334388914 model=Exit_Monster_Options
[YgoDuelist] YgoSecondHandLayoutPatch: AFTER holder.Position.Y = -745
[YgoDuelist] YgoSecondHandLayoutPatch: AFTER holder.TargetPosition.Y = -745
[YgoDuelist] YgoSecondHandLayoutPatch: AFTER holder.Hitbox.Position.Y = -132
[YgoDuelist] YgoSecondHandLayoutPatch: AFTER holder.Position.Y = -745
[YgoDuelist] YgoSecondHandLayoutPatch: AFTER holder.TargetPosition.Y = -745
[YgoDuelist] YgoSecondHandLayoutPatch: AFTER holder.Hitbox.Position.Y = -132
[YgoDuelist] YgoSecondHandLayoutPatch: AFTER holder.Position.Y = -745
[YgoDuelist] YgoSecondHandLayoutPatch: AFTER holder.TargetPosition.Y = -745
[YgoDuelist] YgoSecondHandLayoutPatch: AFTER holder.Hitbox.Position.Y = -132
[YgoDuelist] YgoSecondHandLayoutPatch: AFTER holder.Position.Y = -745
[YgoDuelist] YgoSecondHandLayoutPatch: AFTER holder.TargetPosition.Y = -745
[YgoDuelist] YgoSecondHandLayoutPatch: AFTER holder.Hitbox.Position.Y = -132
[YgoDuelist] YgoSecondHandLayoutPatch: AFTER holder.Position.Y = -745
[YgoDuelist] YgoSecondHandLayoutPatch: AFTER holder.TargetPosition.Y = -745
[YgoDuelist] YgoSecondHandLayoutPatch: AFTER holder.Hitbox.Position.Y = -132
[YgoDuelist] YgoSecondHandLayoutPatch EXIT return false
[YgoDuelist] YgoSecondHandLayoutPatch ENTER all=5 main=0 opts=5 FocusedHolderId=0 FocusedIsOpt=False
[YgoDuelist]   opts[0] holderId=100931735706 model=Command_Defend
[YgoDuelist]   opts[1] holderId=101737042122 model=Command_Attack
[YgoDuelist]   opts[2] holderId=101065953442 model=Command_Change_Battle_Position
[YgoDuelist]   opts[3] holderId=101200171178 model=Toggle_Die_For_You
[YgoDuelist]   opts[4] holderId=101334388914 model=Exit_Monster_Options
[YgoDuelist] YgoSecondHandLayoutPatch: AFTER holder.Position.Y = -745
[YgoDuelist] YgoSecondHandLayoutPatch: AFTER holder.TargetPosition.Y = -745
[YgoDuelist] YgoSecondHandLayoutPatch: AFTER holder.Hitbox.Position.Y = -132
[YgoDuelist] YgoSecondHandLayoutPatch: AFTER holder.Position.Y = -745
[YgoDuelist] YgoSecondHandLayoutPatch: AFTER holder.TargetPosition.Y = -745
[YgoDuelist] YgoSecondHandLayoutPatch: AFTER holder.Hitbox.Position.Y = -132
[YgoDuelist] YgoSecondHandLayoutPatch: AFTER holder.Position.Y = -745
[YgoDuelist] YgoSecondHandLayoutPatch: AFTER holder.TargetPosition.Y = -745
[YgoDuelist] YgoSecondHandLayoutPatch: AFTER holder.Hitbox.Position.Y = -132
[YgoDuelist] YgoSecondHandLayoutPatch: AFTER holder.Position.Y = -745
[YgoDuelist] YgoSecondHandLayoutPatch: AFTER holder.TargetPosition.Y = -745
[YgoDuelist] YgoSecondHandLayoutPatch: AFTER holder.Hitbox.Position.Y = -132
[YgoDuelist] YgoSecondHandLayoutPatch: AFTER holder.Position.Y = -745
[YgoDuelist] YgoSecondHandLayoutPatch: AFTER holder.TargetPosition.Y = -745
[YgoDuelist] YgoSecondHandLayoutPatch: AFTER holder.Hitbox.Position.Y = -132
[YgoDuelist] YgoSecondHandLayoutPatch EXIT return false
[DEBUG] [ChecksumTracker] Generating checksum for context: after player turn phase two end action:  id: 38
[YgoDuelist][MP][Checksum][fp] netId=76561198136285041 | pt=1 n=4:YGODUELIST-DEFEND_YGO_DUELIST010,YGODUELIST-FIRE_SORCERER0bYgoDieForYouUserToggleOnFalseiPermanentAtkBonusFromExecutes01010002,20017,20041,20043,YGODUELIST-RECKLESS_GREED01010009,10011,YGODUELIST-STRIKE_YGO_DUELIST010 | pt=2 n=0: | pt=3 n=10:YGODUELIST-ARCANE_ARCHER_OF_THE_FOREST0bYgoDieForYouUserToggleOnFalseiPermanentAtkBonusFromExecutes01010000,20019,20043,YGODUELIST-DEFEND_YGO_DUELIST010,YGODUELIST-DEFEND_YGO_DUELIST010,YGODUELIST-OJAMA_TRIO01010009,10011,YGODUELIST-OUTSTANDING_DOG_MARRON0bYgoDieForYouUserToggleOnFalseiPermanentAtkBonusFromExecutes01010004,20001,YGODUELIST-ROCKET_JUMPER0bYgoDieForYouUserToggleOnFalseiPermanentAtkBonusFromExecutes01010000,20015,20043,20045,YGODUELIST-SKELENGEL0bYgoDieForYouUserToggleOnFalseiPermanentAtkBonusFromExecutes01010004,20006,20041,YGODUELIST-STRIKE_YGO_DUELIST010,YGODUELIST-STRIKE_YGO_DUELIST010,YGODUELIST-TRAP_OF_BOARD_ERASER01010009,10011 | pt=4 n=0: | pt=5 n=0: | pt=932200512 n=0: | pt=932200513 n=0: | pt=932200514 n=0: | pt=932200515 n=1:YGODUELIST-HOURGLASS_OF_COURAGE0bYgoDieForYouUserToggleOnFalseiPermanentAtkBonusFromExecutes01010004,20006,20043 | pt=932200516 n=2:YGODUELIST-EARTH_EFFIGY0bYgoDieForYouUserToggleOnFalseiPermanentAtkBonusFromExecutes01010000,20015,20043,YGODUELIST-TOTAL_DEFENSE_SHOGUN0bYgoDieForYouUserToggleOnFalseiPermanentAtkBonusFromExecutes01010005,20019,20034,20043 | pt=932200517 n=2:YGODUELIST-BURNING_LAND01010009,20024,YGODUELIST-GAIA_POWER01010009,20027 | pt=932200518 n=0:
[YgoDuelist][MP][Checksum][fp] netId=76561198345121322 | pt=1 n=6:YGODUELIST-DEFEND_YGO_DUELIST010,YGODUELIST-DEFEND_YGO_DUELIST010,YGODUELIST-FIRE_PRINCESS0bYgoDieForYouUserToggleOnFalseiPermanentAtkBonusFromExecutes01010002,20013,20043,YGODUELIST-KURAMA0bYgoDieForYouUserToggleOnFalseiPermanentAtkBonusFromExecutes01010003,20020,20043,YGODUELIST-STRIKE_YGO_DUELIST010,YGODUELIST-ZABORG_THE_THUNDER_MONARCH0bYgoDieForYouUserToggleOnFalseiPermanentAtkBonusFromExecutes01010004,20018,20034,20043 | pt=2 n=0: | pt=3 n=4:GREED0104,7,YGODUELIST-DEFEND_YGO_DUELIST010,YGODUELIST-STRIKE_YGO_DUELIST010,YGODUELIST-STRIKE_YGO_DUELIST010 | pt=4 n=0: | pt=5 n=0: | pt=932200512 n=0: | pt=932200513 n=1:YGODUELIST-THE_LAST_WARRIOR_FROM_ANOTHER_PLANET0bYgoDieForYouUserToggleOnFalseiPermanentAtkBonusFromExecutes0iSummonAbsorbPrintedDefBonus01010000,20019,20036,20043 | pt=932200514 n=0: | pt=932200515 n=0: | pt=932200516 n=2:YGODUELIST-QUEEN_S_DOUBLE0bYgoDieForYouUserToggleOnFalseiPermanentAtkBonusFromExecutes01010000,20019,20045,YGODUELIST-VERSAGO_THE_DESTROYER0bYgoDieForYouUserToggleOnFalseiPermanentAtkBonusFromExecutes01010005,20007,20043 | pt=932200517 n=2:YGODUELIST-RAIGEKI_BREAK01010009,10011,20045,YGODUELIST-YELLOW_LUSTER_SHIELD01010009,20024 | pt=932200518 n=0:
[DEBUG] [ChecksumTracker] Generating checksum for context: After enemy turn start action:  id: 39
[YgoDuelist][MP][Checksum][fp] netId=76561198136285041 | pt=1 n=4:YGODUELIST-DEFEND_YGO_DUELIST010,YGODUELIST-FIRE_SORCERER0bYgoDieForYouUserToggleOnFalseiPermanentAtkBonusFromExecutes01010002,20017,20041,20043,YGODUELIST-RECKLESS_GREED01010009,10011,YGODUELIST-STRIKE_YGO_DUELIST010 | pt=2 n=0: | pt=3 n=10:YGODUELIST-ARCANE_ARCHER_OF_THE_FOREST0bYgoDieForYouUserToggleOnFalseiPermanentAtkBonusFromExecutes01010000,20019,20043,YGODUELIST-DEFEND_YGO_DUELIST010,YGODUELIST-DEFEND_YGO_DUELIST010,YGODUELIST-OJAMA_TRIO01010009,10011,YGODUELIST-OUTSTANDING_DOG_MARRON0bYgoDieForYouUserToggleOnFalseiPermanentAtkBonusFromExecutes01010004,20001,YGODUELIST-ROCKET_JUMPER0bYgoDieForYouUserToggleOnFalseiPermanentAtkBonusFromExecutes01010000,20015,20043,20045,YGODUELIST-SKELENGEL0bYgoDieForYouUserToggleOnFalseiPermanentAtkBonusFromExecutes01010004,20006,20041,YGODUELIST-STRIKE_YGO_DUELIST010,YGODUELIST-STRIKE_YGO_DUELIST010,YGODUELIST-TRAP_OF_BOARD_ERASER01010009,10011 | pt=4 n=0: | pt=5 n=0: | pt=932200512 n=0: | pt=932200513 n=0: | pt=932200514 n=0: | pt=932200515 n=1:YGODUELIST-HOURGLASS_OF_COURAGE0bYgoDieForYouUserToggleOnFalseiPermanentAtkBonusFromExecutes01010004,20006,20043 | pt=932200516 n=2:YGODUELIST-EARTH_EFFIGY0bYgoDieForYouUserToggleOnFalseiPermanentAtkBonusFromExecutes01010000,20015,20043,YGODUELIST-TOTAL_DEFENSE_SHOGUN0bYgoDieForYouUserToggleOnFalseiPermanentAtkBonusFromExecutes01010005,20019,20034,20043 | pt=932200517 n=2:YGODUELIST-BURNING_LAND01010009,20024,YGODUELIST-GAIA_POWER01010009,20027 | pt=932200518 n=0:
[YgoDuelist][MP][Checksum][fp] netId=76561198345121322 | pt=1 n=6:YGODUELIST-DEFEND_YGO_DUELIST010,YGODUELIST-DEFEND_YGO_DUELIST010,YGODUELIST-FIRE_PRINCESS0bYgoDieForYouUserToggleOnFalseiPermanentAtkBonusFromExecutes01010002,20013,20043,YGODUELIST-KURAMA0bYgoDieForYouUserToggleOnFalseiPermanentAtkBonusFromExecutes01010003,20020,20043,YGODUELIST-STRIKE_YGO_DUELIST010,YGODUELIST-ZABORG_THE_THUNDER_MONARCH0bYgoDieForYouUserToggleOnFalseiPermanentAtkBonusFromExecutes01010004,20018,20034,20043 | pt=2 n=0: | pt=3 n=4:GREED0104,7,YGODUELIST-DEFEND_YGO_DUELIST010,YGODUELIST-STRIKE_YGO_DUELIST010,YGODUELIST-STRIKE_YGO_DUELIST010 | pt=4 n=0: | pt=5 n=0: | pt=932200512 n=0: | pt=932200513 n=1:YGODUELIST-THE_LAST_WARRIOR_FROM_ANOTHER_PLANET0bYgoDieForYouUserToggleOnFalseiPermanentAtkBonusFromExecutes0iSummonAbsorbPrintedDefBonus01010000,20019,20036,20043 | pt=932200514 n=0: | pt=932200515 n=0: | pt=932200516 n=2:YGODUELIST-QUEEN_S_DOUBLE0bYgoDieForYouUserToggleOnFalseiPermanentAtkBonusFromExecutes01010000,20019,20045,YGODUELIST-VERSAGO_THE_DESTROYER0bYgoDieForYouUserToggleOnFalseiPermanentAtkBonusFromExecutes01010005,20007,20043 | pt=932200517 n=2:YGODUELIST-RAIGEKI_BREAK01010009,10011,20045,YGODUELIST-YELLOW_LUSTER_SHIELD01010009,20024 | pt=932200518 n=0:
[INFO] Monster TOADPOLE performing move WHIRL_MOVE
[INFO] Monster TOADPOLE performing move SPIKE_SPIT_MOVE
[DEBUG] [ChecksumTracker] Generating checksum for context: After enemy turn end action:  id: 40
[YgoDuelist][MP][Checksum][fp] netId=76561198136285041 | pt=1 n=4:YGODUELIST-DEFEND_YGO_DUELIST010,YGODUELIST-FIRE_SORCERER0bYgoDieForYouUserToggleOnFalseiPermanentAtkBonusFromExecutes01010002,20017,20041,20043,YGODUELIST-RECKLESS_GREED01010009,10011,YGODUELIST-STRIKE_YGO_DUELIST010 | pt=2 n=0: | pt=3 n=10:YGODUELIST-ARCANE_ARCHER_OF_THE_FOREST0bYgoDieForYouUserToggleOnFalseiPermanentAtkBonusFromExecutes01010000,20019,20043,YGODUELIST-DEFEND_YGO_DUELIST010,YGODUELIST-DEFEND_YGO_DUELIST010,YGODUELIST-OJAMA_TRIO01010009,10011,YGODUELIST-OUTSTANDING_DOG_MARRON0bYgoDieForYouUserToggleOnFalseiPermanentAtkBonusFromExecutes01010004,20001,YGODUELIST-ROCKET_JUMPER0bYgoDieForYouUserToggleOnFalseiPermanentAtkBonusFromExecutes01010000,20015,20043,20045,YGODUELIST-SKELENGEL0bYgoDieForYouUserToggleOnFalseiPermanentAtkBonusFromExecutes01010004,20006,20041,YGODUELIST-STRIKE_YGO_DUELIST010,YGODUELIST-STRIKE_YGO_DUELIST010,YGODUELIST-TRAP_OF_BOARD_ERASER01010009,10011 | pt=4 n=0: | pt=5 n=0: | pt=932200512 n=0: | pt=932200513 n=0: | pt=932200514 n=0: | pt=932200515 n=1:YGODUELIST-HOURGLASS_OF_COURAGE0bYgoDieForYouUserToggleOnFalseiPermanentAtkBonusFromExecutes01010004,20006,20043 | pt=932200516 n=2:YGODUELIST-EARTH_EFFIGY0bYgoDieForYouUserToggleOnFalseiPermanentAtkBonusFromExecutes01010000,20015,20043,YGODUELIST-TOTAL_DEFENSE_SHOGUN0bYgoDieForYouUserToggleOnFalseiPermanentAtkBonusFromExecutes01010005,20019,20034,20043 | pt=932200517 n=2:YGODUELIST-BURNING_LAND01010009,20024,YGODUELIST-GAIA_POWER01010009,20027 | pt=932200518 n=0:
[YgoDuelist][MP][Checksum][fp] netId=76561198345121322 | pt=1 n=6:YGODUELIST-DEFEND_YGO_DUELIST010,YGODUELIST-DEFEND_YGO_DUELIST010,YGODUELIST-FIRE_PRINCESS0bYgoDieForYouUserToggleOnFalseiPermanentAtkBonusFromExecutes01010002,20013,20043,YGODUELIST-KURAMA0bYgoDieForYouUserToggleOnFalseiPermanentAtkBonusFromExecutes01010003,20020,20043,YGODUELIST-STRIKE_YGO_DUELIST010,YGODUELIST-ZABORG_THE_THUNDER_MONARCH0bYgoDieForYouUserToggleOnFalseiPermanentAtkBonusFromExecutes01010004,20018,20034,20043 | pt=2 n=0: | pt=3 n=4:GREED0104,7,YGODUELIST-DEFEND_YGO_DUELIST010,YGODUELIST-STRIKE_YGO_DUELIST010,YGODUELIST-STRIKE_YGO_DUELIST010 | pt=4 n=0: | pt=5 n=0: | pt=932200512 n=0: | pt=932200513 n=1:YGODUELIST-THE_LAST_WARRIOR_FROM_ANOTHER_PLANET0bYgoDieForYouUserToggleOnFalseiPermanentAtkBonusFromExecutes0iSummonAbsorbPrintedDefBonus01010000,20019,20036,20043 | pt=932200514 n=0: | pt=932200515 n=0: | pt=932200516 n=2:YGODUELIST-QUEEN_S_DOUBLE0bYgoDieForYouUserToggleOnFalseiPermanentAtkBonusFromExecutes01010000,20019,20045,YGODUELIST-VERSAGO_THE_DESTROYER0bYgoDieForYouUserToggleOnFalseiPermanentAtkBonusFromExecutes01010005,20007,20043 | pt=932200517 n=2:YGODUELIST-RAIGEKI_BREAK01010009,10011,20045,YGODUELIST-YELLOW_LUSTER_SHIELD01010009,20024 | pt=932200518 n=0:
[WARN] [BaseLib] GetRawText: Key 'YGO_ATTRIBUTE_LIGHT.title' not found in table 'static_hover_tips'
[WARN] [BaseLib] GetRawText: Key 'YGO_ATTRIBUTE_LIGHT.description' not found in table 'static_hover_tips'
[WARN] [BaseLib] GetRawText: Key 'YGO_RACE_THUNDER.title' not found in table 'static_hover_tips'
[WARN] [BaseLib] GetRawText: Key 'YGO_RACE_THUNDER.description' not found in table 'static_hover_tips'
[YgoDuelist] YgoSecondHandLayoutPatch ENTER all=6 main=1 opts=5 FocusedHolderId=0 FocusedIsOpt=False
[YgoDuelist]   opts[0] holderId=100931735706 model=Command_Defend
[YgoDuelist]   opts[1] holderId=101737042122 model=Command_Attack
[YgoDuelist]   opts[2] holderId=101065953442 model=Command_Change_Battle_Position
[YgoDuelist]   opts[3] holderId=101200171178 model=Toggle_Die_For_You
[YgoDuelist]   opts[4] holderId=101334388914 model=Exit_Monster_Options
[YgoDuelist] YgoSecondHandLayoutPatch: AFTER holder.Position.Y = -745
[YgoDuelist] YgoSecondHandLayoutPatch: AFTER holder.TargetPosition.Y = -745
[YgoDuelist] YgoSecondHandLayoutPatch: AFTER holder.Hitbox.Position.Y = -132
[YgoDuelist] YgoSecondHandLayoutPatch: AFTER holder.Position.Y = -745
[YgoDuelist] YgoSecondHandLayoutPatch: AFTER holder.TargetPosition.Y = -745
[YgoDuelist] YgoSecondHandLayoutPatch: AFTER holder.Hitbox.Position.Y = -132
[YgoDuelist] YgoSecondHandLayoutPatch: AFTER holder.Position.Y = -745
[YgoDuelist] YgoSecondHandLayoutPatch: AFTER holder.TargetPosition.Y = -745
[YgoDuelist] YgoSecondHandLayoutPatch: AFTER holder.Hitbox.Position.Y = -132
[YgoDuelist] YgoSecondHandLayoutPatch: AFTER holder.Position.Y = -745
[YgoDuelist] YgoSecondHandLayoutPatch: AFTER holder.TargetPosition.Y = -745
[YgoDuelist] YgoSecondHandLayoutPatch: AFTER holder.Hitbox.Position.Y = -132
[YgoDuelist] YgoSecondHandLayoutPatch: AFTER holder.Position.Y = -745
[YgoDuelist] YgoSecondHandLayoutPatch: AFTER holder.TargetPosition.Y = -745
[YgoDuelist] YgoSecondHandLayoutPatch: AFTER holder.Hitbox.Position.Y = -132
[YgoDuelist] YgoSecondHandLayoutPatch EXIT return false
[YgoDuelist] YgoSecondHandLayoutPatch ENTER all=6 main=1 opts=5 FocusedHolderId=0 FocusedIsOpt=False
[YgoDuelist]   opts[0] holderId=100931735706 model=Command_Defend
[YgoDuelist]   opts[1] holderId=101737042122 model=Command_Attack
[YgoDuelist]   opts[2] holderId=101065953442 model=Command_Change_Battle_Position
[YgoDuelist]   opts[3] holderId=101200171178 model=Toggle_Die_For_You
[YgoDuelist]   opts[4] holderId=101334388914 model=Exit_Monster_Options
[YgoDuelist] YgoSecondHandLayoutPatch: AFTER holder.Position.Y = -745
[YgoDuelist] YgoSecondHandLayoutPatch: AFTER holder.TargetPosition.Y = -745
[YgoDuelist] YgoSecondHandLayoutPatch: AFTER holder.Hitbox.Position.Y = -132
[YgoDuelist] YgoSecondHandLayoutPatch: AFTER holder.Position.Y = -745
[YgoDuelist] YgoSecondHandLayoutPatch: AFTER holder.TargetPosition.Y = -745
[YgoDuelist] YgoSecondHandLayoutPatch: AFTER holder.Hitbox.Position.Y = -132
[YgoDuelist] YgoSecondHandLayoutPatch: AFTER holder.Position.Y = -745
[YgoDuelist] YgoSecondHandLayoutPatch: AFTER holder.TargetPosition.Y = -745
[YgoDuelist] YgoSecondHandLayoutPatch: AFTER holder.Hitbox.Position.Y = -132
[YgoDuelist] YgoSecondHandLayoutPatch: AFTER holder.Position.Y = -745
[YgoDuelist] YgoSecondHandLayoutPatch: AFTER holder.TargetPosition.Y = -745
[YgoDuelist] YgoSecondHandLayoutPatch: AFTER holder.Hitbox.Position.Y = -132
[YgoDuelist] YgoSecondHandLayoutPatch: AFTER holder.Position.Y = -745
[YgoDuelist] YgoSecondHandLayoutPatch: AFTER holder.TargetPosition.Y = -745
[YgoDuelist] YgoSecondHandLayoutPatch: AFTER holder.Hitbox.Position.Y = -132
[YgoDuelist] YgoSecondHandLayoutPatch EXIT return false
[WARN] [BaseLib] GetRawText: Key 'YGO_ATTRIBUTE_WIND.title' not found in table 'static_hover_tips'
[WARN] [BaseLib] GetRawText: Key 'YGO_ATTRIBUTE_WIND.description' not found in table 'static_hover_tips'
[WARN] [BaseLib] GetRawText: Key 'YGO_RACE_WINGED_BEAST.title' not found in table 'static_hover_tips'
[WARN] [BaseLib] GetRawText: Key 'YGO_RACE_WINGED_BEAST.description' not found in table 'static_hover_tips'
[YgoDuelist] YgoSecondHandLayoutPatch ENTER all=7 main=2 opts=5 FocusedHolderId=0 FocusedIsOpt=False
[YgoDuelist]   opts[0] holderId=100931735706 model=Command_Defend
[YgoDuelist]   opts[1] holderId=101737042122 model=Command_Attack
[YgoDuelist]   opts[2] holderId=101065953442 model=Command_Change_Battle_Position
[YgoDuelist]   opts[3] holderId=101200171178 model=Toggle_Die_For_You
[YgoDuelist]   opts[4] holderId=101334388914 model=Exit_Monster_Options
[YgoDuelist] YgoSecondHandLayoutPatch: AFTER holder.Position.Y = -745
[YgoDuelist] YgoSecondHandLayoutPatch: AFTER holder.TargetPosition.Y = -745
[YgoDuelist] YgoSecondHandLayoutPatch: AFTER holder.Hitbox.Position.Y = -132
[YgoDuelist] YgoSecondHandLayoutPatch: AFTER holder.Position.Y = -745
[YgoDuelist] YgoSecondHandLayoutPatch: AFTER holder.TargetPosition.Y = -745
[YgoDuelist] YgoSecondHandLayoutPatch: AFTER holder.Hitbox.Position.Y = -132
[YgoDuelist] YgoSecondHandLayoutPatch: AFTER holder.Position.Y = -745
[YgoDuelist] YgoSecondHandLayoutPatch: AFTER holder.TargetPosition.Y = -745
[YgoDuelist] YgoSecondHandLayoutPatch: AFTER holder.Hitbox.Position.Y = -132
[YgoDuelist] YgoSecondHandLayoutPatch: AFTER holder.Position.Y = -745
[YgoDuelist] YgoSecondHandLayoutPatch: AFTER holder.TargetPosition.Y = -745
[YgoDuelist] YgoSecondHandLayoutPatch: AFTER holder.Hitbox.Position.Y = -132
[YgoDuelist] YgoSecondHandLayoutPatch: AFTER holder.Position.Y = -745
[YgoDuelist] YgoSecondHandLayoutPatch: AFTER holder.TargetPosition.Y = -745
[YgoDuelist] YgoSecondHandLayoutPatch: AFTER holder.Hitbox.Position.Y = -132
[YgoDuelist] YgoSecondHandLayoutPatch EXIT return false
[YgoDuelist] YgoSecondHandLayoutPatch ENTER all=7 main=2 opts=5 FocusedHolderId=0 FocusedIsOpt=False
[YgoDuelist]   opts[0] holderId=100931735706 model=Command_Defend
[YgoDuelist]   opts[1] holderId=101737042122 model=Command_Attack
[YgoDuelist]   opts[2] holderId=101065953442 model=Command_Change_Battle_Position
[YgoDuelist]   opts[3] holderId=101200171178 model=Toggle_Die_For_You
[YgoDuelist]   opts[4] holderId=101334388914 model=Exit_Monster_Options
[YgoDuelist] YgoSecondHandLayoutPatch: AFTER holder.Position.Y = -745
[YgoDuelist] YgoSecondHandLayoutPatch: AFTER holder.TargetPosition.Y = -745
[YgoDuelist] YgoSecondHandLayoutPatch: AFTER holder.Hitbox.Position.Y = -132
[YgoDuelist] YgoSecondHandLayoutPatch: AFTER holder.Position.Y = -745
[YgoDuelist] YgoSecondHandLayoutPatch: AFTER holder.TargetPosition.Y = -745
[YgoDuelist] YgoSecondHandLayoutPatch: AFTER holder.Hitbox.Position.Y = -132
[YgoDuelist] YgoSecondHandLayoutPatch: AFTER holder.Position.Y = -745
[YgoDuelist] YgoSecondHandLayoutPatch: AFTER holder.TargetPosition.Y = -745
[YgoDuelist] YgoSecondHandLayoutPatch: AFTER holder.Hitbox.Position.Y = -132
[YgoDuelist] YgoSecondHandLayoutPatch: AFTER holder.Position.Y = -745
[YgoDuelist] YgoSecondHandLayoutPatch: AFTER holder.TargetPosition.Y = -745
[YgoDuelist] YgoSecondHandLayoutPatch: AFTER holder.Hitbox.Position.Y = -132
[YgoDuelist] YgoSecondHandLayoutPatch: AFTER holder.Position.Y = -745
[YgoDuelist] YgoSecondHandLayoutPatch: AFTER holder.TargetPosition.Y = -745
[YgoDuelist] YgoSecondHandLayoutPatch: AFTER holder.Hitbox.Position.Y = -132
[YgoDuelist] YgoSecondHandLayoutPatch EXIT return false
[WARN] [BaseLib] GetRawText: Key 'YGO_ATTRIBUTE_FIRE.title' not found in table 'static_hover_tips'
[WARN] [BaseLib] GetRawText: Key 'YGO_ATTRIBUTE_FIRE.description' not found in table 'static_hover_tips'
[WARN] [BaseLib] GetRawText: Key 'YGO_RACE_PYRO.title' not found in table 'static_hover_tips'
[WARN] [BaseLib] GetRawText: Key 'YGO_RACE_PYRO.description' not found in table 'static_hover_tips'
[YgoDuelist] YgoSecondHandLayoutPatch ENTER all=8 main=3 opts=5 FocusedHolderId=0 FocusedIsOpt=False
[YgoDuelist]   opts[0] holderId=100931735706 model=Command_Defend
[YgoDuelist]   opts[1] holderId=101737042122 model=Command_Attack
[YgoDuelist]   opts[2] holderId=101065953442 model=Command_Change_Battle_Position
[YgoDuelist]   opts[3] holderId=101200171178 model=Toggle_Die_For_You
[YgoDuelist]   opts[4] holderId=101334388914 model=Exit_Monster_Options
[YgoDuelist] YgoSecondHandLayoutPatch: AFTER holder.Position.Y = -745
[YgoDuelist] YgoSecondHandLayoutPatch: AFTER holder.TargetPosition.Y = -745
[YgoDuelist] YgoSecondHandLayoutPatch: AFTER holder.Hitbox.Position.Y = -132
[YgoDuelist] YgoSecondHandLayoutPatch: AFTER holder.Position.Y = -745
[YgoDuelist] YgoSecondHandLayoutPatch: AFTER holder.TargetPosition.Y = -745
[YgoDuelist] YgoSecondHandLayoutPatch: AFTER holder.Hitbox.Position.Y = -132
[YgoDuelist] YgoSecondHandLayoutPatch: AFTER holder.Position.Y = -745
[YgoDuelist] YgoSecondHandLayoutPatch: AFTER holder.TargetPosition.Y = -745
[YgoDuelist] YgoSecondHandLayoutPatch: AFTER holder.Hitbox.Position.Y = -132
[YgoDuelist] YgoSecondHandLayoutPatch: AFTER holder.Position.Y = -745
[YgoDuelist] YgoSecondHandLayoutPatch: AFTER holder.TargetPosition.Y = -745
[YgoDuelist] YgoSecondHandLayoutPatch: AFTER holder.Hitbox.Position.Y = -132
[YgoDuelist] YgoSecondHandLayoutPatch: AFTER holder.Position.Y = -745
[YgoDuelist] YgoSecondHandLayoutPatch: AFTER holder.TargetPosition.Y = -745
[YgoDuelist] YgoSecondHandLayoutPatch: AFTER holder.Hitbox.Position.Y = -132
[YgoDuelist] YgoSecondHandLayoutPatch EXIT return false
[YgoDuelist] YgoSecondHandLayoutPatch ENTER all=8 main=3 opts=5 FocusedHolderId=0 FocusedIsOpt=False
[YgoDuelist]   opts[0] holderId=100931735706 model=Command_Defend
[YgoDuelist]   opts[1] holderId=101737042122 model=Command_Attack
[YgoDuelist]   opts[2] holderId=101065953442 model=Command_Change_Battle_Position
[YgoDuelist]   opts[3] holderId=101200171178 model=Toggle_Die_For_You
[YgoDuelist]   opts[4] holderId=101334388914 model=Exit_Monster_Options
[YgoDuelist] YgoSecondHandLayoutPatch: AFTER holder.Position.Y = -745
[YgoDuelist] YgoSecondHandLayoutPatch: AFTER holder.TargetPosition.Y = -745
[YgoDuelist] YgoSecondHandLayoutPatch: AFTER holder.Hitbox.Position.Y = -132
[YgoDuelist] YgoSecondHandLayoutPatch: AFTER holder.Position.Y = -745
[YgoDuelist] YgoSecondHandLayoutPatch: AFTER holder.TargetPosition.Y = -745
[YgoDuelist] YgoSecondHandLayoutPatch: AFTER holder.Hitbox.Position.Y = -132
[YgoDuelist] YgoSecondHandLayoutPatch: AFTER holder.Position.Y = -745
[YgoDuelist] YgoSecondHandLayoutPatch: AFTER holder.TargetPosition.Y = -745
[YgoDuelist] YgoSecondHandLayoutPatch: AFTER holder.Hitbox.Position.Y = -132
[YgoDuelist] YgoSecondHandLayoutPatch: AFTER holder.Position.Y = -745
[YgoDuelist] YgoSecondHandLayoutPatch: AFTER holder.TargetPosition.Y = -745
[YgoDuelist] YgoSecondHandLayoutPatch: AFTER holder.Hitbox.Position.Y = -132
[YgoDuelist] YgoSecondHandLayoutPatch: AFTER holder.Position.Y = -745
[YgoDuelist] YgoSecondHandLayoutPatch: AFTER holder.TargetPosition.Y = -745
[YgoDuelist] YgoSecondHandLayoutPatch: AFTER holder.Hitbox.Position.Y = -132
[YgoDuelist] YgoSecondHandLayoutPatch EXIT return false
[YgoDuelist] YgoSecondHandLayoutPatch ENTER all=9 main=4 opts=5 FocusedHolderId=0 FocusedIsOpt=False
[YgoDuelist]   opts[0] holderId=100931735706 model=Command_Defend
[YgoDuelist]   opts[1] holderId=101737042122 model=Command_Attack
[YgoDuelist]   opts[2] holderId=101065953442 model=Command_Change_Battle_Position
[YgoDuelist]   opts[3] holderId=101200171178 model=Toggle_Die_For_You
[YgoDuelist]   opts[4] holderId=101334388914 model=Exit_Monster_Options
[YgoDuelist] YgoSecondHandLayoutPatch: AFTER holder.Position.Y = -745
[YgoDuelist] YgoSecondHandLayoutPatch: AFTER holder.TargetPosition.Y = -745
[YgoDuelist] YgoSecondHandLayoutPatch: AFTER holder.Hitbox.Position.Y = -132
[YgoDuelist] YgoSecondHandLayoutPatch: AFTER holder.Position.Y = -745
[YgoDuelist] YgoSecondHandLayoutPatch: AFTER holder.TargetPosition.Y = -745
[YgoDuelist] YgoSecondHandLayoutPatch: AFTER holder.Hitbox.Position.Y = -132
[YgoDuelist] YgoSecondHandLayoutPatch: AFTER holder.Position.Y = -745
[YgoDuelist] YgoSecondHandLayoutPatch: AFTER holder.TargetPosition.Y = -745
[YgoDuelist] YgoSecondHandLayoutPatch: AFTER holder.Hitbox.Position.Y = -132
[YgoDuelist] YgoSecondHandLayoutPatch: AFTER holder.Position.Y = -745
[YgoDuelist] YgoSecondHandLayoutPatch: AFTER holder.TargetPosition.Y = -745
[YgoDuelist] YgoSecondHandLayoutPatch: AFTER holder.Hitbox.Position.Y = -132
[YgoDuelist] YgoSecondHandLayoutPatch: AFTER holder.Position.Y = -745
[YgoDuelist] YgoSecondHandLayoutPatch: AFTER holder.TargetPosition.Y = -745
[YgoDuelist] YgoSecondHandLayoutPatch: AFTER holder.Hitbox.Position.Y = -132
[YgoDuelist] YgoSecondHandLayoutPatch EXIT return false
[YgoDuelist] YgoSecondHandLayoutPatch ENTER all=9 main=4 opts=5 FocusedHolderId=0 FocusedIsOpt=False
[YgoDuelist]   opts[0] holderId=100931735706 model=Command_Defend
[YgoDuelist]   opts[1] holderId=101737042122 model=Command_Attack
[YgoDuelist]   opts[2] holderId=101065953442 model=Command_Change_Battle_Position
[YgoDuelist]   opts[3] holderId=101200171178 model=Toggle_Die_For_You
[YgoDuelist]   opts[4] holderId=101334388914 model=Exit_Monster_Options
[YgoDuelist] YgoSecondHandLayoutPatch: AFTER holder.Position.Y = -745
[YgoDuelist] YgoSecondHandLayoutPatch: AFTER holder.TargetPosition.Y = -745
[YgoDuelist] YgoSecondHandLayoutPatch: AFTER holder.Hitbox.Position.Y = -132
[YgoDuelist] YgoSecondHandLayoutPatch: AFTER holder.Position.Y = -745
[YgoDuelist] YgoSecondHandLayoutPatch: AFTER holder.TargetPosition.Y = -745
[YgoDuelist] YgoSecondHandLayoutPatch: AFTER holder.Hitbox.Position.Y = -132
[YgoDuelist] YgoSecondHandLayoutPatch: AFTER holder.Position.Y = -745
[YgoDuelist] YgoSecondHandLayoutPatch: AFTER holder.TargetPosition.Y = -745
[YgoDuelist] YgoSecondHandLayoutPatch: AFTER holder.Hitbox.Position.Y = -132
[YgoDuelist] YgoSecondHandLayoutPatch: AFTER holder.Position.Y = -745
[YgoDuelist] YgoSecondHandLayoutPatch: AFTER holder.TargetPosition.Y = -745
[YgoDuelist] YgoSecondHandLayoutPatch: AFTER holder.Hitbox.Position.Y = -132
[YgoDuelist] YgoSecondHandLayoutPatch: AFTER holder.Position.Y = -745
[YgoDuelist] YgoSecondHandLayoutPatch: AFTER holder.TargetPosition.Y = -745
[YgoDuelist] YgoSecondHandLayoutPatch: AFTER holder.Hitbox.Position.Y = -132
[YgoDuelist] YgoSecondHandLayoutPatch EXIT return false
[YgoDuelist] YgoSecondHandLayoutPatch ENTER all=10 main=5 opts=5 FocusedHolderId=0 FocusedIsOpt=False
[YgoDuelist]   opts[0] holderId=100931735706 model=Command_Defend
[YgoDuelist]   opts[1] holderId=101737042122 model=Command_Attack
[YgoDuelist]   opts[2] holderId=101065953442 model=Command_Change_Battle_Position
[YgoDuelist]   opts[3] holderId=101200171178 model=Toggle_Die_For_You
[YgoDuelist]   opts[4] holderId=101334388914 model=Exit_Monster_Options
[YgoDuelist] YgoSecondHandLayoutPatch: AFTER holder.Position.Y = -745
[YgoDuelist] YgoSecondHandLayoutPatch: AFTER holder.TargetPosition.Y = -745
[YgoDuelist] YgoSecondHandLayoutPatch: AFTER holder.Hitbox.Position.Y = -132
[YgoDuelist] YgoSecondHandLayoutPatch: AFTER holder.Position.Y = -745
[YgoDuelist] YgoSecondHandLayoutPatch: AFTER holder.TargetPosition.Y = -745
[YgoDuelist] YgoSecondHandLayoutPatch: AFTER holder.Hitbox.Position.Y = -132
[YgoDuelist] YgoSecondHandLayoutPatch: AFTER holder.Position.Y = -745
[YgoDuelist] YgoSecondHandLayoutPatch: AFTER holder.TargetPosition.Y = -745
[YgoDuelist] YgoSecondHandLayoutPatch: AFTER holder.Hitbox.Position.Y = -132
[YgoDuelist] YgoSecondHandLayoutPatch: AFTER holder.Position.Y = -745
[YgoDuelist] YgoSecondHandLayoutPatch: AFTER holder.TargetPosition.Y = -745
[YgoDuelist] YgoSecondHandLayoutPatch: AFTER holder.Hitbox.Position.Y = -132
[YgoDuelist] YgoSecondHandLayoutPatch: AFTER holder.Position.Y = -745
[YgoDuelist] YgoSecondHandLayoutPatch: AFTER holder.TargetPosition.Y = -745
[YgoDuelist] YgoSecondHandLayoutPatch: AFTER holder.Hitbox.Position.Y = -132
[YgoDuelist] YgoSecondHandLayoutPatch EXIT return false
[YgoDuelist] YgoSecondHandLayoutPatch ENTER all=10 main=5 opts=5 FocusedHolderId=0 FocusedIsOpt=False
[YgoDuelist]   opts[0] holderId=100931735706 model=Command_Defend
[YgoDuelist]   opts[1] holderId=101737042122 model=Command_Attack
[YgoDuelist]   opts[2] holderId=101065953442 model=Command_Change_Battle_Position
[YgoDuelist]   opts[3] holderId=101200171178 model=Toggle_Die_For_You
[YgoDuelist]   opts[4] holderId=101334388914 model=Exit_Monster_Options
[YgoDuelist] YgoSecondHandLayoutPatch: AFTER holder.Position.Y = -745
[YgoDuelist] YgoSecondHandLayoutPatch: AFTER holder.TargetPosition.Y = -745
[YgoDuelist] YgoSecondHandLayoutPatch: AFTER holder.Hitbox.Position.Y = -132
[YgoDuelist] YgoSecondHandLayoutPatch: AFTER holder.Position.Y = -745
[YgoDuelist] YgoSecondHandLayoutPatch: AFTER holder.TargetPosition.Y = -745
[YgoDuelist] YgoSecondHandLayoutPatch: AFTER holder.Hitbox.Position.Y = -132
[YgoDuelist] YgoSecondHandLayoutPatch: AFTER holder.Position.Y = -745
[YgoDuelist] YgoSecondHandLayoutPatch: AFTER holder.TargetPosition.Y = -745
[YgoDuelist] YgoSecondHandLayoutPatch: AFTER holder.Hitbox.Position.Y = -132
[YgoDuelist] YgoSecondHandLayoutPatch: AFTER holder.Position.Y = -745
[YgoDuelist] YgoSecondHandLayoutPatch: AFTER holder.TargetPosition.Y = -745
[YgoDuelist] YgoSecondHandLayoutPatch: AFTER holder.Hitbox.Position.Y = -132
[YgoDuelist] YgoSecondHandLayoutPatch: AFTER holder.Position.Y = -745
[YgoDuelist] YgoSecondHandLayoutPatch: AFTER holder.TargetPosition.Y = -745
[YgoDuelist] YgoSecondHandLayoutPatch: AFTER holder.Hitbox.Position.Y = -132
[YgoDuelist] YgoSecondHandLayoutPatch EXIT return false
[YgoDuelist][MP][MonsterCommandTurnReset] hook cleared command lock powers petCombatId=4 netId=76561198345121322
[YgoDuelist][MP][Checksum][CmdReconcile] cleared stiff/fatigue before snapshot petCombatId=6 netId=76561198136285041
[YgoDuelist][MP][Checksum][CmdReconcile] cleared stiff/fatigue before snapshot petCombatId=8 netId=76561198136285041
[DEBUG] [ChecksumTracker] Generating checksum for context: After player turn start action:  id: 41
[YgoDuelist][MP][Checksum][fp] netId=76561198136285041 | pt=1 n=9:YGODUELIST-ARCANE_ARCHER_OF_THE_FOREST0bYgoDieForYouUserToggleOnFalseiPermanentAtkBonusFromExecutes01010000,20019,20043,YGODUELIST-DEFEND_YGO_DUELIST010,YGODUELIST-DEFEND_YGO_DUELIST010,YGODUELIST-OUTSTANDING_DOG_MARRON0bYgoDieForYouUserToggleOnFalseiPermanentAtkBonusFromExecutes01010004,20001,YGODUELIST-ROCKET_JUMPER0bYgoDieForYouUserToggleOnFalseiPermanentAtkBonusFromExecutes01010000,20015,20043,20045,YGODUELIST-SKELENGEL0bYgoDieForYouUserToggleOnFalseiPermanentAtkBonusFromExecutes01010004,20006,20041,YGODUELIST-STRIKE_YGO_DUELIST010,YGODUELIST-STRIKE_YGO_DUELIST010,YGODUELIST-TRAP_OF_BOARD_ERASER01010009,10011 | pt=2 n=5:YGODUELIST-DEFEND_YGO_DUELIST010,YGODUELIST-FIRE_SORCERER0bYgoDieForYouUserToggleOnFalseiPermanentAtkBonusFromExecutes01010002,20017,20041,20043,YGODUELIST-OJAMA_TRIO01010009,10011,YGODUELIST-RECKLESS_GREED01010009,10011,YGODUELIST-STRIKE_YGO_DUELIST010 | pt=3 n=0: | pt=4 n=0: | pt=5 n=0: | pt=932200512 n=0: | pt=932200513 n=0: | pt=932200514 n=0: | pt=932200515 n=1:YGODUELIST-HOURGLASS_OF_COURAGE0bYgoDieForYouUserToggleOnFalseiPermanentAtkBonusFromExecutes01010004,20006,20043 | pt=932200516 n=2:YGODUELIST-EARTH_EFFIGY0bYgoDieForYouUserToggleOnFalseiPermanentAtkBonusFromExecutes01010000,20015,20043,YGODUELIST-TOTAL_DEFENSE_SHOGUN0bYgoDieForYouUserToggleOnFalseiPermanentAtkBonusFromExecutes01010005,20019,20034,20043 | pt=932200517 n=2:YGODUELIST-BURNING_LAND01010009,20024,YGODUELIST-GAIA_POWER01010009,20027 | pt=932200518 n=0:
[YgoDuelist][MP][Checksum][fp] netId=76561198345121322 | pt=1 n=1:YGODUELIST-DEFEND_YGO_DUELIST010 | pt=2 n=5:YGODUELIST-DEFEND_YGO_DUELIST010,YGODUELIST-FIRE_PRINCESS0bYgoDieForYouUserToggleOnFalseiPermanentAtkBonusFromExecutes01010002,20013,20043,YGODUELIST-KURAMA0bYgoDieForYouUserToggleOnFalseiPermanentAtkBonusFromExecutes01010003,20020,20043,YGODUELIST-STRIKE_YGO_DUELIST010,YGODUELIST-ZABORG_THE_THUNDER_MONARCH0bYgoDieForYouUserToggleOnFalseiPermanentAtkBonusFromExecutes01010004,20018,20034,20043 | pt=3 n=4:GREED0104,7,YGODUELIST-DEFEND_YGO_DUELIST010,YGODUELIST-STRIKE_YGO_DUELIST010,YGODUELIST-STRIKE_YGO_DUELIST010 | pt=4 n=0: | pt=5 n=0: | pt=932200512 n=0: | pt=932200513 n=1:YGODUELIST-THE_LAST_WARRIOR_FROM_ANOTHER_PLANET0bYgoDieForYouUserToggleOnFalseiPermanentAtkBonusFromExecutes0iSummonAbsorbPrintedDefBonus01010000,20019,20036,20043 | pt=932200514 n=0: | pt=932200515 n=0: | pt=932200516 n=2:YGODUELIST-QUEEN_S_DOUBLE0bYgoDieForYouUserToggleOnFalseiPermanentAtkBonusFromExecutes01010000,20019,20045,YGODUELIST-VERSAGO_THE_DESTROYER0bYgoDieForYouUserToggleOnFalseiPermanentAtkBonusFromExecutes01010005,20007,20043 | pt=932200517 n=2:YGODUELIST-RAIGEKI_BREAK01010009,10011,20045,YGODUELIST-YELLOW_LUSTER_SHIELD01010009,20024 | pt=932200518 n=0:
[DEBUG] [ActionExecutor] Un-pausing queue
[DEBUG] [ActionQueueSynchronizer] Combat state becomes PlayPhase. Requesting 0 actions and unpausing action queues
[DEBUG] [ActionQueueSet] Unpausing all player queues
[DEBUG] [ActionExecutor] Action queue changed, beginning ExecuteActions
[VERYDEBUG] [ActionQueueSet] Attempting to find ready action
[VERYDEBUG] [ActionQueueSet] Queue for player 76561198345121322 is empty
[VERYDEBUG] [ActionQueueSet] Queue for player 76561198136285041 is empty
[VERYDEBUG] [ActionQueueSet] No action is ready
[YgoDuelist][MP][MonsterCommandTurnReset] hook cleared command lock powers petCombatId=7 netId=76561198345121322
[YgoDuelist][MP][MonsterCommandTurnReset] hook cleared command lock powers petCombatId=6 netId=76561198136285041
[YgoDuelist] OnSecondHandCardsChanged ENTER player=42064926 cardsCount=2
[YgoDuelist]   cards[0]=Gaia_Power id=24289049
[YgoDuelist]   cards[1]=Burning_Land id=17274853
[YgoDuelist] OnSecondHandCardsChanged EXIT me != player
[YgoDuelist] OnSecondHandCardsChanged ENTER player=42064926 cardsCount=2
[YgoDuelist]   cards[0]=Gaia_Power id=24289049
[YgoDuelist]   cards[1]=Burning_Land id=17274853
[YgoDuelist] OnSecondHandCardsChanged EXIT me != player
[WARN] [BaseLib] GetRawText: Key 'YGO_RACE_SPELL_FIELD.title' not found in table 'static_hover_tips'
[WARN] [BaseLib] GetRawText: Key 'YGO_RACE_SPELL_FIELD.description' not found in table 'static_hover_tips'
[DEBUG] [NetQualityTracker] Connection statistics at 08:25:59:
[DEBUG] [NetQualityTracker] 	76561198136285041 - Ping: 64.34963. Packet Loss: 3E-45.
[WARN] [BaseLib] GetRawText: Key 'YGO_RACE_SPELL_CONTINUOUS.title' not found in table 'static_hover_tips'
[WARN] [BaseLib] GetRawText: Key 'YGO_RACE_SPELL_CONTINUOUS.description' not found in table 'static_hover_tips'
[YgoDuelist] YgoSecondHandLayoutPatch ENTER all=10 main=5 opts=5 FocusedHolderId=101334388914 FocusedIsOpt=True
[YgoDuelist]   opts[0] holderId=100931735706 model=Command_Defend
[YgoDuelist]   opts[1] holderId=101737042122 model=Command_Attack
[YgoDuelist]   opts[2] holderId=101065953442 model=Command_Change_Battle_Position
[YgoDuelist]   opts[3] holderId=101200171178 model=Toggle_Die_For_You
[YgoDuelist]   opts[4] holderId=101334388914 model=Exit_Monster_Options
[YgoDuelist] YgoSecondHandLayoutPatch: AFTER holder.Position.Y = -745
[YgoDuelist] YgoSecondHandLayoutPatch: AFTER holder.TargetPosition.Y = -745
[YgoDuelist] YgoSecondHandLayoutPatch: AFTER holder.Hitbox.Position.Y = -132
[YgoDuelist] YgoSecondHandLayoutPatch: AFTER holder.Position.Y = -745
[YgoDuelist] YgoSecondHandLayoutPatch: AFTER holder.TargetPosition.Y = -745
[YgoDuelist] YgoSecondHandLayoutPatch: AFTER holder.Hitbox.Position.Y = -132
[YgoDuelist] YgoSecondHandLayoutPatch: AFTER holder.Position.Y = -745
[YgoDuelist] YgoSecondHandLayoutPatch: AFTER holder.TargetPosition.Y = -745
[YgoDuelist] YgoSecondHandLayoutPatch: AFTER holder.Hitbox.Position.Y = -132
[YgoDuelist] YgoSecondHandLayoutPatch: AFTER holder.Position.Y = -745
[YgoDuelist] YgoSecondHandLayoutPatch: AFTER holder.TargetPosition.Y = -745
[YgoDuelist] YgoSecondHandLayoutPatch: AFTER holder.Hitbox.Position.Y = -132
[YgoDuelist] YgoSecondHandLayoutPatch: AFTER holder.Position.Y = -745
[YgoDuelist] YgoSecondHandLayoutPatch: AFTER holder.TargetPosition.Y = -745
[YgoDuelist] YgoSecondHandLayoutPatch: AFTER holder.Hitbox.Position.Y = -132
[YgoDuelist] YgoSecondHandLayoutPatch EXIT return false
[YgoDuelist] YgoSecondHandLayoutPatch ENTER all=10 main=5 opts=5 FocusedHolderId=0 FocusedIsOpt=False
[YgoDuelist]   opts[0] holderId=100931735706 model=Command_Defend
[YgoDuelist]   opts[1] holderId=101737042122 model=Command_Attack
[YgoDuelist]   opts[2] holderId=101065953442 model=Command_Change_Battle_Position
[YgoDuelist]   opts[3] holderId=101200171178 model=Toggle_Die_For_You
[YgoDuelist]   opts[4] holderId=101334388914 model=Exit_Monster_Options
[YgoDuelist] YgoSecondHandLayoutPatch: AFTER holder.Position.Y = -745
[YgoDuelist] YgoSecondHandLayoutPatch: AFTER holder.TargetPosition.Y = -745
[YgoDuelist] YgoSecondHandLayoutPatch: AFTER holder.Hitbox.Position.Y = -132
[YgoDuelist] YgoSecondHandLayoutPatch: AFTER holder.Position.Y = -745
[YgoDuelist] YgoSecondHandLayoutPatch: AFTER holder.TargetPosition.Y = -745
[YgoDuelist] YgoSecondHandLayoutPatch: AFTER holder.Hitbox.Position.Y = -132
[YgoDuelist] YgoSecondHandLayoutPatch: AFTER holder.Position.Y = -745
[YgoDuelist] YgoSecondHandLayoutPatch: AFTER holder.TargetPosition.Y = -745
[YgoDuelist] YgoSecondHandLayoutPatch: AFTER holder.Hitbox.Position.Y = -132
[YgoDuelist] YgoSecondHandLayoutPatch: AFTER holder.Position.Y = -745
[YgoDuelist] YgoSecondHandLayoutPatch: AFTER holder.TargetPosition.Y = -745
[YgoDuelist] YgoSecondHandLayoutPatch: AFTER holder.Hitbox.Position.Y = -132
[YgoDuelist] YgoSecondHandLayoutPatch: AFTER holder.Position.Y = -745
[YgoDuelist] YgoSecondHandLayoutPatch: AFTER holder.TargetPosition.Y = -745
[YgoDuelist] YgoSecondHandLayoutPatch: AFTER holder.Hitbox.Position.Y = -132
[YgoDuelist] YgoSecondHandLayoutPatch EXIT return false
[YgoDuelist] YgoSecondHandLayoutPatch ENTER all=10 main=5 opts=5 FocusedHolderId=101200171178 FocusedIsOpt=True
[YgoDuelist]   opts[0] holderId=100931735706 model=Command_Defend
[YgoDuelist]   opts[1] holderId=101737042122 model=Command_Attack
[YgoDuelist]   opts[2] holderId=101065953442 model=Command_Change_Battle_Position
[YgoDuelist]   opts[3] holderId=101200171178 model=Toggle_Die_For_You
[YgoDuelist]   opts[4] holderId=101334388914 model=Exit_Monster_Options
[YgoDuelist] YgoSecondHandLayoutPatch: AFTER holder.Position.Y = -745
[YgoDuelist] YgoSecondHandLayoutPatch: AFTER holder.TargetPosition.Y = -745
[YgoDuelist] YgoSecondHandLayoutPatch: AFTER holder.Hitbox.Position.Y = -132
[YgoDuelist] YgoSecondHandLayoutPatch: AFTER holder.Position.Y = -745
[YgoDuelist] YgoSecondHandLayoutPatch: AFTER holder.TargetPosition.Y = -745
[YgoDuelist] YgoSecondHandLayoutPatch: AFTER holder.Hitbox.Position.Y = -132
[YgoDuelist] YgoSecondHandLayoutPatch: AFTER holder.Position.Y = -745
[YgoDuelist] YgoSecondHandLayoutPatch: AFTER holder.TargetPosition.Y = -745
[YgoDuelist] YgoSecondHandLayoutPatch: AFTER holder.Hitbox.Position.Y = -132
[YgoDuelist] YgoSecondHandLayoutPatch: AFTER holder.Position.Y = -745
[YgoDuelist] YgoSecondHandLayoutPatch: AFTER holder.TargetPosition.Y = -745
[YgoDuelist] YgoSecondHandLayoutPatch: AFTER holder.Hitbox.Position.Y = -132
[YgoDuelist] YgoSecondHandLayoutPatch: AFTER holder.Position.Y = -745
[YgoDuelist] YgoSecondHandLayoutPatch: AFTER holder.TargetPosition.Y = -745
[YgoDuelist] YgoSecondHandLayoutPatch: AFTER holder.Hitbox.Position.Y = -132
[YgoDuelist] YgoSecondHandLayoutPatch EXIT return false
[YgoDuelist] YgoSecondHandLayoutPatch ENTER all=10 main=5 opts=5 FocusedHolderId=0 FocusedIsOpt=False
[YgoDuelist]   opts[0] holderId=100931735706 model=Command_Defend
[YgoDuelist]   opts[1] holderId=101737042122 model=Command_Attack
[YgoDuelist]   opts[2] holderId=101065953442 model=Command_Change_Battle_Position
[YgoDuelist]   opts[3] holderId=101200171178 model=Toggle_Die_For_You
[YgoDuelist]   opts[4] holderId=101334388914 model=Exit_Monster_Options
[YgoDuelist] YgoSecondHandLayoutPatch: AFTER holder.Position.Y = -745
[YgoDuelist] YgoSecondHandLayoutPatch: AFTER holder.TargetPosition.Y = -745
[YgoDuelist] YgoSecondHandLayoutPatch: AFTER holder.Hitbox.Position.Y = -132
[YgoDuelist] YgoSecondHandLayoutPatch: AFTER holder.Position.Y = -745
[YgoDuelist] YgoSecondHandLayoutPatch: AFTER holder.TargetPosition.Y = -745
[YgoDuelist] YgoSecondHandLayoutPatch: AFTER holder.Hitbox.Position.Y = -132
[YgoDuelist] YgoSecondHandLayoutPatch: AFTER holder.Position.Y = -745
[YgoDuelist] YgoSecondHandLayoutPatch: AFTER holder.TargetPosition.Y = -745
[YgoDuelist] YgoSecondHandLayoutPatch: AFTER holder.Hitbox.Position.Y = -132
[YgoDuelist] YgoSecondHandLayoutPatch: AFTER holder.Position.Y = -745
[YgoDuelist] YgoSecondHandLayoutPatch: AFTER holder.TargetPosition.Y = -745
[YgoDuelist] YgoSecondHandLayoutPatch: AFTER holder.Hitbox.Position.Y = -132
[YgoDuelist] YgoSecondHandLayoutPatch: AFTER holder.Position.Y = -745
[YgoDuelist] YgoSecondHandLayoutPatch: AFTER holder.TargetPosition.Y = -745
[YgoDuelist] YgoSecondHandLayoutPatch: AFTER holder.Hitbox.Position.Y = -132
[YgoDuelist] YgoSecondHandLayoutPatch EXIT return false
[YgoDuelist] YgoSecondHandLayoutPatch ENTER all=10 main=5 opts=5 FocusedHolderId=101065953442 FocusedIsOpt=True
[YgoDuelist]   opts[0] holderId=100931735706 model=Command_Defend
[YgoDuelist]   opts[1] holderId=101737042122 model=Command_Attack
[YgoDuelist]   opts[2] holderId=101065953442 model=Command_Change_Battle_Position
[YgoDuelist]   opts[3] holderId=101200171178 model=Toggle_Die_For_You
[YgoDuelist]   opts[4] holderId=101334388914 model=Exit_Monster_Options
[YgoDuelist] YgoSecondHandLayoutPatch: AFTER holder.Position.Y = -745
[YgoDuelist] YgoSecondHandLayoutPatch: AFTER holder.TargetPosition.Y = -745
[YgoDuelist] YgoSecondHandLayoutPatch: AFTER holder.Hitbox.Position.Y = -132
[YgoDuelist] YgoSecondHandLayoutPatch: AFTER holder.Position.Y = -745
[YgoDuelist] YgoSecondHandLayoutPatch: AFTER holder.TargetPosition.Y = -745
[YgoDuelist] YgoSecondHandLayoutPatch: AFTER holder.Hitbox.Position.Y = -132
[YgoDuelist] YgoSecondHandLayoutPatch: AFTER holder.Position.Y = -745
[YgoDuelist] YgoSecondHandLayoutPatch: AFTER holder.TargetPosition.Y = -745
[YgoDuelist] YgoSecondHandLayoutPatch: AFTER holder.Hitbox.Position.Y = -132
[YgoDuelist] YgoSecondHandLayoutPatch: AFTER holder.Position.Y = -745
[YgoDuelist] YgoSecondHandLayoutPatch: AFTER holder.TargetPosition.Y = -745
[YgoDuelist] YgoSecondHandLayoutPatch: AFTER holder.Hitbox.Position.Y = -132
[YgoDuelist] YgoSecondHandLayoutPatch: AFTER holder.Position.Y = -745
[YgoDuelist] YgoSecondHandLayoutPatch: AFTER holder.TargetPosition.Y = -745
[YgoDuelist] YgoSecondHandLayoutPatch: AFTER holder.Hitbox.Position.Y = -132
[YgoDuelist] YgoSecondHandLayoutPatch EXIT return false
[YgoDuelist] YgoSecondHandLayoutPatch ENTER all=10 main=5 opts=5 FocusedHolderId=0 FocusedIsOpt=False
[YgoDuelist]   opts[0] holderId=100931735706 model=Command_Defend
[YgoDuelist]   opts[1] holderId=101737042122 model=Command_Attack
[YgoDuelist]   opts[2] holderId=101065953442 model=Command_Change_Battle_Position
[YgoDuelist]   opts[3] holderId=101200171178 model=Toggle_Die_For_You
[YgoDuelist]   opts[4] holderId=101334388914 model=Exit_Monster_Options
[YgoDuelist] YgoSecondHandLayoutPatch: AFTER holder.Position.Y = -745
[YgoDuelist] YgoSecondHandLayoutPatch: AFTER holder.TargetPosition.Y = -745
[YgoDuelist] YgoSecondHandLayoutPatch: AFTER holder.Hitbox.Position.Y = -132
[YgoDuelist] YgoSecondHandLayoutPatch: AFTER holder.Position.Y = -745
[YgoDuelist] YgoSecondHandLayoutPatch: AFTER holder.TargetPosition.Y = -745
[YgoDuelist] YgoSecondHandLayoutPatch: AFTER holder.Hitbox.Position.Y = -132
[YgoDuelist] YgoSecondHandLayoutPatch: AFTER holder.Position.Y = -745
[YgoDuelist] YgoSecondHandLayoutPatch: AFTER holder.TargetPosition.Y = -745
[YgoDuelist] YgoSecondHandLayoutPatch: AFTER holder.Hitbox.Position.Y = -132
[YgoDuelist] YgoSecondHandLayoutPatch: AFTER holder.Position.Y = -745
[YgoDuelist] YgoSecondHandLayoutPatch: AFTER holder.TargetPosition.Y = -745
[YgoDuelist] YgoSecondHandLayoutPatch: AFTER holder.Hitbox.Position.Y = -132
[YgoDuelist] YgoSecondHandLayoutPatch: AFTER holder.Position.Y = -745
[YgoDuelist] YgoSecondHandLayoutPatch: AFTER holder.TargetPosition.Y = -745
[YgoDuelist] YgoSecondHandLayoutPatch: AFTER holder.Hitbox.Position.Y = -132
[YgoDuelist] YgoSecondHandLayoutPatch EXIT return false
[YgoDuelist] YgoSecondHandLayoutPatch ENTER all=10 main=5 opts=5 FocusedHolderId=101737042122 FocusedIsOpt=True
[YgoDuelist]   opts[0] holderId=100931735706 model=Command_Defend
[YgoDuelist]   opts[1] holderId=101737042122 model=Command_Attack
[YgoDuelist]   opts[2] holderId=101065953442 model=Command_Change_Battle_Position
[YgoDuelist]   opts[3] holderId=101200171178 model=Toggle_Die_For_You
[YgoDuelist]   opts[4] holderId=101334388914 model=Exit_Monster_Options
[YgoDuelist] YgoSecondHandLayoutPatch: AFTER holder.Position.Y = -745
[YgoDuelist] YgoSecondHandLayoutPatch: AFTER holder.TargetPosition.Y = -745
[YgoDuelist] YgoSecondHandLayoutPatch: AFTER holder.Hitbox.Position.Y = -132
[YgoDuelist] YgoSecondHandLayoutPatch: AFTER holder.Position.Y = -745
[YgoDuelist] YgoSecondHandLayoutPatch: AFTER holder.TargetPosition.Y = -745
[YgoDuelist] YgoSecondHandLayoutPatch: AFTER holder.Hitbox.Position.Y = -132
[YgoDuelist] YgoSecondHandLayoutPatch: AFTER holder.Position.Y = -745
[YgoDuelist] YgoSecondHandLayoutPatch: AFTER holder.TargetPosition.Y = -745
[YgoDuelist] YgoSecondHandLayoutPatch: AFTER holder.Hitbox.Position.Y = -132
[YgoDuelist] YgoSecondHandLayoutPatch: AFTER holder.Position.Y = -745
[YgoDuelist] YgoSecondHandLayoutPatch: AFTER holder.TargetPosition.Y = -745
[YgoDuelist] YgoSecondHandLayoutPatch: AFTER holder.Hitbox.Position.Y = -132
[YgoDuelist] YgoSecondHandLayoutPatch: AFTER holder.Position.Y = -745
[YgoDuelist] YgoSecondHandLayoutPatch: AFTER holder.TargetPosition.Y = -745
[YgoDuelist] YgoSecondHandLayoutPatch: AFTER holder.Hitbox.Position.Y = -132
[YgoDuelist] YgoSecondHandLayoutPatch EXIT return false
[YgoDuelist] YgoSecondHandLayoutPatch ENTER all=10 main=5 opts=5 FocusedHolderId=0 FocusedIsOpt=False
[YgoDuelist]   opts[0] holderId=100931735706 model=Command_Defend
[YgoDuelist]   opts[1] holderId=101737042122 model=Command_Attack
[YgoDuelist]   opts[2] holderId=101065953442 model=Command_Change_Battle_Position
[YgoDuelist]   opts[3] holderId=101200171178 model=Toggle_Die_For_You
[YgoDuelist]   opts[4] holderId=101334388914 model=Exit_Monster_Options
[YgoDuelist] YgoSecondHandLayoutPatch: AFTER holder.Position.Y = -745
[YgoDuelist] YgoSecondHandLayoutPatch: AFTER holder.TargetPosition.Y = -745
[YgoDuelist] YgoSecondHandLayoutPatch: AFTER holder.Hitbox.Position.Y = -132
[YgoDuelist] YgoSecondHandLayoutPatch: AFTER holder.Position.Y = -745
[YgoDuelist] YgoSecondHandLayoutPatch: AFTER holder.TargetPosition.Y = -745
[YgoDuelist] YgoSecondHandLayoutPatch: AFTER holder.Hitbox.Position.Y = -132
[YgoDuelist] YgoSecondHandLayoutPatch: AFTER holder.Position.Y = -745
[YgoDuelist] YgoSecondHandLayoutPatch: AFTER holder.TargetPosition.Y = -745
[YgoDuelist] YgoSecondHandLayoutPatch: AFTER holder.Hitbox.Position.Y = -132
[YgoDuelist] YgoSecondHandLayoutPatch: AFTER holder.Position.Y = -745
[YgoDuelist] YgoSecondHandLayoutPatch: AFTER holder.TargetPosition.Y = -745
[YgoDuelist] YgoSecondHandLayoutPatch: AFTER holder.Hitbox.Position.Y = -132
[YgoDuelist] YgoSecondHandLayoutPatch: AFTER holder.Position.Y = -745
[YgoDuelist] YgoSecondHandLayoutPatch: AFTER holder.TargetPosition.Y = -745
[YgoDuelist] YgoSecondHandLayoutPatch: AFTER holder.Hitbox.Position.Y = -132
[YgoDuelist] YgoSecondHandLayoutPatch EXIT return false
[YgoDuelist] YgoSecondHandLayoutPatch ENTER all=10 main=5 opts=5 FocusedHolderId=100931735706 FocusedIsOpt=True
[YgoDuelist]   opts[0] holderId=100931735706 model=Command_Defend
[YgoDuelist]   opts[1] holderId=101737042122 model=Command_Attack
[YgoDuelist]   opts[2] holderId=101065953442 model=Command_Change_Battle_Position
[YgoDuelist]   opts[3] holderId=101200171178 model=Toggle_Die_For_You
[YgoDuelist]   opts[4] holderId=101334388914 model=Exit_Monster_Options
[YgoDuelist] YgoSecondHandLayoutPatch: AFTER holder.Position.Y = -745
[YgoDuelist] YgoSecondHandLayoutPatch: AFTER holder.TargetPosition.Y = -745
[YgoDuelist] YgoSecondHandLayoutPatch: AFTER holder.Hitbox.Position.Y = -132
[YgoDuelist] YgoSecondHandLayoutPatch: AFTER holder.Position.Y = -745
[YgoDuelist] YgoSecondHandLayoutPatch: AFTER holder.TargetPosition.Y = -745
[YgoDuelist] YgoSecondHandLayoutPatch: AFTER holder.Hitbox.Position.Y = -132
[YgoDuelist] YgoSecondHandLayoutPatch: AFTER holder.Position.Y = -745
[YgoDuelist] YgoSecondHandLayoutPatch: AFTER holder.TargetPosition.Y = -745
[YgoDuelist] YgoSecondHandLayoutPatch: AFTER holder.Hitbox.Position.Y = -132
[YgoDuelist] YgoSecondHandLayoutPatch: AFTER holder.Position.Y = -745
[YgoDuelist] YgoSecondHandLayoutPatch: AFTER holder.TargetPosition.Y = -745
[YgoDuelist] YgoSecondHandLayoutPatch: AFTER holder.Hitbox.Position.Y = -132
[YgoDuelist] YgoSecondHandLayoutPatch: AFTER holder.Position.Y = -745
[YgoDuelist] YgoSecondHandLayoutPatch: AFTER holder.TargetPosition.Y = -745
[YgoDuelist] YgoSecondHandLayoutPatch: AFTER holder.Hitbox.Position.Y = -132
[YgoDuelist] YgoSecondHandLayoutPatch EXIT return false
[YgoDuelist] YgoSecondHandLayoutPatch ENTER all=10 main=5 opts=5 FocusedHolderId=0 FocusedIsOpt=False
[YgoDuelist]   opts[0] holderId=100931735706 model=Command_Defend
[YgoDuelist]   opts[1] holderId=101737042122 model=Command_Attack
[YgoDuelist]   opts[2] holderId=101065953442 model=Command_Change_Battle_Position
[YgoDuelist]   opts[3] holderId=101200171178 model=Toggle_Die_For_You
[YgoDuelist]   opts[4] holderId=101334388914 model=Exit_Monster_Options
[YgoDuelist] YgoSecondHandLayoutPatch: AFTER holder.Position.Y = -745
[YgoDuelist] YgoSecondHandLayoutPatch: AFTER holder.TargetPosition.Y = -745
[YgoDuelist] YgoSecondHandLayoutPatch: AFTER holder.Hitbox.Position.Y = -132
[YgoDuelist] YgoSecondHandLayoutPatch: AFTER holder.Position.Y = -745
[YgoDuelist] YgoSecondHandLayoutPatch: AFTER holder.TargetPosition.Y = -745
[YgoDuelist] YgoSecondHandLayoutPatch: AFTER holder.Hitbox.Position.Y = -132
[YgoDuelist] YgoSecondHandLayoutPatch: AFTER holder.Position.Y = -745
[YgoDuelist] YgoSecondHandLayoutPatch: AFTER holder.TargetPosition.Y = -745
[YgoDuelist] YgoSecondHandLayoutPatch: AFTER holder.Hitbox.Position.Y = -132
[YgoDuelist] YgoSecondHandLayoutPatch: AFTER holder.Position.Y = -745
[YgoDuelist] YgoSecondHandLayoutPatch: AFTER holder.TargetPosition.Y = -745
[YgoDuelist] YgoSecondHandLayoutPatch: AFTER holder.Hitbox.Position.Y = -132
[YgoDuelist] YgoSecondHandLayoutPatch: AFTER holder.Position.Y = -745
[YgoDuelist] YgoSecondHandLayoutPatch: AFTER holder.TargetPosition.Y = -745
[YgoDuelist] YgoSecondHandLayoutPatch: AFTER holder.Hitbox.Position.Y = -132
[YgoDuelist] YgoSecondHandLayoutPatch EXIT return false
[YgoDuelist] YgoSecondHandLayoutPatch ENTER all=10 main=5 opts=5 FocusedHolderId=101737042122 FocusedIsOpt=True
[YgoDuelist]   opts[0] holderId=100931735706 model=Command_Defend
[YgoDuelist]   opts[1] holderId=101737042122 model=Command_Attack
[YgoDuelist]   opts[2] holderId=101065953442 model=Command_Change_Battle_Position
[YgoDuelist]   opts[3] holderId=101200171178 model=Toggle_Die_For_You
[YgoDuelist]   opts[4] holderId=101334388914 model=Exit_Monster_Options
[YgoDuelist] YgoSecondHandLayoutPatch: AFTER holder.Position.Y = -745
[YgoDuelist] YgoSecondHandLayoutPatch: AFTER holder.TargetPosition.Y = -745
[YgoDuelist] YgoSecondHandLayoutPatch: AFTER holder.Hitbox.Position.Y = -132
[YgoDuelist] YgoSecondHandLayoutPatch: AFTER holder.Position.Y = -745
[YgoDuelist] YgoSecondHandLayoutPatch: AFTER holder.TargetPosition.Y = -745
[YgoDuelist] YgoSecondHandLayoutPatch: AFTER holder.Hitbox.Position.Y = -132
[YgoDuelist] YgoSecondHandLayoutPatch: AFTER holder.Position.Y = -745
[YgoDuelist] YgoSecondHandLayoutPatch: AFTER holder.TargetPosition.Y = -745
[YgoDuelist] YgoSecondHandLayoutPatch: AFTER holder.Hitbox.Position.Y = -132
[YgoDuelist] YgoSecondHandLayoutPatch: AFTER holder.Position.Y = -745
[YgoDuelist] YgoSecondHandLayoutPatch: AFTER holder.TargetPosition.Y = -745
[YgoDuelist] YgoSecondHandLayoutPatch: AFTER holder.Hitbox.Position.Y = -132
[YgoDuelist] YgoSecondHandLayoutPatch: AFTER holder.Position.Y = -745
[YgoDuelist] YgoSecondHandLayoutPatch: AFTER holder.TargetPosition.Y = -745
[YgoDuelist] YgoSecondHandLayoutPatch: AFTER holder.Hitbox.Position.Y = -132
[YgoDuelist] YgoSecondHandLayoutPatch EXIT return false
[YgoDuelist] YgoSecondHandLayoutPatch ENTER all=10 main=5 opts=5 FocusedHolderId=0 FocusedIsOpt=False
[YgoDuelist]   opts[0] holderId=100931735706 model=Command_Defend
[YgoDuelist]   opts[1] holderId=101737042122 model=Command_Attack
[YgoDuelist]   opts[2] holderId=101065953442 model=Command_Change_Battle_Position
[YgoDuelist]   opts[3] holderId=101200171178 model=Toggle_Die_For_You
[YgoDuelist]   opts[4] holderId=101334388914 model=Exit_Monster_Options
[YgoDuelist] YgoSecondHandLayoutPatch: AFTER holder.Position.Y = -745
[YgoDuelist] YgoSecondHandLayoutPatch: AFTER holder.TargetPosition.Y = -745
[YgoDuelist] YgoSecondHandLayoutPatch: AFTER holder.Hitbox.Position.Y = -132
[YgoDuelist] YgoSecondHandLayoutPatch: AFTER holder.Position.Y = -745
[YgoDuelist] YgoSecondHandLayoutPatch: AFTER holder.TargetPosition.Y = -745
[YgoDuelist] YgoSecondHandLayoutPatch: AFTER holder.Hitbox.Position.Y = -132
[YgoDuelist] YgoSecondHandLayoutPatch: AFTER holder.Position.Y = -745
[YgoDuelist] YgoSecondHandLayoutPatch: AFTER holder.TargetPosition.Y = -745
[YgoDuelist] YgoSecondHandLayoutPatch: AFTER holder.Hitbox.Position.Y = -132
[YgoDuelist] YgoSecondHandLayoutPatch: AFTER holder.Position.Y = -745
[YgoDuelist] YgoSecondHandLayoutPatch: AFTER holder.TargetPosition.Y = -745
[YgoDuelist] YgoSecondHandLayoutPatch: AFTER holder.Hitbox.Position.Y = -132
[YgoDuelist] YgoSecondHandLayoutPatch: AFTER holder.Position.Y = -745
[YgoDuelist] YgoSecondHandLayoutPatch: AFTER holder.TargetPosition.Y = -745
[YgoDuelist] YgoSecondHandLayoutPatch: AFTER holder.Hitbox.Position.Y = -132
[YgoDuelist] YgoSecondHandLayoutPatch EXIT return false
[YgoDuelist] YgoSecondHandLayoutPatch ENTER all=10 main=5 opts=5 FocusedHolderId=101065953442 FocusedIsOpt=True
[YgoDuelist]   opts[0] holderId=100931735706 model=Command_Defend
[YgoDuelist]   opts[1] holderId=101737042122 model=Command_Attack
[YgoDuelist]   opts[2] holderId=101065953442 model=Command_Change_Battle_Position
[YgoDuelist]   opts[3] holderId=101200171178 model=Toggle_Die_For_You
[YgoDuelist]   opts[4] holderId=101334388914 model=Exit_Monster_Options
[YgoDuelist] YgoSecondHandLayoutPatch: AFTER holder.Position.Y = -745
[YgoDuelist] YgoSecondHandLayoutPatch: AFTER holder.TargetPosition.Y = -745
[YgoDuelist] YgoSecondHandLayoutPatch: AFTER holder.Hitbox.Position.Y = -132
[YgoDuelist] YgoSecondHandLayoutPatch: AFTER holder.Position.Y = -745
[YgoDuelist] YgoSecondHandLayoutPatch: AFTER holder.TargetPosition.Y = -745
[YgoDuelist] YgoSecondHandLayoutPatch: AFTER holder.Hitbox.Position.Y = -132
[YgoDuelist] YgoSecondHandLayoutPatch: AFTER holder.Position.Y = -745
[YgoDuelist] YgoSecondHandLayoutPatch: AFTER holder.TargetPosition.Y = -745
[YgoDuelist] YgoSecondHandLayoutPatch: AFTER holder.Hitbox.Position.Y = -132
[YgoDuelist] YgoSecondHandLayoutPatch: AFTER holder.Position.Y = -745
[YgoDuelist] YgoSecondHandLayoutPatch: AFTER holder.TargetPosition.Y = -745
[YgoDuelist] YgoSecondHandLayoutPatch: AFTER holder.Hitbox.Position.Y = -132
[YgoDuelist] YgoSecondHandLayoutPatch: AFTER holder.Position.Y = -745
[YgoDuelist] YgoSecondHandLayoutPatch: AFTER holder.TargetPosition.Y = -745
[YgoDuelist] YgoSecondHandLayoutPatch: AFTER holder.Hitbox.Position.Y = -132
[YgoDuelist] YgoSecondHandLayoutPatch EXIT return false
[YgoDuelist] YgoSecondHandLayoutPatch ENTER all=10 main=5 opts=5 FocusedHolderId=0 FocusedIsOpt=False
[YgoDuelist]   opts[0] holderId=100931735706 model=Command_Defend
[YgoDuelist]   opts[1] holderId=101737042122 model=Command_Attack
[YgoDuelist]   opts[2] holderId=101065953442 model=Command_Change_Battle_Position
[YgoDuelist]   opts[3] holderId=101200171178 model=Toggle_Die_For_You
[YgoDuelist]   opts[4] holderId=101334388914 model=Exit_Monster_Options
[YgoDuelist] YgoSecondHandLayoutPatch: AFTER holder.Position.Y = -745
[YgoDuelist] YgoSecondHandLayoutPatch: AFTER holder.TargetPosition.Y = -745
[YgoDuelist] YgoSecondHandLayoutPatch: AFTER holder.Hitbox.Position.Y = -132
[YgoDuelist] YgoSecondHandLayoutPatch: AFTER holder.Position.Y = -745
[YgoDuelist] YgoSecondHandLayoutPatch: AFTER holder.TargetPosition.Y = -745
[YgoDuelist] YgoSecondHandLayoutPatch: AFTER holder.Hitbox.Position.Y = -132
[YgoDuelist] YgoSecondHandLayoutPatch: AFTER holder.Position.Y = -745
[YgoDuelist] YgoSecondHandLayoutPatch: AFTER holder.TargetPosition.Y = -745
[YgoDuelist] YgoSecondHandLayoutPatch: AFTER holder.Hitbox.Position.Y = -132
[YgoDuelist] YgoSecondHandLayoutPatch: AFTER holder.Position.Y = -745
[YgoDuelist] YgoSecondHandLayoutPatch: AFTER holder.TargetPosition.Y = -745
[YgoDuelist] YgoSecondHandLayoutPatch: AFTER holder.Hitbox.Position.Y = -132
[YgoDuelist] YgoSecondHandLayoutPatch: AFTER holder.Position.Y = -745
[YgoDuelist] YgoSecondHandLayoutPatch: AFTER holder.TargetPosition.Y = -745
[YgoDuelist] YgoSecondHandLayoutPatch: AFTER holder.Hitbox.Position.Y = -132
[YgoDuelist] YgoSecondHandLayoutPatch EXIT return false
[YgoDuelist] YgoSecondHandLayoutPatch ENTER all=10 main=5 opts=5 FocusedHolderId=101200171178 FocusedIsOpt=True
[YgoDuelist]   opts[0] holderId=100931735706 model=Command_Defend
[YgoDuelist]   opts[1] holderId=101737042122 model=Command_Attack
[YgoDuelist]   opts[2] holderId=101065953442 model=Command_Change_Battle_Position
[YgoDuelist]   opts[3] holderId=101200171178 model=Toggle_Die_For_You
[YgoDuelist]   opts[4] holderId=101334388914 model=Exit_Monster_Options
[YgoDuelist] YgoSecondHandLayoutPatch: AFTER holder.Position.Y = -745
[YgoDuelist] YgoSecondHandLayoutPatch: AFTER holder.TargetPosition.Y = -745
[YgoDuelist] YgoSecondHandLayoutPatch: AFTER holder.Hitbox.Position.Y = -132
[YgoDuelist] YgoSecondHandLayoutPatch: AFTER holder.Position.Y = -745
[YgoDuelist] YgoSecondHandLayoutPatch: AFTER holder.TargetPosition.Y = -745
[YgoDuelist] YgoSecondHandLayoutPatch: AFTER holder.Hitbox.Position.Y = -132
[YgoDuelist] YgoSecondHandLayoutPatch: AFTER holder.Position.Y = -745
[YgoDuelist] YgoSecondHandLayoutPatch: AFTER holder.TargetPosition.Y = -745
[YgoDuelist] YgoSecondHandLayoutPatch: AFTER holder.Hitbox.Position.Y = -132
[YgoDuelist] YgoSecondHandLayoutPatch: AFTER holder.Position.Y = -745
[YgoDuelist] YgoSecondHandLayoutPatch: AFTER holder.TargetPosition.Y = -745
[YgoDuelist] YgoSecondHandLayoutPatch: AFTER holder.Hitbox.Position.Y = -132
[YgoDuelist] YgoSecondHandLayoutPatch: AFTER holder.Position.Y = -745
[YgoDuelist] YgoSecondHandLayoutPatch: AFTER holder.TargetPosition.Y = -745
[YgoDuelist] YgoSecondHandLayoutPatch: AFTER holder.Hitbox.Position.Y = -132
[YgoDuelist] YgoSecondHandLayoutPatch EXIT return false
[YgoDuelist] YgoSecondHandLayoutPatch ENTER all=10 main=5 opts=5 FocusedHolderId=0 FocusedIsOpt=False
[YgoDuelist]   opts[0] holderId=100931735706 model=Command_Defend
[YgoDuelist]   opts[1] holderId=101737042122 model=Command_Attack
[YgoDuelist]   opts[2] holderId=101065953442 model=Command_Change_Battle_Position
[YgoDuelist]   opts[3] holderId=101200171178 model=Toggle_Die_For_You
[YgoDuelist]   opts[4] holderId=101334388914 model=Exit_Monster_Options
[YgoDuelist] YgoSecondHandLayoutPatch: AFTER holder.Position.Y = -745
[YgoDuelist] YgoSecondHandLayoutPatch: AFTER holder.TargetPosition.Y = -745
[YgoDuelist] YgoSecondHandLayoutPatch: AFTER holder.Hitbox.Position.Y = -132
[YgoDuelist] YgoSecondHandLayoutPatch: AFTER holder.Position.Y = -745
[YgoDuelist] YgoSecondHandLayoutPatch: AFTER holder.TargetPosition.Y = -745
[YgoDuelist] YgoSecondHandLayoutPatch: AFTER holder.Hitbox.Position.Y = -132
[YgoDuelist] YgoSecondHandLayoutPatch: AFTER holder.Position.Y = -745
[YgoDuelist] YgoSecondHandLayoutPatch: AFTER holder.TargetPosition.Y = -745
[YgoDuelist] YgoSecondHandLayoutPatch: AFTER holder.Hitbox.Position.Y = -132
[YgoDuelist] YgoSecondHandLayoutPatch: AFTER holder.Position.Y = -745
[YgoDuelist] YgoSecondHandLayoutPatch: AFTER holder.TargetPosition.Y = -745
[YgoDuelist] YgoSecondHandLayoutPatch: AFTER holder.Hitbox.Position.Y = -132
[YgoDuelist] YgoSecondHandLayoutPatch: AFTER holder.Position.Y = -745
[YgoDuelist] YgoSecondHandLayoutPatch: AFTER holder.TargetPosition.Y = -745
[YgoDuelist] YgoSecondHandLayoutPatch: AFTER holder.Hitbox.Position.Y = -132
[YgoDuelist] YgoSecondHandLayoutPatch EXIT return false
[YgoDuelist] YgoSecondHandLayoutPatch ENTER all=10 main=5 opts=5 FocusedHolderId=101334388914 FocusedIsOpt=True
[YgoDuelist]   opts[0] holderId=100931735706 model=Command_Defend
[YgoDuelist]   opts[1] holderId=101737042122 model=Command_Attack
[YgoDuelist]   opts[2] holderId=101065953442 model=Command_Change_Battle_Position
[YgoDuelist]   opts[3] holderId=101200171178 model=Toggle_Die_For_You
[YgoDuelist]   opts[4] holderId=101334388914 model=Exit_Monster_Options
[YgoDuelist] YgoSecondHandLayoutPatch: AFTER holder.Position.Y = -745
[YgoDuelist] YgoSecondHandLayoutPatch: AFTER holder.TargetPosition.Y = -745
[YgoDuelist] YgoSecondHandLayoutPatch: AFTER holder.Hitbox.Position.Y = -132
[YgoDuelist] YgoSecondHandLayoutPatch: AFTER holder.Position.Y = -745
[YgoDuelist] YgoSecondHandLayoutPatch: AFTER holder.TargetPosition.Y = -745
[YgoDuelist] YgoSecondHandLayoutPatch: AFTER holder.Hitbox.Position.Y = -132
[YgoDuelist] YgoSecondHandLayoutPatch: AFTER holder.Position.Y = -745
[YgoDuelist] YgoSecondHandLayoutPatch: AFTER holder.TargetPosition.Y = -745
[YgoDuelist] YgoSecondHandLayoutPatch: AFTER holder.Hitbox.Position.Y = -132
[YgoDuelist] YgoSecondHandLayoutPatch: AFTER holder.Position.Y = -745
[YgoDuelist] YgoSecondHandLayoutPatch: AFTER holder.TargetPosition.Y = -745
[YgoDuelist] YgoSecondHandLayoutPatch: AFTER holder.Hitbox.Position.Y = -132
[YgoDuelist] YgoSecondHandLayoutPatch: AFTER holder.Position.Y = -745
[YgoDuelist] YgoSecondHandLayoutPatch: AFTER holder.TargetPosition.Y = -745
[YgoDuelist] YgoSecondHandLayoutPatch: AFTER holder.Hitbox.Position.Y = -132
[YgoDuelist] YgoSecondHandLayoutPatch EXIT return false
[YgoDuelist] YgoSecondHandLayoutPatch ENTER all=10 main=5 opts=5 FocusedHolderId=0 FocusedIsOpt=False
[YgoDuelist]   opts[0] holderId=100931735706 model=Command_Defend
[YgoDuelist]   opts[1] holderId=101737042122 model=Command_Attack
[YgoDuelist]   opts[2] holderId=101065953442 model=Command_Change_Battle_Position
[YgoDuelist]   opts[3] holderId=101200171178 model=Toggle_Die_For_You
[YgoDuelist]   opts[4] holderId=101334388914 model=Exit_Monster_Options
[YgoDuelist] YgoSecondHandLayoutPatch: AFTER holder.Position.Y = -745
[YgoDuelist] YgoSecondHandLayoutPatch: AFTER holder.TargetPosition.Y = -745
[YgoDuelist] YgoSecondHandLayoutPatch: AFTER holder.Hitbox.Position.Y = -132
[YgoDuelist] YgoSecondHandLayoutPatch: AFTER holder.Position.Y = -745
[YgoDuelist] YgoSecondHandLayoutPatch: AFTER holder.TargetPosition.Y = -745
[YgoDuelist] YgoSecondHandLayoutPatch: AFTER holder.Hitbox.Position.Y = -132
[YgoDuelist] YgoSecondHandLayoutPatch: AFTER holder.Position.Y = -745
[YgoDuelist] YgoSecondHandLayoutPatch: AFTER holder.TargetPosition.Y = -745
[YgoDuelist] YgoSecondHandLayoutPatch: AFTER holder.Hitbox.Position.Y = -132
[YgoDuelist] YgoSecondHandLayoutPatch: AFTER holder.Position.Y = -745
[YgoDuelist] YgoSecondHandLayoutPatch: AFTER holder.TargetPosition.Y = -745
[YgoDuelist] YgoSecondHandLayoutPatch: AFTER holder.Hitbox.Position.Y = -132
[YgoDuelist] YgoSecondHandLayoutPatch: AFTER holder.Position.Y = -745
[YgoDuelist] YgoSecondHandLayoutPatch: AFTER holder.TargetPosition.Y = -745
[YgoDuelist] YgoSecondHandLayoutPatch: AFTER holder.Hitbox.Position.Y = -132
[YgoDuelist] YgoSecondHandLayoutPatch EXIT return false
[YgoDuelist] YgoSecondHandLayoutPatch ENTER all=10 main=5 opts=5 FocusedHolderId=101065953442 FocusedIsOpt=True
[YgoDuelist]   opts[0] holderId=100931735706 model=Command_Defend
[YgoDuelist]   opts[1] holderId=101737042122 model=Command_Attack
[YgoDuelist]   opts[2] holderId=101065953442 model=Command_Change_Battle_Position
[YgoDuelist]   opts[3] holderId=101200171178 model=Toggle_Die_For_You
[YgoDuelist]   opts[4] holderId=101334388914 model=Exit_Monster_Options
[YgoDuelist] YgoSecondHandLayoutPatch: AFTER holder.Position.Y = -745
[YgoDuelist] YgoSecondHandLayoutPatch: AFTER holder.TargetPosition.Y = -745
[YgoDuelist] YgoSecondHandLayoutPatch: AFTER holder.Hitbox.Position.Y = -132
[YgoDuelist] YgoSecondHandLayoutPatch: AFTER holder.Position.Y = -745
[YgoDuelist] YgoSecondHandLayoutPatch: AFTER holder.TargetPosition.Y = -745
[YgoDuelist] YgoSecondHandLayoutPatch: AFTER holder.Hitbox.Position.Y = -132
[YgoDuelist] YgoSecondHandLayoutPatch: AFTER holder.Position.Y = -745
[YgoDuelist] YgoSecondHandLayoutPatch: AFTER holder.TargetPosition.Y = -745
[YgoDuelist] YgoSecondHandLayoutPatch: AFTER holder.Hitbox.Position.Y = -132
[YgoDuelist] YgoSecondHandLayoutPatch: AFTER holder.Position.Y = -745
[YgoDuelist] YgoSecondHandLayoutPatch: AFTER holder.TargetPosition.Y = -745
[YgoDuelist] YgoSecondHandLayoutPatch: AFTER holder.Hitbox.Position.Y = -132
[YgoDuelist] YgoSecondHandLayoutPatch: AFTER holder.Position.Y = -745
[YgoDuelist] YgoSecondHandLayoutPatch: AFTER holder.TargetPosition.Y = -745
[YgoDuelist] YgoSecondHandLayoutPatch: AFTER holder.Hitbox.Position.Y = -132
[YgoDuelist] YgoSecondHandLayoutPatch EXIT return false
[YgoDuelist] YgoSecondHandLayoutPatch ENTER all=10 main=5 opts=5 FocusedHolderId=0 FocusedIsOpt=False
[YgoDuelist]   opts[0] holderId=100931735706 model=Command_Defend
[YgoDuelist]   opts[1] holderId=101737042122 model=Command_Attack
[YgoDuelist]   opts[2] holderId=101065953442 model=Command_Change_Battle_Position
[YgoDuelist]   opts[3] holderId=101200171178 model=Toggle_Die_For_You
[YgoDuelist]   opts[4] holderId=101334388914 model=Exit_Monster_Options
[YgoDuelist] YgoSecondHandLayoutPatch: AFTER holder.Position.Y = -745
[YgoDuelist] YgoSecondHandLayoutPatch: AFTER holder.TargetPosition.Y = -745
[YgoDuelist] YgoSecondHandLayoutPatch: AFTER holder.Hitbox.Position.Y = -132
[YgoDuelist] YgoSecondHandLayoutPatch: AFTER holder.Position.Y = -745
[YgoDuelist] YgoSecondHandLayoutPatch: AFTER holder.TargetPosition.Y = -745
[YgoDuelist] YgoSecondHandLayoutPatch: AFTER holder.Hitbox.Position.Y = -132
[YgoDuelist] YgoSecondHandLayoutPatch: AFTER holder.Position.Y = -745
[YgoDuelist] YgoSecondHandLayoutPatch: AFTER holder.TargetPosition.Y = -745
[YgoDuelist] YgoSecondHandLayoutPatch: AFTER holder.Hitbox.Position.Y = -132
[YgoDuelist] YgoSecondHandLayoutPatch: AFTER holder.Position.Y = -745
[YgoDuelist] YgoSecondHandLayoutPatch: AFTER holder.TargetPosition.Y = -745
[YgoDuelist] YgoSecondHandLayoutPatch: AFTER holder.Hitbox.Position.Y = -132
[YgoDuelist] YgoSecondHandLayoutPatch: AFTER holder.Position.Y = -745
[YgoDuelist] YgoSecondHandLayoutPatch: AFTER holder.TargetPosition.Y = -745
[YgoDuelist] YgoSecondHandLayoutPatch: AFTER holder.Hitbox.Position.Y = -132
[YgoDuelist] YgoSecondHandLayoutPatch EXIT return false
[YgoDuelist] YgoSecondHandLayoutPatch ENTER all=10 main=5 opts=5 FocusedHolderId=101200171178 FocusedIsOpt=True
[YgoDuelist]   opts[0] holderId=100931735706 model=Command_Defend
[YgoDuelist]   opts[1] holderId=101737042122 model=Command_Attack
[YgoDuelist]   opts[2] holderId=101065953442 model=Command_Change_Battle_Position
[YgoDuelist]   opts[3] holderId=101200171178 model=Toggle_Die_For_You
[YgoDuelist]   opts[4] holderId=101334388914 model=Exit_Monster_Options
[YgoDuelist] YgoSecondHandLayoutPatch: AFTER holder.Position.Y = -745
[YgoDuelist] YgoSecondHandLayoutPatch: AFTER holder.TargetPosition.Y = -745
[YgoDuelist] YgoSecondHandLayoutPatch: AFTER holder.Hitbox.Position.Y = -132
[YgoDuelist] YgoSecondHandLayoutPatch: AFTER holder.Position.Y = -745
[YgoDuelist] YgoSecondHandLayoutPatch: AFTER holder.TargetPosition.Y = -745
[YgoDuelist] YgoSecondHandLayoutPatch: AFTER holder.Hitbox.Position.Y = -132
[YgoDuelist] YgoSecondHandLayoutPatch: AFTER holder.Position.Y = -745
[YgoDuelist] YgoSecondHandLayoutPatch: AFTER holder.TargetPosition.Y = -745
[YgoDuelist] YgoSecondHandLayoutPatch: AFTER holder.Hitbox.Position.Y = -132
[YgoDuelist] YgoSecondHandLayoutPatch: AFTER holder.Position.Y = -745
[YgoDuelist] YgoSecondHandLayoutPatch: AFTER holder.TargetPosition.Y = -745
[YgoDuelist] YgoSecondHandLayoutPatch: AFTER holder.Hitbox.Position.Y = -132
[YgoDuelist] YgoSecondHandLayoutPatch: AFTER holder.Position.Y = -745
[YgoDuelist] YgoSecondHandLayoutPatch: AFTER holder.TargetPosition.Y = -745
[YgoDuelist] YgoSecondHandLayoutPatch: AFTER holder.Hitbox.Position.Y = -132
[YgoDuelist] YgoSecondHandLayoutPatch EXIT return false
[YgoDuelist] YgoSecondHandLayoutPatch ENTER all=10 main=5 opts=5 FocusedHolderId=0 FocusedIsOpt=False
[YgoDuelist]   opts[0] holderId=100931735706 model=Command_Defend
[YgoDuelist]   opts[1] holderId=101737042122 model=Command_Attack
[YgoDuelist]   opts[2] holderId=101065953442 model=Command_Change_Battle_Position
[YgoDuelist]   opts[3] holderId=101200171178 model=Toggle_Die_For_You
[YgoDuelist]   opts[4] holderId=101334388914 model=Exit_Monster_Options
[YgoDuelist] YgoSecondHandLayoutPatch: AFTER holder.Position.Y = -745
[YgoDuelist] YgoSecondHandLayoutPatch: AFTER holder.TargetPosition.Y = -745
[YgoDuelist] YgoSecondHandLayoutPatch: AFTER holder.Hitbox.Position.Y = -132
[YgoDuelist] YgoSecondHandLayoutPatch: AFTER holder.Position.Y = -745
[YgoDuelist] YgoSecondHandLayoutPatch: AFTER holder.TargetPosition.Y = -745
[YgoDuelist] YgoSecondHandLayoutPatch: AFTER holder.Hitbox.Position.Y = -132
[YgoDuelist] YgoSecondHandLayoutPatch: AFTER holder.Position.Y = -745
[YgoDuelist] YgoSecondHandLayoutPatch: AFTER holder.TargetPosition.Y = -745
[YgoDuelist] YgoSecondHandLayoutPatch: AFTER holder.Hitbox.Position.Y = -132
[YgoDuelist] YgoSecondHandLayoutPatch: AFTER holder.Position.Y = -745
[YgoDuelist] YgoSecondHandLayoutPatch: AFTER holder.TargetPosition.Y = -745
[YgoDuelist] YgoSecondHandLayoutPatch: AFTER holder.Hitbox.Position.Y = -132
[YgoDuelist] YgoSecondHandLayoutPatch: AFTER holder.Position.Y = -745
[YgoDuelist] YgoSecondHandLayoutPatch: AFTER holder.TargetPosition.Y = -745
[YgoDuelist] YgoSecondHandLayoutPatch: AFTER holder.Hitbox.Position.Y = -132
[YgoDuelist] YgoSecondHandLayoutPatch EXIT return false
[YgoDuelist] YgoSecondHandLayoutPatch ENTER all=10 main=5 opts=5 FocusedHolderId=101334388914 FocusedIsOpt=True
[YgoDuelist]   opts[0] holderId=100931735706 model=Command_Defend
[YgoDuelist]   opts[1] holderId=101737042122 model=Command_Attack
[YgoDuelist]   opts[2] holderId=101065953442 model=Command_Change_Battle_Position
[YgoDuelist]   opts[3] holderId=101200171178 model=Toggle_Die_For_You
[YgoDuelist]   opts[4] holderId=101334388914 model=Exit_Monster_Options
[YgoDuelist] YgoSecondHandLayoutPatch: AFTER holder.Position.Y = -745
[YgoDuelist] YgoSecondHandLayoutPatch: AFTER holder.TargetPosition.Y = -745
[YgoDuelist] YgoSecondHandLayoutPatch: AFTER holder.Hitbox.Position.Y = -132
[YgoDuelist] YgoSecondHandLayoutPatch: AFTER holder.Position.Y = -745
[YgoDuelist] YgoSecondHandLayoutPatch: AFTER holder.TargetPosition.Y = -745
[YgoDuelist] YgoSecondHandLayoutPatch: AFTER holder.Hitbox.Position.Y = -132
[YgoDuelist] YgoSecondHandLayoutPatch: AFTER holder.Position.Y = -745
[YgoDuelist] YgoSecondHandLayoutPatch: AFTER holder.TargetPosition.Y = -745
[YgoDuelist] YgoSecondHandLayoutPatch: AFTER holder.Hitbox.Position.Y = -132
[YgoDuelist] YgoSecondHandLayoutPatch: AFTER holder.Position.Y = -745
[YgoDuelist] YgoSecondHandLayoutPatch: AFTER holder.TargetPosition.Y = -745
[YgoDuelist] YgoSecondHandLayoutPatch: AFTER holder.Hitbox.Position.Y = -132
[YgoDuelist] YgoSecondHandLayoutPatch: AFTER holder.Position.Y = -745
[YgoDuelist] YgoSecondHandLayoutPatch: AFTER holder.TargetPosition.Y = -745
[YgoDuelist] YgoSecondHandLayoutPatch: AFTER holder.Hitbox.Position.Y = -132
[YgoDuelist] YgoSecondHandLayoutPatch EXIT return false
[YgoDuelist] YgoSecondHandLayoutPatch ENTER all=10 main=5 opts=5 FocusedHolderId=0 FocusedIsOpt=False
[YgoDuelist]   opts[0] holderId=100931735706 model=Command_Defend
[YgoDuelist]   opts[1] holderId=101737042122 model=Command_Attack
[YgoDuelist]   opts[2] holderId=101065953442 model=Command_Change_Battle_Position
[YgoDuelist]   opts[3] holderId=101200171178 model=Toggle_Die_For_You
[YgoDuelist]   opts[4] holderId=101334388914 model=Exit_Monster_Options
[YgoDuelist] YgoSecondHandLayoutPatch: AFTER holder.Position.Y = -745
[YgoDuelist] YgoSecondHandLayoutPatch: AFTER holder.TargetPosition.Y = -745
[YgoDuelist] YgoSecondHandLayoutPatch: AFTER holder.Hitbox.Position.Y = -132
[YgoDuelist] YgoSecondHandLayoutPatch: AFTER holder.Position.Y = -745
[YgoDuelist] YgoSecondHandLayoutPatch: AFTER holder.TargetPosition.Y = -745
[YgoDuelist] YgoSecondHandLayoutPatch: AFTER holder.Hitbox.Position.Y = -132
[YgoDuelist] YgoSecondHandLayoutPatch: AFTER holder.Position.Y = -745
[YgoDuelist] YgoSecondHandLayoutPatch: AFTER holder.TargetPosition.Y = -745
[YgoDuelist] YgoSecondHandLayoutPatch: AFTER holder.Hitbox.Position.Y = -132
[YgoDuelist] YgoSecondHandLayoutPatch: AFTER holder.Position.Y = -745
[YgoDuelist] YgoSecondHandLayoutPatch: AFTER holder.TargetPosition.Y = -745
[YgoDuelist] YgoSecondHandLayoutPatch: AFTER holder.Hitbox.Position.Y = -132
[YgoDuelist] YgoSecondHandLayoutPatch: AFTER holder.Position.Y = -745
[YgoDuelist] YgoSecondHandLayoutPatch: AFTER holder.TargetPosition.Y = -745
[YgoDuelist] YgoSecondHandLayoutPatch: AFTER holder.Hitbox.Position.Y = -132
[YgoDuelist] YgoSecondHandLayoutPatch EXIT return false
[WARN] [BaseLib] GetRawText: Key 'YGO_RACE_SPELL_FIELD.title' not found in table 'static_hover_tips'
[WARN] [BaseLib] GetRawText: Key 'YGO_RACE_SPELL_FIELD.description' not found in table 'static_hover_tips'
[YgoSetVisualDebug] Id=YGODUELIST-FIRE_SORCERER, YgoCardType=EffectMonster, IsHandEffectFormActive=False, WillSet=True, FaceDown=True, ShouldUseSetVisual=True
[YgoStripVisualDebug] Id=YGODUELIST-FIRE_SORCERER, YgoCardType=EffectMonster, Attr=Fire, Race=Spellcaster, IsHandEffectFormActive=False, WillSet=True, FaceDown=True, UseFaceDownStrip=True
[WARN] [BaseLib] GetRawText: Key 'YGO_ATTRIBUTE_FIRE.title' not found in table 'static_hover_tips'
[WARN] [BaseLib] GetRawText: Key 'YGO_ATTRIBUTE_FIRE.description' not found in table 'static_hover_tips'
[WARN] [BaseLib] GetRawText: Key 'YGO_RACE_SPELLCASTER.title' not found in table 'static_hover_tips'
[WARN] [BaseLib] GetRawText: Key 'YGO_RACE_SPELLCASTER.description' not found in table 'static_hover_tips'
[DEBUG] [NetQualityTracker] Connection statistics at 08:26:19:
[DEBUG] [NetQualityTracker] 	76561198136285041 - Ping: 62.286633. Packet Loss: 3E-45.
[VERYDEBUG] [RunLocationTargetedMessageBuffer] Handling map-targeted message RequestEnqueueActionMessage location: act 0 coord (0, 1) action: YgoDuelist.YgoDuelistCode.GameActions.NetYgoSetSpellTrapFromHandAction from 76561198136285041 for location act 0 coord (0, 1)
[DEBUG] [ActionQueueSynchronizer] Received request enqueue action for action YgoDuelist.YgoDuelistCode.GameActions.NetYgoSetSpellTrapFromHandAction (76561198136285041) at 08:26:27
[DEBUG] [ActionQueueSynchronizer] Sending message to client to enqueue action YgoSetSpellTrapFromHandGameAction owner=76561198136285041 netCard=NetCombatCard 2052 model=YGODUELIST-OJAMA_TRIO ord=0 at 08:26:27
[DEBUG] [ActionQueueSynchronizer] Enqueueing action YgoSetSpellTrapFromHandGameAction owner=76561198136285041 netCard=NetCombatCard 2052 model=YGODUELIST-OJAMA_TRIO ord=0 from owner 76561198136285041
[DEBUG] [ActionQueueSet] Enqueueing action YgoSetSpellTrapFromHandGameAction owner=76561198136285041 netCard=NetCombatCard 2052 model=YGODUELIST-OJAMA_TRIO ord=0 to player queue owned by 76561198136285041
[DEBUG] [ActionExecutor] Action queue changed, beginning ExecuteActions
[VERYDEBUG] [ActionQueueSet] Attempting to find ready action
[VERYDEBUG] [ActionQueueSet] Queue for player 76561198345121322 is empty
[VERYDEBUG] [ActionQueueSet] Action YgoSetSpellTrapFromHandGameAction owner=76561198136285041 netCard=NetCombatCard 2052 model=YGODUELIST-OJAMA_TRIO ord=0 with id 40 belonging to 76561198136285041 becomes new ready action
[VERYDEBUG] [ActionQueueSet] Got ready action YgoSetSpellTrapFromHandGameAction owner=76561198136285041 netCard=NetCombatCard 2052 model=YGODUELIST-OJAMA_TRIO ord=0 (40)
[DEBUG] [ActionExecutor] Executing action: YgoSetSpellTrapFromHandGameAction owner=76561198136285041 netCard=NetCombatCard 2052 model=YGODUELIST-OJAMA_TRIO ord=0
[VERYDEBUG] [GameAction] Action YgoSetSpellTrapFromHandGameAction owner=76561198136285041 netCard=NetCombatCard 2052 model=YGODUELIST-OJAMA_TRIO ord=0 began executing
[YgoDuelist][MP] YgoSetSpellTrapFromHandGameAction: TrySetFromHandAsync card=YGODUELIST-OJAMA_TRIO owner=76561198136285041 netIndex=2052
[YgoDuelist] OnSecondHandCardsChanged ENTER player=42064926 cardsCount=3
[YgoDuelist]   cards[0]=Gaia_Power id=24289049
[YgoDuelist]   cards[1]=Ojama_Trio id=19018665
[YgoDuelist]   cards[2]=Burning_Land id=17274853
[YgoDuelist] OnSecondHandCardsChanged EXIT me != player
[VERYDEBUG] [GameAction] Action YgoSetSpellTrapFromHandGameAction owner=76561198136285041 netCard=NetCombatCard 2052 model=YGODUELIST-OJAMA_TRIO ord=0 finished execution
[DEBUG] [ChecksumTracker] Generating checksum for context: after executing action YgoSetSpellTrapFromHandGameAction owner=76561198136285041 netCard=NetCombatCard 2052 model=YGODUELIST-OJAMA_TRIO ord=0 action: YgoSetSpellTrapFromHandGameAction owner=76561198136285041 netCard=NetCombatCard 2052 model=YGODUELIST-OJAMA_TRIO ord=0 id: 42
[YgoDuelist][MP][Checksum][fp] netId=76561198136285041 | pt=1 n=9:YGODUELIST-ARCANE_ARCHER_OF_THE_FOREST0bYgoDieForYouUserToggleOnFalseiPermanentAtkBonusFromExecutes01010000,20019,20043,YGODUELIST-DEFEND_YGO_DUELIST010,YGODUELIST-DEFEND_YGO_DUELIST010,YGODUELIST-OUTSTANDING_DOG_MARRON0bYgoDieForYouUserToggleOnFalseiPermanentAtkBonusFromExecutes01010004,20001,YGODUELIST-ROCKET_JUMPER0bYgoDieForYouUserToggleOnFalseiPermanentAtkBonusFromExecutes01010000,20015,20043,20045,YGODUELIST-SKELENGEL0bYgoDieForYouUserToggleOnFalseiPermanentAtkBonusFromExecutes01010004,20006,20041,YGODUELIST-STRIKE_YGO_DUELIST010,YGODUELIST-STRIKE_YGO_DUELIST010,YGODUELIST-TRAP_OF_BOARD_ERASER01010009,10011 | pt=2 n=4:YGODUELIST-DEFEND_YGO_DUELIST010,YGODUELIST-FIRE_SORCERER0bYgoDieForYouUserToggleOnFalseiPermanentAtkBonusFromExecutes01010002,20017,20041,20043,YGODUELIST-RECKLESS_GREED01010009,10011,YGODUELIST-STRIKE_YGO_DUELIST010 | pt=3 n=0: | pt=4 n=0: | pt=5 n=0: | pt=932200512 n=0: | pt=932200513 n=0: | pt=932200514 n=0: | pt=932200515 n=1:YGODUELIST-HOURGLASS_OF_COURAGE0bYgoDieForYouUserToggleOnFalseiPermanentAtkBonusFromExecutes01010004,20006,20043 | pt=932200516 n=2:YGODUELIST-EARTH_EFFIGY0bYgoDieForYouUserToggleOnFalseiPermanentAtkBonusFromExecutes01010000,20015,20043,YGODUELIST-TOTAL_DEFENSE_SHOGUN0bYgoDieForYouUserToggleOnFalseiPermanentAtkBonusFromExecutes01010005,20019,20034,20043 | pt=932200517 n=3:YGODUELIST-BURNING_LAND01010009,20024,YGODUELIST-GAIA_POWER01010009,20027,YGODUELIST-OJAMA_TRIO01010009,10011 | pt=932200518 n=0:
[YgoDuelist][MP][Checksum][fp] netId=76561198345121322 | pt=1 n=1:YGODUELIST-DEFEND_YGO_DUELIST010 | pt=2 n=5:YGODUELIST-DEFEND_YGO_DUELIST010,YGODUELIST-FIRE_PRINCESS0bYgoDieForYouUserToggleOnFalseiPermanentAtkBonusFromExecutes01010002,20013,20043,YGODUELIST-KURAMA0bYgoDieForYouUserToggleOnFalseiPermanentAtkBonusFromExecutes01010003,20020,20043,YGODUELIST-STRIKE_YGO_DUELIST010,YGODUELIST-ZABORG_THE_THUNDER_MONARCH0bYgoDieForYouUserToggleOnFalseiPermanentAtkBonusFromExecutes01010004,20018,20034,20043 | pt=3 n=4:GREED0104,7,YGODUELIST-DEFEND_YGO_DUELIST010,YGODUELIST-STRIKE_YGO_DUELIST010,YGODUELIST-STRIKE_YGO_DUELIST010 | pt=4 n=0: | pt=5 n=0: | pt=932200512 n=0: | pt=932200513 n=1:YGODUELIST-THE_LAST_WARRIOR_FROM_ANOTHER_PLANET0bYgoDieForYouUserToggleOnFalseiPermanentAtkBonusFromExecutes0iSummonAbsorbPrintedDefBonus01010000,20019,20036,20043 | pt=932200514 n=0: | pt=932200515 n=0: | pt=932200516 n=2:YGODUELIST-QUEEN_S_DOUBLE0bYgoDieForYouUserToggleOnFalseiPermanentAtkBonusFromExecutes01010000,20019,20045,YGODUELIST-VERSAGO_THE_DESTROYER0bYgoDieForYouUserToggleOnFalseiPermanentAtkBonusFromExecutes01010005,20007,20043 | pt=932200517 n=2:YGODUELIST-RAIGEKI_BREAK01010009,10011,20045,YGODUELIST-YELLOW_LUSTER_SHIELD01010009,20024 | pt=932200518 n=0:
[DEBUG] [ActionExecutor] Completed execution of action YgoSetSpellTrapFromHandGameAction owner=76561198136285041 netCard=NetCombatCard 2052 model=YGODUELIST-OJAMA_TRIO ord=0, attempting to find new action
[VERYDEBUG] [ActionQueueSet] Attempting to find ready action
[VERYDEBUG] [ActionQueueSet] Queue for player 76561198345121322 is empty
[VERYDEBUG] [ActionQueueSet] Queue for player 76561198136285041 is empty
[VERYDEBUG] [ActionQueueSet] No action is ready
[YgoDuelist] OnSecondHandCardsChanged ENTER player=42064926 cardsCount=3
[YgoDuelist]   cards[0]=Gaia_Power id=24289049
[YgoDuelist]   cards[1]=Ojama_Trio id=19018665
[YgoDuelist]   cards[2]=Burning_Land id=17274853
[YgoDuelist] OnSecondHandCardsChanged EXIT me != player
[WARN] [BaseLib] GetRawText: Key 'YGO_RACE_SPELL_FIELD.title' not found in table 'static_hover_tips'
[WARN] [BaseLib] GetRawText: Key 'YGO_RACE_SPELL_FIELD.description' not found in table 'static_hover_tips'
[VERYDEBUG] [RunLocationTargetedMessageBuffer] Handling map-targeted message RequestEnqueueActionMessage location: act 0 coord (0, 1) action: YgoDuelist.YgoDuelistCode.GameActions.NetYgoSetSpellTrapFromHandAction from 76561198136285041 for location act 0 coord (0, 1)
[DEBUG] [ActionQueueSynchronizer] Received request enqueue action for action YgoDuelist.YgoDuelistCode.GameActions.NetYgoSetSpellTrapFromHandAction (76561198136285041) at 08:26:30
[DEBUG] [ActionQueueSynchronizer] Sending message to client to enqueue action YgoSetSpellTrapFromHandGameAction owner=76561198136285041 netCard=NetCombatCard 2065 model=YGODUELIST-RECKLESS_GREED ord=0 at 08:26:30
[DEBUG] [ActionQueueSynchronizer] Enqueueing action YgoSetSpellTrapFromHandGameAction owner=76561198136285041 netCard=NetCombatCard 2065 model=YGODUELIST-RECKLESS_GREED ord=0 from owner 76561198136285041
[DEBUG] [ActionQueueSet] Enqueueing action YgoSetSpellTrapFromHandGameAction owner=76561198136285041 netCard=NetCombatCard 2065 model=YGODUELIST-RECKLESS_GREED ord=0 to player queue owned by 76561198136285041
[DEBUG] [ActionExecutor] Action queue changed, beginning ExecuteActions
[VERYDEBUG] [ActionQueueSet] Attempting to find ready action
[VERYDEBUG] [ActionQueueSet] Queue for player 76561198345121322 is empty
[VERYDEBUG] [ActionQueueSet] Action YgoSetSpellTrapFromHandGameAction owner=76561198136285041 netCard=NetCombatCard 2065 model=YGODUELIST-RECKLESS_GREED ord=0 with id 41 belonging to 76561198136285041 becomes new ready action
[VERYDEBUG] [ActionQueueSet] Got ready action YgoSetSpellTrapFromHandGameAction owner=76561198136285041 netCard=NetCombatCard 2065 model=YGODUELIST-RECKLESS_GREED ord=0 (41)
[DEBUG] [ActionExecutor] Executing action: YgoSetSpellTrapFromHandGameAction owner=76561198136285041 netCard=NetCombatCard 2065 model=YGODUELIST-RECKLESS_GREED ord=0
[VERYDEBUG] [GameAction] Action YgoSetSpellTrapFromHandGameAction owner=76561198136285041 netCard=NetCombatCard 2065 model=YGODUELIST-RECKLESS_GREED ord=0 began executing
[YgoDuelist][MP] YgoSetSpellTrapFromHandGameAction: TrySetFromHandAsync card=YGODUELIST-RECKLESS_GREED owner=76561198136285041 netIndex=2065
[YgoDuelist] OnSecondHandCardsChanged ENTER player=42064926 cardsCount=4
[YgoDuelist]   cards[0]=Gaia_Power id=24289049
[YgoDuelist]   cards[1]=Reckless_Greed id=44010748
[YgoDuelist]   cards[2]=Ojama_Trio id=19018665
[YgoDuelist]   cards[3]=Burning_Land id=17274853
[YgoDuelist] OnSecondHandCardsChanged EXIT me != player
[VERYDEBUG] [GameAction] Action YgoSetSpellTrapFromHandGameAction owner=76561198136285041 netCard=NetCombatCard 2065 model=YGODUELIST-RECKLESS_GREED ord=0 finished execution
[DEBUG] [ChecksumTracker] Generating checksum for context: after executing action YgoSetSpellTrapFromHandGameAction owner=76561198136285041 netCard=NetCombatCard 2065 model=YGODUELIST-RECKLESS_GREED ord=0 action: YgoSetSpellTrapFromHandGameAction owner=76561198136285041 netCard=NetCombatCard 2065 model=YGODUELIST-RECKLESS_GREED ord=0 id: 43
[YgoDuelist][MP][Checksum][fp] netId=76561198136285041 | pt=1 n=9:YGODUELIST-ARCANE_ARCHER_OF_THE_FOREST0bYgoDieForYouUserToggleOnFalseiPermanentAtkBonusFromExecutes01010000,20019,20043,YGODUELIST-DEFEND_YGO_DUELIST010,YGODUELIST-DEFEND_YGO_DUELIST010,YGODUELIST-OUTSTANDING_DOG_MARRON0bYgoDieForYouUserToggleOnFalseiPermanentAtkBonusFromExecutes01010004,20001,YGODUELIST-ROCKET_JUMPER0bYgoDieForYouUserToggleOnFalseiPermanentAtkBonusFromExecutes01010000,20015,20043,20045,YGODUELIST-SKELENGEL0bYgoDieForYouUserToggleOnFalseiPermanentAtkBonusFromExecutes01010004,20006,20041,YGODUELIST-STRIKE_YGO_DUELIST010,YGODUELIST-STRIKE_YGO_DUELIST010,YGODUELIST-TRAP_OF_BOARD_ERASER01010009,10011 | pt=2 n=3:YGODUELIST-DEFEND_YGO_DUELIST010,YGODUELIST-FIRE_SORCERER0bYgoDieForYouUserToggleOnFalseiPermanentAtkBonusFromExecutes01010002,20017,20041,20043,YGODUELIST-STRIKE_YGO_DUELIST010 | pt=3 n=0: | pt=4 n=0: | pt=5 n=0: | pt=932200512 n=0: | pt=932200513 n=0: | pt=932200514 n=0: | pt=932200515 n=1:YGODUELIST-HOURGLASS_OF_COURAGE0bYgoDieForYouUserToggleOnFalseiPermanentAtkBonusFromExecutes01010004,20006,20043 | pt=932200516 n=2:YGODUELIST-EARTH_EFFIGY0bYgoDieForYouUserToggleOnFalseiPermanentAtkBonusFromExecutes01010000,20015,20043,YGODUELIST-TOTAL_DEFENSE_SHOGUN0bYgoDieForYouUserToggleOnFalseiPermanentAtkBonusFromExecutes01010005,20019,20034,20043 | pt=932200517 n=4:YGODUELIST-BURNING_LAND01010009,20024,YGODUELIST-GAIA_POWER01010009,20027,YGODUELIST-OJAMA_TRIO01010009,10011,YGODUELIST-RECKLESS_GREED01010009,10011 | pt=932200518 n=0:
[YgoDuelist][MP][Checksum][fp] netId=76561198345121322 | pt=1 n=1:YGODUELIST-DEFEND_YGO_DUELIST010 | pt=2 n=5:YGODUELIST-DEFEND_YGO_DUELIST010,YGODUELIST-FIRE_PRINCESS0bYgoDieForYouUserToggleOnFalseiPermanentAtkBonusFromExecutes01010002,20013,20043,YGODUELIST-KURAMA0bYgoDieForYouUserToggleOnFalseiPermanentAtkBonusFromExecutes01010003,20020,20043,YGODUELIST-STRIKE_YGO_DUELIST010,YGODUELIST-ZABORG_THE_THUNDER_MONARCH0bYgoDieForYouUserToggleOnFalseiPermanentAtkBonusFromExecutes01010004,20018,20034,20043 | pt=3 n=4:GREED0104,7,YGODUELIST-DEFEND_YGO_DUELIST010,YGODUELIST-STRIKE_YGO_DUELIST010,YGODUELIST-STRIKE_YGO_DUELIST010 | pt=4 n=0: | pt=5 n=0: | pt=932200512 n=0: | pt=932200513 n=1:YGODUELIST-THE_LAST_WARRIOR_FROM_ANOTHER_PLANET0bYgoDieForYouUserToggleOnFalseiPermanentAtkBonusFromExecutes0iSummonAbsorbPrintedDefBonus01010000,20019,20036,20043 | pt=932200514 n=0: | pt=932200515 n=0: | pt=932200516 n=2:YGODUELIST-QUEEN_S_DOUBLE0bYgoDieForYouUserToggleOnFalseiPermanentAtkBonusFromExecutes01010000,20019,20045,YGODUELIST-VERSAGO_THE_DESTROYER0bYgoDieForYouUserToggleOnFalseiPermanentAtkBonusFromExecutes01010005,20007,20043 | pt=932200517 n=2:YGODUELIST-RAIGEKI_BREAK01010009,10011,20045,YGODUELIST-YELLOW_LUSTER_SHIELD01010009,20024 | pt=932200518 n=0:
[DEBUG] [ActionExecutor] Completed execution of action YgoSetSpellTrapFromHandGameAction owner=76561198136285041 netCard=NetCombatCard 2065 model=YGODUELIST-RECKLESS_GREED ord=0, attempting to find new action
[VERYDEBUG] [ActionQueueSet] Attempting to find ready action
[VERYDEBUG] [ActionQueueSet] Queue for player 76561198345121322 is empty
[VERYDEBUG] [ActionQueueSet] Queue for player 76561198136285041 is empty
[VERYDEBUG] [ActionQueueSet] No action is ready
[YgoDuelist] OnSecondHandCardsChanged ENTER player=42064926 cardsCount=4
[YgoDuelist]   cards[0]=Gaia_Power id=24289049
[YgoDuelist]   cards[1]=Reckless_Greed id=44010748
[YgoDuelist]   cards[2]=Ojama_Trio id=19018665
[YgoDuelist]   cards[3]=Burning_Land id=17274853
[YgoDuelist] OnSecondHandCardsChanged EXIT me != player
[WARN] [BaseLib] GetRawText: Key 'YGO_ATTRIBUTE_FIRE.title' not found in table 'static_hover_tips'
[WARN] [BaseLib] GetRawText: Key 'YGO_ATTRIBUTE_FIRE.description' not found in table 'static_hover_tips'
[WARN] [BaseLib] GetRawText: Key 'YGO_RACE_SPELLCASTER.title' not found in table 'static_hover_tips'
[WARN] [BaseLib] GetRawText: Key 'YGO_RACE_SPELLCASTER.description' not found in table 'static_hover_tips'
[VERYDEBUG] [RunLocationTargetedMessageBuffer] Handling map-targeted message RequestEnqueueActionMessage location: act 0 coord (0, 1) action: NetPlayCardAction (NetCombatCard 2063) target: null from 76561198136285041 for location act 0 coord (0, 1)
[DEBUG] [ActionQueueSynchronizer] Received request enqueue action for action NetPlayCardAction (NetCombatCard 2063) target: null (76561198136285041) at 08:26:36
[DEBUG] [ActionQueueSynchronizer] Sending message to client to enqueue action PlayCardAction card: CARD.YGODUELIST-FIRE_SORCERER (21255954) index: 2063 targetid:  at 08:26:36
[DEBUG] [ActionQueueSynchronizer] Enqueueing action PlayCardAction card: CARD.YGODUELIST-FIRE_SORCERER (21255954) index: 2063 targetid:  from owner 76561198136285041
[WARN] [BaseLib] GetRawText: Key 'YGO_ATTRIBUTE_FIRE.title' not found in table 'static_hover_tips'
[WARN] [BaseLib] GetRawText: Key 'YGO_ATTRIBUTE_FIRE.description' not found in table 'static_hover_tips'
[WARN] [BaseLib] GetRawText: Key 'YGO_RACE_SPELLCASTER.title' not found in table 'static_hover_tips'
[WARN] [BaseLib] GetRawText: Key 'YGO_RACE_SPELLCASTER.description' not found in table 'static_hover_tips'
[DEBUG] [ActionQueueSet] Enqueueing action PlayCardAction card: CARD.YGODUELIST-FIRE_SORCERER (21255954) index: 2063 targetid:  to player queue owned by 76561198136285041
[DEBUG] [ActionExecutor] Action queue changed, beginning ExecuteActions
[VERYDEBUG] [ActionQueueSet] Attempting to find ready action
[VERYDEBUG] [ActionQueueSet] Queue for player 76561198345121322 is empty
[VERYDEBUG] [ActionQueueSet] Action PlayCardAction card: CARD.YGODUELIST-FIRE_SORCERER (21255954) index: 2063 targetid:  with id 42 belonging to 76561198136285041 becomes new ready action
[VERYDEBUG] [ActionQueueSet] Got ready action PlayCardAction card: CARD.YGODUELIST-FIRE_SORCERER (21255954) index: 2063 targetid:  (42)
[DEBUG] [ActionExecutor] Executing action: PlayCardAction card: CARD.YGODUELIST-FIRE_SORCERER (21255954) index: 2063 targetid: 
[VERYDEBUG] [GameAction] Action PlayCardAction card: CARD.YGODUELIST-FIRE_SORCERER (21255954) index: 2063 targetid:  began executing
[WARN] [BaseLib] GetRawText: Key 'YGO_ATTRIBUTE_FIRE.title' not found in table 'static_hover_tips'
[WARN] [BaseLib] GetRawText: Key 'YGO_ATTRIBUTE_FIRE.description' not found in table 'static_hover_tips'
[WARN] [BaseLib] GetRawText: Key 'YGO_RACE_SPELLCASTER.title' not found in table 'static_hover_tips'
[WARN] [BaseLib] GetRawText: Key 'YGO_RACE_SPELLCASTER.description' not found in table 'static_hover_tips'
[WARN] [BaseLib] GetRawText: Key 'YGO_ATTRIBUTE_FIRE.title' not found in table 'static_hover_tips'
[WARN] [BaseLib] GetRawText: Key 'YGO_ATTRIBUTE_FIRE.description' not found in table 'static_hover_tips'
[WARN] [BaseLib] GetRawText: Key 'YGO_RACE_SPELLCASTER.title' not found in table 'static_hover_tips'
[WARN] [BaseLib] GetRawText: Key 'YGO_RACE_SPELLCASTER.description' not found in table 'static_hover_tips'
[YgoDuelist][MP][HandStance] Observer applied wire hand stance atk=False handEffect=False faceDown=True willSet=True netIdx=2063 card=YGODUELIST-FIRE_SORCERER
[YgoDuelist][MP][PlayCard] Remote peer: mirrored vanilla ExecuteAction body (owner=76561198136285041 card=YGODUELIST-FIRE_SORCERER)
[INFO] Player 76561198136285041 playing card YGODUELIST-FIRE_SORCERER (no target) [YgoDuelist remote mirror, skipped CanPlay]
[VERYDEBUG] [GameAction] Action PlayCardAction card: CARD.YGODUELIST-FIRE_SORCERER (21255954) index: 2063 targetid:  finished execution
[DEBUG] [ChecksumTracker] Generating checksum for context: after executing action PlayCardAction card: CARD.YGODUELIST-FIRE_SORCERER (21255954) index: 2063 targetid:  action: PlayCardAction card: CARD.YGODUELIST-FIRE_SORCERER (21255954) index: 2063 targetid:  id: 44
[YgoDuelist][MP][Checksum][fp] netId=76561198136285041 | pt=1 n=9:YGODUELIST-ARCANE_ARCHER_OF_THE_FOREST0bYgoDieForYouUserToggleOnFalseiPermanentAtkBonusFromExecutes01010000,20019,20043,YGODUELIST-DEFEND_YGO_DUELIST010,YGODUELIST-DEFEND_YGO_DUELIST010,YGODUELIST-OUTSTANDING_DOG_MARRON0bYgoDieForYouUserToggleOnFalseiPermanentAtkBonusFromExecutes01010004,20001,YGODUELIST-ROCKET_JUMPER0bYgoDieForYouUserToggleOnFalseiPermanentAtkBonusFromExecutes01010000,20015,20043,20045,YGODUELIST-SKELENGEL0bYgoDieForYouUserToggleOnFalseiPermanentAtkBonusFromExecutes01010004,20006,20041,YGODUELIST-STRIKE_YGO_DUELIST010,YGODUELIST-STRIKE_YGO_DUELIST010,YGODUELIST-TRAP_OF_BOARD_ERASER01010009,10011 | pt=2 n=2:YGODUELIST-DEFEND_YGO_DUELIST010,YGODUELIST-STRIKE_YGO_DUELIST010 | pt=3 n=0: | pt=4 n=0: | pt=5 n=0: | pt=932200512 n=0: | pt=932200513 n=0: | pt=932200514 n=0: | pt=932200515 n=1:YGODUELIST-HOURGLASS_OF_COURAGE0bYgoDieForYouUserToggleOnFalseiPermanentAtkBonusFromExecutes01010004,20006,20043 | pt=932200516 n=3:YGODUELIST-EARTH_EFFIGY0bYgoDieForYouUserToggleOnFalseiPermanentAtkBonusFromExecutes01010000,20015,20043,YGODUELIST-FIRE_SORCERER0bYgoDieForYouUserToggleOnFalseiPermanentAtkBonusFromExecutes01010002,20017,20041,20043,YGODUELIST-TOTAL_DEFENSE_SHOGUN0bYgoDieForYouUserToggleOnFalseiPermanentAtkBonusFromExecutes01010005,20019,20034,20043 | pt=932200517 n=4:YGODUELIST-BURNING_LAND01010009,20024,YGODUELIST-GAIA_POWER01010009,20027,YGODUELIST-OJAMA_TRIO01010009,10011,YGODUELIST-RECKLESS_GREED01010009,10011 | pt=932200518 n=0:
[YgoDuelist][MP][Checksum][fp] netId=76561198345121322 | pt=1 n=1:YGODUELIST-DEFEND_YGO_DUELIST010 | pt=2 n=5:YGODUELIST-DEFEND_YGO_DUELIST010,YGODUELIST-FIRE_PRINCESS0bYgoDieForYouUserToggleOnFalseiPermanentAtkBonusFromExecutes01010002,20013,20043,YGODUELIST-KURAMA0bYgoDieForYouUserToggleOnFalseiPermanentAtkBonusFromExecutes01010003,20020,20043,YGODUELIST-STRIKE_YGO_DUELIST010,YGODUELIST-ZABORG_THE_THUNDER_MONARCH0bYgoDieForYouUserToggleOnFalseiPermanentAtkBonusFromExecutes01010004,20018,20034,20043 | pt=3 n=4:GREED0104,7,YGODUELIST-DEFEND_YGO_DUELIST010,YGODUELIST-STRIKE_YGO_DUELIST010,YGODUELIST-STRIKE_YGO_DUELIST010 | pt=4 n=0: | pt=5 n=0: | pt=932200512 n=0: | pt=932200513 n=1:YGODUELIST-THE_LAST_WARRIOR_FROM_ANOTHER_PLANET0bYgoDieForYouUserToggleOnFalseiPermanentAtkBonusFromExecutes0iSummonAbsorbPrintedDefBonus01010000,20019,20036,20043 | pt=932200514 n=0: | pt=932200515 n=0: | pt=932200516 n=2:YGODUELIST-QUEEN_S_DOUBLE0bYgoDieForYouUserToggleOnFalseiPermanentAtkBonusFromExecutes01010000,20019,20045,YGODUELIST-VERSAGO_THE_DESTROYER0bYgoDieForYouUserToggleOnFalseiPermanentAtkBonusFromExecutes01010005,20007,20043 | pt=932200517 n=2:YGODUELIST-RAIGEKI_BREAK01010009,10011,20045,YGODUELIST-YELLOW_LUSTER_SHIELD01010009,20024 | pt=932200518 n=0:
[DEBUG] [ActionExecutor] Completed execution of action PlayCardAction card: CARD.YGODUELIST-FIRE_SORCERER (21255954) index: 2063 targetid: , attempting to find new action
[VERYDEBUG] [ActionQueueSet] Attempting to find ready action
[VERYDEBUG] [ActionQueueSet] Queue for player 76561198345121322 is empty
[VERYDEBUG] [ActionQueueSet] Queue for player 76561198136285041 is empty
[VERYDEBUG] [ActionQueueSet] No action is ready
[WARN] [BaseLib] GetRawText: Key 'YGO_RACE_SPELL_CONTINUOUS.title' not found in table 'static_hover_tips'
[WARN] [BaseLib] GetRawText: Key 'YGO_RACE_SPELL_CONTINUOUS.description' not found in table 'static_hover_tips'
[VERYDEBUG] [RunLocationTargetedMessageBuffer] Handling map-targeted message RequestEnqueueActionMessage location: act 0 coord (0, 1) action: YgoDuelist.YgoDuelistCode.GameActions.NetYgoMonsterMenuCommandAction from 76561198136285041 for location act 0 coord (0, 1)
[DEBUG] [ActionQueueSynchronizer] Received request enqueue action for action YgoDuelist.YgoDuelistCode.GameActions.NetYgoMonsterMenuCommandAction (76561198136285041) at 08:26:38
[DEBUG] [ActionQueueSynchronizer] Sending message to client to enqueue action YgoMonsterMenuCommandGameAction owner=76561198136285041 OpenMonsterOptions pet=8 at 08:26:38
[DEBUG] [ActionQueueSynchronizer] Enqueueing action YgoMonsterMenuCommandGameAction owner=76561198136285041 OpenMonsterOptions pet=8 from owner 76561198136285041
[DEBUG] [ActionQueueSet] Enqueueing action YgoMonsterMenuCommandGameAction owner=76561198136285041 OpenMonsterOptions pet=8 to player queue owned by 76561198136285041
[DEBUG] [ActionExecutor] Action queue changed, beginning ExecuteActions
[VERYDEBUG] [ActionQueueSet] Attempting to find ready action
[VERYDEBUG] [ActionQueueSet] Queue for player 76561198345121322 is empty
[VERYDEBUG] [ActionQueueSet] Action YgoMonsterMenuCommandGameAction owner=76561198136285041 OpenMonsterOptions pet=8 with id 43 belonging to 76561198136285041 becomes new ready action
[VERYDEBUG] [ActionQueueSet] Got ready action YgoMonsterMenuCommandGameAction owner=76561198136285041 OpenMonsterOptions pet=8 (43)
[DEBUG] [ActionExecutor] Executing action: YgoMonsterMenuCommandGameAction owner=76561198136285041 OpenMonsterOptions pet=8
[VERYDEBUG] [GameAction] Action YgoMonsterMenuCommandGameAction owner=76561198136285041 OpenMonsterOptions pet=8 began executing
[YgoDuelist][MP] YgoMonsterMenuCommandGameAction: kind=OpenMonsterOptions ownerNetId=76561198136285041 petCombatId=8 hasEnemy=False
[YgoDuelist] OnSecondHandCardsChanged ENTER player=42064926 cardsCount=5
[YgoDuelist]   cards[0]=Command_Defend id=61421024
[YgoDuelist]   cards[1]=Command_Attack id=15918311
[YgoDuelist]   cards[2]=Command_Change_Battle_Position id=9047075
[YgoDuelist]   cards[3]=Toggle_Die_For_You id=14314813
[YgoDuelist]   cards[4]=Exit_Monster_Options id=61724454
[YgoDuelist] OnSecondHandCardsChanged EXIT me != player
[YgoDuelist][MP][OptionPile] OpenMonsterOptions: player=76561198136285041 count=5 ids=[YGODUELIST-EXIT_MONSTER_OPTIONS=2076, YGODUELIST-TOGGLE_DIE_FOR_YOU=2075, YGODUELIST-COMMAND_CHANGE_BATTLE_POSITION=2074, YGODUELIST-COMMAND_ATTACK=2073, YGODUELIST-COMMAND_DEFEND=2072]
[VERYDEBUG] [GameAction] Action YgoMonsterMenuCommandGameAction owner=76561198136285041 OpenMonsterOptions pet=8 finished execution
[DEBUG] [ChecksumTracker] Generating checksum for context: after executing action YgoMonsterMenuCommandGameAction owner=76561198136285041 OpenMonsterOptions pet=8 action: YgoMonsterMenuCommandGameAction owner=76561198136285041 OpenMonsterOptions pet=8 id: 45
[YgoDuelist][MP][Checksum][fp] netId=76561198136285041 | pt=1 n=9:YGODUELIST-ARCANE_ARCHER_OF_THE_FOREST0bYgoDieForYouUserToggleOnFalseiPermanentAtkBonusFromExecutes01010000,20019,20043,YGODUELIST-DEFEND_YGO_DUELIST010,YGODUELIST-DEFEND_YGO_DUELIST010,YGODUELIST-OUTSTANDING_DOG_MARRON0bYgoDieForYouUserToggleOnFalseiPermanentAtkBonusFromExecutes01010004,20001,YGODUELIST-ROCKET_JUMPER0bYgoDieForYouUserToggleOnFalseiPermanentAtkBonusFromExecutes01010000,20015,20043,20045,YGODUELIST-SKELENGEL0bYgoDieForYouUserToggleOnFalseiPermanentAtkBonusFromExecutes01010004,20006,20041,YGODUELIST-STRIKE_YGO_DUELIST010,YGODUELIST-STRIKE_YGO_DUELIST010,YGODUELIST-TRAP_OF_BOARD_ERASER01010009,10011 | pt=2 n=2:YGODUELIST-DEFEND_YGO_DUELIST010,YGODUELIST-STRIKE_YGO_DUELIST010 | pt=3 n=0: | pt=4 n=0: | pt=5 n=0: | pt=932200512 n=0: | pt=932200513 n=0: | pt=932200514 n=0: | pt=932200515 n=1:YGODUELIST-HOURGLASS_OF_COURAGE0bYgoDieForYouUserToggleOnFalseiPermanentAtkBonusFromExecutes01010004,20006,20043 | pt=932200516 n=3:YGODUELIST-EARTH_EFFIGY0bYgoDieForYouUserToggleOnFalseiPermanentAtkBonusFromExecutes01010000,20015,20043,YGODUELIST-FIRE_SORCERER0bYgoDieForYouUserToggleOnFalseiPermanentAtkBonusFromExecutes01010002,20017,20041,20043,YGODUELIST-TOTAL_DEFENSE_SHOGUN0bYgoDieForYouUserToggleOnFalseiPermanentAtkBonusFromExecutes01010005,20019,20034,20043 | pt=932200517 n=4:YGODUELIST-BURNING_LAND01010009,20024,YGODUELIST-GAIA_POWER01010009,20027,YGODUELIST-OJAMA_TRIO01010009,10011,YGODUELIST-RECKLESS_GREED01010009,10011 | pt=932200518 n=0:
[YgoDuelist][MP][Checksum][fp] netId=76561198345121322 | pt=1 n=1:YGODUELIST-DEFEND_YGO_DUELIST010 | pt=2 n=5:YGODUELIST-DEFEND_YGO_DUELIST010,YGODUELIST-FIRE_PRINCESS0bYgoDieForYouUserToggleOnFalseiPermanentAtkBonusFromExecutes01010002,20013,20043,YGODUELIST-KURAMA0bYgoDieForYouUserToggleOnFalseiPermanentAtkBonusFromExecutes01010003,20020,20043,YGODUELIST-STRIKE_YGO_DUELIST010,YGODUELIST-ZABORG_THE_THUNDER_MONARCH0bYgoDieForYouUserToggleOnFalseiPermanentAtkBonusFromExecutes01010004,20018,20034,20043 | pt=3 n=4:GREED0104,7,YGODUELIST-DEFEND_YGO_DUELIST010,YGODUELIST-STRIKE_YGO_DUELIST010,YGODUELIST-STRIKE_YGO_DUELIST010 | pt=4 n=0: | pt=5 n=0: | pt=932200512 n=0: | pt=932200513 n=1:YGODUELIST-THE_LAST_WARRIOR_FROM_ANOTHER_PLANET0bYgoDieForYouUserToggleOnFalseiPermanentAtkBonusFromExecutes0iSummonAbsorbPrintedDefBonus01010000,20019,20036,20043 | pt=932200514 n=0: | pt=932200515 n=0: | pt=932200516 n=2:YGODUELIST-QUEEN_S_DOUBLE0bYgoDieForYouUserToggleOnFalseiPermanentAtkBonusFromExecutes01010000,20019,20045,YGODUELIST-VERSAGO_THE_DESTROYER0bYgoDieForYouUserToggleOnFalseiPermanentAtkBonusFromExecutes01010005,20007,20043 | pt=932200517 n=2:YGODUELIST-RAIGEKI_BREAK01010009,10011,20045,YGODUELIST-YELLOW_LUSTER_SHIELD01010009,20024 | pt=932200518 n=0:
[DEBUG] [ActionExecutor] Completed execution of action YgoMonsterMenuCommandGameAction owner=76561198136285041 OpenMonsterOptions pet=8, attempting to find new action
[VERYDEBUG] [ActionQueueSet] Attempting to find ready action
[VERYDEBUG] [ActionQueueSet] Queue for player 76561198345121322 is empty
[VERYDEBUG] [ActionQueueSet] Queue for player 76561198136285041 is empty
[VERYDEBUG] [ActionQueueSet] No action is ready
[WARN] [BaseLib] GetRawText: Key 'YGO_ATTRIBUTE_EARTH.title' not found in table 'static_hover_tips'
[WARN] [BaseLib] GetRawText: Key 'YGO_ATTRIBUTE_EARTH.description' not found in table 'static_hover_tips'
[WARN] [BaseLib] GetRawText: Key 'YGO_RACE_ROCK.title' not found in table 'static_hover_tips'
[WARN] [BaseLib] GetRawText: Key 'YGO_RACE_ROCK.description' not found in table 'static_hover_tips'
[WARN] [BaseLib] GetRawText: Key 'YGO_RACE_ROCK.title' not found in table 'static_hover_tips'
[WARN] [BaseLib] GetRawText: Key 'YGO_RACE_ROCK.description' not found in table 'static_hover_tips'
[WARN] [BaseLib] GetRawText: Key 'YGO_ATTRIBUTE_EARTH.title' not found in table 'static_hover_tips'
[WARN] [BaseLib] GetRawText: Key 'YGO_ATTRIBUTE_EARTH.description' not found in table 'static_hover_tips'
[WARN] [BaseLib] GetRawText: Key 'YGO_RACE_ROCK.title' not found in table 'static_hover_tips'
[WARN] [BaseLib] GetRawText: Key 'YGO_RACE_ROCK.description' not found in table 'static_hover_tips'
[WARN] [BaseLib] GetRawText: Key 'YGO_RACE_ROCK.title' not found in table 'static_hover_tips'
[WARN] [BaseLib] GetRawText: Key 'YGO_RACE_ROCK.description' not found in table 'static_hover_tips'
[DEBUG] [NetQualityTracker] Connection statistics at 08:26:39:
[DEBUG] [NetQualityTracker] 	76561198136285041 - Ping: 60.596214. Packet Loss: 3E-45.
[WARN] [BaseLib] GetRawText: Key 'YGO_ATTRIBUTE_EARTH.title' not found in table 'static_hover_tips'
[WARN] [BaseLib] GetRawText: Key 'YGO_ATTRIBUTE_EARTH.description' not found in table 'static_hover_tips'
[WARN] [BaseLib] GetRawText: Key 'YGO_RACE_ROCK.title' not found in table 'static_hover_tips'
[WARN] [BaseLib] GetRawText: Key 'YGO_RACE_ROCK.description' not found in table 'static_hover_tips'
[WARN] [BaseLib] GetRawText: Key 'YGO_RACE_ROCK.title' not found in table 'static_hover_tips'
[WARN] [BaseLib] GetRawText: Key 'YGO_RACE_ROCK.description' not found in table 'static_hover_tips'
[VERYDEBUG] [RunLocationTargetedMessageBuffer] Handling map-targeted message RequestEnqueueActionMessage location: act 0 coord (0, 1) action: NetPlayCardAction (NetCombatCard 2073) target: 3 from 76561198136285041 for location act 0 coord (0, 1)
[DEBUG] [ActionQueueSynchronizer] Received request enqueue action for action NetPlayCardAction (NetCombatCard 2073) target: 3 (76561198136285041) at 08:26:42
[DEBUG] [ActionQueueSynchronizer] Sending message to client to enqueue action PlayCardAction card: CARD.YGODUELIST-COMMAND_ATTACK (15918311) index: 2073 targetid: 3 at 08:26:42
[DEBUG] [ActionQueueSynchronizer] Enqueueing action PlayCardAction card: CARD.YGODUELIST-COMMAND_ATTACK (15918311) index: 2073 targetid: 3 from owner 76561198136285041
[WARN] [BaseLib] GetRawText: Key 'YGO_ATTRIBUTE_EARTH.title' not found in table 'static_hover_tips'
[WARN] [BaseLib] GetRawText: Key 'YGO_ATTRIBUTE_EARTH.description' not found in table 'static_hover_tips'
[WARN] [BaseLib] GetRawText: Key 'YGO_RACE_ROCK.title' not found in table 'static_hover_tips'
[WARN] [BaseLib] GetRawText: Key 'YGO_RACE_ROCK.description' not found in table 'static_hover_tips'
[WARN] [BaseLib] GetRawText: Key 'YGO_RACE_ROCK.title' not found in table 'static_hover_tips'
[WARN] [BaseLib] GetRawText: Key 'YGO_RACE_ROCK.description' not found in table 'static_hover_tips'
[DEBUG] [ActionQueueSet] Enqueueing action PlayCardAction card: CARD.YGODUELIST-COMMAND_ATTACK (15918311) index: 2073 targetid: 3 to player queue owned by 76561198136285041
[DEBUG] [ActionExecutor] Action queue changed, beginning ExecuteActions
[VERYDEBUG] [ActionQueueSet] Attempting to find ready action
[VERYDEBUG] [ActionQueueSet] Queue for player 76561198345121322 is empty
[VERYDEBUG] [ActionQueueSet] Action PlayCardAction card: CARD.YGODUELIST-COMMAND_ATTACK (15918311) index: 2073 targetid: 3 with id 44 belonging to 76561198136285041 becomes new ready action
[VERYDEBUG] [ActionQueueSet] Got ready action PlayCardAction card: CARD.YGODUELIST-COMMAND_ATTACK (15918311) index: 2073 targetid: 3 (44)
[DEBUG] [ActionExecutor] Executing action: PlayCardAction card: CARD.YGODUELIST-COMMAND_ATTACK (15918311) index: 2073 targetid: 3
[VERYDEBUG] [GameAction] Action PlayCardAction card: CARD.YGODUELIST-COMMAND_ATTACK (15918311) index: 2073 targetid: 3 began executing
[YgoDuelist] PlayCardFromOptionPile: ExecutePlayFromOptionPileAsync START
[YgoDuelist] PlayCardFromOptionPile: card=YGODUELIST-COMMAND_ATTACK type=Command_Attack TargetType=AnyEnemy
[YgoDuelist][MP][OptionPile] post-target-resolve card=YGODUELIST-COMMAND_ATTACK source=YGODUELIST-EARTH_EFFIGY sourcePetId=8 actionTargetId=3 resolvedTargetCombatId=3
[YgoDuelist][MP][Command_Attack] OnPlay source=YGODUELIST-EARTH_EFFIGY targetCombat=3 owner=76561198136285041
[YgoDuelist] PlayCardFromOptionPile: ExecutePlayFromOptionPileAsync END
[VERYDEBUG] [GameAction] Action PlayCardAction card: CARD.YGODUELIST-COMMAND_ATTACK (15918311) index: 2073 targetid: 3 finished execution
[DEBUG] [ChecksumTracker] Generating checksum for context: after executing action PlayCardAction card: CARD.YGODUELIST-COMMAND_ATTACK (15918311) index: 2073 targetid: 3 action: PlayCardAction card: CARD.YGODUELIST-COMMAND_ATTACK (15918311) index: 2073 targetid: 3 id: 46
[YgoDuelist][MP][Checksum][fp] netId=76561198136285041 | pt=1 n=9:YGODUELIST-ARCANE_ARCHER_OF_THE_FOREST0bYgoDieForYouUserToggleOnFalseiPermanentAtkBonusFromExecutes01010000,20019,20043,YGODUELIST-DEFEND_YGO_DUELIST010,YGODUELIST-DEFEND_YGO_DUELIST010,YGODUELIST-OUTSTANDING_DOG_MARRON0bYgoDieForYouUserToggleOnFalseiPermanentAtkBonusFromExecutes01010004,20001,YGODUELIST-ROCKET_JUMPER0bYgoDieForYouUserToggleOnFalseiPermanentAtkBonusFromExecutes01010000,20015,20043,20045,YGODUELIST-SKELENGEL0bYgoDieForYouUserToggleOnFalseiPermanentAtkBonusFromExecutes01010004,20006,20041,YGODUELIST-STRIKE_YGO_DUELIST010,YGODUELIST-STRIKE_YGO_DUELIST010,YGODUELIST-TRAP_OF_BOARD_ERASER01010009,10011 | pt=2 n=2:YGODUELIST-DEFEND_YGO_DUELIST010,YGODUELIST-STRIKE_YGO_DUELIST010 | pt=3 n=0: | pt=4 n=0: | pt=5 n=0: | pt=932200512 n=0: | pt=932200513 n=0: | pt=932200514 n=0: | pt=932200515 n=1:YGODUELIST-HOURGLASS_OF_COURAGE0bYgoDieForYouUserToggleOnFalseiPermanentAtkBonusFromExecutes01010004,20006,20043 | pt=932200516 n=3:YGODUELIST-EARTH_EFFIGY0bYgoDieForYouUserToggleOnFalseiPermanentAtkBonusFromExecutes01010000,20015,20043,YGODUELIST-FIRE_SORCERER0bYgoDieForYouUserToggleOnFalseiPermanentAtkBonusFromExecutes01010002,20017,20041,20043,YGODUELIST-TOTAL_DEFENSE_SHOGUN0bYgoDieForYouUserToggleOnFalseiPermanentAtkBonusFromExecutes01010005,20019,20034,20043 | pt=932200517 n=4:YGODUELIST-BURNING_LAND01010009,20024,YGODUELIST-GAIA_POWER01010009,20027,YGODUELIST-OJAMA_TRIO01010009,10011,YGODUELIST-RECKLESS_GREED01010009,10011 | pt=932200518 n=0:
[YgoDuelist][MP][Checksum][fp] netId=76561198345121322 | pt=1 n=1:YGODUELIST-DEFEND_YGO_DUELIST010 | pt=2 n=5:YGODUELIST-DEFEND_YGO_DUELIST010,YGODUELIST-FIRE_PRINCESS0bYgoDieForYouUserToggleOnFalseiPermanentAtkBonusFromExecutes01010002,20013,20043,YGODUELIST-KURAMA0bYgoDieForYouUserToggleOnFalseiPermanentAtkBonusFromExecutes01010003,20020,20043,YGODUELIST-STRIKE_YGO_DUELIST010,YGODUELIST-ZABORG_THE_THUNDER_MONARCH0bYgoDieForYouUserToggleOnFalseiPermanentAtkBonusFromExecutes01010004,20018,20034,20043 | pt=3 n=4:GREED0104,7,YGODUELIST-DEFEND_YGO_DUELIST010,YGODUELIST-STRIKE_YGO_DUELIST010,YGODUELIST-STRIKE_YGO_DUELIST010 | pt=4 n=0: | pt=5 n=0: | pt=932200512 n=0: | pt=932200513 n=1:YGODUELIST-THE_LAST_WARRIOR_FROM_ANOTHER_PLANET0bYgoDieForYouUserToggleOnFalseiPermanentAtkBonusFromExecutes0iSummonAbsorbPrintedDefBonus01010000,20019,20036,20043 | pt=932200514 n=0: | pt=932200515 n=0: | pt=932200516 n=2:YGODUELIST-QUEEN_S_DOUBLE0bYgoDieForYouUserToggleOnFalseiPermanentAtkBonusFromExecutes01010000,20019,20045,YGODUELIST-VERSAGO_THE_DESTROYER0bYgoDieForYouUserToggleOnFalseiPermanentAtkBonusFromExecutes01010005,20007,20043 | pt=932200517 n=2:YGODUELIST-RAIGEKI_BREAK01010009,10011,20045,YGODUELIST-YELLOW_LUSTER_SHIELD01010009,20024 | pt=932200518 n=0:
[DEBUG] [ActionExecutor] Completed execution of action PlayCardAction card: CARD.YGODUELIST-COMMAND_ATTACK (15918311) index: 2073 targetid: 3, attempting to find new action
[VERYDEBUG] [ActionQueueSet] Attempting to find ready action
[VERYDEBUG] [ActionQueueSet] Queue for player 76561198345121322 is empty
[VERYDEBUG] [ActionQueueSet] Queue for player 76561198136285041 is empty
[VERYDEBUG] [ActionQueueSet] No action is ready
[YgoDuelist] OnSecondHandCardsChanged ENTER player=42064926 cardsCount=5
[YgoDuelist]   cards[0]=Command_Defend id=61421024
[YgoDuelist]   cards[1]=Command_Attack id=15918311
[YgoDuelist]   cards[2]=Command_Change_Battle_Position id=9047075
[YgoDuelist]   cards[3]=Toggle_Die_For_You id=14314813
[YgoDuelist]   cards[4]=Exit_Monster_Options id=61724454
[YgoDuelist] OnSecondHandCardsChanged EXIT me != player
[VERYDEBUG] [RunLocationTargetedMessageBuffer] Handling map-targeted message RequestEnqueueActionMessage location: act 0 coord (0, 1) action: YgoDuelist.YgoDuelistCode.GameActions.NetYgoMonsterMenuCommandAction from 76561198136285041 for location act 0 coord (0, 1)
[DEBUG] [ActionQueueSynchronizer] Received request enqueue action for action YgoDuelist.YgoDuelistCode.GameActions.NetYgoMonsterMenuCommandAction (76561198136285041) at 08:26:43
[DEBUG] [ActionQueueSynchronizer] Sending message to client to enqueue action YgoMonsterMenuCommandGameAction owner=76561198136285041 OpenMonsterOptions pet=6 at 08:26:43
[DEBUG] [ActionQueueSynchronizer] Enqueueing action YgoMonsterMenuCommandGameAction owner=76561198136285041 OpenMonsterOptions pet=6 from owner 76561198136285041
[DEBUG] [ActionQueueSet] Enqueueing action YgoMonsterMenuCommandGameAction owner=76561198136285041 OpenMonsterOptions pet=6 to player queue owned by 76561198136285041
[DEBUG] [ActionExecutor] Action queue changed, beginning ExecuteActions
[VERYDEBUG] [ActionQueueSet] Attempting to find ready action
[VERYDEBUG] [ActionQueueSet] Queue for player 76561198345121322 is empty
[VERYDEBUG] [ActionQueueSet] Action YgoMonsterMenuCommandGameAction owner=76561198136285041 OpenMonsterOptions pet=6 with id 45 belonging to 76561198136285041 becomes new ready action
[VERYDEBUG] [ActionQueueSet] Got ready action YgoMonsterMenuCommandGameAction owner=76561198136285041 OpenMonsterOptions pet=6 (45)
[DEBUG] [ActionExecutor] Executing action: YgoMonsterMenuCommandGameAction owner=76561198136285041 OpenMonsterOptions pet=6
[VERYDEBUG] [GameAction] Action YgoMonsterMenuCommandGameAction owner=76561198136285041 OpenMonsterOptions pet=6 began executing
[YgoDuelist][MP] YgoMonsterMenuCommandGameAction: kind=OpenMonsterOptions ownerNetId=76561198136285041 petCombatId=6 hasEnemy=False
[YgoDuelist] OnSecondHandCardsChanged ENTER player=42064926 cardsCount=5
[YgoDuelist]   cards[0]=Command_Defend id=56555316
[YgoDuelist]   cards[1]=Command_Attack id=39235804
[YgoDuelist]   cards[2]=Command_Change_Battle_Position id=17577921
[YgoDuelist]   cards[3]=Toggle_Die_For_You id=23983564
[YgoDuelist]   cards[4]=Exit_Monster_Options id=14525486
[YgoDuelist] OnSecondHandCardsChanged EXIT me != player
[YgoDuelist][MP][OptionPile] OpenMonsterOptions: player=76561198136285041 count=5 ids=[YGODUELIST-EXIT_MONSTER_OPTIONS=2081, YGODUELIST-TOGGLE_DIE_FOR_YOU=2080, YGODUELIST-COMMAND_CHANGE_BATTLE_POSITION=2079, YGODUELIST-COMMAND_ATTACK=2078, YGODUELIST-COMMAND_DEFEND=2077]
[VERYDEBUG] [GameAction] Action YgoMonsterMenuCommandGameAction owner=76561198136285041 OpenMonsterOptions pet=6 finished execution
[DEBUG] [ChecksumTracker] Generating checksum for context: after executing action YgoMonsterMenuCommandGameAction owner=76561198136285041 OpenMonsterOptions pet=6 action: YgoMonsterMenuCommandGameAction owner=76561198136285041 OpenMonsterOptions pet=6 id: 47
[YgoDuelist][MP][Checksum][fp] netId=76561198136285041 | pt=1 n=9:YGODUELIST-ARCANE_ARCHER_OF_THE_FOREST0bYgoDieForYouUserToggleOnFalseiPermanentAtkBonusFromExecutes01010000,20019,20043,YGODUELIST-DEFEND_YGO_DUELIST010,YGODUELIST-DEFEND_YGO_DUELIST010,YGODUELIST-OUTSTANDING_DOG_MARRON0bYgoDieForYouUserToggleOnFalseiPermanentAtkBonusFromExecutes01010004,20001,YGODUELIST-ROCKET_JUMPER0bYgoDieForYouUserToggleOnFalseiPermanentAtkBonusFromExecutes01010000,20015,20043,20045,YGODUELIST-SKELENGEL0bYgoDieForYouUserToggleOnFalseiPermanentAtkBonusFromExecutes01010004,20006,20041,YGODUELIST-STRIKE_YGO_DUELIST010,YGODUELIST-STRIKE_YGO_DUELIST010,YGODUELIST-TRAP_OF_BOARD_ERASER01010009,10011 | pt=2 n=2:YGODUELIST-DEFEND_YGO_DUELIST010,YGODUELIST-STRIKE_YGO_DUELIST010 | pt=3 n=0: | pt=4 n=0: | pt=5 n=0: | pt=932200512 n=0: | pt=932200513 n=0: | pt=932200514 n=0: | pt=932200515 n=1:YGODUELIST-HOURGLASS_OF_COURAGE0bYgoDieForYouUserToggleOnFalseiPermanentAtkBonusFromExecutes01010004,20006,20043 | pt=932200516 n=3:YGODUELIST-EARTH_EFFIGY0bYgoDieForYouUserToggleOnFalseiPermanentAtkBonusFromExecutes01010000,20015,20043,YGODUELIST-FIRE_SORCERER0bYgoDieForYouUserToggleOnFalseiPermanentAtkBonusFromExecutes01010002,20017,20041,20043,YGODUELIST-TOTAL_DEFENSE_SHOGUN0bYgoDieForYouUserToggleOnFalseiPermanentAtkBonusFromExecutes01010005,20019,20034,20043 | pt=932200517 n=4:YGODUELIST-BURNING_LAND01010009,20024,YGODUELIST-GAIA_POWER01010009,20027,YGODUELIST-OJAMA_TRIO01010009,10011,YGODUELIST-RECKLESS_GREED01010009,10011 | pt=932200518 n=0:
[YgoDuelist][MP][Checksum][fp] netId=76561198345121322 | pt=1 n=1:YGODUELIST-DEFEND_YGO_DUELIST010 | pt=2 n=5:YGODUELIST-DEFEND_YGO_DUELIST010,YGODUELIST-FIRE_PRINCESS0bYgoDieForYouUserToggleOnFalseiPermanentAtkBonusFromExecutes01010002,20013,20043,YGODUELIST-KURAMA0bYgoDieForYouUserToggleOnFalseiPermanentAtkBonusFromExecutes01010003,20020,20043,YGODUELIST-STRIKE_YGO_DUELIST010,YGODUELIST-ZABORG_THE_THUNDER_MONARCH0bYgoDieForYouUserToggleOnFalseiPermanentAtkBonusFromExecutes01010004,20018,20034,20043 | pt=3 n=4:GREED0104,7,YGODUELIST-DEFEND_YGO_DUELIST010,YGODUELIST-STRIKE_YGO_DUELIST010,YGODUELIST-STRIKE_YGO_DUELIST010 | pt=4 n=0: | pt=5 n=0: | pt=932200512 n=0: | pt=932200513 n=1:YGODUELIST-THE_LAST_WARRIOR_FROM_ANOTHER_PLANET0bYgoDieForYouUserToggleOnFalseiPermanentAtkBonusFromExecutes0iSummonAbsorbPrintedDefBonus01010000,20019,20036,20043 | pt=932200514 n=0: | pt=932200515 n=0: | pt=932200516 n=2:YGODUELIST-QUEEN_S_DOUBLE0bYgoDieForYouUserToggleOnFalseiPermanentAtkBonusFromExecutes01010000,20019,20045,YGODUELIST-VERSAGO_THE_DESTROYER0bYgoDieForYouUserToggleOnFalseiPermanentAtkBonusFromExecutes01010005,20007,20043 | pt=932200517 n=2:YGODUELIST-RAIGEKI_BREAK01010009,10011,20045,YGODUELIST-YELLOW_LUSTER_SHIELD01010009,20024 | pt=932200518 n=0:
[DEBUG] [ActionExecutor] Completed execution of action YgoMonsterMenuCommandGameAction owner=76561198136285041 OpenMonsterOptions pet=6, attempting to find new action
[VERYDEBUG] [ActionQueueSet] Attempting to find ready action
[VERYDEBUG] [ActionQueueSet] Queue for player 76561198345121322 is empty
[VERYDEBUG] [ActionQueueSet] Queue for player 76561198136285041 is empty
[VERYDEBUG] [ActionQueueSet] No action is ready
[WARN] [BaseLib] GetRawText: Key 'YGO_ATTRIBUTE_DARK.title' not found in table 'static_hover_tips'
[WARN] [BaseLib] GetRawText: Key 'YGO_ATTRIBUTE_DARK.description' not found in table 'static_hover_tips'
[WARN] [BaseLib] GetRawText: Key 'YGO_RACE_WARRIOR.title' not found in table 'static_hover_tips'
[WARN] [BaseLib] GetRawText: Key 'YGO_RACE_WARRIOR.description' not found in table 'static_hover_tips'
[WARN] [BaseLib] GetRawText: Key 'YGO_ATTRIBUTE_DARK.title' not found in table 'static_hover_tips'
[WARN] [BaseLib] GetRawText: Key 'YGO_ATTRIBUTE_DARK.description' not found in table 'static_hover_tips'
[WARN] [BaseLib] GetRawText: Key 'YGO_RACE_WARRIOR.title' not found in table 'static_hover_tips'
[WARN] [BaseLib] GetRawText: Key 'YGO_RACE_WARRIOR.description' not found in table 'static_hover_tips'
[WARN] [BaseLib] GetRawText: Key 'YGO_ATTRIBUTE_DARK.title' not found in table 'static_hover_tips'
[WARN] [BaseLib] GetRawText: Key 'YGO_ATTRIBUTE_DARK.description' not found in table 'static_hover_tips'
[WARN] [BaseLib] GetRawText: Key 'YGO_RACE_WARRIOR.title' not found in table 'static_hover_tips'
[WARN] [BaseLib] GetRawText: Key 'YGO_RACE_WARRIOR.description' not found in table 'static_hover_tips'
[WARN] [BaseLib] GetRawText: Key 'YGO_ATTRIBUTE_DARK.title' not found in table 'static_hover_tips'
[WARN] [BaseLib] GetRawText: Key 'YGO_ATTRIBUTE_DARK.description' not found in table 'static_hover_tips'
[WARN] [BaseLib] GetRawText: Key 'YGO_RACE_WARRIOR.title' not found in table 'static_hover_tips'
[WARN] [BaseLib] GetRawText: Key 'YGO_RACE_WARRIOR.description' not found in table 'static_hover_tips'
[WARN] [BaseLib] GetRawText: Key 'YGO_ATTRIBUTE_DARK.title' not found in table 'static_hover_tips'
[WARN] [BaseLib] GetRawText: Key 'YGO_ATTRIBUTE_DARK.description' not found in table 'static_hover_tips'
[WARN] [BaseLib] GetRawText: Key 'YGO_RACE_WARRIOR.title' not found in table 'static_hover_tips'
[WARN] [BaseLib] GetRawText: Key 'YGO_RACE_WARRIOR.description' not found in table 'static_hover_tips'
[VERYDEBUG] [RunLocationTargetedMessageBuffer] Handling map-targeted message RequestEnqueueActionMessage location: act 0 coord (0, 1) action: YgoDuelist.YgoDuelistCode.GameActions.NetYgoMonsterMenuCommandAction from 76561198136285041 for location act 0 coord (0, 1)
[DEBUG] [ActionQueueSynchronizer] Received request enqueue action for action YgoDuelist.YgoDuelistCode.GameActions.NetYgoMonsterMenuCommandAction (76561198136285041) at 08:26:45
[DEBUG] [ActionQueueSynchronizer] Sending message to client to enqueue action YgoMonsterMenuCommandGameAction owner=76561198136285041 ExitMonsterOptions pet=0 at 08:26:45
[DEBUG] [ActionQueueSynchronizer] Enqueueing action YgoMonsterMenuCommandGameAction owner=76561198136285041 ExitMonsterOptions pet=0 from owner 76561198136285041
[DEBUG] [ActionQueueSet] Enqueueing action YgoMonsterMenuCommandGameAction owner=76561198136285041 ExitMonsterOptions pet=0 to player queue owned by 76561198136285041
[DEBUG] [ActionExecutor] Action queue changed, beginning ExecuteActions
[VERYDEBUG] [ActionQueueSet] Attempting to find ready action
[VERYDEBUG] [ActionQueueSet] Queue for player 76561198345121322 is empty
[VERYDEBUG] [ActionQueueSet] Action YgoMonsterMenuCommandGameAction owner=76561198136285041 ExitMonsterOptions pet=0 with id 46 belonging to 76561198136285041 becomes new ready action
[VERYDEBUG] [ActionQueueSet] Got ready action YgoMonsterMenuCommandGameAction owner=76561198136285041 ExitMonsterOptions pet=0 (46)
[DEBUG] [ActionExecutor] Executing action: YgoMonsterMenuCommandGameAction owner=76561198136285041 ExitMonsterOptions pet=0
[VERYDEBUG] [GameAction] Action YgoMonsterMenuCommandGameAction owner=76561198136285041 ExitMonsterOptions pet=0 began executing
[YgoDuelist][MP] YgoMonsterMenuCommandGameAction: kind=ExitMonsterOptions ownerNetId=76561198136285041 petCombatId=0 hasEnemy=False
[ZGO] Exit_Monster_Options.ExecuteExitAsync() entered
[ZGO] Exit_Monster_Options: Clearing YgoCardOptionPile. Previous count=5
[YgoDuelist] OnSecondHandCardsChanged ENTER player=42064926 cardsCount=0
[YgoDuelist] OnSecondHandCardsChanged EXIT me != player
[ZGO] Exit_Monster_Options.ExecuteExitAsync() done
[VERYDEBUG] [GameAction] Action YgoMonsterMenuCommandGameAction owner=76561198136285041 ExitMonsterOptions pet=0 finished execution
[DEBUG] [ChecksumTracker] Generating checksum for context: after executing action YgoMonsterMenuCommandGameAction owner=76561198136285041 ExitMonsterOptions pet=0 action: YgoMonsterMenuCommandGameAction owner=76561198136285041 ExitMonsterOptions pet=0 id: 48
[YgoDuelist][MP][Checksum][fp] netId=76561198136285041 | pt=1 n=9:YGODUELIST-ARCANE_ARCHER_OF_THE_FOREST0bYgoDieForYouUserToggleOnFalseiPermanentAtkBonusFromExecutes01010000,20019,20043,YGODUELIST-DEFEND_YGO_DUELIST010,YGODUELIST-DEFEND_YGO_DUELIST010,YGODUELIST-OUTSTANDING_DOG_MARRON0bYgoDieForYouUserToggleOnFalseiPermanentAtkBonusFromExecutes01010004,20001,YGODUELIST-ROCKET_JUMPER0bYgoDieForYouUserToggleOnFalseiPermanentAtkBonusFromExecutes01010000,20015,20043,20045,YGODUELIST-SKELENGEL0bYgoDieForYouUserToggleOnFalseiPermanentAtkBonusFromExecutes01010004,20006,20041,YGODUELIST-STRIKE_YGO_DUELIST010,YGODUELIST-STRIKE_YGO_DUELIST010,YGODUELIST-TRAP_OF_BOARD_ERASER01010009,10011 | pt=2 n=2:YGODUELIST-DEFEND_YGO_DUELIST010,YGODUELIST-STRIKE_YGO_DUELIST010 | pt=3 n=0: | pt=4 n=0: | pt=5 n=0: | pt=932200512 n=0: | pt=932200513 n=0: | pt=932200514 n=0: | pt=932200515 n=1:YGODUELIST-HOURGLASS_OF_COURAGE0bYgoDieForYouUserToggleOnFalseiPermanentAtkBonusFromExecutes01010004,20006,20043 | pt=932200516 n=3:YGODUELIST-EARTH_EFFIGY0bYgoDieForYouUserToggleOnFalseiPermanentAtkBonusFromExecutes01010000,20015,20043,YGODUELIST-FIRE_SORCERER0bYgoDieForYouUserToggleOnFalseiPermanentAtkBonusFromExecutes01010002,20017,20041,20043,YGODUELIST-TOTAL_DEFENSE_SHOGUN0bYgoDieForYouUserToggleOnFalseiPermanentAtkBonusFromExecutes01010005,20019,20034,20043 | pt=932200517 n=4:YGODUELIST-BURNING_LAND01010009,20024,YGODUELIST-GAIA_POWER01010009,20027,YGODUELIST-OJAMA_TRIO01010009,10011,YGODUELIST-RECKLESS_GREED01010009,10011 | pt=932200518 n=0:
[YgoDuelist][MP][Checksum][fp] netId=76561198345121322 | pt=1 n=1:YGODUELIST-DEFEND_YGO_DUELIST010 | pt=2 n=5:YGODUELIST-DEFEND_YGO_DUELIST010,YGODUELIST-FIRE_PRINCESS0bYgoDieForYouUserToggleOnFalseiPermanentAtkBonusFromExecutes01010002,20013,20043,YGODUELIST-KURAMA0bYgoDieForYouUserToggleOnFalseiPermanentAtkBonusFromExecutes01010003,20020,20043,YGODUELIST-STRIKE_YGO_DUELIST010,YGODUELIST-ZABORG_THE_THUNDER_MONARCH0bYgoDieForYouUserToggleOnFalseiPermanentAtkBonusFromExecutes01010004,20018,20034,20043 | pt=3 n=4:GREED0104,7,YGODUELIST-DEFEND_YGO_DUELIST010,YGODUELIST-STRIKE_YGO_DUELIST010,YGODUELIST-STRIKE_YGO_DUELIST010 | pt=4 n=0: | pt=5 n=0: | pt=932200512 n=0: | pt=932200513 n=1:YGODUELIST-THE_LAST_WARRIOR_FROM_ANOTHER_PLANET0bYgoDieForYouUserToggleOnFalseiPermanentAtkBonusFromExecutes0iSummonAbsorbPrintedDefBonus01010000,20019,20036,20043 | pt=932200514 n=0: | pt=932200515 n=0: | pt=932200516 n=2:YGODUELIST-QUEEN_S_DOUBLE0bYgoDieForYouUserToggleOnFalseiPermanentAtkBonusFromExecutes01010000,20019,20045,YGODUELIST-VERSAGO_THE_DESTROYER0bYgoDieForYouUserToggleOnFalseiPermanentAtkBonusFromExecutes01010005,20007,20043 | pt=932200517 n=2:YGODUELIST-RAIGEKI_BREAK01010009,10011,20045,YGODUELIST-YELLOW_LUSTER_SHIELD01010009,20024 | pt=932200518 n=0:
[DEBUG] [ActionExecutor] Completed execution of action YgoMonsterMenuCommandGameAction owner=76561198136285041 ExitMonsterOptions pet=0, attempting to find new action
[VERYDEBUG] [ActionQueueSet] Attempting to find ready action
[VERYDEBUG] [ActionQueueSet] Queue for player 76561198345121322 is empty
[VERYDEBUG] [ActionQueueSet] Queue for player 76561198136285041 is empty
[VERYDEBUG] [ActionQueueSet] No action is ready
[YgoDuelist] YgoSecondHandLayoutPatch ENTER all=10 main=5 opts=5 FocusedHolderId=101200171178 FocusedIsOpt=True
[YgoDuelist]   opts[0] holderId=100931735706 model=Command_Defend
[YgoDuelist]   opts[1] holderId=101737042122 model=Command_Attack
[YgoDuelist]   opts[2] holderId=101065953442 model=Command_Change_Battle_Position
[YgoDuelist]   opts[3] holderId=101200171178 model=Toggle_Die_For_You
[YgoDuelist]   opts[4] holderId=101334388914 model=Exit_Monster_Options
[YgoDuelist] YgoSecondHandLayoutPatch: AFTER holder.Position.Y = -745
[YgoDuelist] YgoSecondHandLayoutPatch: AFTER holder.TargetPosition.Y = -745
[YgoDuelist] YgoSecondHandLayoutPatch: AFTER holder.Hitbox.Position.Y = -132
[YgoDuelist] YgoSecondHandLayoutPatch: AFTER holder.Position.Y = -745
[YgoDuelist] YgoSecondHandLayoutPatch: AFTER holder.TargetPosition.Y = -745
[YgoDuelist] YgoSecondHandLayoutPatch: AFTER holder.Hitbox.Position.Y = -132
[YgoDuelist] YgoSecondHandLayoutPatch: AFTER holder.Position.Y = -745
[YgoDuelist] YgoSecondHandLayoutPatch: AFTER holder.TargetPosition.Y = -745
[YgoDuelist] YgoSecondHandLayoutPatch: AFTER holder.Hitbox.Position.Y = -132
[YgoDuelist] YgoSecondHandLayoutPatch: AFTER holder.Position.Y = -745
[YgoDuelist] YgoSecondHandLayoutPatch: AFTER holder.TargetPosition.Y = -745
[YgoDuelist] YgoSecondHandLayoutPatch: AFTER holder.Hitbox.Position.Y = -132
[YgoDuelist] YgoSecondHandLayoutPatch: AFTER holder.Position.Y = -745
[YgoDuelist] YgoSecondHandLayoutPatch: AFTER holder.TargetPosition.Y = -745
[YgoDuelist] YgoSecondHandLayoutPatch: AFTER holder.Hitbox.Position.Y = -132
[YgoDuelist] YgoSecondHandLayoutPatch EXIT return false
[YgoDuelist] YgoSecondHandLayoutPatch ENTER all=10 main=5 opts=5 FocusedHolderId=0 FocusedIsOpt=False
[YgoDuelist]   opts[0] holderId=100931735706 model=Command_Defend
[YgoDuelist]   opts[1] holderId=101737042122 model=Command_Attack
[YgoDuelist]   opts[2] holderId=101065953442 model=Command_Change_Battle_Position
[YgoDuelist]   opts[3] holderId=101200171178 model=Toggle_Die_For_You
[YgoDuelist]   opts[4] holderId=101334388914 model=Exit_Monster_Options
[YgoDuelist] YgoSecondHandLayoutPatch: AFTER holder.Position.Y = -745
[YgoDuelist] YgoSecondHandLayoutPatch: AFTER holder.TargetPosition.Y = -745
[YgoDuelist] YgoSecondHandLayoutPatch: AFTER holder.Hitbox.Position.Y = -132
[YgoDuelist] YgoSecondHandLayoutPatch: AFTER holder.Position.Y = -745
[YgoDuelist] YgoSecondHandLayoutPatch: AFTER holder.TargetPosition.Y = -745
[YgoDuelist] YgoSecondHandLayoutPatch: AFTER holder.Hitbox.Position.Y = -132
[YgoDuelist] YgoSecondHandLayoutPatch: AFTER holder.Position.Y = -745
[YgoDuelist] YgoSecondHandLayoutPatch: AFTER holder.TargetPosition.Y = -745
[YgoDuelist] YgoSecondHandLayoutPatch: AFTER holder.Hitbox.Position.Y = -132
[YgoDuelist] YgoSecondHandLayoutPatch: AFTER holder.Position.Y = -745
[YgoDuelist] YgoSecondHandLayoutPatch: AFTER holder.TargetPosition.Y = -745
[YgoDuelist] YgoSecondHandLayoutPatch: AFTER holder.Hitbox.Position.Y = -132
[YgoDuelist] YgoSecondHandLayoutPatch: AFTER holder.Position.Y = -745
[YgoDuelist] YgoSecondHandLayoutPatch: AFTER holder.TargetPosition.Y = -745
[YgoDuelist] YgoSecondHandLayoutPatch: AFTER holder.Hitbox.Position.Y = -132
[YgoDuelist] YgoSecondHandLayoutPatch EXIT return false
[YgoDuelist] Right mouse button pressed.
[YgoDuelist] Right-click: no currently hovered duel pet.
[YgoDuelist] YgoSecondHandLayoutPatch ENTER all=10 main=5 opts=5 FocusedHolderId=101737042122 FocusedIsOpt=True
[YgoDuelist]   opts[0] holderId=100931735706 model=Command_Defend
[YgoDuelist]   opts[1] holderId=101737042122 model=Command_Attack
[YgoDuelist]   opts[2] holderId=101065953442 model=Command_Change_Battle_Position
[YgoDuelist]   opts[3] holderId=101200171178 model=Toggle_Die_For_You
[YgoDuelist]   opts[4] holderId=101334388914 model=Exit_Monster_Options
[YgoDuelist] YgoSecondHandLayoutPatch: AFTER holder.Position.Y = -745
[YgoDuelist] YgoSecondHandLayoutPatch: AFTER holder.TargetPosition.Y = -745
[YgoDuelist] YgoSecondHandLayoutPatch: AFTER holder.Hitbox.Position.Y = -132
[YgoDuelist] YgoSecondHandLayoutPatch: AFTER holder.Position.Y = -745
[YgoDuelist] YgoSecondHandLayoutPatch: AFTER holder.TargetPosition.Y = -745
[YgoDuelist] YgoSecondHandLayoutPatch: AFTER holder.Hitbox.Position.Y = -132
[YgoDuelist] YgoSecondHandLayoutPatch: AFTER holder.Position.Y = -745
[YgoDuelist] YgoSecondHandLayoutPatch: AFTER holder.TargetPosition.Y = -745
[YgoDuelist] YgoSecondHandLayoutPatch: AFTER holder.Hitbox.Position.Y = -132
[YgoDuelist] YgoSecondHandLayoutPatch: AFTER holder.Position.Y = -745
[YgoDuelist] YgoSecondHandLayoutPatch: AFTER holder.TargetPosition.Y = -745
[YgoDuelist] YgoSecondHandLayoutPatch: AFTER holder.Hitbox.Position.Y = -132
[YgoDuelist] YgoSecondHandLayoutPatch: AFTER holder.Position.Y = -745
[YgoDuelist] YgoSecondHandLayoutPatch: AFTER holder.TargetPosition.Y = -745
[YgoDuelist] YgoSecondHandLayoutPatch: AFTER holder.Hitbox.Position.Y = -132
[YgoDuelist] YgoSecondHandLayoutPatch EXIT return false
[YgoDuelist] YgoSecondHandLayoutPatch ENTER all=10 main=5 opts=5 FocusedHolderId=0 FocusedIsOpt=False
[YgoDuelist]   opts[0] holderId=100931735706 model=Command_Defend
[YgoDuelist]   opts[1] holderId=101737042122 model=Command_Attack
[YgoDuelist]   opts[2] holderId=101065953442 model=Command_Change_Battle_Position
[YgoDuelist]   opts[3] holderId=101200171178 model=Toggle_Die_For_You
[YgoDuelist]   opts[4] holderId=101334388914 model=Exit_Monster_Options
[YgoDuelist] YgoSecondHandLayoutPatch: AFTER holder.Position.Y = -745
[YgoDuelist] YgoSecondHandLayoutPatch: AFTER holder.TargetPosition.Y = -745
[YgoDuelist] YgoSecondHandLayoutPatch: AFTER holder.Hitbox.Position.Y = -132
[YgoDuelist] YgoSecondHandLayoutPatch: AFTER holder.Position.Y = -745
[YgoDuelist] YgoSecondHandLayoutPatch: AFTER holder.TargetPosition.Y = -745
[YgoDuelist] YgoSecondHandLayoutPatch: AFTER holder.Hitbox.Position.Y = -132
[YgoDuelist] YgoSecondHandLayoutPatch: AFTER holder.Position.Y = -745
[YgoDuelist] YgoSecondHandLayoutPatch: AFTER holder.TargetPosition.Y = -745
[YgoDuelist] YgoSecondHandLayoutPatch: AFTER holder.Hitbox.Position.Y = -132
[YgoDuelist] YgoSecondHandLayoutPatch: AFTER holder.Position.Y = -745
[YgoDuelist] YgoSecondHandLayoutPatch: AFTER holder.TargetPosition.Y = -745
[YgoDuelist] YgoSecondHandLayoutPatch: AFTER holder.Hitbox.Position.Y = -132
[YgoDuelist] YgoSecondHandLayoutPatch: AFTER holder.Position.Y = -745
[YgoDuelist] YgoSecondHandLayoutPatch: AFTER holder.TargetPosition.Y = -745
[YgoDuelist] YgoSecondHandLayoutPatch: AFTER holder.Hitbox.Position.Y = -132
[YgoDuelist] YgoSecondHandLayoutPatch EXIT return false
[YgoDuelist] YgoSecondHandLayoutPatch ENTER all=10 main=5 opts=5 FocusedHolderId=100931735706 FocusedIsOpt=True
[YgoDuelist]   opts[0] holderId=100931735706 model=Command_Defend
[YgoDuelist]   opts[1] holderId=101737042122 model=Command_Attack
[YgoDuelist]   opts[2] holderId=101065953442 model=Command_Change_Battle_Position
[YgoDuelist]   opts[3] holderId=101200171178 model=Toggle_Die_For_You
[YgoDuelist]   opts[4] holderId=101334388914 model=Exit_Monster_Options
[YgoDuelist] YgoSecondHandLayoutPatch: AFTER holder.Position.Y = -745
[YgoDuelist] YgoSecondHandLayoutPatch: AFTER holder.TargetPosition.Y = -745
[YgoDuelist] YgoSecondHandLayoutPatch: AFTER holder.Hitbox.Position.Y = -132
[YgoDuelist] YgoSecondHandLayoutPatch: AFTER holder.Position.Y = -745
[YgoDuelist] YgoSecondHandLayoutPatch: AFTER holder.TargetPosition.Y = -745
[YgoDuelist] YgoSecondHandLayoutPatch: AFTER holder.Hitbox.Position.Y = -132
[YgoDuelist] YgoSecondHandLayoutPatch: AFTER holder.Position.Y = -745
[YgoDuelist] YgoSecondHandLayoutPatch: AFTER holder.TargetPosition.Y = -745
[YgoDuelist] YgoSecondHandLayoutPatch: AFTER holder.Hitbox.Position.Y = -132
[YgoDuelist] YgoSecondHandLayoutPatch: AFTER holder.Position.Y = -745
[YgoDuelist] YgoSecondHandLayoutPatch: AFTER holder.TargetPosition.Y = -745
[YgoDuelist] YgoSecondHandLayoutPatch: AFTER holder.Hitbox.Position.Y = -132
[YgoDuelist] YgoSecondHandLayoutPatch: AFTER holder.Position.Y = -745
[YgoDuelist] YgoSecondHandLayoutPatch: AFTER holder.TargetPosition.Y = -745
[YgoDuelist] YgoSecondHandLayoutPatch: AFTER holder.Hitbox.Position.Y = -132
[YgoDuelist] YgoSecondHandLayoutPatch EXIT return false
[YgoDuelist] YgoSecondHandLayoutPatch ENTER all=10 main=5 opts=5 FocusedHolderId=0 FocusedIsOpt=False
[YgoDuelist]   opts[0] holderId=100931735706 model=Command_Defend
[YgoDuelist]   opts[1] holderId=101737042122 model=Command_Attack
[YgoDuelist]   opts[2] holderId=101065953442 model=Command_Change_Battle_Position
[YgoDuelist]   opts[3] holderId=101200171178 model=Toggle_Die_For_You
[YgoDuelist]   opts[4] holderId=101334388914 model=Exit_Monster_Options
[YgoDuelist] YgoSecondHandLayoutPatch: AFTER holder.Position.Y = -745
[YgoDuelist] YgoSecondHandLayoutPatch: AFTER holder.TargetPosition.Y = -745
[YgoDuelist] YgoSecondHandLayoutPatch: AFTER holder.Hitbox.Position.Y = -132
[YgoDuelist] YgoSecondHandLayoutPatch: AFTER holder.Position.Y = -745
[YgoDuelist] YgoSecondHandLayoutPatch: AFTER holder.TargetPosition.Y = -745
[YgoDuelist] YgoSecondHandLayoutPatch: AFTER holder.Hitbox.Position.Y = -132
[YgoDuelist] YgoSecondHandLayoutPatch: AFTER holder.Position.Y = -745
[YgoDuelist] YgoSecondHandLayoutPatch: AFTER holder.TargetPosition.Y = -745
[YgoDuelist] YgoSecondHandLayoutPatch: AFTER holder.Hitbox.Position.Y = -132
[YgoDuelist] YgoSecondHandLayoutPatch: AFTER holder.Position.Y = -745
[YgoDuelist] YgoSecondHandLayoutPatch: AFTER holder.TargetPosition.Y = -745
[YgoDuelist] YgoSecondHandLayoutPatch: AFTER holder.Hitbox.Position.Y = -132
[YgoDuelist] YgoSecondHandLayoutPatch: AFTER holder.Position.Y = -745
[YgoDuelist] YgoSecondHandLayoutPatch: AFTER holder.TargetPosition.Y = -745
[YgoDuelist] YgoSecondHandLayoutPatch: AFTER holder.Hitbox.Position.Y = -132
[YgoDuelist] YgoSecondHandLayoutPatch EXIT return false
[YgoDuelist] YgoSecondHandLayoutPatch ENTER all=10 main=5 opts=5 FocusedHolderId=101737042122 FocusedIsOpt=True
[YgoDuelist]   opts[0] holderId=100931735706 model=Command_Defend
[YgoDuelist]   opts[1] holderId=101737042122 model=Command_Attack
[YgoDuelist]   opts[2] holderId=101065953442 model=Command_Change_Battle_Position
[YgoDuelist]   opts[3] holderId=101200171178 model=Toggle_Die_For_You
[YgoDuelist]   opts[4] holderId=101334388914 model=Exit_Monster_Options
[YgoDuelist] YgoSecondHandLayoutPatch: AFTER holder.Position.Y = -745
[YgoDuelist] YgoSecondHandLayoutPatch: AFTER holder.TargetPosition.Y = -745
[YgoDuelist] YgoSecondHandLayoutPatch: AFTER holder.Hitbox.Position.Y = -132
[YgoDuelist] YgoSecondHandLayoutPatch: AFTER holder.Position.Y = -745
[YgoDuelist] YgoSecondHandLayoutPatch: AFTER holder.TargetPosition.Y = -745
[YgoDuelist] YgoSecondHandLayoutPatch: AFTER holder.Hitbox.Position.Y = -132
[YgoDuelist] YgoSecondHandLayoutPatch: AFTER holder.Position.Y = -745
[YgoDuelist] YgoSecondHandLayoutPatch: AFTER holder.TargetPosition.Y = -745
[YgoDuelist] YgoSecondHandLayoutPatch: AFTER holder.Hitbox.Position.Y = -132
[YgoDuelist] YgoSecondHandLayoutPatch: AFTER holder.Position.Y = -745
[YgoDuelist] YgoSecondHandLayoutPatch: AFTER holder.TargetPosition.Y = -745
[YgoDuelist] YgoSecondHandLayoutPatch: AFTER holder.Hitbox.Position.Y = -132
[YgoDuelist] YgoSecondHandLayoutPatch: AFTER holder.Position.Y = -745
[YgoDuelist] YgoSecondHandLayoutPatch: AFTER holder.TargetPosition.Y = -745
[YgoDuelist] YgoSecondHandLayoutPatch: AFTER holder.Hitbox.Position.Y = -132
[YgoDuelist] YgoSecondHandLayoutPatch EXIT return false
[YgoDuelist] YgoSecondHandLayoutPatch ENTER all=10 main=5 opts=5 FocusedHolderId=0 FocusedIsOpt=False
[YgoDuelist]   opts[0] holderId=100931735706 model=Command_Defend
[YgoDuelist]   opts[1] holderId=101737042122 model=Command_Attack
[YgoDuelist]   opts[2] holderId=101065953442 model=Command_Change_Battle_Position
[YgoDuelist]   opts[3] holderId=101200171178 model=Toggle_Die_For_You
[YgoDuelist]   opts[4] holderId=101334388914 model=Exit_Monster_Options
[YgoDuelist] YgoSecondHandLayoutPatch: AFTER holder.Position.Y = -745
[YgoDuelist] YgoSecondHandLayoutPatch: AFTER holder.TargetPosition.Y = -745
[YgoDuelist] YgoSecondHandLayoutPatch: AFTER holder.Hitbox.Position.Y = -132
[YgoDuelist] YgoSecondHandLayoutPatch: AFTER holder.Position.Y = -745
[YgoDuelist] YgoSecondHandLayoutPatch: AFTER holder.TargetPosition.Y = -745
[YgoDuelist] YgoSecondHandLayoutPatch: AFTER holder.Hitbox.Position.Y = -132
[YgoDuelist] YgoSecondHandLayoutPatch: AFTER holder.Position.Y = -745
[YgoDuelist] YgoSecondHandLayoutPatch: AFTER holder.TargetPosition.Y = -745
[YgoDuelist] YgoSecondHandLayoutPatch: AFTER holder.Hitbox.Position.Y = -132
[YgoDuelist] YgoSecondHandLayoutPatch: AFTER holder.Position.Y = -745
[YgoDuelist] YgoSecondHandLayoutPatch: AFTER holder.TargetPosition.Y = -745
[YgoDuelist] YgoSecondHandLayoutPatch: AFTER holder.Hitbox.Position.Y = -132
[YgoDuelist] YgoSecondHandLayoutPatch: AFTER holder.Position.Y = -745
[YgoDuelist] YgoSecondHandLayoutPatch: AFTER holder.TargetPosition.Y = -745
[YgoDuelist] YgoSecondHandLayoutPatch: AFTER holder.Hitbox.Position.Y = -132
[YgoDuelist] YgoSecondHandLayoutPatch EXIT return false
[YgoDuelist] YgoSecondHandLayoutPatch ENTER all=10 main=5 opts=5 FocusedHolderId=101334388914 FocusedIsOpt=True
[YgoDuelist]   opts[0] holderId=100931735706 model=Command_Defend
[YgoDuelist]   opts[1] holderId=101737042122 model=Command_Attack
[YgoDuelist]   opts[2] holderId=101065953442 model=Command_Change_Battle_Position
[YgoDuelist]   opts[3] holderId=101200171178 model=Toggle_Die_For_You
[YgoDuelist]   opts[4] holderId=101334388914 model=Exit_Monster_Options
[YgoDuelist] YgoSecondHandLayoutPatch: AFTER holder.Position.Y = -745
[YgoDuelist] YgoSecondHandLayoutPatch: AFTER holder.TargetPosition.Y = -745
[YgoDuelist] YgoSecondHandLayoutPatch: AFTER holder.Hitbox.Position.Y = -132
[YgoDuelist] YgoSecondHandLayoutPatch: AFTER holder.Position.Y = -745
[YgoDuelist] YgoSecondHandLayoutPatch: AFTER holder.TargetPosition.Y = -745
[YgoDuelist] YgoSecondHandLayoutPatch: AFTER holder.Hitbox.Position.Y = -132
[YgoDuelist] YgoSecondHandLayoutPatch: AFTER holder.Position.Y = -745
[YgoDuelist] YgoSecondHandLayoutPatch: AFTER holder.TargetPosition.Y = -745
[YgoDuelist] YgoSecondHandLayoutPatch: AFTER holder.Hitbox.Position.Y = -132
[YgoDuelist] YgoSecondHandLayoutPatch: AFTER holder.Position.Y = -745
[YgoDuelist] YgoSecondHandLayoutPatch: AFTER holder.TargetPosition.Y = -745
[YgoDuelist] YgoSecondHandLayoutPatch: AFTER holder.Hitbox.Position.Y = -132
[YgoDuelist] YgoSecondHandLayoutPatch: AFTER holder.Position.Y = -745
[YgoDuelist] YgoSecondHandLayoutPatch: AFTER holder.TargetPosition.Y = -745
[YgoDuelist] YgoSecondHandLayoutPatch: AFTER holder.Hitbox.Position.Y = -132
[YgoDuelist] YgoSecondHandLayoutPatch EXIT return false
[YgoDuelist] OnHolderPressed option holder id=101334388914 card=Exit_Monster_Options
[YgoLifecycle] StartCardPlay S1_EnterPrefix holderId=101334388914 model=Exit_Monster_Options index=4 inTree=True extra=needsSafePath=True
[YgoLifecycle] StartCardPlay S2_QueuedHolder holderId=101334388914 model=Exit_Monster_Options index=4 inTree=True extra=queuedIndex=4
[YgoDuelist] YgoSecondHandLayoutPatch ENTER all=10 main=5 opts=5 FocusedHolderId=0 FocusedIsOpt=False
[YgoDuelist]   opts[0] holderId=100931735706 model=Command_Defend
[YgoDuelist]   opts[1] holderId=101737042122 model=Command_Attack
[YgoDuelist]   opts[2] holderId=101065953442 model=Command_Change_Battle_Position
[YgoDuelist]   opts[3] holderId=101200171178 model=Toggle_Die_For_You
[YgoDuelist]   opts[4] holderId=101334388914 model=Exit_Monster_Options
[YgoDuelist] YgoSecondHandLayoutPatch: AFTER holder.Position.Y = -745
[YgoDuelist] YgoSecondHandLayoutPatch: AFTER holder.TargetPosition.Y = -745
[YgoDuelist] YgoSecondHandLayoutPatch: AFTER holder.Hitbox.Position.Y = -132
[YgoDuelist] YgoSecondHandLayoutPatch: AFTER holder.Position.Y = -745
[YgoDuelist] YgoSecondHandLayoutPatch: AFTER holder.TargetPosition.Y = -745
[YgoDuelist] YgoSecondHandLayoutPatch: AFTER holder.Hitbox.Position.Y = -132
[YgoDuelist] YgoSecondHandLayoutPatch: AFTER holder.Position.Y = -745
[YgoDuelist] YgoSecondHandLayoutPatch: AFTER holder.TargetPosition.Y = -745
[YgoDuelist] YgoSecondHandLayoutPatch: AFTER holder.Hitbox.Position.Y = -132
[YgoDuelist] YgoSecondHandLayoutPatch: AFTER holder.Position.Y = -745
[YgoDuelist] YgoSecondHandLayoutPatch: AFTER holder.TargetPosition.Y = -745
[YgoDuelist] YgoSecondHandLayoutPatch: AFTER holder.Hitbox.Position.Y = -132
[YgoDuelist] YgoSecondHandLayoutPatch: AFTER holder.Position.Y = -745
[YgoDuelist] YgoSecondHandLayoutPatch: AFTER holder.TargetPosition.Y = -745
[YgoDuelist] YgoSecondHandLayoutPatch: AFTER holder.Hitbox.Position.Y = -132
[YgoDuelist] YgoSecondHandLayoutPatch EXIT return false
[YgoLifecycle] StartCardPlay S3_BeginDrag holderId=101334388914 model=Exit_Monster_Options index=7 inTree=True extra=
[YgoLifecycle] StartCardPlay S4_CardPlayCreated holderId=101334388914 model=Exit_Monster_Options index=7 inTree=True extra=cardPlayType=NMouseCardPlay
[YgoLifecycle] MouseStartAsync M1_Enter holderId=101334388914 model=Exit_Monster_Options holderInTree=True selfInTree=True extra=
[YgoLifecycle] MouseStartAsync M4_StartCardDrag_BeginAwait holderId=101334388914 model=Exit_Monster_Options holderInTree=True selfInTree=True extra=
[YgoLifecycle] MouseStartAsync M5_StartCardDrag_EndAwait holderId=101334388914 model=Exit_Monster_Options holderInTree=True selfInTree=True extra=
[YgoLifecycle] MouseStartAsync M9_CannotPlay_Cancel holderId=101334388914 model=Exit_Monster_Options holderInTree=True selfInTree=True extra=reason=BlockedByCardLogic
[DEBUG] [ActionQueueSynchronizer] Sending message to client to enqueue action YgoMonsterMenuCommandGameAction owner=76561198345121322 ExitMonsterOptions pet=0 at 08:26:56
[DEBUG] [ActionQueueSynchronizer] Enqueueing action YgoMonsterMenuCommandGameAction owner=76561198345121322 ExitMonsterOptions pet=0 from owner 76561198345121322
[DEBUG] [ActionQueueSet] Enqueueing action YgoMonsterMenuCommandGameAction owner=76561198345121322 ExitMonsterOptions pet=0 to player queue owned by 76561198345121322
[DEBUG] [ActionExecutor] Action queue changed, beginning ExecuteActions
[VERYDEBUG] [ActionQueueSet] Attempting to find ready action
[VERYDEBUG] [ActionQueueSet] Action YgoMonsterMenuCommandGameAction owner=76561198345121322 ExitMonsterOptions pet=0 with id 47 belonging to 76561198345121322 becomes new ready action
[VERYDEBUG] [ActionQueueSet] Queue for player 76561198136285041 is empty
[VERYDEBUG] [ActionQueueSet] Got ready action YgoMonsterMenuCommandGameAction owner=76561198345121322 ExitMonsterOptions pet=0 (47)
[DEBUG] [ActionExecutor] Executing action: YgoMonsterMenuCommandGameAction owner=76561198345121322 ExitMonsterOptions pet=0
[VERYDEBUG] [GameAction] Action YgoMonsterMenuCommandGameAction owner=76561198345121322 ExitMonsterOptions pet=0 began executing
[YgoDuelist][MP] YgoMonsterMenuCommandGameAction: kind=ExitMonsterOptions ownerNetId=76561198345121322 petCombatId=0 hasEnemy=False
[ZGO] Exit_Monster_Options.ExecuteExitAsync() entered
[ZGO] Exit_Monster_Options: Clearing YgoCardOptionPile. Previous count=5
[YgoDuelist] OnSecondHandCardsChanged ENTER player=49413123 cardsCount=0
[YgoDuelist] RebuildForPlayer START handId=2525910549030 cardsCount=0
[YgoDuelist] TearDownSecondHandRow REMOVING 5 holders
[YgoDuelist] YgoSecondHandLayoutPatch ENTER all=8 main=5 opts=3 FocusedHolderId=0 FocusedIsOpt=False
[YgoDuelist]   opts[0] holderId=101737042122 model=Command_Attack
[YgoDuelist]   opts[1] holderId=101065953442 model=Command_Change_Battle_Position
[YgoDuelist]   opts[2] holderId=101200171178 model=Toggle_Die_For_You
[YgoDuelist] YgoSecondHandLayoutPatch: AFTER holder.Position.Y = -745
[YgoDuelist] YgoSecondHandLayoutPatch: AFTER holder.TargetPosition.Y = -745
[YgoDuelist] YgoSecondHandLayoutPatch: AFTER holder.Hitbox.Position.Y = -132
[YgoDuelist] YgoSecondHandLayoutPatch: AFTER holder.Position.Y = -745
[YgoDuelist] YgoSecondHandLayoutPatch: AFTER holder.TargetPosition.Y = -745
[YgoDuelist] YgoSecondHandLayoutPatch: AFTER holder.Hitbox.Position.Y = -132
[YgoDuelist] YgoSecondHandLayoutPatch: AFTER holder.Position.Y = -745
[YgoDuelist] YgoSecondHandLayoutPatch: AFTER holder.TargetPosition.Y = -745
[YgoDuelist] YgoSecondHandLayoutPatch: AFTER holder.Hitbox.Position.Y = -132
[YgoDuelist] YgoSecondHandLayoutPatch EXIT return false
[YgoDuelist] YgoSecondHandLayoutPatch ENTER all=7 main=5 opts=2 FocusedHolderId=0 FocusedIsOpt=False
[YgoDuelist]   opts[0] holderId=101065953442 model=Command_Change_Battle_Position
[YgoDuelist]   opts[1] holderId=101200171178 model=Toggle_Die_For_You
[YgoDuelist] YgoSecondHandLayoutPatch: AFTER holder.Position.Y = -745
[YgoDuelist] YgoSecondHandLayoutPatch: AFTER holder.TargetPosition.Y = -745
[YgoDuelist] YgoSecondHandLayoutPatch: AFTER holder.Hitbox.Position.Y = -132
[YgoDuelist] YgoSecondHandLayoutPatch: AFTER holder.Position.Y = -745
[YgoDuelist] YgoSecondHandLayoutPatch: AFTER holder.TargetPosition.Y = -745
[YgoDuelist] YgoSecondHandLayoutPatch: AFTER holder.Hitbox.Position.Y = -132
[YgoDuelist] YgoSecondHandLayoutPatch EXIT return false
[YgoDuelist] YgoSecondHandLayoutPatch ENTER all=6 main=5 opts=1 FocusedHolderId=0 FocusedIsOpt=False
[YgoDuelist]   opts[0] holderId=101200171178 model=Toggle_Die_For_You
[YgoDuelist] YgoSecondHandLayoutPatch: AFTER holder.Position.Y = -745
[YgoDuelist] YgoSecondHandLayoutPatch: AFTER holder.TargetPosition.Y = -745
[YgoDuelist] YgoSecondHandLayoutPatch: AFTER holder.Hitbox.Position.Y = -132
[YgoDuelist] YgoSecondHandLayoutPatch EXIT return false
[YgoDuelist] YgoSecondHandLayoutPatch ENTER all=5 main=5 opts=0 FocusedHolderId=0 FocusedIsOpt=False
[YgoDuelist] YgoSecondHandLayoutPatch EXIT return false
[YgoDuelist] RebuildForPlayer EXIT cards null or empty (row torn down)
[YgoDuelist] OnSecondHandCardsChanged EXIT RebuildForPlayer done
[ZGO] Exit_Monster_Options.ExecuteExitAsync() done
[VERYDEBUG] [GameAction] Action YgoMonsterMenuCommandGameAction owner=76561198345121322 ExitMonsterOptions pet=0 finished execution
[DEBUG] [ChecksumTracker] Generating checksum for context: after executing action YgoMonsterMenuCommandGameAction owner=76561198345121322 ExitMonsterOptions pet=0 action: YgoMonsterMenuCommandGameAction owner=76561198345121322 ExitMonsterOptions pet=0 id: 49
[YgoDuelist][MP][Checksum][fp] netId=76561198136285041 | pt=1 n=9:YGODUELIST-ARCANE_ARCHER_OF_THE_FOREST0bYgoDieForYouUserToggleOnFalseiPermanentAtkBonusFromExecutes01010000,20019,20043,YGODUELIST-DEFEND_YGO_DUELIST010,YGODUELIST-DEFEND_YGO_DUELIST010,YGODUELIST-OUTSTANDING_DOG_MARRON0bYgoDieForYouUserToggleOnFalseiPermanentAtkBonusFromExecutes01010004,20001,YGODUELIST-ROCKET_JUMPER0bYgoDieForYouUserToggleOnFalseiPermanentAtkBonusFromExecutes01010000,20015,20043,20045,YGODUELIST-SKELENGEL0bYgoDieForYouUserToggleOnFalseiPermanentAtkBonusFromExecutes01010004,20006,20041,YGODUELIST-STRIKE_YGO_DUELIST010,YGODUELIST-STRIKE_YGO_DUELIST010,YGODUELIST-TRAP_OF_BOARD_ERASER01010009,10011 | pt=2 n=2:YGODUELIST-DEFEND_YGO_DUELIST010,YGODUELIST-STRIKE_YGO_DUELIST010 | pt=3 n=0: | pt=4 n=0: | pt=5 n=0: | pt=932200512 n=0: | pt=932200513 n=0: | pt=932200514 n=0: | pt=932200515 n=1:YGODUELIST-HOURGLASS_OF_COURAGE0bYgoDieForYouUserToggleOnFalseiPermanentAtkBonusFromExecutes01010004,20006,20043 | pt=932200516 n=3:YGODUELIST-EARTH_EFFIGY0bYgoDieForYouUserToggleOnFalseiPermanentAtkBonusFromExecutes01010000,20015,20043,YGODUELIST-FIRE_SORCERER0bYgoDieForYouUserToggleOnFalseiPermanentAtkBonusFromExecutes01010002,20017,20041,20043,YGODUELIST-TOTAL_DEFENSE_SHOGUN0bYgoDieForYouUserToggleOnFalseiPermanentAtkBonusFromExecutes01010005,20019,20034,20043 | pt=932200517 n=4:YGODUELIST-BURNING_LAND01010009,20024,YGODUELIST-GAIA_POWER01010009,20027,YGODUELIST-OJAMA_TRIO01010009,10011,YGODUELIST-RECKLESS_GREED01010009,10011 | pt=932200518 n=0:
[YgoDuelist][MP][Checksum][fp] netId=76561198345121322 | pt=1 n=1:YGODUELIST-DEFEND_YGO_DUELIST010 | pt=2 n=5:YGODUELIST-DEFEND_YGO_DUELIST010,YGODUELIST-FIRE_PRINCESS0bYgoDieForYouUserToggleOnFalseiPermanentAtkBonusFromExecutes01010002,20013,20043,YGODUELIST-KURAMA0bYgoDieForYouUserToggleOnFalseiPermanentAtkBonusFromExecutes01010003,20020,20043,YGODUELIST-STRIKE_YGO_DUELIST010,YGODUELIST-ZABORG_THE_THUNDER_MONARCH0bYgoDieForYouUserToggleOnFalseiPermanentAtkBonusFromExecutes01010004,20018,20034,20043 | pt=3 n=4:GREED0104,7,YGODUELIST-DEFEND_YGO_DUELIST010,YGODUELIST-STRIKE_YGO_DUELIST010,YGODUELIST-STRIKE_YGO_DUELIST010 | pt=4 n=0: | pt=5 n=0: | pt=932200512 n=0: | pt=932200513 n=1:YGODUELIST-THE_LAST_WARRIOR_FROM_ANOTHER_PLANET0bYgoDieForYouUserToggleOnFalseiPermanentAtkBonusFromExecutes0iSummonAbsorbPrintedDefBonus01010000,20019,20036,20043 | pt=932200514 n=0: | pt=932200515 n=0: | pt=932200516 n=2:YGODUELIST-QUEEN_S_DOUBLE0bYgoDieForYouUserToggleOnFalseiPermanentAtkBonusFromExecutes01010000,20019,20045,YGODUELIST-VERSAGO_THE_DESTROYER0bYgoDieForYouUserToggleOnFalseiPermanentAtkBonusFromExecutes01010005,20007,20043 | pt=932200517 n=2:YGODUELIST-RAIGEKI_BREAK01010009,10011,20045,YGODUELIST-YELLOW_LUSTER_SHIELD01010009,20024 | pt=932200518 n=0:
[DEBUG] [ActionExecutor] Completed execution of action YgoMonsterMenuCommandGameAction owner=76561198345121322 ExitMonsterOptions pet=0, attempting to find new action
[VERYDEBUG] [ActionQueueSet] Attempting to find ready action
[VERYDEBUG] [ActionQueueSet] Queue for player 76561198345121322 is empty
[VERYDEBUG] [ActionQueueSet] Queue for player 76561198136285041 is empty
[VERYDEBUG] [ActionQueueSet] No action is ready
[YgoDuelist][MP][Queue] YgoMonsterMenuCommand -> YgoMonsterMenuCommandGameAction owner=76561198345121322 ExitMonsterOptions pet=0
[YgoLifecycle] StartCardPlay S5_FinishedSignal holderId=101334388914 model=Exit_Monster_Options index=7 inTree=True extra=success=False
[YgoLifecycle] StartCardPlay S6_InvokeReturnHolderToHand holderId=101334388914 model=Exit_Monster_Options index=7 inTree=True extra=
[YgoLifecycle] ReturnHolderToHand P1_EnterPrefix holderId=101334388914 model=Exit_Monster_Options inTree=True visible=True extra=
[YgoLifecycle] ReturnHolderToHand P5_ReparentStart holderId=101334388914 model=Exit_Monster_Options inTree=True visible=True extra=queued=4 clamped=4 childCount=5
[YgoLifecycle] ReturnHolderToHand P6_ReparentDone holderId=101334388914 model=Exit_Monster_Options inTree=True visible=True extra=
[YgoLifecycle] ReturnHolderToHand P8_PendingFreeAfterReturn holderId=101334388914 model=Exit_Monster_Options inTree=True visible=True extra=
[YgoLifecycle] ReturnHolderToHand P10_ExitHandled holderId=101334388914 model=Exit_Monster_Options inTree=False visible=True extra=
[YgoDuelist] YgoSecondHandLayoutPatch ENTER all=5 main=5 opts=0 FocusedHolderId=0 FocusedIsOpt=False
[YgoDuelist] YgoSecondHandLayoutPatch EXIT return false
[YgoLifecycle] StartCardPlay S7_FinishedCleanupDone holderId=101334388914 model=Exit_Monster_Options index=-1 inTree=False extra=
[YgoDuelist] YgoSecondHandLayoutPatch ENTER all=5 main=5 opts=0 FocusedHolderId=0 FocusedIsOpt=False
[YgoDuelist] YgoSecondHandLayoutPatch EXIT return false
[YgoLifecycle] StartCardPlay S8_StartCalled holderId=101334388914 model=Exit_Monster_Options index=-1 inTree=False extra=
[YgoDuelist] StartCardPlay PREFIX: custom safe start path holderId=101334388914 index=4 isOption=True
[YgoDuelist] StartCardPlay POSTFIX: option holder - NMouseCardPlay created and Start() called
[DEBUG] [NetQualityTracker] Connection statistics at 08:26:59:
[DEBUG] [NetQualityTracker] 	76561198136285041 - Ping: 66.36532. Packet Loss: 3E-45.
[YgoDuelist] Hover start on duel pet: DuelMonsterModel
[YgoDuelist] Hover end on duel pet: DuelMonsterModel
[YgoDuelist] YgoSecondHandLayoutPatch ENTER all=5 main=5 opts=0 FocusedHolderId=3122927783737 FocusedIsOpt=False
[YgoDuelist] YgoSecondHandLayoutPatch EXIT return false
[YgoDuelist] YgoSecondHandLayoutPatch ENTER all=5 main=5 opts=0 FocusedHolderId=0 FocusedIsOpt=False
[YgoDuelist] YgoSecondHandLayoutPatch EXIT return false
[YgoDuelist] YgoSecondHandLayoutPatch ENTER all=5 main=5 opts=0 FocusedHolderId=3120478310346 FocusedIsOpt=False
[YgoDuelist] YgoSecondHandLayoutPatch EXIT return false
[YgoDuelist] YgoSecondHandLayoutPatch ENTER all=5 main=5 opts=0 FocusedHolderId=0 FocusedIsOpt=False
[YgoDuelist] YgoSecondHandLayoutPatch EXIT return false
[YgoDuelist] YgoSecondHandLayoutPatch ENTER all=5 main=5 opts=0 FocusedHolderId=3125192707971 FocusedIsOpt=False
[YgoDuelist] YgoSecondHandLayoutPatch EXIT return false
[YgoDuelist] YgoSecondHandLayoutPatch ENTER all=5 main=5 opts=0 FocusedHolderId=0 FocusedIsOpt=False
[YgoDuelist] YgoSecondHandLayoutPatch EXIT return false
[YgoDuelist] YgoSecondHandLayoutPatch ENTER all=5 main=5 opts=0 FocusedHolderId=3127004646832 FocusedIsOpt=False
[YgoDuelist] YgoSecondHandLayoutPatch EXIT return false
[YgoDuelist] YgoSecondHandLayoutPatch ENTER all=5 main=5 opts=0 FocusedHolderId=0 FocusedIsOpt=False
[YgoDuelist] YgoSecondHandLayoutPatch EXIT return false
[YgoDuelist] YgoSecondHandLayoutPatch ENTER all=5 main=5 opts=0 FocusedHolderId=3130125208625 FocusedIsOpt=False
[YgoDuelist] YgoSecondHandLayoutPatch EXIT return false
[YgoDuelist] YgoSecondHandLayoutPatch ENTER all=5 main=5 opts=0 FocusedHolderId=0 FocusedIsOpt=False
[YgoDuelist] YgoSecondHandLayoutPatch EXIT return false
[YgoDuelist] YgoSecondHandLayoutPatch ENTER all=5 main=5 opts=0 FocusedHolderId=3127004646832 FocusedIsOpt=False
[YgoDuelist] YgoSecondHandLayoutPatch EXIT return false
[YgoDuelist] YgoSecondHandLayoutPatch ENTER all=5 main=5 opts=0 FocusedHolderId=0 FocusedIsOpt=False
[YgoDuelist] YgoSecondHandLayoutPatch EXIT return false
[YgoDuelist] YgoSecondHandLayoutPatch ENTER all=5 main=5 opts=0 FocusedHolderId=3125192707971 FocusedIsOpt=False
[YgoDuelist] YgoSecondHandLayoutPatch EXIT return false
[YgoDuelist] YgoSecondHandLayoutPatch ENTER all=5 main=5 opts=0 FocusedHolderId=0 FocusedIsOpt=False
[YgoDuelist] YgoSecondHandLayoutPatch EXIT return false
[YgoDuelist] YgoSecondHandLayoutPatch ENTER all=5 main=5 opts=0 FocusedHolderId=3122927783737 FocusedIsOpt=False
[YgoDuelist] YgoSecondHandLayoutPatch EXIT return false
[YgoDuelist] YgoSecondHandLayoutPatch ENTER all=5 main=5 opts=0 FocusedHolderId=0 FocusedIsOpt=False
[YgoDuelist] YgoSecondHandLayoutPatch EXIT return false
[YgoDuelist] YgoSecondHandLayoutPatch ENTER all=5 main=5 opts=0 FocusedHolderId=3120478310346 FocusedIsOpt=False
[YgoDuelist] YgoSecondHandLayoutPatch EXIT return false
[YgoDuelist] YgoSecondHandLayoutPatch ENTER all=5 main=5 opts=0 FocusedHolderId=0 FocusedIsOpt=False
[YgoDuelist] YgoSecondHandLayoutPatch EXIT return false
[YgoDuelist] Hover start on duel pet: DuelMonsterModel
[YgoDuelist] Hover end on duel pet: DuelMonsterModel
[YgoDuelist] Hover start on duel pet: DuelMonsterModel
[YgoDuelist] Hover end on duel pet: DuelMonsterModel
[YgoDuelist] YgoSecondHandLayoutPatch ENTER all=5 main=5 opts=0 FocusedHolderId=3120478310346 FocusedIsOpt=False
[YgoDuelist] YgoSecondHandLayoutPatch EXIT return false
[YgoDuelist] YgoSecondHandLayoutPatch ENTER all=5 main=5 opts=0 FocusedHolderId=0 FocusedIsOpt=False
[YgoDuelist] YgoSecondHandLayoutPatch EXIT return false
[YgoDuelist] OnSecondHandCardsChanged ENTER player=49413123 cardsCount=2
[YgoDuelist]   cards[0]=Raigeki_Break id=47044590
[YgoDuelist]   cards[1]=Yellow_Luster_Shield id=42834526
[YgoDuelist] RebuildForPlayer START handId=2525910549030 cardsCount=2
[YgoDuelist] RebuildForPlayer ADDING 2 holders
[YgoDuelist]   add[0] CREATE holderId=101200171178 model=Raigeki_Break
[YgoDuelist] RegisterOptionHolder ENTER handId=2525910549030 holderId=101200171178 index=-1 handChildCountBefore=7
[YgoDuelist] YgoSecondHandLayoutPatch ENTER all=6 main=5 opts=1 FocusedHolderId=0 FocusedIsOpt=False
[YgoDuelist]   opts[0] holderId=101200171178 model=?
[YgoDuelist] YgoSecondHandLayoutPatch: AFTER holder.Position.Y = -745
[YgoDuelist] YgoSecondHandLayoutPatch: AFTER holder.TargetPosition.Y = -745
[YgoDuelist] YgoSecondHandLayoutPatch: AFTER holder.Hitbox.Position.Y = -132
[YgoDuelist] YgoSecondHandLayoutPatch EXIT return false
[YgoDuelist] RegisterOptionHolder EXIT handId=2525910549030 holderId=101200171178 handChildCountAfter=7 holderIsInsideTree=True
[YgoDuelist]   add[0] after RegisterOptionHolder holderId=101200171178 IsInsideTree=True ChildCount=7
[YgoDuelist]   add[0] after Initialize holderId=101200171178 CardNode=3358714777370 CardModel=Raigeki_Break
[YgoDuelist]   add[1] CREATE holderId=101065953442 model=Yellow_Luster_Shield
[YgoDuelist] RegisterOptionHolder ENTER handId=2525910549030 holderId=101065953442 index=-1 handChildCountBefore=7
[YgoDuelist] YgoSecondHandLayoutPatch ENTER all=7 main=5 opts=2 FocusedHolderId=0 FocusedIsOpt=False
[YgoDuelist]   opts[0] holderId=101200171178 model=Raigeki_Break
[YgoDuelist]   opts[1] holderId=101065953442 model=?
[YgoDuelist] YgoSecondHandLayoutPatch: AFTER holder.Position.Y = -745
[YgoDuelist] YgoSecondHandLayoutPatch: AFTER holder.TargetPosition.Y = -745
[YgoDuelist] YgoSecondHandLayoutPatch: AFTER holder.Hitbox.Position.Y = -132
[YgoDuelist] YgoSecondHandLayoutPatch: AFTER holder.Position.Y = -745
[YgoDuelist] YgoSecondHandLayoutPatch: AFTER holder.TargetPosition.Y = -745
[YgoDuelist] YgoSecondHandLayoutPatch: AFTER holder.Hitbox.Position.Y = -132
[YgoDuelist] YgoSecondHandLayoutPatch EXIT return false
[YgoDuelist] RegisterOptionHolder EXIT handId=2525910549030 holderId=101065953442 handChildCountAfter=7 holderIsInsideTree=True
[YgoDuelist]   add[1] after RegisterOptionHolder holderId=101065953442 IsInsideTree=True ChildCount=7
[WARN] [BaseLib] GetRawText: Key 'YGO_RACE_SPELL_CONTINUOUS.title' not found in table 'static_hover_tips'
[WARN] [BaseLib] GetRawText: Key 'YGO_RACE_SPELL_CONTINUOUS.description' not found in table 'static_hover_tips'
[YgoDuelist]   add[1] after Initialize holderId=101065953442 CardNode=3360811930087 CardModel=Yellow_Luster_Shield
[YgoDuelist] RebuildForPlayer END totalHolders=2 handActiveHoldersCount=7
[YgoDuelist] OnSecondHandCardsChanged EXIT RebuildForPlayer done
[DEBUG] [NetQualityTracker] Connection statistics at 08:27:19:
[DEBUG] [NetQualityTracker] 	76561198136285041 - Ping: 65.0388. Packet Loss: 3E-45.
[YgoDuelist] YgoSecondHandLayoutPatch ENTER all=7 main=5 opts=2 FocusedHolderId=101065953442 FocusedIsOpt=True
[YgoDuelist]   opts[0] holderId=101200171178 model=Raigeki_Break
[YgoDuelist]   opts[1] holderId=101065953442 model=Yellow_Luster_Shield
[YgoDuelist] YgoSecondHandLayoutPatch: AFTER holder.Position.Y = -745
[YgoDuelist] YgoSecondHandLayoutPatch: AFTER holder.TargetPosition.Y = -745
[YgoDuelist] YgoSecondHandLayoutPatch: AFTER holder.Hitbox.Position.Y = -132
[YgoDuelist] YgoSecondHandLayoutPatch: AFTER holder.Position.Y = -745
[YgoDuelist] YgoSecondHandLayoutPatch: AFTER holder.TargetPosition.Y = -745
[YgoDuelist] YgoSecondHandLayoutPatch: AFTER holder.Hitbox.Position.Y = -132
[YgoDuelist] YgoSecondHandLayoutPatch EXIT return false
[YgoDuelist] YgoSecondHandLayoutPatch ENTER all=7 main=5 opts=2 FocusedHolderId=0 FocusedIsOpt=False
[YgoDuelist]   opts[0] holderId=101200171178 model=Raigeki_Break
[YgoDuelist]   opts[1] holderId=101065953442 model=Yellow_Luster_Shield
[YgoDuelist] YgoSecondHandLayoutPatch: AFTER holder.Position.Y = -745
[YgoDuelist] YgoSecondHandLayoutPatch: AFTER holder.TargetPosition.Y = -745
[YgoDuelist] YgoSecondHandLayoutPatch: AFTER holder.Hitbox.Position.Y = -132
[YgoDuelist] YgoSecondHandLayoutPatch: AFTER holder.Position.Y = -745
[YgoDuelist] YgoSecondHandLayoutPatch: AFTER holder.TargetPosition.Y = -745
[YgoDuelist] YgoSecondHandLayoutPatch: AFTER holder.Hitbox.Position.Y = -132
[YgoDuelist] YgoSecondHandLayoutPatch EXIT return false
[YgoDuelist] YgoSecondHandLayoutPatch ENTER all=7 main=5 opts=2 FocusedHolderId=101200171178 FocusedIsOpt=True
[YgoDuelist]   opts[0] holderId=101200171178 model=Raigeki_Break
[YgoDuelist]   opts[1] holderId=101065953442 model=Yellow_Luster_Shield
[YgoDuelist] YgoSecondHandLayoutPatch: AFTER holder.Position.Y = -745
[YgoDuelist] YgoSecondHandLayoutPatch: AFTER holder.TargetPosition.Y = -745
[YgoDuelist] YgoSecondHandLayoutPatch: AFTER holder.Hitbox.Position.Y = -132
[YgoDuelist] YgoSecondHandLayoutPatch: AFTER holder.Position.Y = -745
[YgoDuelist] YgoSecondHandLayoutPatch: AFTER holder.TargetPosition.Y = -745
[YgoDuelist] YgoSecondHandLayoutPatch: AFTER holder.Hitbox.Position.Y = -132
[YgoDuelist] YgoSecondHandLayoutPatch EXIT return false
[YgoDuelist] YgoSecondHandLayoutPatch ENTER all=7 main=5 opts=2 FocusedHolderId=0 FocusedIsOpt=False
[YgoDuelist]   opts[0] holderId=101200171178 model=Raigeki_Break
[YgoDuelist]   opts[1] holderId=101065953442 model=Yellow_Luster_Shield
[YgoDuelist] YgoSecondHandLayoutPatch: AFTER holder.Position.Y = -745
[YgoDuelist] YgoSecondHandLayoutPatch: AFTER holder.TargetPosition.Y = -745
[YgoDuelist] YgoSecondHandLayoutPatch: AFTER holder.Hitbox.Position.Y = -132
[YgoDuelist] YgoSecondHandLayoutPatch: AFTER holder.Position.Y = -745
[YgoDuelist] YgoSecondHandLayoutPatch: AFTER holder.TargetPosition.Y = -745
[YgoDuelist] YgoSecondHandLayoutPatch: AFTER holder.Hitbox.Position.Y = -132
[YgoDuelist] YgoSecondHandLayoutPatch EXIT return false
[YgoDuelist] Hover start on duel pet: DuelMonsterModel
[YgoDuelist] Hover end on duel pet: DuelMonsterModel
[YgoDuelist] YgoSecondHandLayoutPatch ENTER all=7 main=5 opts=2 FocusedHolderId=3120478310346 FocusedIsOpt=False
[YgoDuelist]   opts[0] holderId=101200171178 model=Raigeki_Break
[YgoDuelist]   opts[1] holderId=101065953442 model=Yellow_Luster_Shield
[YgoDuelist] YgoSecondHandLayoutPatch: AFTER holder.Position.Y = -745
[YgoDuelist] YgoSecondHandLayoutPatch: AFTER holder.TargetPosition.Y = -745
[YgoDuelist] YgoSecondHandLayoutPatch: AFTER holder.Hitbox.Position.Y = -132
[YgoDuelist] YgoSecondHandLayoutPatch: AFTER holder.Position.Y = -745
[YgoDuelist] YgoSecondHandLayoutPatch: AFTER holder.TargetPosition.Y = -745
[YgoDuelist] YgoSecondHandLayoutPatch: AFTER holder.Hitbox.Position.Y = -132
[YgoDuelist] YgoSecondHandLayoutPatch EXIT return false
[YgoDuelist] Right mouse button pressed.
[YgoDuelist] Right-click: no currently hovered duel pet.
[YgoSetVisualDebug] Id=YGODUELIST-ZABORG_THE_THUNDER_MONARCH, YgoCardType=EffectMonster, IsHandEffectFormActive=False, WillSet=True, FaceDown=True, ShouldUseSetVisual=True
[YgoStripVisualDebug] Id=YGODUELIST-ZABORG_THE_THUNDER_MONARCH, YgoCardType=EffectMonster, Attr=Light, Race=Thunder, IsHandEffectFormActive=False, WillSet=True, FaceDown=True, UseFaceDownStrip=True
[WARN] [BaseLib] GetRawText: Key 'YGO_ATTRIBUTE_LIGHT.title' not found in table 'static_hover_tips'
[WARN] [BaseLib] GetRawText: Key 'YGO_ATTRIBUTE_LIGHT.description' not found in table 'static_hover_tips'
[WARN] [BaseLib] GetRawText: Key 'YGO_RACE_THUNDER.title' not found in table 'static_hover_tips'
[WARN] [BaseLib] GetRawText: Key 'YGO_RACE_THUNDER.description' not found in table 'static_hover_tips'
[WARN] [BaseLib] GetRawText: Key 'YGO_ATTRIBUTE_LIGHT.title' not found in table 'static_hover_tips'
[WARN] [BaseLib] GetRawText: Key 'YGO_ATTRIBUTE_LIGHT.description' not found in table 'static_hover_tips'
[WARN] [BaseLib] GetRawText: Key 'YGO_RACE_THUNDER.title' not found in table 'static_hover_tips'
[WARN] [BaseLib] GetRawText: Key 'YGO_RACE_THUNDER.description' not found in table 'static_hover_tips'
[YgoDuelist] YgoSecondHandLayoutPatch ENTER all=7 main=5 opts=2 FocusedHolderId=3120478310346 FocusedIsOpt=False
[YgoDuelist]   opts[0] holderId=101200171178 model=Raigeki_Break
[YgoDuelist]   opts[1] holderId=101065953442 model=Yellow_Luster_Shield
[YgoDuelist] YgoSecondHandLayoutPatch: AFTER holder.Position.Y = -745
[YgoDuelist] YgoSecondHandLayoutPatch: AFTER holder.TargetPosition.Y = -745
[YgoDuelist] YgoSecondHandLayoutPatch: AFTER holder.Hitbox.Position.Y = -132
[YgoDuelist] YgoSecondHandLayoutPatch: AFTER holder.Position.Y = -745
[YgoDuelist] YgoSecondHandLayoutPatch: AFTER holder.TargetPosition.Y = -745
[YgoDuelist] YgoSecondHandLayoutPatch: AFTER holder.Hitbox.Position.Y = -132
[YgoDuelist] YgoSecondHandLayoutPatch EXIT return false
[YgoDuelist] YgoSecondHandLayoutPatch ENTER all=7 main=5 opts=2 FocusedHolderId=0 FocusedIsOpt=False
[YgoDuelist]   opts[0] holderId=101200171178 model=Raigeki_Break
[YgoDuelist]   opts[1] holderId=101065953442 model=Yellow_Luster_Shield
[YgoDuelist] YgoSecondHandLayoutPatch: AFTER holder.Position.Y = -745
[YgoDuelist] YgoSecondHandLayoutPatch: AFTER holder.TargetPosition.Y = -745
[YgoDuelist] YgoSecondHandLayoutPatch: AFTER holder.Hitbox.Position.Y = -132
[YgoDuelist] YgoSecondHandLayoutPatch: AFTER holder.Position.Y = -745
[YgoDuelist] YgoSecondHandLayoutPatch: AFTER holder.TargetPosition.Y = -745
[YgoDuelist] YgoSecondHandLayoutPatch: AFTER holder.Hitbox.Position.Y = -132
[YgoDuelist] YgoSecondHandLayoutPatch EXIT return false
[YgoDuelist] YgoSecondHandLayoutPatch ENTER all=6 main=4 opts=2 FocusedHolderId=0 FocusedIsOpt=False
[YgoDuelist]   opts[0] holderId=101200171178 model=Raigeki_Break
[YgoDuelist]   opts[1] holderId=101065953442 model=Yellow_Luster_Shield
[YgoDuelist] YgoSecondHandLayoutPatch: AFTER holder.Position.Y = -745
[YgoDuelist] YgoSecondHandLayoutPatch: AFTER holder.TargetPosition.Y = -745
[YgoDuelist] YgoSecondHandLayoutPatch: AFTER holder.Hitbox.Position.Y = -132
[YgoDuelist] YgoSecondHandLayoutPatch: AFTER holder.Position.Y = -745
[YgoDuelist] YgoSecondHandLayoutPatch: AFTER holder.TargetPosition.Y = -745
[YgoDuelist] YgoSecondHandLayoutPatch: AFTER holder.Hitbox.Position.Y = -132
[YgoDuelist] YgoSecondHandLayoutPatch EXIT return false
[YgoDuelist] Hover start on duel pet: DuelMonsterModel
[YgoDuelist] Hover end on duel pet: DuelMonsterModel
[YgoDuelist] Hover start on duel pet: DuelMonsterModel
[YgoDuelist] Hover end on duel pet: DuelMonsterModel
[YgoDuelist] YgoSecondHandLayoutPatch ENTER all=7 main=5 opts=2 FocusedHolderId=0 FocusedIsOpt=False
[YgoDuelist]   opts[0] holderId=101200171178 model=Raigeki_Break
[YgoDuelist]   opts[1] holderId=101065953442 model=Yellow_Luster_Shield
[YgoDuelist] YgoSecondHandLayoutPatch: AFTER holder.Position.Y = -745
[YgoDuelist] YgoSecondHandLayoutPatch: AFTER holder.TargetPosition.Y = -745
[YgoDuelist] YgoSecondHandLayoutPatch: AFTER holder.Hitbox.Position.Y = -132
[YgoDuelist] YgoSecondHandLayoutPatch: AFTER holder.Position.Y = -745
[YgoDuelist] YgoSecondHandLayoutPatch: AFTER holder.TargetPosition.Y = -745
[YgoDuelist] YgoSecondHandLayoutPatch: AFTER holder.Hitbox.Position.Y = -132
[YgoDuelist] YgoSecondHandLayoutPatch EXIT return false
[YgoDuelist] Right mouse button pressed.
[YgoDuelist] Right-click: no currently hovered duel pet.
[YgoDuelist] Hover start on duel pet: DuelMonsterModel
[YgoDuelist] Hover end on duel pet: DuelMonsterModel
[YgoDuelist] Hover start on duel pet: DuelMonsterModel
[YgoDuelist] Hover end on duel pet: DuelMonsterModel
[YgoDuelist] YgoSecondHandLayoutPatch ENTER all=7 main=5 opts=2 FocusedHolderId=3120478310346 FocusedIsOpt=False
[YgoDuelist]   opts[0] holderId=101200171178 model=Raigeki_Break
[YgoDuelist]   opts[1] holderId=101065953442 model=Yellow_Luster_Shield
[YgoDuelist] YgoSecondHandLayoutPatch: AFTER holder.Position.Y = -745
[YgoDuelist] YgoSecondHandLayoutPatch: AFTER holder.TargetPosition.Y = -745
[YgoDuelist] YgoSecondHandLayoutPatch: AFTER holder.Hitbox.Position.Y = -132
[YgoDuelist] YgoSecondHandLayoutPatch: AFTER holder.Position.Y = -745
[YgoDuelist] YgoSecondHandLayoutPatch: AFTER holder.TargetPosition.Y = -745
[YgoDuelist] YgoSecondHandLayoutPatch: AFTER holder.Hitbox.Position.Y = -132
[YgoDuelist] YgoSecondHandLayoutPatch EXIT return false
[YgoDuelist] Right mouse button pressed.
[YgoDuelist] Right-click: no currently hovered duel pet.
[WARN] [BaseLib] GetRawText: Key 'YGO_ATTRIBUTE_LIGHT.title' not found in table 'static_hover_tips'
[WARN] [BaseLib] GetRawText: Key 'YGO_ATTRIBUTE_LIGHT.description' not found in table 'static_hover_tips'
[WARN] [BaseLib] GetRawText: Key 'YGO_RACE_THUNDER.title' not found in table 'static_hover_tips'
[WARN] [BaseLib] GetRawText: Key 'YGO_RACE_THUNDER.description' not found in table 'static_hover_tips'
[WARN] [BaseLib] GetRawText: Key 'YGO_ATTRIBUTE_LIGHT.title' not found in table 'static_hover_tips'
[WARN] [BaseLib] GetRawText: Key 'YGO_ATTRIBUTE_LIGHT.description' not found in table 'static_hover_tips'
[WARN] [BaseLib] GetRawText: Key 'YGO_RACE_THUNDER.title' not found in table 'static_hover_tips'
[WARN] [BaseLib] GetRawText: Key 'YGO_RACE_THUNDER.description' not found in table 'static_hover_tips'
[YgoDuelist] YgoSecondHandLayoutPatch ENTER all=7 main=5 opts=2 FocusedHolderId=3120478310346 FocusedIsOpt=False
[YgoDuelist]   opts[0] holderId=101200171178 model=Raigeki_Break
[YgoDuelist]   opts[1] holderId=101065953442 model=Yellow_Luster_Shield
[YgoDuelist] YgoSecondHandLayoutPatch: AFTER holder.Position.Y = -745
[YgoDuelist] YgoSecondHandLayoutPatch: AFTER holder.TargetPosition.Y = -745
[YgoDuelist] YgoSecondHandLayoutPatch: AFTER holder.Hitbox.Position.Y = -132
[YgoDuelist] YgoSecondHandLayoutPatch: AFTER holder.Position.Y = -745
[YgoDuelist] YgoSecondHandLayoutPatch: AFTER holder.TargetPosition.Y = -745
[YgoDuelist] YgoSecondHandLayoutPatch: AFTER holder.Hitbox.Position.Y = -132
[YgoDuelist] YgoSecondHandLayoutPatch EXIT return false
[YgoDuelist] YgoSecondHandLayoutPatch ENTER all=7 main=5 opts=2 FocusedHolderId=0 FocusedIsOpt=False
[YgoDuelist]   opts[0] holderId=101200171178 model=Raigeki_Break
[YgoDuelist]   opts[1] holderId=101065953442 model=Yellow_Luster_Shield
[YgoDuelist] YgoSecondHandLayoutPatch: AFTER holder.Position.Y = -745
[YgoDuelist] YgoSecondHandLayoutPatch: AFTER holder.TargetPosition.Y = -745
[YgoDuelist] YgoSecondHandLayoutPatch: AFTER holder.Hitbox.Position.Y = -132
[YgoDuelist] YgoSecondHandLayoutPatch: AFTER holder.Position.Y = -745
[YgoDuelist] YgoSecondHandLayoutPatch: AFTER holder.TargetPosition.Y = -745
[YgoDuelist] YgoSecondHandLayoutPatch: AFTER holder.Hitbox.Position.Y = -132
[YgoDuelist] YgoSecondHandLayoutPatch EXIT return false
[YgoDuelist] Hover start on duel pet: DuelMonsterModel
[YgoDuelist] Hover end on duel pet: DuelMonsterModel
[YgoDuelist] YgoSecondHandLayoutPatch ENTER all=7 main=5 opts=2 FocusedHolderId=3120478310346 FocusedIsOpt=False
[YgoDuelist]   opts[0] holderId=101200171178 model=Raigeki_Break
[YgoDuelist]   opts[1] holderId=101065953442 model=Yellow_Luster_Shield
[YgoDuelist] YgoSecondHandLayoutPatch: AFTER holder.Position.Y = -745
[YgoDuelist] YgoSecondHandLayoutPatch: AFTER holder.TargetPosition.Y = -745
[YgoDuelist] YgoSecondHandLayoutPatch: AFTER holder.Hitbox.Position.Y = -132
[YgoDuelist] YgoSecondHandLayoutPatch: AFTER holder.Position.Y = -745
[YgoDuelist] YgoSecondHandLayoutPatch: AFTER holder.TargetPosition.Y = -745
[YgoDuelist] YgoSecondHandLayoutPatch: AFTER holder.Hitbox.Position.Y = -132
[YgoDuelist] YgoSecondHandLayoutPatch EXIT return false
[YgoDuelist] YgoSecondHandLayoutPatch ENTER all=7 main=5 opts=2 FocusedHolderId=0 FocusedIsOpt=False
[YgoDuelist]   opts[0] holderId=101200171178 model=Raigeki_Break
[YgoDuelist]   opts[1] holderId=101065953442 model=Yellow_Luster_Shield
[YgoDuelist] YgoSecondHandLayoutPatch: AFTER holder.Position.Y = -745
[YgoDuelist] YgoSecondHandLayoutPatch: AFTER holder.TargetPosition.Y = -745
[YgoDuelist] YgoSecondHandLayoutPatch: AFTER holder.Hitbox.Position.Y = -132
[YgoDuelist] YgoSecondHandLayoutPatch: AFTER holder.Position.Y = -745
[YgoDuelist] YgoSecondHandLayoutPatch: AFTER holder.TargetPosition.Y = -745
[YgoDuelist] YgoSecondHandLayoutPatch: AFTER holder.Hitbox.Position.Y = -132
[YgoDuelist] YgoSecondHandLayoutPatch EXIT return false
[YgoDuelist] YgoSecondHandLayoutPatch ENTER all=6 main=4 opts=2 FocusedHolderId=0 FocusedIsOpt=False
[YgoDuelist]   opts[0] holderId=101200171178 model=Raigeki_Break
[YgoDuelist]   opts[1] holderId=101065953442 model=Yellow_Luster_Shield
[YgoDuelist] YgoSecondHandLayoutPatch: AFTER holder.Position.Y = -745
[YgoDuelist] YgoSecondHandLayoutPatch: AFTER holder.TargetPosition.Y = -745
[YgoDuelist] YgoSecondHandLayoutPatch: AFTER holder.Hitbox.Position.Y = -132
[YgoDuelist] YgoSecondHandLayoutPatch: AFTER holder.Position.Y = -745
[YgoDuelist] YgoSecondHandLayoutPatch: AFTER holder.TargetPosition.Y = -745
[YgoDuelist] YgoSecondHandLayoutPatch: AFTER holder.Hitbox.Position.Y = -132
[YgoDuelist] YgoSecondHandLayoutPatch EXIT return false
[YgoDuelist] StartTargeting ENTER validTargetsType=AnyEnemy secondArgType=NCard
[YgoDuelist] StartTargeting POSTFIX cardPlay=NMouseCardPlay holderIsOption=False
[YgoDuelist] Hover start on duel pet: DuelMonsterModel
[YgoDuelist] Hover end on duel pet: DuelMonsterModel
[DEBUG] [ActionQueueSynchronizer] Sending message to client to enqueue action PlayCardAction card: CARD.YGODUELIST-ZABORG_THE_THUNDER_MONARCH (52446676) index: 2 targetid: 2 at 08:27:38
[DEBUG] [ActionQueueSynchronizer] Enqueueing action PlayCardAction card: CARD.YGODUELIST-ZABORG_THE_THUNDER_MONARCH (52446676) index: 2 targetid: 2 from owner 76561198345121322
[YgoDuelist][Queue][Defer] Skipping OnActionEnqueued until execute after confirm (hand_tribute_normal_summon, player 76561198345121322, card YGODUELIST-ZABORG_THE_THUNDER_MONARCH)
[DEBUG] [ActionQueueSet] Enqueueing action PlayCardAction card: CARD.YGODUELIST-ZABORG_THE_THUNDER_MONARCH (52446676) index: 2 targetid: 2 to player queue owned by 76561198345121322
[DEBUG] [ActionExecutor] Action queue changed, beginning ExecuteActions
[VERYDEBUG] [ActionQueueSet] Attempting to find ready action
[VERYDEBUG] [ActionQueueSet] Action PlayCardAction card: CARD.YGODUELIST-ZABORG_THE_THUNDER_MONARCH (52446676) index: 2 targetid: 2 with id 48 belonging to 76561198345121322 becomes new ready action
[VERYDEBUG] [ActionQueueSet] Queue for player 76561198136285041 is empty
[VERYDEBUG] [ActionQueueSet] Got ready action PlayCardAction card: CARD.YGODUELIST-ZABORG_THE_THUNDER_MONARCH (52446676) index: 2 targetid: 2 (48)
[DEBUG] [ActionExecutor] Executing action: PlayCardAction card: CARD.YGODUELIST-ZABORG_THE_THUNDER_MONARCH (52446676) index: 2 targetid: 2
[VERYDEBUG] [GameAction] Action PlayCardAction card: CARD.YGODUELIST-ZABORG_THE_THUNDER_MONARCH (52446676) index: 2 targetid: 2 began executing
[YgoDuelist][MP][Tribute] TrySelectVariableTribute owner=76561198345121322 summon=YGODUELIST-ZABORG_THE_THUNDER_MONARCH need=1 combatWire=True candidates=2
[VERYDEBUG] [PlayerChoiceSynchronizer] Reserved choice id 1 for player 76561198345121322, next is 2
[WARN] [BaseLib] GetRawText: Key 'YGO_ATTRIBUTE_DARK.title' not found in table 'static_hover_tips'
[WARN] [BaseLib] GetRawText: Key 'YGO_ATTRIBUTE_DARK.description' not found in table 'static_hover_tips'
[WARN] [BaseLib] GetRawText: Key 'YGO_RACE_FIEND.title' not found in table 'static_hover_tips'
[WARN] [BaseLib] GetRawText: Key 'YGO_RACE_FIEND.description' not found in table 'static_hover_tips'
[WARN] [BaseLib] GetRawText: Key 'YGO_ATTRIBUTE_EARTH.title' not found in table 'static_hover_tips'
[WARN] [BaseLib] GetRawText: Key 'YGO_ATTRIBUTE_EARTH.description' not found in table 'static_hover_tips'
[WARN] [BaseLib] GetRawText: Key 'YGO_RACE_WARRIOR.title' not found in table 'static_hover_tips'
[WARN] [BaseLib] GetRawText: Key 'YGO_RACE_WARRIOR.description' not found in table 'static_hover_tips'
[YgoDuelist] YgoSecondHandLayoutPatch ENTER all=7 main=5 opts=2 FocusedHolderId=0 FocusedIsOpt=False
[YgoDuelist]   opts[0] holderId=101200171178 model=Raigeki_Break
[YgoDuelist]   opts[1] holderId=101065953442 model=Yellow_Luster_Shield
[YgoDuelist] YgoSecondHandLayoutPatch: AFTER holder.Position.Y = -745
[YgoDuelist] YgoSecondHandLayoutPatch: AFTER holder.TargetPosition.Y = -745
[YgoDuelist] YgoSecondHandLayoutPatch: AFTER holder.Hitbox.Position.Y = -132
[YgoDuelist] YgoSecondHandLayoutPatch: AFTER holder.Position.Y = -745
[YgoDuelist] YgoSecondHandLayoutPatch: AFTER holder.TargetPosition.Y = -745
[YgoDuelist] YgoSecondHandLayoutPatch: AFTER holder.Hitbox.Position.Y = -132
[YgoDuelist] YgoSecondHandLayoutPatch EXIT return false
[WARN] Asset not cached: res://scenes/ui/back_button.tscn
[DEBUG] [NetQualityTracker] Connection statistics at 08:27:39:
[DEBUG] [NetQualityTracker] 	76561198136285041 - Ping: 57.570045. Packet Loss: 3E-45.
[DEBUG] [PlayerChoiceSynchronizer] Sending player choice id 1 for player 76561198345121322, result PlayerChoiceResult combat CARD.YGODUELIST-VERSAGO_THE_DESTROYER (2258042)
[YgoDuelist][MP][Tribute] SetPending netCardIdx=2 owner=76561198345121322 pets=1 card=YGODUELIST-ZABORG_THE_THUNDER_MONARCH
[YgoDuelist][Queue][Defer] Execute body: UpdateCardBeforeExecution after tribute confirm (player 76561198345121322, card YGODUELIST-ZABORG_THE_THUNDER_MONARCH)
[YgoDuelist] YgoSecondHandLayoutPatch ENTER all=6 main=4 opts=2 FocusedHolderId=0 FocusedIsOpt=False
[YgoDuelist]   opts[0] holderId=101200171178 model=Raigeki_Break
[YgoDuelist]   opts[1] holderId=101065953442 model=Yellow_Luster_Shield
[YgoDuelist] YgoSecondHandLayoutPatch: AFTER holder.Position.Y = -745
[YgoDuelist] YgoSecondHandLayoutPatch: AFTER holder.TargetPosition.Y = -745
[YgoDuelist] YgoSecondHandLayoutPatch: AFTER holder.Hitbox.Position.Y = -132
[YgoDuelist] YgoSecondHandLayoutPatch: AFTER holder.Position.Y = -745
[YgoDuelist] YgoSecondHandLayoutPatch: AFTER holder.TargetPosition.Y = -745
[YgoDuelist] YgoSecondHandLayoutPatch: AFTER holder.Hitbox.Position.Y = -132
[YgoDuelist] YgoSecondHandLayoutPatch EXIT return false
[YgoDuelist][MP][Tribute] TryTake ok (PlayCardAction): owner=76561198345121322 netIdx=2 pets=1
[ZGO] DuelMonsterPetDeathPatch: pet died: Versago the Destroyer
[YgoDuelist][MP][DuelDeath] card=YGODUELIST-VERSAGO_THE_DESTROYER combatCardIdx=3 ownerNet=76561198345121322 petCombatId=4
[ZGO] DuelMonsterPetDeathPatch: moving YGODUELIST-VERSAGO_THE_DESTROYER (and equips) toward Graveyard.
[INFO] [BaseLib] Looking for NCard in Custom Pile!
[INFO] [BaseLib] Looking for NCard in Custom Pile!
[ZGO] DuelMonsterPetDeathPatch: unregistered pet and cleared command state.
[ZGO] DuelMonsterPetDeathPatch: removing NCreature node for dead duel monster.
[YgoDuelist] OnSecondHandCardsChanged ENTER player=49413123 cardsCount=2
[YgoDuelist]   cards[0]=Raigeki_Break id=47044590
[YgoDuelist]   cards[1]=Yellow_Luster_Shield id=42834526
[YgoDuelist] RebuildForPlayer START handId=2525910549030 cardsCount=2
[YgoDuelist] TearDownSecondHandRow REMOVING 2 holders
[YgoDuelist] YgoSecondHandLayoutPatch ENTER all=5 main=4 opts=1 FocusedHolderId=0 FocusedIsOpt=False
[YgoDuelist]   opts[0] holderId=101065953442 model=Yellow_Luster_Shield
[YgoDuelist] YgoSecondHandLayoutPatch: AFTER holder.Position.Y = -745
[YgoDuelist] YgoSecondHandLayoutPatch: AFTER holder.TargetPosition.Y = -745
[YgoDuelist] YgoSecondHandLayoutPatch: AFTER holder.Hitbox.Position.Y = -132
[YgoDuelist] YgoSecondHandLayoutPatch EXIT return false
[YgoDuelist] YgoSecondHandLayoutPatch ENTER all=4 main=4 opts=0 FocusedHolderId=0 FocusedIsOpt=False
[YgoDuelist] YgoSecondHandLayoutPatch EXIT return false
[YgoDuelist] RebuildForPlayer ADDING 2 holders
[YgoDuelist]   add[0] CREATE holderId=101737042122 model=Raigeki_Break
[YgoDuelist] RegisterOptionHolder ENTER handId=2525910549030 holderId=101737042122 index=-1 handChildCountBefore=7
[YgoDuelist] YgoSecondHandLayoutPatch ENTER all=5 main=4 opts=1 FocusedHolderId=0 FocusedIsOpt=False
[YgoDuelist]   opts[0] holderId=101737042122 model=?
[YgoDuelist] YgoSecondHandLayoutPatch: AFTER holder.Position.Y = -745
[YgoDuelist] YgoSecondHandLayoutPatch: AFTER holder.TargetPosition.Y = -745
[YgoDuelist] YgoSecondHandLayoutPatch: AFTER holder.Hitbox.Position.Y = -132
[YgoDuelist] YgoSecondHandLayoutPatch EXIT return false
[YgoDuelist] RegisterOptionHolder EXIT handId=2525910549030 holderId=101737042122 handChildCountAfter=7 holderIsInsideTree=True
[YgoDuelist]   add[0] after RegisterOptionHolder holderId=101737042122 IsInsideTree=True ChildCount=7
[YgoDuelist]   add[0] after Initialize holderId=101737042122 CardNode=3463605932973 CardModel=Raigeki_Break
[YgoDuelist]   add[1] CREATE holderId=100931735706 model=Yellow_Luster_Shield
[YgoDuelist] RegisterOptionHolder ENTER handId=2525910549030 holderId=100931735706 index=-1 handChildCountBefore=7
[YgoDuelist] YgoSecondHandLayoutPatch ENTER all=6 main=4 opts=2 FocusedHolderId=0 FocusedIsOpt=False
[YgoDuelist]   opts[0] holderId=101737042122 model=Raigeki_Break
[YgoDuelist]   opts[1] holderId=100931735706 model=?
[YgoDuelist] YgoSecondHandLayoutPatch: AFTER holder.Position.Y = -745
[YgoDuelist] YgoSecondHandLayoutPatch: AFTER holder.TargetPosition.Y = -745
[YgoDuelist] YgoSecondHandLayoutPatch: AFTER holder.Hitbox.Position.Y = -132
[YgoDuelist] YgoSecondHandLayoutPatch: AFTER holder.Position.Y = -745
[YgoDuelist] YgoSecondHandLayoutPatch: AFTER holder.TargetPosition.Y = -745
[YgoDuelist] YgoSecondHandLayoutPatch: AFTER holder.Hitbox.Position.Y = -132
[YgoDuelist] YgoSecondHandLayoutPatch EXIT return false
[YgoDuelist] RegisterOptionHolder EXIT handId=2525910549030 holderId=100931735706 handChildCountAfter=7 holderIsInsideTree=True
[YgoDuelist]   add[1] after RegisterOptionHolder holderId=100931735706 IsInsideTree=True ChildCount=7
[WARN] [BaseLib] GetRawText: Key 'YGO_RACE_SPELL_CONTINUOUS.title' not found in table 'static_hover_tips'
[WARN] [BaseLib] GetRawText: Key 'YGO_RACE_SPELL_CONTINUOUS.description' not found in table 'static_hover_tips'
[YgoDuelist]   add[1] after Initialize holderId=100931735706 CardNode=3465417855161 CardModel=Yellow_Luster_Shield
[YgoDuelist] RebuildForPlayer END totalHolders=2 handActiveHoldersCount=6
[YgoDuelist] OnSecondHandCardsChanged EXIT RebuildForPlayer done
[VERYDEBUG] [GameAction] Action PlayCardAction card: CARD.YGODUELIST-ZABORG_THE_THUNDER_MONARCH (52446676) index: 2 targetid: 2 finished execution
[DEBUG] [ChecksumTracker] Generating checksum for context: after executing action PlayCardAction card: CARD.YGODUELIST-ZABORG_THE_THUNDER_MONARCH (52446676) index: 2 targetid: 2 action: PlayCardAction card: CARD.YGODUELIST-ZABORG_THE_THUNDER_MONARCH (52446676) index: 2 targetid: 2 id: 50
[YgoDuelist][MP][Checksum][fp] netId=76561198136285041 | pt=1 n=9:YGODUELIST-ARCANE_ARCHER_OF_THE_FOREST0bYgoDieForYouUserToggleOnFalseiPermanentAtkBonusFromExecutes01010000,20019,20043,YGODUELIST-DEFEND_YGO_DUELIST010,YGODUELIST-DEFEND_YGO_DUELIST010,YGODUELIST-OUTSTANDING_DOG_MARRON0bYgoDieForYouUserToggleOnFalseiPermanentAtkBonusFromExecutes01010004,20001,YGODUELIST-ROCKET_JUMPER0bYgoDieForYouUserToggleOnFalseiPermanentAtkBonusFromExecutes01010000,20015,20043,20045,YGODUELIST-SKELENGEL0bYgoDieForYouUserToggleOnFalseiPermanentAtkBonusFromExecutes01010004,20006,20041,YGODUELIST-STRIKE_YGO_DUELIST010,YGODUELIST-STRIKE_YGO_DUELIST010,YGODUELIST-TRAP_OF_BOARD_ERASER01010009,10011 | pt=2 n=2:YGODUELIST-DEFEND_YGO_DUELIST010,YGODUELIST-STRIKE_YGO_DUELIST010 | pt=3 n=0: | pt=4 n=0: | pt=5 n=0: | pt=932200512 n=0: | pt=932200513 n=0: | pt=932200514 n=0: | pt=932200515 n=1:YGODUELIST-HOURGLASS_OF_COURAGE0bYgoDieForYouUserToggleOnFalseiPermanentAtkBonusFromExecutes01010004,20006,20043 | pt=932200516 n=3:YGODUELIST-EARTH_EFFIGY0bYgoDieForYouUserToggleOnFalseiPermanentAtkBonusFromExecutes01010000,20015,20043,YGODUELIST-FIRE_SORCERER0bYgoDieForYouUserToggleOnFalseiPermanentAtkBonusFromExecutes01010002,20017,20041,20043,YGODUELIST-TOTAL_DEFENSE_SHOGUN0bYgoDieForYouUserToggleOnFalseiPermanentAtkBonusFromExecutes01010005,20019,20034,20043 | pt=932200517 n=4:YGODUELIST-BURNING_LAND01010009,20024,YGODUELIST-GAIA_POWER01010009,20027,YGODUELIST-OJAMA_TRIO01010009,10011,YGODUELIST-RECKLESS_GREED01010009,10011 | pt=932200518 n=0:
[YgoDuelist][MP][Checksum][fp] netId=76561198345121322 | pt=1 n=1:YGODUELIST-DEFEND_YGO_DUELIST010 | pt=2 n=4:YGODUELIST-DEFEND_YGO_DUELIST010,YGODUELIST-FIRE_PRINCESS0bYgoDieForYouUserToggleOnFalseiPermanentAtkBonusFromExecutes01010002,20013,20043,YGODUELIST-KURAMA0bYgoDieForYouUserToggleOnFalseiPermanentAtkBonusFromExecutes01010003,20020,20043,YGODUELIST-STRIKE_YGO_DUELIST010 | pt=3 n=4:GREED0104,7,YGODUELIST-DEFEND_YGO_DUELIST010,YGODUELIST-STRIKE_YGO_DUELIST010,YGODUELIST-STRIKE_YGO_DUELIST010 | pt=4 n=0: | pt=5 n=0: | pt=932200512 n=0: | pt=932200513 n=1:YGODUELIST-THE_LAST_WARRIOR_FROM_ANOTHER_PLANET0bYgoDieForYouUserToggleOnFalseiPermanentAtkBonusFromExecutes0iSummonAbsorbPrintedDefBonus01010000,20019,20036,20043 | pt=932200514 n=0: | pt=932200515 n=1:YGODUELIST-VERSAGO_THE_DESTROYER0bYgoDieForYouUserToggleOnFalseiPermanentAtkBonusFromExecutes01010005,20007,20043 | pt=932200516 n=2:YGODUELIST-QUEEN_S_DOUBLE0bYgoDieForYouUserToggleOnFalseiPermanentAtkBonusFromExecutes01010000,20019,20045,YGODUELIST-ZABORG_THE_THUNDER_MONARCH0bYgoDieForYouUserToggleOnFalseiPermanentAtkBonusFromExecutes01010004,20018,20034,20043 | pt=932200517 n=2:YGODUELIST-RAIGEKI_BREAK01010009,10011,20045,YGODUELIST-YELLOW_LUSTER_SHIELD01010009,20024 | pt=932200518 n=0:
[DEBUG] [ActionExecutor] Completed execution of action PlayCardAction card: CARD.YGODUELIST-ZABORG_THE_THUNDER_MONARCH (52446676) index: 2 targetid: 2, attempting to find new action
[VERYDEBUG] [ActionQueueSet] Attempting to find ready action
[VERYDEBUG] [ActionQueueSet] Queue for player 76561198345121322 is empty
[VERYDEBUG] [ActionQueueSet] Queue for player 76561198136285041 is empty
[VERYDEBUG] [ActionQueueSet] No action is ready
[YgoDuelist] Hover start on duel pet: DuelMonsterModel
[YgoDuelist] Hover end on duel pet: DuelMonsterModel
[YgoDuelist] Hover start on duel pet: DuelMonsterModel
[YgoDuelist] Hover end on duel pet: DuelMonsterModel
[YgoDuelist] Hover start on duel pet: DuelMonsterModel
[YgoDuelist] Hover end on duel pet: DuelMonsterModel
[YgoDuelist] Hover start on duel pet: DuelMonsterModel
[YgoDuelist] Hover end on duel pet: DuelMonsterModel
[YgoDuelist] YgoSecondHandLayoutPatch ENTER all=6 main=4 opts=2 FocusedHolderId=101737042122 FocusedIsOpt=True
[YgoDuelist]   opts[0] holderId=101737042122 model=Raigeki_Break
[YgoDuelist]   opts[1] holderId=100931735706 model=Yellow_Luster_Shield
[YgoDuelist] YgoSecondHandLayoutPatch: AFTER holder.Position.Y = -745
[YgoDuelist] YgoSecondHandLayoutPatch: AFTER holder.TargetPosition.Y = -745
[YgoDuelist] YgoSecondHandLayoutPatch: AFTER holder.Hitbox.Position.Y = -132
[YgoDuelist] YgoSecondHandLayoutPatch: AFTER holder.Position.Y = -745
[YgoDuelist] YgoSecondHandLayoutPatch: AFTER holder.TargetPosition.Y = -745
[YgoDuelist] YgoSecondHandLayoutPatch: AFTER holder.Hitbox.Position.Y = -132
[YgoDuelist] YgoSecondHandLayoutPatch EXIT return false
[YgoDuelist] YgoSecondHandLayoutPatch ENTER all=6 main=4 opts=2 FocusedHolderId=0 FocusedIsOpt=False
[YgoDuelist]   opts[0] holderId=101737042122 model=Raigeki_Break
[YgoDuelist]   opts[1] holderId=100931735706 model=Yellow_Luster_Shield
[YgoDuelist] YgoSecondHandLayoutPatch: AFTER holder.Position.Y = -745
[YgoDuelist] YgoSecondHandLayoutPatch: AFTER holder.TargetPosition.Y = -745
[YgoDuelist] YgoSecondHandLayoutPatch: AFTER holder.Hitbox.Position.Y = -132
[YgoDuelist] YgoSecondHandLayoutPatch: AFTER holder.Position.Y = -745
[YgoDuelist] YgoSecondHandLayoutPatch: AFTER holder.TargetPosition.Y = -745
[YgoDuelist] YgoSecondHandLayoutPatch: AFTER holder.Hitbox.Position.Y = -132
[YgoDuelist] YgoSecondHandLayoutPatch EXIT return false
[YgoDuelist] YgoSecondHandLayoutPatch ENTER all=6 main=4 opts=2 FocusedHolderId=100931735706 FocusedIsOpt=True
[YgoDuelist]   opts[0] holderId=101737042122 model=Raigeki_Break
[YgoDuelist]   opts[1] holderId=100931735706 model=Yellow_Luster_Shield
[YgoDuelist] YgoSecondHandLayoutPatch: AFTER holder.Position.Y = -745
[YgoDuelist] YgoSecondHandLayoutPatch: AFTER holder.TargetPosition.Y = -745
[YgoDuelist] YgoSecondHandLayoutPatch: AFTER holder.Hitbox.Position.Y = -132
[YgoDuelist] YgoSecondHandLayoutPatch: AFTER holder.Position.Y = -745
[YgoDuelist] YgoSecondHandLayoutPatch: AFTER holder.TargetPosition.Y = -745
[YgoDuelist] YgoSecondHandLayoutPatch: AFTER holder.Hitbox.Position.Y = -132
[YgoDuelist] YgoSecondHandLayoutPatch EXIT return false
[YgoDuelist] YgoSecondHandLayoutPatch ENTER all=6 main=4 opts=2 FocusedHolderId=0 FocusedIsOpt=False
[YgoDuelist]   opts[0] holderId=101737042122 model=Raigeki_Break
[YgoDuelist]   opts[1] holderId=100931735706 model=Yellow_Luster_Shield
[YgoDuelist] YgoSecondHandLayoutPatch: AFTER holder.Position.Y = -745
[YgoDuelist] YgoSecondHandLayoutPatch: AFTER holder.TargetPosition.Y = -745
[YgoDuelist] YgoSecondHandLayoutPatch: AFTER holder.Hitbox.Position.Y = -132
[YgoDuelist] YgoSecondHandLayoutPatch: AFTER holder.Position.Y = -745
[YgoDuelist] YgoSecondHandLayoutPatch: AFTER holder.TargetPosition.Y = -745
[YgoDuelist] YgoSecondHandLayoutPatch: AFTER holder.Hitbox.Position.Y = -132
[YgoDuelist] YgoSecondHandLayoutPatch EXIT return false
[YgoDuelist] YgoSecondHandLayoutPatch ENTER all=6 main=4 opts=2 FocusedHolderId=100931735706 FocusedIsOpt=True
[YgoDuelist]   opts[0] holderId=101737042122 model=Raigeki_Break
[YgoDuelist]   opts[1] holderId=100931735706 model=Yellow_Luster_Shield
[YgoDuelist] YgoSecondHandLayoutPatch: AFTER holder.Position.Y = -745
[YgoDuelist] YgoSecondHandLayoutPatch: AFTER holder.TargetPosition.Y = -745
[YgoDuelist] YgoSecondHandLayoutPatch: AFTER holder.Hitbox.Position.Y = -132
[YgoDuelist] YgoSecondHandLayoutPatch: AFTER holder.Position.Y = -745
[YgoDuelist] YgoSecondHandLayoutPatch: AFTER holder.TargetPosition.Y = -745
[YgoDuelist] YgoSecondHandLayoutPatch: AFTER holder.Hitbox.Position.Y = -132
[YgoDuelist] YgoSecondHandLayoutPatch EXIT return false
[YgoDuelist] YgoSecondHandLayoutPatch ENTER all=6 main=4 opts=2 FocusedHolderId=0 FocusedIsOpt=False
[YgoDuelist]   opts[0] holderId=101737042122 model=Raigeki_Break
[YgoDuelist]   opts[1] holderId=100931735706 model=Yellow_Luster_Shield
[YgoDuelist] YgoSecondHandLayoutPatch: AFTER holder.Position.Y = -745
[YgoDuelist] YgoSecondHandLayoutPatch: AFTER holder.TargetPosition.Y = -745
[YgoDuelist] YgoSecondHandLayoutPatch: AFTER holder.Hitbox.Position.Y = -132
[YgoDuelist] YgoSecondHandLayoutPatch: AFTER holder.Position.Y = -745
[YgoDuelist] YgoSecondHandLayoutPatch: AFTER holder.TargetPosition.Y = -745
[YgoDuelist] YgoSecondHandLayoutPatch: AFTER holder.Hitbox.Position.Y = -132
[YgoDuelist] YgoSecondHandLayoutPatch EXIT return false
[YgoDuelist] YgoSecondHandLayoutPatch ENTER all=6 main=4 opts=2 FocusedHolderId=101737042122 FocusedIsOpt=True
[YgoDuelist]   opts[0] holderId=101737042122 model=Raigeki_Break
[YgoDuelist]   opts[1] holderId=100931735706 model=Yellow_Luster_Shield
[YgoDuelist] YgoSecondHandLayoutPatch: AFTER holder.Position.Y = -745
[YgoDuelist] YgoSecondHandLayoutPatch: AFTER holder.TargetPosition.Y = -745
[YgoDuelist] YgoSecondHandLayoutPatch: AFTER holder.Hitbox.Position.Y = -132
[YgoDuelist] YgoSecondHandLayoutPatch: AFTER holder.Position.Y = -745
[YgoDuelist] YgoSecondHandLayoutPatch: AFTER holder.TargetPosition.Y = -745
[YgoDuelist] YgoSecondHandLayoutPatch: AFTER holder.Hitbox.Position.Y = -132
[YgoDuelist] YgoSecondHandLayoutPatch EXIT return false
[YgoDuelist] OnHolderPressed option holder id=101737042122 card=Raigeki_Break
[YgoLifecycle] StartCardPlay S1_EnterPrefix holderId=101737042122 model=Raigeki_Break index=4 inTree=True extra=needsSafePath=True
[YgoLifecycle] StartCardPlay S2_QueuedHolder holderId=101737042122 model=Raigeki_Break index=4 inTree=True extra=queuedIndex=4
[YgoDuelist] YgoSecondHandLayoutPatch ENTER all=6 main=4 opts=2 FocusedHolderId=0 FocusedIsOpt=False
[YgoDuelist]   opts[0] holderId=101737042122 model=Raigeki_Break
[YgoDuelist]   opts[1] holderId=100931735706 model=Yellow_Luster_Shield
[YgoDuelist] YgoSecondHandLayoutPatch: AFTER holder.Position.Y = -745
[YgoDuelist] YgoSecondHandLayoutPatch: AFTER holder.TargetPosition.Y = -745
[YgoDuelist] YgoSecondHandLayoutPatch: AFTER holder.Hitbox.Position.Y = -132
[YgoDuelist] YgoSecondHandLayoutPatch: AFTER holder.Position.Y = -745
[YgoDuelist] YgoSecondHandLayoutPatch: AFTER holder.TargetPosition.Y = -745
[YgoDuelist] YgoSecondHandLayoutPatch: AFTER holder.Hitbox.Position.Y = -132
[YgoDuelist] YgoSecondHandLayoutPatch EXIT return false
[YgoLifecycle] StartCardPlay S3_BeginDrag holderId=101737042122 model=Raigeki_Break index=7 inTree=True extra=
[YgoLifecycle] StartCardPlay S4_CardPlayCreated holderId=101737042122 model=Raigeki_Break index=7 inTree=True extra=cardPlayType=NMouseCardPlay
[YgoLifecycle] MouseStartAsync M1_Enter holderId=101737042122 model=Raigeki_Break holderInTree=True selfInTree=True extra=
[YgoLifecycle] MouseStartAsync M4_StartCardDrag_BeginAwait holderId=101737042122 model=Raigeki_Break holderInTree=True selfInTree=True extra=
[YgoLifecycle] MouseStartAsync M5_StartCardDrag_EndAwait holderId=101737042122 model=Raigeki_Break holderInTree=True selfInTree=True extra=
[YgoDuelist] StartTargeting ENTER validTargetsType=AnyEnemy secondArgType=NCard
[YgoDuelist] StartTargeting POSTFIX cardPlay=NMouseCardPlay holderIsOption=True
[YgoDuelist] StartTargeting: option holder play - disabling exit-early condition so targeting/arrow stay active
[YgoDuelist] YgoSecondHandLayoutPatch ENTER all=5 main=4 opts=1 FocusedHolderId=0 FocusedIsOpt=False
[YgoDuelist]   opts[0] holderId=100931735706 model=Yellow_Luster_Shield
[YgoDuelist] YgoSecondHandLayoutPatch: AFTER holder.Position.Y = -745
[YgoDuelist] YgoSecondHandLayoutPatch: AFTER holder.TargetPosition.Y = -745
[YgoDuelist] YgoSecondHandLayoutPatch: AFTER holder.Hitbox.Position.Y = -132
[YgoDuelist] YgoSecondHandLayoutPatch EXIT return false
[YgoLifecycle] StartCardPlay S8_StartCalled holderId=101737042122 model=Raigeki_Break index=7 inTree=True extra=
[YgoDuelist] StartCardPlay PREFIX: custom safe start path holderId=101737042122 index=4 isOption=True
[YgoDuelist] StartCardPlay POSTFIX: option holder - NMouseCardPlay created and Start() called
[YgoDuelist] FinishTargeting: blocking (no hovered target, option holder) - wait for enemy click or right-click to cancel
[YgoDuelist] YgoSecondHandLayoutPatch ENTER all=5 main=4 opts=1 FocusedHolderId=100931735706 FocusedIsOpt=True
[YgoDuelist]   opts[0] holderId=100931735706 model=Yellow_Luster_Shield
[YgoDuelist] YgoSecondHandLayoutPatch: AFTER holder.Position.Y = -745
[YgoDuelist] YgoSecondHandLayoutPatch: AFTER holder.TargetPosition.Y = -745
[YgoDuelist] YgoSecondHandLayoutPatch: AFTER holder.Hitbox.Position.Y = -132
[YgoDuelist] YgoSecondHandLayoutPatch EXIT return false
[YgoDuelist] YgoSecondHandLayoutPatch ENTER all=5 main=4 opts=1 FocusedHolderId=0 FocusedIsOpt=False
[YgoDuelist]   opts[0] holderId=100931735706 model=Yellow_Luster_Shield
[YgoDuelist] YgoSecondHandLayoutPatch: AFTER holder.Position.Y = -745
[YgoDuelist] YgoSecondHandLayoutPatch: AFTER holder.TargetPosition.Y = -745
[YgoDuelist] YgoSecondHandLayoutPatch: AFTER holder.Hitbox.Position.Y = -132
[YgoDuelist] YgoSecondHandLayoutPatch EXIT return false
[YgoLifecycle] MouseStartAsync M10_TargetSelectionCompleted holderId=101737042122 model=Raigeki_Break holderInTree=True selfInTree=True extra=targetMode=ClickMouseToTarget
[YgoLifecycle] MouseStartAsync M13_InvokeTryPlayCard holderId=101737042122 model=Raigeki_Break holderInTree=True selfInTree=True extra=
[YgoDuelist] TryPlayCard ENTER option holder TargetType=AnyEnemy target=CREATURE
[DEBUG] [ActionQueueSynchronizer] Sending message to client to enqueue action PlayCardAction card: CARD.YGODUELIST-RAIGEKI_BREAK (47044590) index: 11 targetid: 3 at 08:27:53
[DEBUG] [ActionQueueSynchronizer] Enqueueing action PlayCardAction card: CARD.YGODUELIST-RAIGEKI_BREAK (47044590) index: 11 targetid: 3 from owner 76561198345121322
[YgoDuelist][Queue][Defer] Skipping OnActionEnqueued until execute after confirm (pre_play_cancelable_grid, player 76561198345121322, card YGODUELIST-RAIGEKI_BREAK)
[DEBUG] [ActionQueueSet] Enqueueing action PlayCardAction card: CARD.YGODUELIST-RAIGEKI_BREAK (47044590) index: 11 targetid: 3 to player queue owned by 76561198345121322
[DEBUG] [ActionExecutor] Action queue changed, beginning ExecuteActions
[VERYDEBUG] [ActionQueueSet] Attempting to find ready action
[VERYDEBUG] [ActionQueueSet] Action PlayCardAction card: CARD.YGODUELIST-RAIGEKI_BREAK (47044590) index: 11 targetid: 3 with id 49 belonging to 76561198345121322 becomes new ready action
[VERYDEBUG] [ActionQueueSet] Queue for player 76561198136285041 is empty
[VERYDEBUG] [ActionQueueSet] Got ready action PlayCardAction card: CARD.YGODUELIST-RAIGEKI_BREAK (47044590) index: 11 targetid: 3 (49)
[DEBUG] [ActionExecutor] Executing action: PlayCardAction card: CARD.YGODUELIST-RAIGEKI_BREAK (47044590) index: 11 targetid: 3
[VERYDEBUG] [GameAction] Action PlayCardAction card: CARD.YGODUELIST-RAIGEKI_BREAK (47044590) index: 11 targetid: 3 began executing
[VERYDEBUG] [PlayerChoiceSynchronizer] Reserved choice id 2 for player 76561198345121322, next is 3
[YgoLifecycle] ReturnHolderToHand P1_EnterPrefix holderId=101737042122 model=Raigeki_Break inTree=True visible=True extra=
[YgoLifecycle] ReturnHolderToHand P5_ReparentStart holderId=101737042122 model=Raigeki_Break inTree=True visible=True extra=queued=4 clamped=4 childCount=5
[YgoLifecycle] ReturnHolderToHand P6_ReparentDone holderId=101737042122 model=Raigeki_Break inTree=True visible=True extra=
[YgoLifecycle] ReturnHolderToHand P9_ScheduleSyncFromOptionPile holderId=101737042122 model=Raigeki_Break inTree=True visible=True extra=
[YgoLifecycle] ReturnHolderToHand P10_ExitHandled holderId=101737042122 model=Raigeki_Break inTree=True visible=True extra=
[WARN] [BaseLib] GetRawText: Key 'YGO_ATTRIBUTE_WIND.title' not found in table 'static_hover_tips'
[WARN] [BaseLib] GetRawText: Key 'YGO_ATTRIBUTE_WIND.description' not found in table 'static_hover_tips'
[WARN] [BaseLib] GetRawText: Key 'YGO_RACE_WINGED_BEAST.title' not found in table 'static_hover_tips'
[WARN] [BaseLib] GetRawText: Key 'YGO_RACE_WINGED_BEAST.description' not found in table 'static_hover_tips'
[WARN] [BaseLib] GetRawText: Key 'YGO_ATTRIBUTE_FIRE.title' not found in table 'static_hover_tips'
[WARN] [BaseLib] GetRawText: Key 'YGO_ATTRIBUTE_FIRE.description' not found in table 'static_hover_tips'
[WARN] [BaseLib] GetRawText: Key 'YGO_RACE_PYRO.title' not found in table 'static_hover_tips'
[WARN] [BaseLib] GetRawText: Key 'YGO_RACE_PYRO.description' not found in table 'static_hover_tips'
[YgoLifecycle] StartCardPlay S5_FinishedSignal holderId=101737042122 model=Raigeki_Break index=4 inTree=True extra=success=True
[YgoLifecycle] StartCardPlay S6b_SuccessPathScrapDecision holderId=101737042122 model=Raigeki_Break index=4 inTree=True extra=shouldScrap=False
[YgoDuelist] YgoSecondHandLayoutPatch ENTER all=6 main=4 opts=2 FocusedHolderId=0 FocusedIsOpt=False
[YgoDuelist]   opts[0] holderId=101737042122 model=Raigeki_Break
[YgoDuelist]   opts[1] holderId=100931735706 model=Yellow_Luster_Shield
[YgoDuelist] YgoSecondHandLayoutPatch: AFTER holder.Position.Y = 37.927773
[YgoDuelist] YgoSecondHandLayoutPatch: AFTER holder.TargetPosition.Y = -745
[YgoDuelist] YgoSecondHandLayoutPatch: AFTER holder.Hitbox.Position.Y = -132
[YgoDuelist] YgoSecondHandLayoutPatch: AFTER holder.Position.Y = -745
[YgoDuelist] YgoSecondHandLayoutPatch: AFTER holder.TargetPosition.Y = -745
[YgoDuelist] YgoSecondHandLayoutPatch: AFTER holder.Hitbox.Position.Y = -132
[YgoDuelist] YgoSecondHandLayoutPatch EXIT return false
[YgoLifecycle] StartCardPlay S7_FinishedCleanupDone holderId=101737042122 model=Raigeki_Break index=4 inTree=True extra=
[DEBUG] [PlayerChoiceSynchronizer] Sending player choice id 2 for player 76561198345121322, result PlayerChoiceResult indexes 2
[INFO] Player 76561198345121322 chose cards [YGODUELIST-DEFEND_YGO_DUELIST]
[YgoDuelist] YgoSecondHandLayoutPatch ENTER all=5 main=3 opts=2 FocusedHolderId=0 FocusedIsOpt=False
[YgoDuelist]   opts[0] holderId=101737042122 model=Raigeki_Break
[YgoDuelist]   opts[1] holderId=100931735706 model=Yellow_Luster_Shield
[YgoDuelist] YgoSecondHandLayoutPatch: AFTER holder.Position.Y = -745
[YgoDuelist] YgoSecondHandLayoutPatch: AFTER holder.TargetPosition.Y = -745
[YgoDuelist] YgoSecondHandLayoutPatch: AFTER holder.Hitbox.Position.Y = -132
[YgoDuelist] YgoSecondHandLayoutPatch: AFTER holder.Position.Y = -745
[YgoDuelist] YgoSecondHandLayoutPatch: AFTER holder.TargetPosition.Y = -745
[YgoDuelist] YgoSecondHandLayoutPatch: AFTER holder.Hitbox.Position.Y = -132
[YgoDuelist] YgoSecondHandLayoutPatch EXIT return false
[INFO] [BaseLib] Looking for NCard in Custom Pile!
[INFO] [BaseLib] Looking for NCard in Custom Pile!
[VERYDEBUG] [GameAction] Action PlayCardAction card: CARD.YGODUELIST-RAIGEKI_BREAK (47044590) index: 11 targetid: 3 finished execution
[DEBUG] [ChecksumTracker] Generating checksum for context: after executing action PlayCardAction card: CARD.YGODUELIST-RAIGEKI_BREAK (47044590) index: 11 targetid: 3 action: PlayCardAction card: CARD.YGODUELIST-RAIGEKI_BREAK (47044590) index: 11 targetid: 3 id: 51
[YgoDuelist][MP][Checksum][fp] netId=76561198136285041 | pt=1 n=9:YGODUELIST-ARCANE_ARCHER_OF_THE_FOREST0bYgoDieForYouUserToggleOnFalseiPermanentAtkBonusFromExecutes01010000,20019,20043,YGODUELIST-DEFEND_YGO_DUELIST010,YGODUELIST-DEFEND_YGO_DUELIST010,YGODUELIST-OUTSTANDING_DOG_MARRON0bYgoDieForYouUserToggleOnFalseiPermanentAtkBonusFromExecutes01010004,20001,YGODUELIST-ROCKET_JUMPER0bYgoDieForYouUserToggleOnFalseiPermanentAtkBonusFromExecutes01010000,20015,20043,20045,YGODUELIST-SKELENGEL0bYgoDieForYouUserToggleOnFalseiPermanentAtkBonusFromExecutes01010004,20006,20041,YGODUELIST-STRIKE_YGO_DUELIST010,YGODUELIST-STRIKE_YGO_DUELIST010,YGODUELIST-TRAP_OF_BOARD_ERASER01010009,10011 | pt=2 n=2:YGODUELIST-DEFEND_YGO_DUELIST010,YGODUELIST-STRIKE_YGO_DUELIST010 | pt=3 n=0: | pt=4 n=0: | pt=5 n=0: | pt=932200512 n=0: | pt=932200513 n=0: | pt=932200514 n=0: | pt=932200515 n=1:YGODUELIST-HOURGLASS_OF_COURAGE0bYgoDieForYouUserToggleOnFalseiPermanentAtkBonusFromExecutes01010004,20006,20043 | pt=932200516 n=3:YGODUELIST-EARTH_EFFIGY0bYgoDieForYouUserToggleOnFalseiPermanentAtkBonusFromExecutes01010000,20015,20043,YGODUELIST-FIRE_SORCERER0bYgoDieForYouUserToggleOnFalseiPermanentAtkBonusFromExecutes01010002,20017,20041,20043,YGODUELIST-TOTAL_DEFENSE_SHOGUN0bYgoDieForYouUserToggleOnFalseiPermanentAtkBonusFromExecutes01010005,20019,20034,20043 | pt=932200517 n=4:YGODUELIST-BURNING_LAND01010009,20024,YGODUELIST-GAIA_POWER01010009,20027,YGODUELIST-OJAMA_TRIO01010009,10011,YGODUELIST-RECKLESS_GREED01010009,10011 | pt=932200518 n=0:
[YgoDuelist][MP][Checksum][fp] netId=76561198345121322 | pt=1 n=1:YGODUELIST-DEFEND_YGO_DUELIST010 | pt=2 n=3:YGODUELIST-FIRE_PRINCESS0bYgoDieForYouUserToggleOnFalseiPermanentAtkBonusFromExecutes01010002,20013,20043,YGODUELIST-KURAMA0bYgoDieForYouUserToggleOnFalseiPermanentAtkBonusFromExecutes01010003,20020,20043,YGODUELIST-STRIKE_YGO_DUELIST010 | pt=3 n=4:GREED0104,7,YGODUELIST-DEFEND_YGO_DUELIST010,YGODUELIST-STRIKE_YGO_DUELIST010,YGODUELIST-STRIKE_YGO_DUELIST010 | pt=4 n=0: | pt=5 n=0: | pt=932200512 n=0: | pt=932200513 n=1:YGODUELIST-THE_LAST_WARRIOR_FROM_ANOTHER_PLANET0bYgoDieForYouUserToggleOnFalseiPermanentAtkBonusFromExecutes0iSummonAbsorbPrintedDefBonus01010000,20019,20036,20043 | pt=932200514 n=0: | pt=932200515 n=3:YGODUELIST-DEFEND_YGO_DUELIST010,YGODUELIST-RAIGEKI_BREAK01010009,10011,20045,YGODUELIST-VERSAGO_THE_DESTROYER0bYgoDieForYouUserToggleOnFalseiPermanentAtkBonusFromExecutes01010005,20007,20043 | pt=932200516 n=2:YGODUELIST-QUEEN_S_DOUBLE0bYgoDieForYouUserToggleOnFalseiPermanentAtkBonusFromExecutes01010000,20019,20045,YGODUELIST-ZABORG_THE_THUNDER_MONARCH0bYgoDieForYouUserToggleOnFalseiPermanentAtkBonusFromExecutes01010004,20018,20034,20043 | pt=932200517 n=1:YGODUELIST-YELLOW_LUSTER_SHIELD01010009,20024 | pt=932200518 n=0:
[ERROR] State divergence detected! Checksum with ID 51 for client 76561198136285041 doesn't match host's!
Context: after executing action PlayCardAction card: CARD.YGODUELIST-RAIGEKI_BREAK (47044590) index: 11 targetid: 3. Local: 3566374650. Remote: 1027485692.
   at MegaCrit.Sts2.Core.Multiplayer.Game.ChecksumTracker.CompareChecksums(TrackedChecksum localChecksum, NetChecksumData remoteChecksum, UInt64 remoteId)
   at MegaCrit.Sts2.Core.Multiplayer.Game.ChecksumTracker.ObtainAndTrackChecksum(String context, GameAction action)
   at MegaCrit.Sts2.Core.Multiplayer.Game.ChecksumTracker.GenerateChecksum_Patch1(ChecksumTracker this, String context, GameAction action)
   at MegaCrit.Sts2.Core.Runs.RunManager.SendPostActionChecksum(GameAction action)
   at MegaCrit.Sts2.Core.GameActions.ActionExecutor.AfterActionFinished(GameAction action)
   at MegaCrit.Sts2.Core.GameActions.GameAction.Execute()
   at System.Runtime.CompilerServices.AsyncTaskMethodBuilder`1.AsyncStateMachineBox`1.ExecutionContextCallback(Object s)
   at System.Threading.ExecutionContext.RunInternal(ExecutionContext executionContext, ContextCallback callback, Object state)
   at System.Runtime.CompilerServices.AsyncTaskMethodBuilder`1.AsyncStateMachineBox`1.MoveNext(Thread threadPoolThread)
   at System.Runtime.CompilerServices.AsyncTaskMethodBuilder`1.AsyncStateMachineBox`1.MoveNext()
   at System.Threading.Tasks.AwaitTaskContinuation.RunCallback(ContextCallback callback, Object state, Task& currentTask)
   at System.Threading.Tasks.Task.RunContinuations(Object continuationObject)
   at MegaCrit.Sts2.Core.Helpers.TaskHelper.WhenAny(Task[] tasks)
   at System.Runtime.CompilerServices.AsyncTaskMethodBuilder`1.AsyncStateMachineBox`1.ExecutionContextCallback(Object s)
   at System.Threading.ExecutionContext.RunInternal(ExecutionContext executionContext, ContextCallback callback, Object state)
   at System.Runtime.CompilerServices.AsyncTaskMethodBuilder`1.AsyncStateMachineBox`1.MoveNext(Thread threadPoolThread)
   at System.Runtime.CompilerServices.AsyncTaskMethodBuilder`1.AsyncStateMachineBox`1.MoveNext()
   at System.Threading.Tasks.AwaitTaskContinuation.RunCallback(ContextCallback callback, Object state, Task& currentTask)
   at System.Threading.Tasks.Task.RunContinuations(Object continuationObject)
   at System.Threading.Tasks.Task`1.TrySetResult(TResult result)
   at System.Threading.Tasks.Task.TwoTaskWhenAnyPromise`1.Invoke(Task completingTask)
   at System.Threading.Tasks.Task.RunContinuations(Object continuationObject)
   at MegaCrit.Sts2.Core.Helpers.TaskHelper.LogTaskExceptions(Task task)
   at System.Threading.ExecutionContext.RunInternal(ExecutionContext executionContext, ContextCallback callback, Object state)
   at System.Threading.Tasks.AwaitTaskContinuation.RunCallback(ContextCallback callback, Object state, Task& currentTask)
   at System.Threading.Tasks.Task.RunContinuations(Object continuationObject)
   at System.Runtime.CompilerServices.AsyncTaskMethodBuilder.SetResult()
   at YgoDuelist.YgoDuelistCode.Patches.PlayCardActionPrePlayCancelableGridPatch.ExecuteWithPrePlayGridAsync(PlayCardAction action, CardModel card, IYgoPrePlayCancelableGridSelection preplay)
   at System.Runtime.CompilerServices.AsyncTaskMethodBuilder`1.AsyncStateMachineBox`1.ExecutionContextCallback(Object s)
   at System.Threading.ExecutionContext.RunInternal(ExecutionContext executionContext, ContextCallback callback, Object state)
   at System.Runtime.CompilerServices.AsyncTaskMethodBuilder`1.AsyncStateMachineBox`1.MoveNext(Thread threadPoolThread)
   at System.Runtime.CompilerServices.AsyncTaskMethodBuilder`1.AsyncStateMachineBox`1.MoveNext()
   at System.Threading.Tasks.AwaitTaskContinuation.RunCallback(ContextCallback callback, Object state, Task& currentTask)
   at System.Threading.Tasks.Task.RunContinuations(Object continuationObject)
   at System.Runtime.CompilerServices.AsyncTaskMethodBuilder.SetResult()
   at YgoDuelist.YgoDuelistCode.Patches.PlayCardActionPrePlayCancelableGridPatch.ExecuteVanillaPlayCardActionBody(PlayCardAction action)
   at System.Runtime.CompilerServices.AsyncTaskMethodBuilder`1.AsyncStateMachineBox`1.ExecutionContextCallback(Object s)
   at System.Threading.ExecutionContext.RunInternal(ExecutionContext executionContext, ContextCallback callback, Object state)
   at System.Runtime.CompilerServices.AsyncTaskMethodBuilder`1.AsyncStateMachineBox`1.MoveNext(Thread threadPoolThread)
   at System.Runtime.CompilerServices.AsyncTaskMethodBuilder`1.AsyncStateMachineBox`1.MoveNext()
   at System.Threading.Tasks.AwaitTaskContinuation.RunCallback(ContextCallback callback, Object state, Task& currentTask)
   at System.Threading.Tasks.Task.RunContinuations(Object continuationObject)
   at System.Runtime.CompilerServices.AsyncTaskMethodBuilder.SetResult()
   at MegaCrit.Sts2.Core.Models.CardModel.OnPlayWrapper(PlayerChoiceContext choiceContext, Creature target, Boolean isAutoPlay, ResourceInfo resources, Boolean skipCardPileVisuals)
   at System.Runtime.CompilerServices.AsyncTaskMethodBuilder`1.AsyncStateMachineBox`1.ExecutionContextCallback(Object s)
   at System.Threading.ExecutionContext.RunInternal(ExecutionContext executionContext, ContextCallback callback, Object state)
   at System.Runtime.CompilerServices.AsyncTaskMethodBuilder`1.AsyncStateMachineBox`1.MoveNext(Thread threadPoolThread)
   at System.Runtime.CompilerServices.AsyncTaskMethodBuilder`1.AsyncStateMachineBox`1.MoveNext()
   at System.Threading.Tasks.AwaitTaskContinuation.RunCallback(ContextCallback callback, Object state, Task& currentTask)
   at System.Threading.Tasks.Task.RunContinuations(Object continuationObject)
   at System.Runtime.CompilerServices.AsyncTaskMethodBuilder.SetResult()
   at YgoDuelist.YgoDuelistCode.Cards.Core.BaseTrapCard.OnPlay(PlayerChoiceContext choiceContext, CardPlay cardPlay)
   at System.Runtime.CompilerServices.AsyncTaskMethodBuilder`1.AsyncStateMachineBox`1.ExecutionContextCallback(Object s)
   at System.Threading.ExecutionContext.RunInternal(ExecutionContext executionContext, ContextCallback callback, Object state)
   at System.Runtime.CompilerServices.AsyncTaskMethodBuilder`1.AsyncStateMachineBox`1.MoveNext(Thread threadPoolThread)
   at System.Runtime.CompilerServices.AsyncTaskMethodBuilder`1.AsyncStateMachineBox`1.MoveNext()
   at System.Threading.Tasks.AwaitTaskContinuation.RunCallback(ContextCallback callback, Object state, Task& currentTask)
   at System.Threading.Tasks.Task.RunContinuations(Object continuationObject)
   at System.Runtime.CompilerServices.AsyncTaskMethodBuilder.SetResult()
   at YgoDuelist.YgoDuelistCode.Cards.Trap.Todo.Normal.Raigeki_Break.OnTrapPlay(PlayerChoiceContext choiceContext, CardPlay cardPlay)
   at System.Runtime.CompilerServices.AsyncTaskMethodBuilder`1.AsyncStateMachineBox`1.ExecutionContextCallback(Object s)
   at System.Threading.ExecutionContext.RunInternal(ExecutionContext executionContext, ContextCallback callback, Object state)
   at System.Runtime.CompilerServices.AsyncTaskMethodBuilder`1.AsyncStateMachineBox`1.MoveNext(Thread threadPoolThread)
   at System.Runtime.CompilerServices.AsyncTaskMethodBuilder`1.AsyncStateMachineBox`1.MoveNext()
   at System.Threading.Tasks.AwaitTaskContinuation.RunCallback(ContextCallback callback, Object state, Task& currentTask)
   at System.Threading.Tasks.Task.RunContinuations(Object continuationObject)
   at MegaCrit.Sts2.Core.Commands.PowerCmd.Apply[T](Creature target, Decimal amount, Creature applier, CardModel cardSource, Boolean silent)
   at System.Runtime.CompilerServices.AsyncTaskMethodBuilder`1.AsyncStateMachineBox`1.ExecutionContextCallback(Object s)
   at System.Threading.ExecutionContext.RunInternal(ExecutionContext executionContext, ContextCallback callback, Object state)
   at System.Runtime.CompilerServices.AsyncTaskMethodBuilder`1.AsyncStateMachineBox`1.MoveNext(Thread threadPoolThread)
   at System.Runtime.CompilerServices.AsyncTaskMethodBuilder`1.AsyncStateMachineBox`1.MoveNext()
   at System.Threading.Tasks.AwaitTaskContinuation.RunCallback(ContextCallback callback, Object state, Task& currentTask)
   at System.Threading.Tasks.Task.RunContinuations(Object continuationObject)
   at BaseLib.Patches.Utils.SelfApplyDebuffPatch.WrappedApplyTask(Task originalTask, PowerModel power, Creature target, Creature applier, CardModel cardSource)
   at System.Runtime.CompilerServices.AsyncTaskMethodBuilder`1.AsyncStateMachineBox`1.ExecutionContextCallback(Object s)
   at System.Threading.ExecutionContext.RunInternal(ExecutionContext executionContext, ContextCallback callback, Object state)
   at System.Runtime.CompilerServices.AsyncTaskMethodBuilder`1.AsyncStateMachineBox`1.MoveNext(Thread threadPoolThread)
   at System.Runtime.CompilerServices.AsyncTaskMethodBuilder`1.AsyncStateMachineBox`1.MoveNext()
   at System.Threading.Tasks.AwaitTaskContinuation.RunCallback(ContextCallback callback, Object state, Task& currentTask)
   at System.Threading.Tasks.Task.RunContinuations(Object continuationObject)
   at MegaCrit.Sts2.Core.Commands.PowerCmd.Apply(PowerModel power, Creature target, Decimal amount, Creature applier, CardModel cardSource, Boolean silent)
   at System.Runtime.CompilerServices.AsyncTaskMethodBuilder`1.AsyncStateMachineBox`1.ExecutionContextCallback(Object s)
   at System.Threading.ExecutionContext.RunInternal(ExecutionContext executionContext, ContextCallback callback, Object state)
   at System.Runtime.CompilerServices.AsyncTaskMethodBuilder`1.AsyncStateMachineBox`1.MoveNext(Thread threadPoolThread)
   at System.Runtime.CompilerServices.AsyncTaskMethodBuilder`1.AsyncStateMachineBox`1.MoveNext()
   at System.Threading.Tasks.AwaitTaskContinuation.RunCallback(ContextCallback callback, Object state, Task& currentTask)
   at System.Threading.Tasks.Task.RunContinuations(Object continuationObject)
   at MegaCrit.Sts2.Core.Commands.Cmd.CustomScaledWait(Single fastSeconds, Single standardSeconds, Boolean ignoreCombatEnd, CancellationToken cancellationToken)
   at System.Threading.ExecutionContext.RunInternal(ExecutionContext executionContext, ContextCallback callback, Object state)
   at System.Runtime.CompilerServices.AsyncTaskMethodBuilder`1.AsyncStateMachineBox`1.MoveNext(Thread threadPoolThread)
   at System.Threading.Tasks.AwaitTaskContinuation.RunCallback(ContextCallback callback, Object state, Task& currentTask)
   at System.Threading.Tasks.Task.RunContinuations(Object continuationObject)
   at MegaCrit.Sts2.Core.Commands.Cmd.Wait(Single seconds, CancellationToken cancelToken, Boolean ignoreCombatEnd)
   at System.Threading.ExecutionContext.RunInternal(ExecutionContext executionContext, ContextCallback callback, Object state)
   at System.Runtime.CompilerServices.AsyncTaskMethodBuilder`1.AsyncStateMachineBox`1.MoveNext(Thread threadPoolThread)
   at System.Threading.Tasks.AwaitTaskContinuation.RunCallback(ContextCallback callback, Object state, Task& currentTask)
   at System.Threading.Tasks.Task.RunContinuations(Object continuationObject)
   at System.Threading.Tasks.Task.TrySetResult()
   at MegaCrit.Sts2.Core.Commands.Cmd.<>c__DisplayClass2_0.<WaitInternal>g__Receive|0()
   at Godot.Callable.<From>g__Trampoline|1_0(Object delegateObj, NativeVariantPtrArgs args, godot_variant& ret)
   at Godot.DelegateUtils.InvokeWithVariantArgs(IntPtr delegateGCHandle, Void* trampoline, godot_variant** args, Int32 argc, godot_variant* outRet)

[WARN] Warning: Packet writer is growing from 1024 bytes to 2048 bytes!
[YgoDuelist] OnSecondHandCardsChanged ENTER player=49413123 cardsCount=1
[YgoDuelist]   cards[0]=Yellow_Luster_Shield id=42834526
[YgoDuelist] RebuildForPlayer START handId=2525910549030 cardsCount=1
[YgoDuelist] TearDownSecondHandRow REMOVING 2 holders
[YgoDuelist] YgoSecondHandLayoutPatch ENTER all=4 main=3 opts=1 FocusedHolderId=0 FocusedIsOpt=False
[YgoDuelist]   opts[0] holderId=100931735706 model=Yellow_Luster_Shield
[YgoDuelist] YgoSecondHandLayoutPatch: AFTER holder.Position.Y = -745
[YgoDuelist] YgoSecondHandLayoutPatch: AFTER holder.TargetPosition.Y = -745
[YgoDuelist] YgoSecondHandLayoutPatch: AFTER holder.Hitbox.Position.Y = -132
[YgoDuelist] YgoSecondHandLayoutPatch EXIT return false
[YgoDuelist] YgoSecondHandLayoutPatch ENTER all=3 main=3 opts=0 FocusedHolderId=0 FocusedIsOpt=False
[YgoDuelist] YgoSecondHandLayoutPatch EXIT return false
[YgoDuelist] RebuildForPlayer ADDING 1 holders
[YgoDuelist]   add[0] CREATE holderId=101065953442 model=Yellow_Luster_Shield
[YgoDuelist] RegisterOptionHolder ENTER handId=2525910549030 holderId=101065953442 index=-1 handChildCountBefore=7
[YgoDuelist] YgoSecondHandLayoutPatch ENTER all=4 main=3 opts=1 FocusedHolderId=0 FocusedIsOpt=False
[YgoDuelist]   opts[0] holderId=101065953442 model=?
[YgoDuelist] YgoSecondHandLayoutPatch: AFTER holder.Position.Y = -745
[YgoDuelist] YgoSecondHandLayoutPatch: AFTER holder.TargetPosition.Y = -745
[YgoDuelist] YgoSecondHandLayoutPatch: AFTER holder.Hitbox.Position.Y = -132
[YgoDuelist] YgoSecondHandLayoutPatch EXIT return false
[YgoDuelist] RegisterOptionHolder EXIT handId=2525910549030 holderId=101065953442 handChildCountAfter=7 holderIsInsideTree=True
[YgoDuelist]   add[0] after RegisterOptionHolder holderId=101065953442 IsInsideTree=True ChildCount=7
[WARN] [BaseLib] GetRawText: Key 'YGO_RACE_SPELL_CONTINUOUS.title' not found in table 'static_hover_tips'
[WARN] [BaseLib] GetRawText: Key 'YGO_RACE_SPELL_CONTINUOUS.description' not found in table 'static_hover_tips'
[YgoDuelist]   add[0] after Initialize holderId=101065953442 CardNode=94120185667 CardModel=Yellow_Luster_Shield
[YgoDuelist] RebuildForPlayer END totalHolders=1 handActiveHoldersCount=4
[YgoDuelist] OnSecondHandCardsChanged EXIT RebuildForPlayer done
[DEBUG] [ActionExecutor] Completed execution of action PlayCardAction card: CARD.YGODUELIST-RAIGEKI_BREAK (47044590) index: 11 targetid: 3, attempting to find new action
[VERYDEBUG] [ActionQueueSet] Attempting to find ready action
[VERYDEBUG] [ActionQueueSet] Queue for player 76561198345121322 is empty
[VERYDEBUG] [ActionQueueSet] Queue for player 76561198136285041 is empty
[VERYDEBUG] [ActionQueueSet] No action is ready
[INFO] [NetMessageBus] Received message MegaCrit.Sts2.Core.Multiplayer.Messages.Game.Checksums.StateDivergenceMessage, sending to 1 handlers
[ERROR] State divergence message received for player 76561198136285041 checksum ID 51! (We are Host 76561198345121322)
Context: after executing action PlayCardAction card: CARD.YGODUELIST-RAIGEKI_BREAK (47044590) index: 11 targetid: 3. Local: 3566374650. Remote: 1027485692.
LOCAL STATE DUMP
Choice IDs: 
Last executed action ID: 49
Last executed hook ID: 
Creature with monster ID:  player ID: 76561198136285041
	Current HP: 64 Max HP: 80 Block: 20 Power count: 1
	Power POWER.YGODUELIST-BURNING_LAND_FIELD_POWER Amount: 1
Creature with monster ID:  player ID: 76561198345121322
	Current HP: 64 Max HP: 80 Block: 0 Power count: 0
Creature with monster ID: MONSTER.DUEL_MONSTER_MODEL player ID: 
	Current HP: 0 Max HP: 6 Block: 0 Power count: 0
Creature with monster ID: MONSTER.DUEL_MONSTER_MODEL player ID: 
	Current HP: 0 Max HP: 7 Block: 0 Power count: 0
Creature with monster ID: MONSTER.DUEL_MONSTER_MODEL player ID: 
	Current HP: 10 Max HP: 12 Block: 0 Power count: 1
	Power POWER.YGODUELIST-DEFENSE_POSITION_POWER Amount: 1
Creature with monster ID: MONSTER.DUEL_MONSTER_MODEL player ID: 
	Current HP: 3 Max HP: 3 Block: 0 Power count: 1
	Power POWER.YGODUELIST-DEFENSE_POSITION_POWER Amount: 1
Creature with monster ID: MONSTER.DUEL_MONSTER_MODEL player ID: 
	Current HP: 5 Max HP: 7 Block: 0 Power count: 3
	Power POWER.YGODUELIST-ATTACK_POSITION_POWER Amount: 1
	Power POWER.YGODUELIST-FATIGUE_POWER Amount: 1
	Power POWER.YGODUELIST-STIFF_POWER Amount: 1
Creature with monster ID: MONSTER.DUEL_MONSTER_MODEL player ID: 
	Current HP: 6 Max HP: 7 Block: 0 Power count: 4
	Power POWER.YGODUELIST-DEFENSE_POSITION_POWER Amount: 1
	Power POWER.YGODUELIST-FACE_DOWN_STANCE_POWER Amount: 1
	Power POWER.YGODUELIST-FATIGUE_POWER Amount: 1
	Power POWER.YGODUELIST-STIFF_POWER Amount: 1
Creature with monster ID: MONSTER.DUEL_MONSTER_MODEL player ID: 
	Current HP: 9 Max HP: 10 Block: 0 Power count: 3
	Power POWER.YGODUELIST-ATTACK_POSITION_POWER Amount: 1
	Power POWER.YGODUELIST-FATIGUE_POWER Amount: 1
	Power POWER.YGODUELIST-STIFF_POWER Amount: 1
Creature with monster ID: MONSTER.TOADPOLE player ID: 
	Current HP: 18 Max HP: 48 Block: 0 Power count: 1
	Power POWER.YGODUELIST-BLIGHT_POWER Amount: 16
Creature with monster ID: MONSTER.TOADPOLE player ID: 
	Current HP: 32 Max HP: 48 Block: 0 Power count: 1
	Power POWER.YGODUELIST-BLIGHT_POWER Amount: 10
Player with ID: 76561198136285041 Character: CHARACTER.YGODUELIST-YGO_DUELIST
	 Energy: 1 Stars: 0 Max Stars: 0 Max Potions: 2 Gold: 0
	Pile Count: 12 Potion Count: 0 Relic Count: 6 Orb Count: 0
	Pile Draw
		Serialized card: SerializableCard CARD.YGODUELIST-ARCANE_ARCHER_OF_THE_FOREST. Upgrades: 0 Enchantment:  Props: PermanentAtkBonusFromExecutes=0,YgoDieForYouUserToggleOn=False Floor: 1
			Keywords: 10000,20019,20043
		Serialized card: SerializableCard CARD.YGODUELIST-DEFEND_YGO_DUELIST. Upgrades: 0 Enchantment:  Props:  Floor: 1
		Serialized card: SerializableCard CARD.YGODUELIST-DEFEND_YGO_DUELIST. Upgrades: 0 Enchantment:  Props:  Floor: 1
		Serialized card: SerializableCard CARD.YGODUELIST-OUTSTANDING_DOG_MARRON. Upgrades: 0 Enchantment:  Props: PermanentAtkBonusFromExecutes=0,YgoDieForYouUserToggleOn=False Floor: 1
			Keywords: 10004,20001
		Serialized card: SerializableCard CARD.YGODUELIST-ROCKET_JUMPER. Upgrades: 0 Enchantment:  Props: PermanentAtkBonusFromExecutes=0,YgoDieForYouUserToggleOn=False Floor: 1
			Keywords: 10000,20015,20043,20045
		Serialized card: SerializableCard CARD.YGODUELIST-SKELENGEL. Upgrades: 0 Enchantment:  Props: PermanentAtkBonusFromExecutes=0,YgoDieForYouUserToggleOn=False Floor: 1
			Keywords: 10004,20006,20041
		Serialized card: SerializableCard CARD.YGODUELIST-STRIKE_YGO_DUELIST. Upgrades: 0 Enchantment:  Props:  Floor: 1
		Serialized card: SerializableCard CARD.YGODUELIST-STRIKE_YGO_DUELIST. Upgrades: 0 Enchantment:  Props:  Floor: 1
		Serialized card: SerializableCard CARD.YGODUELIST-TRAP_OF_BOARD_ERASER. Upgrades: 0 Enchantment:  Props:  Floor: 1
			Keywords: 10009,10011
	Pile Hand
		Serialized card: SerializableCard CARD.YGODUELIST-DEFEND_YGO_DUELIST. Upgrades: 0 Enchantment:  Props:  Floor: 1
		Serialized card: SerializableCard CARD.YGODUELIST-STRIKE_YGO_DUELIST. Upgrades: 0 Enchantment:  Props:  Floor: 1
	Pile Discard
	Pile Exhaust
	Pile Play
	Pile 932200512
	Pile 932200513
	Pile 932200514
	Pile 932200515
		Serialized card: SerializableCard CARD.YGODUELIST-HOURGLASS_OF_COURAGE. Upgrades: 0 Enchantment:  Props: PermanentAtkBonusFromExecutes=0,YgoDieForYouUserToggleOn=False Floor: 1
			Keywords: 10004,20006,20043
	Pile 932200516
		Serialized card: SerializableCard CARD.YGODUELIST-EARTH_EFFIGY. Upgrades: 0 Enchantment:  Props: PermanentAtkBonusFromExecutes=0,YgoDieForYouUserToggleOn=False Floor: 1
			Keywords: 10000,20015,20043
		Serialized card: SerializableCard CARD.YGODUELIST-FIRE_SORCERER. Upgrades: 0 Enchantment:  Props: PermanentAtkBonusFromExecutes=0,YgoDieForYouUserToggleOn=False Floor: 1
			Keywords: 10002,20017,20041,20043
		Serialized card: SerializableCard CARD.YGODUELIST-TOTAL_DEFENSE_SHOGUN. Upgrades: 0 Enchantment:  Props: PermanentAtkBonusFromExecutes=0,YgoDieForYouUserToggleOn=False Floor: 1
			Keywords: 10005,20019,20034,20043
	Pile 932200517
		Serialized card: SerializableCard CARD.YGODUELIST-BURNING_LAND. Upgrades: 0 Enchantment:  Props:  Floor: 1
			Keywords: 10009,20024
		Serialized card: SerializableCard CARD.YGODUELIST-GAIA_POWER. Upgrades: 0 Enchantment:  Props:  Floor: 1
			Keywords: 10009,20027
		Serialized card: SerializableCard CARD.YGODUELIST-OJAMA_TRIO. Upgrades: 0 Enchantment:  Props:  Floor: 1
			Keywords: 10009,10011
		Serialized card: SerializableCard CARD.YGODUELIST-RECKLESS_GREED. Upgrades: 0 Enchantment:  Props:  Floor: 1
			Keywords: 10009,10011
	Pile 932200518
	Relic RELIC.SCROLL_BOXES Props:  Floor added: 1
	Relic RELIC.YGODUELIST-BANISHED_RELIC Props:  Floor added: 1
	Relic RELIC.YGODUELIST-EXTRA_DECK_RELIC Props:  Floor added: 1
	Relic RELIC.YGODUELIST-GRAVEYARD_RELIC Props:  Floor added: 1
	Relic RELIC.YGODUELIST-SPELL_TRAP_ZONE_RELIC Props:  Floor added: 1
	Relic RELIC.YGODUELIST-TRUNK_SIDE_DECK_RELIC Props:  Floor added: 1
Player RNG seed: 2712180991
	RNG counter Rewards: 6
	RNG counter Shops: 0
	RNG counter Transformations: 0
Player Odds:
	Card rarity:-0.05
	Potion reward:0.4
Player relic grab bag:
	Rarity Uncommon: KUSARIGAMA,SPARKLING_ROUGE,BELLOWS,ORNAMENTAL_FAN,AKABEKO,PETRIFIED_TOAD,STONE_CRACKER,NUNCHAKU,REPTILE_TRINKET,HORN_CLEAT,ETERNAL_FEATHER,PANTOGRAPH,MERCURY_HOURGLASS,PEN_NIB,JOSS_PAPER,VAMBRACE,CANDELABRA,LETTER_OPENER,PARRYING_SHIELD,PEAR,RED_MASK,MINIATURE_CANNON,BAG_OF_MARBLES,RIPPLE_BASIN,PLANISPHERE,GREMLIN_HORN,LUCKY_FYSH,ORICHALCUM,BOWLER_HAT,TUNING_FORK
	Rarity Common: PENDULUM,BAG_OF_PREPARATION,JUZU_BRACELET,BOOK_OF_FIVE_RINGS,PERMAFROST,HAPPY_FLOWER,REGAL_PILLOW,VENERABLE_TEA_SET,LANTERN,BRONZE_SCALES,TINY_MAILBOX,STRAWBERRY,ODDLY_SMOOTH_STONE,AMETHYST_AUBERGINE,WHETSTONE,MEAL_TICKET,POTION_BELT,BLOOD_VIAL,VAJRA,GORGET,WAR_PAINT,FESTIVE_POPPER,STRIKE_DUMMY,ANCHOR,CENTENNIAL_PUZZLE
	Rarity Rare: THE_COURIER,OLD_COIN,WHITE_BEAST_STATUE,UNSETTLING_LAMP,RAINBOW_RING,POCKETWATCH,CLOAK_CLASP,INTIMIDATING_HELMET,PRAYER_WHEEL,WHITE_STAR,ART_OF_WAR,MANGO,ICE_CREAM,FROZEN_EGG,SHOVEL,UNCEASING_TOP,MUMMIFIED_HAND,TOXIC_EGG,MEAT_ON_THE_BONE,MOLTEN_EGG,VEXING_PUZZLEBOX,LIZARD_TAIL,CHANDELIER,GAMBLING_CHIP,GIRYA,SHURIKEN,KUNAI,RAZOR_TOOTH,GAME_PIECE,STONE_CALENDAR,CAPTAINS_WHEEL,TUNGSTEN_ROD,STURDY_CLAMP,BEATING_REMNANT,LASTING_CANDY
	Rarity Shop: MYSTIC_LIGHTER,GNARLED_HAMMER,WING_CHARM,DRAGON_FRUIT,LAVA_LAMP,THE_ABACUS,ORRERY,DINGY_RUG,GHOST_SEED,DOLLYS_MIRROR,MEMBERSHIP_CARD,ROYAL_STAMP,CHEMICAL_X,LEES_WAFFLE,CAULDRON,BREAD,PUNCH_DAGGER,RINGING_TRIANGLE,SLING_OF_COURAGE,SCREAMING_FLAGON,BURNING_STICKS,KIFUDA,MINIATURE_TENT,BELT_BUCKLE,TOOLBOX
Player with ID: 76561198345121322 Character: CHARACTER.YGODUELIST-YGO_DUELIST
	 Energy: 0 Stars: 0 Max Stars: 0 Max Potions: 2 Gold: 432
	Pile Count: 12 Potion Count: 0 Relic Count: 6 Orb Count: 0
	Pile Draw
		Serialized card: SerializableCard CARD.YGODUELIST-DEFEND_YGO_DUELIST. Upgrades: 0 Enchantment:  Props:  Floor: 1
	Pile Hand
		Serialized card: SerializableCard CARD.YGODUELIST-FIRE_PRINCESS. Upgrades: 0 Enchantment:  Props: PermanentAtkBonusFromExecutes=0,YgoDieForYouUserToggleOn=False Floor: 1
			Keywords: 10002,20013,20043
		Serialized card: SerializableCard CARD.YGODUELIST-KURAMA. Upgrades: 0 Enchantment:  Props: PermanentAtkBonusFromExecutes=0,YgoDieForYouUserToggleOn=False Floor: 1
			Keywords: 10003,20020,20043
		Serialized card: SerializableCard CARD.YGODUELIST-STRIKE_YGO_DUELIST. Upgrades: 0 Enchantment:  Props:  Floor: 1
	Pile Discard
		Serialized card: SerializableCard CARD.GREED. Upgrades: 0 Enchantment:  Props:  Floor: 1
			Keywords: Unplayable,Eternal
		Serialized card: SerializableCard CARD.YGODUELIST-DEFEND_YGO_DUELIST. Upgrades: 0 Enchantment:  Props:  Floor: 1
		Serialized card: SerializableCard CARD.YGODUELIST-STRIKE_YGO_DUELIST. Upgrades: 0 Enchantment:  Props:  Floor: 1
		Serialized card: SerializableCard CARD.YGODUELIST-STRIKE_YGO_DUELIST. Upgrades: 0 Enchantment:  Props:  Floor: 1
	Pile Exhaust
	Pile Play
	Pile 932200512
	Pile 932200513
		Serialized card: SerializableCard CARD.YGODUELIST-THE_LAST_WARRIOR_FROM_ANOTHER_PLANET. Upgrades: 0 Enchantment:  Props: PermanentAtkBonusFromExecutes=0,SummonAbsorbPrintedDefBonus=0,YgoDieForYouUserToggleOn=False Floor: 1
			Keywords: 10000,20019,20036,20043
	Pile 932200514
	Pile 932200515
		Serialized card: SerializableCard CARD.YGODUELIST-DEFEND_YGO_DUELIST. Upgrades: 0 Enchantment:  Props:  Floor: 1
		Serialized card: SerializableCard CARD.YGODUELIST-RAIGEKI_BREAK. Upgrades: 0 Enchantment:  Props:  Floor: 1
			Keywords: 10009,10011,20045
		Serialized card: SerializableCard CARD.YGODUELIST-VERSAGO_THE_DESTROYER. Upgrades: 0 Enchantment:  Props: PermanentAtkBonusFromExecutes=0,YgoDieForYouUserToggleOn=False Floor: 1
			Keywords: 10005,20007,20043
	Pile 932200516
		Serialized card: SerializableCard CARD.YGODUELIST-QUEEN_S_DOUBLE. Upgrades: 0 Enchantment:  Props: PermanentAtkBonusFromExecutes=0,YgoDieForYouUserToggleOn=False Floor: 1
			Keywords: 10000,20019,20045
		Serialized card: SerializableCard CARD.YGODUELIST-ZABORG_THE_THUNDER_MONARCH. Upgrades: 0 Enchantment:  Props: PermanentAtkBonusFromExecutes=0,YgoDieForYouUserToggleOn=False Floor: 1
			Keywords: 10004,20018,20034,20043
	Pile 932200517
		Serialized card: SerializableCard CARD.YGODUELIST-YELLOW_LUSTER_SHIELD. Upgrades: 0 Enchantment:  Props:  Floor: 1
			Keywords: 10009,20024
	Pile 932200518
	Relic RELIC.CURSED_PEARL Props:  Floor added: 1
	Relic RELIC.YGODUELIST-BANISHED_RELIC Props:  Floor added: 1
	Relic RELIC.YGODUELIST-EXTRA_DECK_RELIC Props:  Floor added: 1
	Relic RELIC.YGODUELIST-GRAVEYARD_RELIC Props:  Floor added: 1
	Relic RELIC.YGODUELIST-SPELL_TRAP_ZONE_RELIC Props:  Floor added: 1
	Relic RELIC.YGODUELIST-TRUNK_SIDE_DECK_RELIC Props:  Floor added: 1
Player RNG seed: 2921017272
	RNG counter Rewards: 0
	RNG counter Shops: 0
	RNG counter Transformations: 0
Player Odds:
	Card rarity:-0.05
	Potion reward:0.4
Player relic grab bag:
	Rarity Uncommon: VAMBRACE,SPARKLING_ROUGE,ETERNAL_FEATHER,BELLOWS,STONE_CRACKER,TUNING_FORK,PANTOGRAPH,MINIATURE_CANNON,ORICHALCUM,PEAR,MERCURY_HOURGLASS,LETTER_OPENER,BAG_OF_MARBLES,HORN_CLEAT,NUNCHAKU,GREMLIN_HORN,ORNAMENTAL_FAN,AKABEKO,CANDELABRA,RIPPLE_BASIN,PETRIFIED_TOAD,REPTILE_TRINKET,PEN_NIB,PLANISPHERE,LUCKY_FYSH,BOWLER_HAT,PARRYING_SHIELD,RED_MASK,JOSS_PAPER,KUSARIGAMA
	Rarity Common: LANTERN,VENERABLE_TEA_SET,GORGET,STRIKE_DUMMY,PERMAFROST,BAG_OF_PREPARATION,PENDULUM,FESTIVE_POPPER,ANCHOR,POTION_BELT,VAJRA,JUZU_BRACELET,CENTENNIAL_PUZZLE,AMETHYST_AUBERGINE,TINY_MAILBOX,WAR_PAINT,WHETSTONE,BOOK_OF_FIVE_RINGS,ODDLY_SMOOTH_STONE,HAPPY_FLOWER,STRAWBERRY,MEAL_TICKET,BRONZE_SCALES,BLOOD_VIAL,REGAL_PILLOW
	Rarity Rare: ART_OF_WAR,BEATING_REMNANT,MEAT_ON_THE_BONE,GAME_PIECE,TUNGSTEN_ROD,KUNAI,OLD_COIN,CHANDELIER,GIRYA,GAMBLING_CHIP,STONE_CALENDAR,STURDY_CLAMP,UNSETTLING_LAMP,SHURIKEN,MANGO,MUMMIFIED_HAND,FROZEN_EGG,RAZOR_TOOTH,LASTING_CANDY,THE_COURIER,CAPTAINS_WHEEL,LIZARD_TAIL,RAINBOW_RING,ICE_CREAM,VEXING_PUZZLEBOX,CLOAK_CLASP,POCKETWATCH,TOXIC_EGG,UNCEASING_TOP,MOLTEN_EGG,WHITE_STAR,INTIMIDATING_HELMET,PRAYER_WHEEL,SHOVEL,WHITE_BEAST_STATUE
	Rarity Shop: RINGING_TRIANGLE,ROYAL_STAMP,THE_ABACUS,GNARLED_HAMMER,MEMBERSHIP_CARD,CAULDRON,ORRERY,PUNCH_DAGGER,LAVA_LAMP,WING_CHARM,SLING_OF_COURAGE,LEES_WAFFLE,DOLLYS_MIRROR,BURNING_STICKS,BREAD,DINGY_RUG,TOOLBOX,BELT_BUCKLE,DRAGON_FRUIT,MINIATURE_TENT,KIFUDA,GHOST_SEED,SCREAMING_FLAGON,CHEMICAL_X,MYSTIC_LIGHTER
RNG global seed: EEA5XJP2Q3
	RNG counter UpFront: 511
	RNG counter Shuffle: 46
	RNG counter UnknownMapPoint: 0
	RNG counter CombatCardGeneration: 0
	RNG counter CombatPotionGeneration: 0
	RNG counter CombatCardSelection: 0
	RNG counter CombatEnergyCosts: 0
	RNG counter CombatTargets: 0
	RNG counter MonsterAi: 0
	RNG counter Niche: 2
	RNG counter CombatOrbs: 0
	RNG counter TreasureRoomRelics: 0

REMOTE STATE DUMP
Choice IDs: 
Last executed action ID: 49
Last executed hook ID: 
Creature with monster ID:  player ID: 76561198136285041
	Current HP: 64 Max HP: 80 Block: 20 Power count: 1
	Power POWER.YGODUELIST-BURNING_LAND_FIELD_POWER Amount: 1
Creature with monster ID:  player ID: 76561198345121322
	Current HP: 64 Max HP: 80 Block: 0 Power count: 0
Creature with monster ID: MONSTER.DUEL_MONSTER_MODEL player ID: 
	Current HP: 0 Max HP: 6 Block: 0 Power count: 0
Creature with monster ID: MONSTER.DUEL_MONSTER_MODEL player ID: 
	Current HP: 0 Max HP: 7 Block: 0 Power count: 0
Creature with monster ID: MONSTER.DUEL_MONSTER_MODEL player ID: 
	Current HP: 10 Max HP: 12 Block: 0 Power count: 1
	Power POWER.YGODUELIST-DEFENSE_POSITION_POWER Amount: 1
Creature with monster ID: MONSTER.DUEL_MONSTER_MODEL player ID: 
	Current HP: 3 Max HP: 3 Block: 0 Power count: 1
	Power POWER.YGODUELIST-DEFENSE_POSITION_POWER Amount: 1
Creature with monster ID: MONSTER.DUEL_MONSTER_MODEL player ID: 
	Current HP: 5 Max HP: 7 Block: 0 Power count: 3
	Power POWER.YGODUELIST-ATTACK_POSITION_POWER Amount: 1
	Power POWER.YGODUELIST-FATIGUE_POWER Amount: 1
	Power POWER.YGODUELIST-STIFF_POWER Amount: 1
Creature with monster ID: MONSTER.DUEL_MONSTER_MODEL player ID: 
	Current HP: 6 Max HP: 7 Block: 0 Power count: 4
	Power POWER.YGODUELIST-DEFENSE_POSITION_POWER Amount: 1
	Power POWER.YGODUELIST-FACE_DOWN_STANCE_POWER Amount: 1
	Power POWER.YGODUELIST-FATIGUE_POWER Amount: 1
	Power POWER.YGODUELIST-STIFF_POWER Amount: 1
Creature with monster ID: MONSTER.DUEL_MONSTER_MODEL player ID: 
	Current HP: 9 Max HP: 10 Block: 0 Power count: 3
	Power POWER.YGODUELIST-ATTACK_POSITION_POWER Amount: 1
	Power POWER.YGODUELIST-FATIGUE_POWER Amount: 1
	Power POWER.YGODUELIST-STIFF_POWER Amount: 1
Creature with monster ID: MONSTER.TOADPOLE player ID: 
	Current HP: 18 Max HP: 48 Block: 0 Power count: 1
	Power POWER.YGODUELIST-BLIGHT_POWER Amount: 16
Creature with monster ID: MONSTER.TOADPOLE player ID: 
	Current HP: 32 Max HP: 48 Block: 0 Power count: 0
Player with ID: 76561198136285041 Character: CHARACTER.YGODUELIST-YGO_DUELIST
	 Energy: 1 Stars: 0 Max Stars: 0 Max Potions: 2 Gold: 0
	Pile Count: 12 Potion Count: 0 Relic Count: 6 Orb Count: 0
	Pile Draw
		Serialized card: SerializableCard CARD.YGODUELIST-ARCANE_ARCHER_OF_THE_FOREST. Upgrades: 0 Enchantment:  Props: PermanentAtkBonusFromExecutes=0,YgoDieForYouUserToggleOn=False Floor: 1
			Keywords: 10000,20019,20043
		Serialized card: SerializableCard CARD.YGODUELIST-DEFEND_YGO_DUELIST. Upgrades: 0 Enchantment:  Props:  Floor: 1
		Serialized card: SerializableCard CARD.YGODUELIST-DEFEND_YGO_DUELIST. Upgrades: 0 Enchantment:  Props:  Floor: 1
		Serialized card: SerializableCard CARD.YGODUELIST-OUTSTANDING_DOG_MARRON. Upgrades: 0 Enchantment:  Props: PermanentAtkBonusFromExecutes=0,YgoDieForYouUserToggleOn=False Floor: 1
			Keywords: 10004,20001
		Serialized card: SerializableCard CARD.YGODUELIST-ROCKET_JUMPER. Upgrades: 0 Enchantment:  Props: PermanentAtkBonusFromExecutes=0,YgoDieForYouUserToggleOn=False Floor: 1
			Keywords: 10000,20015,20043,20045
		Serialized card: SerializableCard CARD.YGODUELIST-SKELENGEL. Upgrades: 0 Enchantment:  Props: PermanentAtkBonusFromExecutes=0,YgoDieForYouUserToggleOn=False Floor: 1
			Keywords: 10004,20006,20041
		Serialized card: SerializableCard CARD.YGODUELIST-STRIKE_YGO_DUELIST. Upgrades: 0 Enchantment:  Props:  Floor: 1
		Serialized card: SerializableCard CARD.YGODUELIST-STRIKE_YGO_DUELIST. Upgrades: 0 Enchantment:  Props:  Floor: 1
		Serialized card: SerializableCard CARD.YGODUELIST-TRAP_OF_BOARD_ERASER. Upgrades: 0 Enchantment:  Props:  Floor: 1
			Keywords: 10009,10011
	Pile Hand
		Serialized card: SerializableCard CARD.YGODUELIST-DEFEND_YGO_DUELIST. Upgrades: 0 Enchantment:  Props:  Floor: 1
		Serialized card: SerializableCard CARD.YGODUELIST-STRIKE_YGO_DUELIST. Upgrades: 0 Enchantment:  Props:  Floor: 1
	Pile Discard
	Pile Exhaust
	Pile Play
	Pile 932200512
	Pile 932200513
	Pile 932200514
	Pile 932200515
		Serialized card: SerializableCard CARD.YGODUELIST-HOURGLASS_OF_COURAGE. Upgrades: 0 Enchantment:  Props: PermanentAtkBonusFromExecutes=0,YgoDieForYouUserToggleOn=False Floor: 1
			Keywords: 10004,20006,20043
	Pile 932200516
		Serialized card: SerializableCard CARD.YGODUELIST-EARTH_EFFIGY. Upgrades: 0 Enchantment:  Props: PermanentAtkBonusFromExecutes=0,YgoDieForYouUserToggleOn=False Floor: 1
			Keywords: 10000,20015,20043
		Serialized card: SerializableCard CARD.YGODUELIST-FIRE_SORCERER. Upgrades: 0 Enchantment:  Props: PermanentAtkBonusFromExecutes=0,YgoDieForYouUserToggleOn=False Floor: 1
			Keywords: 10002,20017,20041,20043
		Serialized card: SerializableCard CARD.YGODUELIST-TOTAL_DEFENSE_SHOGUN. Upgrades: 0 Enchantment:  Props: PermanentAtkBonusFromExecutes=0,YgoDieForYouUserToggleOn=False Floor: 1
			Keywords: 10005,20019,20034,20043
	Pile 932200517
		Serialized card: SerializableCard CARD.YGODUELIST-BURNING_LAND. Upgrades: 0 Enchantment:  Props:  Floor: 1
			Keywords: 10009,20024
		Serialized card: SerializableCard CARD.YGODUELIST-GAIA_POWER. Upgrades: 0 Enchantment:  Props:  Floor: 1
			Keywords: 10009,20027
		Serialized card: SerializableCard CARD.YGODUELIST-OJAMA_TRIO. Upgrades: 0 Enchantment:  Props:  Floor: 1
			Keywords: 10009,10011
		Serialized card: SerializableCard CARD.YGODUELIST-RECKLESS_GREED. Upgrades: 0 Enchantment:  Props:  Floor: 1
			Keywords: 10009,10011
	Pile 932200518
	Relic RELIC.SCROLL_BOXES Props:  Floor added: 1
	Relic RELIC.YGODUELIST-BANISHED_RELIC Props:  Floor added: 1
	Relic RELIC.YGODUELIST-EXTRA_DECK_RELIC Props:  Floor added: 1
	Relic RELIC.YGODUELIST-GRAVEYARD_RELIC Props:  Floor added: 1
	Relic RELIC.YGODUELIST-SPELL_TRAP_ZONE_RELIC Props:  Floor added: 1
	Relic RELIC.YGODUELIST-TRUNK_SIDE_DECK_RELIC Props:  Floor added: 1
Player RNG seed: 2712180991
	RNG counter Rewards: 6
	RNG counter Shops: 0
	RNG counter Transformations: 0
Player Odds:
	Card rarity:-0.05
	Potion reward:0.4
Player relic grab bag:
	Rarity Common: PENDULUM,BAG_OF_PREPARATION,JUZU_BRACELET,BOOK_OF_FIVE_RINGS,PERMAFROST,HAPPY_FLOWER,REGAL_PILLOW,VENERABLE_TEA_SET,LANTERN,BRONZE_SCALES,TINY_MAILBOX,STRAWBERRY,ODDLY_SMOOTH_STONE,AMETHYST_AUBERGINE,WHETSTONE,MEAL_TICKET,POTION_BELT,BLOOD_VIAL,VAJRA,GORGET,WAR_PAINT,FESTIVE_POPPER,STRIKE_DUMMY,ANCHOR,CENTENNIAL_PUZZLE
	Rarity Uncommon: KUSARIGAMA,SPARKLING_ROUGE,BELLOWS,ORNAMENTAL_FAN,AKABEKO,PETRIFIED_TOAD,STONE_CRACKER,NUNCHAKU,REPTILE_TRINKET,HORN_CLEAT,ETERNAL_FEATHER,PANTOGRAPH,MERCURY_HOURGLASS,PEN_NIB,JOSS_PAPER,VAMBRACE,CANDELABRA,LETTER_OPENER,PARRYING_SHIELD,PEAR,RED_MASK,MINIATURE_CANNON,BAG_OF_MARBLES,RIPPLE_BASIN,PLANISPHERE,GREMLIN_HORN,LUCKY_FYSH,ORICHALCUM,BOWLER_HAT,TUNING_FORK
	Rarity Rare: THE_COURIER,OLD_COIN,WHITE_BEAST_STATUE,UNSETTLING_LAMP,RAINBOW_RING,POCKETWATCH,CLOAK_CLASP,INTIMIDATING_HELMET,PRAYER_WHEEL,WHITE_STAR,ART_OF_WAR,MANGO,ICE_CREAM,FROZEN_EGG,SHOVEL,UNCEASING_TOP,MUMMIFIED_HAND,TOXIC_EGG,MEAT_ON_THE_BONE,MOLTEN_EGG,VEXING_PUZZLEBOX,LIZARD_TAIL,CHANDELIER,GAMBLING_CHIP,GIRYA,SHURIKEN,KUNAI,RAZOR_TOOTH,GAME_PIECE,STONE_CALENDAR,CAPTAINS_WHEEL,TUNGSTEN_ROD,STURDY_CLAMP,BEATING_REMNANT,LASTING_CANDY
	Rarity Shop: MYSTIC_LIGHTER,GNARLED_HAMMER,WING_CHARM,DRAGON_FRUIT,LAVA_LAMP,THE_ABACUS,ORRERY,DINGY_RUG,GHOST_SEED,DOLLYS_MIRROR,MEMBERSHIP_CARD,ROYAL_STAMP,CHEMICAL_X,LEES_WAFFLE,CAULDRON,BREAD,PUNCH_DAGGER,RINGING_TRIANGLE,SLING_OF_COURAGE,SCREAMING_FLAGON,BURNING_STICKS,KIFUDA,MINIATURE_TENT,BELT_BUCKLE,TOOLBOX
Player with ID: 76561198345121322 Character: CHARACTER.YGODUELIST-YGO_DUELIST
	 Energy: 1 Stars: 0 Max Stars: 0 Max Potions: 2 Gold: 432
	Pile Count: 12 Potion Count: 0 Relic Count: 6 Orb Count: 0
	Pile Draw
		Serialized card: SerializableCard CARD.YGODUELIST-DEFEND_YGO_DUELIST. Upgrades: 0 Enchantment:  Props:  Floor: 1
	Pile Hand
		Serialized card: SerializableCard CARD.YGODUELIST-DEFEND_YGO_DUELIST. Upgrades: 0 Enchantment:  Props:  Floor: 1
		Serialized card: SerializableCard CARD.YGODUELIST-FIRE_PRINCESS. Upgrades: 0 Enchantment:  Props: PermanentAtkBonusFromExecutes=0,YgoDieForYouUserToggleOn=False Floor: 1
			Keywords: 10002,20013,20043
		Serialized card: SerializableCard CARD.YGODUELIST-KURAMA. Upgrades: 0 Enchantment:  Props: PermanentAtkBonusFromExecutes=0,YgoDieForYouUserToggleOn=False Floor: 1
			Keywords: 10003,20020,20043
		Serialized card: SerializableCard CARD.YGODUELIST-STRIKE_YGO_DUELIST. Upgrades: 0 Enchantment:  Props:  Floor: 1
	Pile Discard
		Serialized card: SerializableCard CARD.GREED. Upgrades: 0 Enchantment:  Props:  Floor: 1
			Keywords: Unplayable,Eternal
		Serialized card: SerializableCard CARD.YGODUELIST-DEFEND_YGO_DUELIST. Upgrades: 0 Enchantment:  Props:  Floor: 1
		Serialized card: SerializableCard CARD.YGODUELIST-STRIKE_YGO_DUELIST. Upgrades: 0 Enchantment:  Props:  Floor: 1
		Serialized card: SerializableCard CARD.YGODUELIST-STRIKE_YGO_DUELIST. Upgrades: 0 Enchantment:  Props:  Floor: 1
	Pile Exhaust
	Pile Play
	Pile 932200512
	Pile 932200513
		Serialized card: SerializableCard CARD.YGODUELIST-THE_LAST_WARRIOR_FROM_ANOTHER_PLANET. Upgrades: 0 Enchantment:  Props: PermanentAtkBonusFromExecutes=0,SummonAbsorbPrintedDefBonus=0,YgoDieForYouUserToggleOn=False Floor: 1
			Keywords: 10000,20019,20036,20043
	Pile 932200514
	Pile 932200515
		Serialized card: SerializableCard CARD.YGODUELIST-VERSAGO_THE_DESTROYER. Upgrades: 0 Enchantment:  Props: PermanentAtkBonusFromExecutes=0,YgoDieForYouUserToggleOn=False Floor: 1
			Keywords: 10005,20007,20043
	Pile 932200516
		Serialized card: SerializableCard CARD.YGODUELIST-QUEEN_S_DOUBLE. Upgrades: 0 Enchantment:  Props: PermanentAtkBonusFromExecutes=0,YgoDieForYouUserToggleOn=False Floor: 1
			Keywords: 10000,20019,20045
		Serialized card: SerializableCard CARD.YGODUELIST-ZABORG_THE_THUNDER_MONARCH. Upgrades: 0 Enchantment:  Props: PermanentAtkBonusFromExecutes=0,YgoDieForYouUserToggleOn=False Floor: 1
			Keywords: 10004,20018,20034,20043
	Pile 932200517
		Serialized card: SerializableCard CARD.YGODUELIST-RAIGEKI_BREAK. Upgrades: 0 Enchantment:  Props:  Floor: 1
			Keywords: 10009,10011,20045
		Serialized card: SerializableCard CARD.YGODUELIST-YELLOW_LUSTER_SHIELD. Upgrades: 0 Enchantment:  Props:  Floor: 1
			Keywords: 10009,20024
	Pile 932200518
	Relic RELIC.CURSED_PEARL Props:  Floor added: 1
	Relic RELIC.YGODUELIST-BANISHED_RELIC Props:  Floor added: 1
	Relic RELIC.YGODUELIST-EXTRA_DECK_RELIC Props:  Floor added: 1
	Relic RELIC.YGODUELIST-GRAVEYARD_RELIC Props:  Floor added: 1
	Relic RELIC.YGODUELIST-SPELL_TRAP_ZONE_RELIC Props:  Floor added: 1
	Relic RELIC.YGODUELIST-TRUNK_SIDE_DECK_RELIC Props:  Floor added: 1
Player RNG seed: 2921017272
	RNG counter Rewards: 0
	RNG counter Shops: 0
	RNG counter Transformations: 0
Player Odds:
	Card rarity:-0.05
	Potion reward:0.4
Player relic grab bag:
	Rarity Common: LANTERN,VENERABLE_TEA_SET,GORGET,STRIKE_DUMMY,PERMAFROST,BAG_OF_PREPARATION,PENDULUM,FESTIVE_POPPER,ANCHOR,POTION_BELT,VAJRA,JUZU_BRACELET,CENTENNIAL_PUZZLE,AMETHYST_AUBERGINE,TINY_MAILBOX,WAR_PAINT,WHETSTONE,BOOK_OF_FIVE_RINGS,ODDLY_SMOOTH_STONE,HAPPY_FLOWER,STRAWBERRY,MEAL_TICKET,BRONZE_SCALES,BLOOD_VIAL,REGAL_PILLOW
	Rarity Uncommon: VAMBRACE,SPARKLING_ROUGE,ETERNAL_FEATHER,BELLOWS,STONE_CRACKER,TUNING_FORK,PANTOGRAPH,MINIATURE_CANNON,ORICHALCUM,PEAR,MERCURY_HOURGLASS,LETTER_OPENER,BAG_OF_MARBLES,HORN_CLEAT,NUNCHAKU,GREMLIN_HORN,ORNAMENTAL_FAN,AKABEKO,CANDELABRA,RIPPLE_BASIN,PETRIFIED_TOAD,REPTILE_TRINKET,PEN_NIB,PLANISPHERE,LUCKY_FYSH,BOWLER_HAT,PARRYING_SHIELD,RED_MASK,JOSS_PAPER,KUSARIGAMA
	Rarity Rare: ART_OF_WAR,BEATING_REMNANT,MEAT_ON_THE_BONE,GAME_PIECE,TUNGSTEN_ROD,KUNAI,OLD_COIN,CHANDELIER,GIRYA,GAMBLING_CHIP,STONE_CALENDAR,STURDY_CLAMP,UNSETTLING_LAMP,SHURIKEN,MANGO,MUMMIFIED_HAND,FROZEN_EGG,RAZOR_TOOTH,LASTING_CANDY,THE_COURIER,CAPTAINS_WHEEL,LIZARD_TAIL,RAINBOW_RING,ICE_CREAM,VEXING_PUZZLEBOX,CLOAK_CLASP,POCKETWATCH,TOXIC_EGG,UNCEASING_TOP,MOLTEN_EGG,WHITE_STAR,INTIMIDATING_HELMET,PRAYER_WHEEL,SHOVEL,WHITE_BEAST_STATUE
	Rarity Shop: RINGING_TRIANGLE,ROYAL_STAMP,THE_ABACUS,GNARLED_HAMMER,MEMBERSHIP_CARD,CAULDRON,ORRERY,PUNCH_DAGGER,LAVA_LAMP,WING_CHARM,SLING_OF_COURAGE,LEES_WAFFLE,DOLLYS_MIRROR,BURNING_STICKS,BREAD,DINGY_RUG,TOOLBOX,BELT_BUCKLE,DRAGON_FRUIT,MINIATURE_TENT,KIFUDA,GHOST_SEED,SCREAMING_FLAGON,CHEMICAL_X,MYSTIC_LIGHTER
RNG global seed: EEA5XJP2Q3
	RNG counter UpFront: 511
	RNG counter Shuffle: 46
	RNG counter UnknownMapPoint: 0
	RNG counter CombatCardGeneration: 0
	RNG counter CombatPotionGeneration: 0
	RNG counter CombatCardSelection: 0
	RNG counter CombatEnergyCosts: 0
	RNG counter CombatTargets: 0
	RNG counter MonsterAi: 0
	RNG counter Niche: 2
	RNG counter CombatOrbs: 0
	RNG counter TreasureRoomRelics: 0


   at MegaCrit.Sts2.Core.Multiplayer.Game.ChecksumTracker.LogStateDivergence(TrackedChecksum localChecksum, StateDivergenceMessage message, UInt64 remoteId)
   at MegaCrit.Sts2.Core.Multiplayer.Game.ChecksumTracker.OnReceivedStateDivergenceMessage(StateDivergenceMessage message, UInt64 senderId)
   at MegaCrit.Sts2.Core.Multiplayer.NetMessageBus.<>c__DisplayClass10_0`1.<RegisterMessageHandler>b__0(INetMessage message, UInt64 senderId)
   at MegaCrit.Sts2.Core.Multiplayer.NetMessageBus.SendMessageToAllHandlers(INetMessage message, UInt64 senderId)
   at MegaCrit.Sts2.Core.Multiplayer.Transport.Steam.SteamUtil.ProcessMessages(HSteamNetConnection conn, INetHandler handler, Logger logger)
   at MegaCrit.Sts2.Core.Multiplayer.Transport.Steam.SteamHost.Update()
   at MegaCrit.Sts2.Core.Multiplayer.NetHostGameService.Update()
   at Godot.Node.InvokeGodotClassMethod(godot_string_name& method, NativeVariantPtrArgs args, godot_variant& ret)
   at Godot.Control.InvokeGodotClassMethod(godot_string_name& method, NativeVariantPtrArgs args, godot_variant& ret)
   at MegaCrit.Sts2.Core.Nodes.NRun.InvokeGodotClassMethod(godot_string_name& method, NativeVariantPtrArgs args, godot_variant& ret)
   at Godot.Bridge.CSharpInstanceBridge.Call(IntPtr godotObjectGCHandle, godot_string_name* method, godot_variant** args, Int32 argCount, godot_variant_call_error* refCallError, godot_variant* ret)

[DEBUG] [SteamHost] Disconnecting peer 76561198136285041, reason: StateDivergence
[INFO] [RunLobby] Player 76561198136285041 disconnected from host. Is in connected players: True. Reason: StateDivergence
[DEBUG] [SteamHost] Connection status changed: (76561198136285041: k_ESteamNetworkingConnectionState_Connected -> k_ESteamNetworkingConnectionState_None
[INFO] [BaseLib] NGame.Quit(): saving all ModConfigs
[INFO] NGame.Quit called
[INFO] Wrote 2515 bytes to path=user://steam/76561198345121322/settings.save save_dir=user://steam/76561198345121322
[INFO] Wrote 2515 bytes to settings.save in steam remote store
[INFO] Wrote 243 bytes to path=user://steam/76561198345121322/modded/profile1\saves\prefs.save save_dir=user://steam/76561198345121322
[INFO] Wrote 243 bytes to modded/profile1/saves/prefs.save in steam remote store
[INFO] Wrote 167681 bytes to path=user://steam/76561198345121322/modded/profile1\saves\progress.save save_dir=user://steam/76561198345121322
[INFO] Wrote 167681 bytes to modded/profile1/saves/progress.save in steam remote store
[INFO] Wrote 52 bytes to path=user://steam/76561198345121322/profile.save save_dir=user://steam/76561198345121322
[INFO] Wrote 52 bytes to profile.save in steam remote store
[DEBUG] [ActionExecutor] Action queue changed, beginning ExecuteActions
[VERYDEBUG] [ActionQueueSet] Attempting to find ready action
[VERYDEBUG] [ActionQueueSet] No action is ready
[DEBUG] [ActionQueueSynchronizer] Combat state becomes NotInCombat. Cancelling deferred actions and cancelling all remaining combat actions
[DEBUG] [ActionQueueSet] Combat ended. Cancelling all non-executing combat actions in all queues
[DEBUG] [ActionExecutor] Action queue changed, beginning ExecuteActions
[VERYDEBUG] [ActionQueueSet] Attempting to find ready action
[VERYDEBUG] [ActionQueueSet] No action is ready
[DEBUG] [ActionQueueSet] Unpausing all player queues
[DEBUG] [ActionExecutor] Action queue changed, beginning ExecuteActions
[VERYDEBUG] [ActionQueueSet] Attempting to find ready action
[VERYDEBUG] [ActionQueueSet] No action is ready
[DEBUG] [SteamHost] Stopping host
[INFO] Steamworks: shutting down...
[INFO] Steamworks shutdown succeeded!
[INFO] [Sentry.NET] Shutting down
FMOD Sound System: System released
WARNING: 1635 RIDs of type "CanvasItem" were leaked.
   at: _free_rids (servers/rendering/renderer_canvas_cull.cpp:2678)
ERROR: 1 RID allocations of type 'N26RendererEnvironmentStorage11EnvironmentE' were leaked at exit.
ERROR: 12 shaders of type CanvasShaderRD were never freed
   at: ~ShaderRD (servers/rendering/renderer_rd/shader_rd.cpp:1044)
ERROR: 41 RID allocations of type 'N10RendererRD16ParticlesStorage9ParticlesE' were leaked at exit.
ERROR: 1 shaders of type ParticlesShaderRD were never freed
   at: ~ShaderRD (servers/rendering/renderer_rd/shader_rd.cpp:1044)
ERROR: 41 RID allocations of type 'N10RendererRD11MeshStorage4MeshE' were leaked at exit.
ERROR: 134 RID allocations of type 'N10RendererRD15MaterialStorage8MaterialE' were leaked at exit.
ERROR: 13 RID allocations of type 'N10RendererRD15MaterialStorage6ShaderE' were leaked at exit.
ERROR: 54 RID allocations of type 'N10RendererRD14TextureStorage7TextureE' were leaked at exit.
WARNING: 187 RIDs of type "UniformBuffer" were leaked.
   at: _free_rids (servers/rendering/rendering_device.cpp:6981)
WARNING: 103 RIDs of type "Texture" were leaked.
   at: finalize (servers/rendering/rendering_device.cpp:7191)
ERROR: 743 RID allocations of type 'PN18TextServerAdvanced22ShapedTextDataAdvancedE' were leaked at exit.
ERROR: 4 RID allocations of type 'PN18TextServerAdvanced12FontAdvancedE' were leaked at exit.
ERROR: 4 RID allocations of type 'PN18TextServerAdvanced27FontAdvancedLinkedVariationE' were leaked at exit.
