"Path","Rel","Kind","Linked"
"C:\Users\khjga\AppData\Roaming\coe5\mods\Godot Mods\Slay The Spire 2 Mods\YgoDuelist\YgoDuelistCode\Cards\Trap\Todo\Continuos\Appropriate.cs","/Continuos/Appropriate.cs","Trap","False"
"C:\Users\khjga\AppData\Roaming\coe5\mods\Godot Mods\Slay The Spire 2 Mods\YgoDuelist\YgoDuelistCode\Cards\Trap\Todo\Continuos\Bad_Reaction_to_Simochi.cs","/Continuos/Bad_Reaction_to_Simochi.cs","Trap","False"
"C:\Users\khjga\AppData\Roaming\coe5\mods\Godot Mods\Slay The Spire 2 Mods\YgoDuelist\YgoDuelistCode\Cards\Trap\Todo\Continuos\Blind_Destruction.cs","/Continuos/Blind_Destruction.cs","Trap","False"
"C:\Users\khjga\AppData\Roaming\coe5\mods\Godot Mods\Slay The Spire 2 Mods\YgoDuelist\YgoDuelistCode\Cards\Trap\Todo\Continuos\Bottomless_Shifting_Sand.cs","/Continuos/Bottomless_Shifting_Sand.cs","Trap","False"
"C:\Users\khjga\AppData\Roaming\coe5\mods\Godot Mods\Slay The Spire 2 Mods\YgoDuelist\YgoDuelistCode\Cards\Trap\Todo\Continuos\Call_of_the_Haunted.cs","/Continuos/Call_of_the_Haunted.cs","Trap","True"
"C:\Users\khjga\AppData\Roaming\coe5\mods\Godot Mods\Slay The Spire 2 Mods\YgoDuelist\YgoDuelistCode\Cards\Trap\Todo\Continuos\Curse_of_Darkness.cs","/Continuos/Curse_of_Darkness.cs","Trap","False"
"C:\Users\khjga\AppData\Roaming\coe5\mods\Godot Mods\Slay The Spire 2 Mods\YgoDuelist\YgoDuelistCode\Cards\Trap\Todo\Continuos\Des_Counterblow.cs","/Continuos/Des_Counterblow.cs","Trap","False"
"C:\Users\khjga\AppData\Roaming\coe5\mods\Godot Mods\Slay The Spire 2 Mods\YgoDuelist\YgoDuelistCode\Cards\Trap\Todo\Continuos\Embodiment_of_Apophis.cs","/Continuos/Embodiment_of_Apophis.cs","Trap","True"
"C:\Users\khjga\AppData\Roaming\coe5\mods\Godot Mods\Slay The Spire 2 Mods\YgoDuelist\YgoDuelistCode\Cards\Trap\Todo\Continuos\Fairy_Box.cs","/Continuos/Fairy_Box.cs","Trap","False"
"C:\Users\khjga\AppData\Roaming\coe5\mods\Godot Mods\Slay The Spire 2 Mods\YgoDuelist\YgoDuelistCode\Cards\Trap\Todo\Continuos\Metal_Reflect_Slime.cs","/Continuos/Metal_Reflect_Slime.cs","Trap","True"
"C:\Users\khjga\AppData\Roaming\coe5\mods\Godot Mods\Slay The Spire 2 Mods\YgoDuelist\YgoDuelistCode\Cards\Trap\Todo\Continuos\Narrow_Pass.cs","/Continuos/Narrow_Pass.cs","Trap","False"
"C:\Users\khjga\AppData\Roaming\coe5\mods\Godot Mods\Slay The Spire 2 Mods\YgoDuelist\YgoDuelistCode\Cards\Trap\Todo\Continuos\Nightmare_Wheel.cs","/Continuos/Nightmare_Wheel.cs","Trap","False"
"C:\Users\khjga\AppData\Roaming\coe5\mods\Godot Mods\Slay The Spire 2 Mods\YgoDuelist\YgoDuelistCode\Cards\Trap\Todo\Continuos\Ominous_Fortunetelling.cs","/Continuos/Ominous_Fortunetelling.cs","Trap","False"
"C:\Users\khjga\AppData\Roaming\coe5\mods\Godot Mods\Slay The Spire 2 Mods\YgoDuelist\YgoDuelistCode\Cards\Trap\Todo\Continuos\Skull_Invitation.cs","/Continuos/Skull_Invitation.cs","Trap","False"
"C:\Users\khjga\AppData\Roaming\coe5\mods\Godot Mods\Slay The Spire 2 Mods\YgoDuelist\YgoDuelistCode\Cards\Trap\Todo\Continuos\Solemn_Wishes.cs","/Continuos/Solemn_Wishes.cs","Trap","False"
"C:\Users\khjga\AppData\Roaming\coe5\mods\Godot Mods\Slay The Spire 2 Mods\YgoDuelist\YgoDuelistCode\Cards\Trap\Todo\Continuos\Soul_Resurrection.cs","/Continuos/Soul_Resurrection.cs","Trap","True"
"C:\Users\khjga\AppData\Roaming\coe5\mods\Godot Mods\Slay The Spire 2 Mods\YgoDuelist\YgoDuelistCode\Cards\Trap\Todo\Continuos\Spellbinding_Circle.cs","/Continuos/Spellbinding_Circle.cs","Trap","False"
"C:\Users\khjga\AppData\Roaming\coe5\mods\Godot Mods\Slay The Spire 2 Mods\YgoDuelist\YgoDuelistCode\Cards\Trap\Todo\Continuos\The_First_Monarch.cs","/Continuos/The_First_Monarch.cs","Trap","True"
"C:\Users\khjga\AppData\Roaming\coe5\mods\Godot Mods\Slay The Spire 2 Mods\YgoDuelist\YgoDuelistCode\Cards\Trap\Todo\Continuos\Tornado_Wall.cs","/Continuos/Tornado_Wall.cs","Trap","False"
"C:\Users\khjga\AppData\Roaming\coe5\mods\Godot Mods\Slay The Spire 2 Mods\YgoDuelist\YgoDuelistCode\Cards\Trap\Todo\Continuos\Type_Zero_Magic_Crusher.cs","/Continuos/Type_Zero_Magic_Crusher.cs","Trap","False"
"C:\Users\khjga\AppData\Roaming\coe5\mods\Godot Mods\Slay The Spire 2 Mods\YgoDuelist\YgoDuelistCode\Cards\Trap\Todo\Normal\Amazoness_Archers.cs","/Normal/Amazoness_Archers.cs","Trap","False"
"C:\Users\khjga\AppData\Roaming\coe5\mods\Godot Mods\Slay The Spire 2 Mods\YgoDuelist\YgoDuelistCode\Cards\Trap\Todo\Normal\Anti_Spell.cs","/Normal/Anti_Spell.cs","Trap","False"
"C:\Users\khjga\AppData\Roaming\coe5\mods\Godot Mods\Slay The Spire 2 Mods\YgoDuelist\YgoDuelistCode\Cards\Trap\Todo\Normal\Arsenal_Robber.cs","/Normal/Arsenal_Robber.cs","Trap","False"
"C:\Users\khjga\AppData\Roaming\coe5\mods\Godot Mods\Slay The Spire 2 Mods\YgoDuelist\YgoDuelistCode\Cards\Trap\Todo\Normal\Bottomless_Trap_Hole.cs","/Normal/Bottomless_Trap_Hole.cs","Trap","False"
"C:\Users\khjga\AppData\Roaming\coe5\mods\Godot Mods\Slay The Spire 2 Mods\YgoDuelist\YgoDuelistCode\Cards\Trap\Todo\Normal\Burst_Breath.cs","/Normal/Burst_Breath.cs","Trap","False"
"C:\Users\khjga\AppData\Roaming\coe5\mods\Godot Mods\Slay The Spire 2 Mods\YgoDuelist\YgoDuelistCode\Cards\Trap\Todo\Normal\Castle_Walls.cs","/Normal/Castle_Walls.cs","Trap","False"
"C:\Users\khjga\AppData\Roaming\coe5\mods\Godot Mods\Slay The Spire 2 Mods\YgoDuelist\YgoDuelistCode\Cards\Trap\Todo\Normal\Compulsory_Evacuation_Device.cs","/Normal/Compulsory_Evacuation_Device.cs","Trap","False"
"C:\Users\khjga\AppData\Roaming\coe5\mods\Godot Mods\Slay The Spire 2 Mods\YgoDuelist\YgoDuelistCode\Cards\Trap\Todo\Normal\Curse_of_Aging.cs","/Normal/Curse_of_Aging.cs","Trap","False"
"C:\Users\khjga\AppData\Roaming\coe5\mods\Godot Mods\Slay The Spire 2 Mods\YgoDuelist\YgoDuelistCode\Cards\Trap\Todo\Normal\Curse_of_Anubis.cs","/Normal/Curse_of_Anubis.cs","Trap","False"
"C:\Users\khjga\AppData\Roaming\coe5\mods\Godot Mods\Slay The Spire 2 Mods\YgoDuelist\YgoDuelistCode\Cards\Trap\Todo\Normal\Cursed_Seal_of_the_Forbidden_Spell.cs","/Normal/Cursed_Seal_of_the_Forbidden_Spell.cs","Trap","False"
"C:\Users\khjga\AppData\Roaming\coe5\mods\Godot Mods\Slay The Spire 2 Mods\YgoDuelist\YgoDuelistCode\Cards\Trap\Todo\Normal\Dark_Mirror_Force.cs","/Normal/Dark_Mirror_Force.cs","Trap","False"
"C:\Users\khjga\AppData\Roaming\coe5\mods\Godot Mods\Slay The Spire 2 Mods\YgoDuelist\YgoDuelistCode\Cards\Trap\Todo\Normal\Dark_Spirit_of_the_Silent.cs","/Normal/Dark_Spirit_of_the_Silent.cs","Trap","False"
"C:\Users\khjga\AppData\Roaming\coe5\mods\Godot Mods\Slay The Spire 2 Mods\YgoDuelist\YgoDuelistCode\Cards\Trap\Todo\Normal\Deal_of_Phantom.cs","/Normal/Deal_of_Phantom.cs","Trap","False"
"C:\Users\khjga\AppData\Roaming\coe5\mods\Godot Mods\Slay The Spire 2 Mods\YgoDuelist\YgoDuelistCode\Cards\Trap\Todo\Normal\Draining_Shield.cs","/Normal/Draining_Shield.cs","Trap","False"
"C:\Users\khjga\AppData\Roaming\coe5\mods\Godot Mods\Slay The Spire 2 Mods\YgoDuelist\YgoDuelistCode\Cards\Trap\Todo\Normal\Enchanted_Javelin.cs","/Normal/Enchanted_Javelin.cs","Trap","False"
"C:\Users\khjga\AppData\Roaming\coe5\mods\Godot Mods\Slay The Spire 2 Mods\YgoDuelist\YgoDuelistCode\Cards\Trap\Todo\Normal\Energy_Drain.cs","/Normal/Energy_Drain.cs","Trap","False"
"C:\Users\khjga\AppData\Roaming\coe5\mods\Godot Mods\Slay The Spire 2 Mods\YgoDuelist\YgoDuelistCode\Cards\Trap\Todo\Normal\Fake_Trap.cs","/Normal/Fake_Trap.cs","Trap","False"
"C:\Users\khjga\AppData\Roaming\coe5\mods\Godot Mods\Slay The Spire 2 Mods\YgoDuelist\YgoDuelistCode\Cards\Trap\Todo\Normal\Mask_of_Weakness.cs","/Normal/Mask_of_Weakness.cs","Trap","True"
"C:\Users\khjga\AppData\Roaming\coe5\mods\Godot Mods\Slay The Spire 2 Mods\YgoDuelist\YgoDuelistCode\Cards\Trap\Todo\Normal\Ojama_Trio.cs","/Normal/Ojama_Trio.cs","Trap","False"
"C:\Users\khjga\AppData\Roaming\coe5\mods\Godot Mods\Slay The Spire 2 Mods\YgoDuelist\YgoDuelistCode\Cards\Trap\Todo\Normal\Physical_Double.cs","/Normal/Physical_Double.cs","Trap","False"
"C:\Users\khjga\AppData\Roaming\coe5\mods\Godot Mods\Slay The Spire 2 Mods\YgoDuelist\YgoDuelistCode\Cards\Trap\Todo\Normal\Raigeki_Break.cs","/Normal/Raigeki_Break.cs","Trap","False"
"C:\Users\khjga\AppData\Roaming\coe5\mods\Godot Mods\Slay The Spire 2 Mods\YgoDuelist\YgoDuelistCode\Cards\Trap\Todo\Normal\Reckless_Greed.cs","/Normal/Reckless_Greed.cs","Trap","False"
"C:\Users\khjga\AppData\Roaming\coe5\mods\Godot Mods\Slay The Spire 2 Mods\YgoDuelist\YgoDuelistCode\Cards\Trap\Todo\Normal\Reinforcements.cs","/Normal/Reinforcements.cs","Trap","False"
"C:\Users\khjga\AppData\Roaming\coe5\mods\Godot Mods\Slay The Spire 2 Mods\YgoDuelist\YgoDuelistCode\Cards\Trap\Todo\Normal\Rite_of_Spirit.cs","/Normal/Rite_of_Spirit.cs","Trap","False"
"C:\Users\khjga\AppData\Roaming\coe5\mods\Godot Mods\Slay The Spire 2 Mods\YgoDuelist\YgoDuelistCode\Cards\Trap\Todo\Normal\Rope_of_Life.cs","/Normal/Rope_of_Life.cs","Trap","False"
"C:\Users\khjga\AppData\Roaming\coe5\mods\Godot Mods\Slay The Spire 2 Mods\YgoDuelist\YgoDuelistCode\Cards\Trap\Todo\Normal\Secret_Barrel.cs","/Normal/Secret_Barrel.cs","Trap","False"
"C:\Users\khjga\AppData\Roaming\coe5\mods\Godot Mods\Slay The Spire 2 Mods\YgoDuelist\YgoDuelistCode\Cards\Trap\Todo\Normal\Skull_Dice.cs","/Normal/Skull_Dice.cs","Trap","False"
"C:\Users\khjga\AppData\Roaming\coe5\mods\Godot Mods\Slay The Spire 2 Mods\YgoDuelist\YgoDuelistCode\Cards\Trap\Todo\Normal\Spell_Shield_Type_8.cs","/Normal/Spell_Shield_Type_8.cs","Trap","False"
"C:\Users\khjga\AppData\Roaming\coe5\mods\Godot Mods\Slay The Spire 2 Mods\YgoDuelist\YgoDuelistCode\Cards\Trap\Todo\Normal\Statue_of_the_Wicked.cs","/Normal/Statue_of_the_Wicked.cs","Trap","False"
"C:\Users\khjga\AppData\Roaming\coe5\mods\Godot Mods\Slay The Spire 2 Mods\YgoDuelist\YgoDuelistCode\Cards\Spell\Todo\Continuos\Archfiend_s_Oath.cs","o/Continuos/Archfiend_s_Oath.cs","Trap","False"
"C:\Users\khjga\AppData\Roaming\coe5\mods\Godot Mods\Slay The Spire 2 Mods\YgoDuelist\YgoDuelistCode\Cards\Spell\Todo\Continuos\Banner_of_Courage.cs","o/Continuos/Banner_of_Courage.cs","Trap","False"
"C:\Users\khjga\AppData\Roaming\coe5\mods\Godot Mods\Slay The Spire 2 Mods\YgoDuelist\YgoDuelistCode\Cards\Spell\Todo\Continuos\Burning_Land.cs","o/Continuos/Burning_Land.cs","Trap","False"
"C:\Users\khjga\AppData\Roaming\coe5\mods\Godot Mods\Slay The Spire 2 Mods\YgoDuelist\YgoDuelistCode\Cards\Spell\Todo\Continuos\Card_Trader.cs","o/Continuos/Card_Trader.cs","Trap","False"
"C:\Users\khjga\AppData\Roaming\coe5\mods\Godot Mods\Slay The Spire 2 Mods\YgoDuelist\YgoDuelistCode\Cards\Spell\Todo\Continuos\Convulsion_of_Nature.cs","o/Continuos/Convulsion_of_Nature.cs","Trap","False"
"C:\Users\khjga\AppData\Roaming\coe5\mods\Godot Mods\Slay The Spire 2 Mods\YgoDuelist\YgoDuelistCode\Cards\Spell\Todo\Continuos\Dark_Snake_Syndrome.cs","o/Continuos/Dark_Snake_Syndrome.cs","Trap","False"
"C:\Users\khjga\AppData\Roaming\coe5\mods\Godot Mods\Slay The Spire 2 Mods\YgoDuelist\YgoDuelistCode\Cards\Spell\Todo\Continuos\Dust_Barrier.cs","o/Continuos/Dust_Barrier.cs","Trap","False"
"C:\Users\khjga\AppData\Roaming\coe5\mods\Godot Mods\Slay The Spire 2 Mods\YgoDuelist\YgoDuelistCode\Cards\Spell\Todo\Continuos\Jam_Breeding_Machine.cs","o/Continuos/Jam_Breeding_Machine.cs","Trap","False"
"C:\Users\khjga\AppData\Roaming\coe5\mods\Godot Mods\Slay The Spire 2 Mods\YgoDuelist\YgoDuelistCode\Cards\Spell\Todo\Continuos\Stumbling.cs","o/Continuos/Stumbling.cs","Trap","False"
"C:\Users\khjga\AppData\Roaming\coe5\mods\Godot Mods\Slay The Spire 2 Mods\YgoDuelist\YgoDuelistCode\Cards\Spell\Todo\Continuos\The_A_Forces.cs","o/Continuos/The_A_Forces.cs","Trap","False"
"C:\Users\khjga\AppData\Roaming\coe5\mods\Godot Mods\Slay The Spire 2 Mods\YgoDuelist\YgoDuelistCode\Cards\Spell\Todo\Continuos\Yellow_Luster_Shield.cs","o/Continuos/Yellow_Luster_Shield.cs","Trap","False"
"C:\Users\khjga\AppData\Roaming\coe5\mods\Godot Mods\Slay The Spire 2 Mods\YgoDuelist\YgoDuelistCode\Cards\Spell\Todo\Equip\Axe_of_Despair.cs","o/Equip/Axe_of_Despair.cs","Trap","False"
"C:\Users\khjga\AppData\Roaming\coe5\mods\Godot Mods\Slay The Spire 2 Mods\YgoDuelist\YgoDuelistCode\Cards\Spell\Todo\Equip\Big_Bang_Shot.cs","o/Equip/Big_Bang_Shot.cs","Trap","False"
"C:\Users\khjga\AppData\Roaming\coe5\mods\Godot Mods\Slay The Spire 2 Mods\YgoDuelist\YgoDuelistCode\Cards\Spell\Todo\Equip\Black_Pendant.cs","o/Equip/Black_Pendant.cs","Trap","False"
"C:\Users\khjga\AppData\Roaming\coe5\mods\Godot Mods\Slay The Spire 2 Mods\YgoDuelist\YgoDuelistCode\Cards\Spell\Todo\Equip\Burning_Spear.cs","o/Equip/Burning_Spear.cs","Trap","False"
"C:\Users\khjga\AppData\Roaming\coe5\mods\Godot Mods\Slay The Spire 2 Mods\YgoDuelist\YgoDuelistCode\Cards\Spell\Todo\Equip\Cestus_of_Dagla.cs","o/Equip/Cestus_of_Dagla.cs","Trap","False"
"C:\Users\khjga\AppData\Roaming\coe5\mods\Godot Mods\Slay The Spire 2 Mods\YgoDuelist\YgoDuelistCode\Cards\Spell\Todo\Equip\Dragon_Nails.cs","o/Equip/Dragon_Nails.cs","Trap","False"
"C:\Users\khjga\AppData\Roaming\coe5\mods\Godot Mods\Slay The Spire 2 Mods\YgoDuelist\YgoDuelistCode\Cards\Spell\Todo\Equip\Gravity_Axe_Grarl.cs","o/Equip/Gravity_Axe_Grarl.cs","Trap","False"
"C:\Users\khjga\AppData\Roaming\coe5\mods\Godot Mods\Slay The Spire 2 Mods\YgoDuelist\YgoDuelistCode\Cards\Spell\Todo\Equip\Insect_Armor_with_Laser_Cannon.cs","o/Equip/Insect_Armor_with_Laser_Cannon.cs","Trap","False"
"C:\Users\khjga\AppData\Roaming\coe5\mods\Godot Mods\Slay The Spire 2 Mods\YgoDuelist\YgoDuelistCode\Cards\Spell\Todo\Equip\Mask_of_Brutality.cs","o/Equip/Mask_of_Brutality.cs","Trap","False"
"C:\Users\khjga\AppData\Roaming\coe5\mods\Godot Mods\Slay The Spire 2 Mods\YgoDuelist\YgoDuelistCode\Cards\Spell\Todo\Equip\Mask_of_the_Burdened.cs","o/Equip/Mask_of_the_Burdened.cs","Trap","False"
"C:\Users\khjga\AppData\Roaming\coe5\mods\Godot Mods\Slay The Spire 2 Mods\YgoDuelist\YgoDuelistCode\Cards\Spell\Todo\Equip\Megamorph.cs","o/Equip/Megamorph.cs","Trap","False"
"C:\Users\khjga\AppData\Roaming\coe5\mods\Godot Mods\Slay The Spire 2 Mods\YgoDuelist\YgoDuelistCode\Cards\Spell\Todo\Equip\Sword_of_Dragon_S_Soul.cs","o/Equip/Sword_of_Dragon_S_Soul.cs","Trap","False"
"C:\Users\khjga\AppData\Roaming\coe5\mods\Godot Mods\Slay The Spire 2 Mods\YgoDuelist\YgoDuelistCode\Cards\Spell\Todo\Field\A_Legendary_Ocean.cs","o/Field/A_Legendary_Ocean.cs","Trap","False"
"C:\Users\khjga\AppData\Roaming\coe5\mods\Godot Mods\Slay The Spire 2 Mods\YgoDuelist\YgoDuelistCode\Cards\Spell\Todo\Field\Fusion_Gate.cs","o/Field/Fusion_Gate.cs","Trap","False"
"C:\Users\khjga\AppData\Roaming\coe5\mods\Godot Mods\Slay The Spire 2 Mods\YgoDuelist\YgoDuelistCode\Cards\Spell\Todo\Field\Mausoleum_of_the_Emperor.cs","o/Field/Mausoleum_of_the_Emperor.cs","Trap","False"
"C:\Users\khjga\AppData\Roaming\coe5\mods\Godot Mods\Slay The Spire 2 Mods\YgoDuelist\YgoDuelistCode\Cards\Spell\Todo\Field\Necrovalley.cs","o/Field/Necrovalley.cs","Trap","False"
"C:\Users\khjga\AppData\Roaming\coe5\mods\Godot Mods\Slay The Spire 2 Mods\YgoDuelist\YgoDuelistCode\Cards\Spell\Todo\Field\The_Sanctuary_in_the_Sky.cs","o/Field/The_Sanctuary_in_the_Sky.cs","Trap","False"
"C:\Users\khjga\AppData\Roaming\coe5\mods\Godot Mods\Slay The Spire 2 Mods\YgoDuelist\YgoDuelistCode\Cards\Spell\Todo\Normal\A_Deal_with_Dark_Ruler.cs","o/Normal/A_Deal_with_Dark_Ruler.cs","Trap","False"
"C:\Users\khjga\AppData\Roaming\coe5\mods\Godot Mods\Slay The Spire 2 Mods\YgoDuelist\YgoDuelistCode\Cards\Spell\Todo\Normal\Ancient_Chant.cs","o/Normal/Ancient_Chant.cs","Trap","False"
"C:\Users\khjga\AppData\Roaming\coe5\mods\Godot Mods\Slay The Spire 2 Mods\YgoDuelist\YgoDuelistCode\Cards\Spell\Todo\Normal\Book_of_Moon.cs","o/Normal/Book_of_Moon.cs","Trap","False"
"C:\Users\khjga\AppData\Roaming\coe5\mods\Godot Mods\Slay The Spire 2 Mods\YgoDuelist\YgoDuelistCode\Cards\Spell\Todo\Normal\Book_of_Taiyou.cs","o/Normal/Book_of_Taiyou.cs","Trap","False"
"C:\Users\khjga\AppData\Roaming\coe5\mods\Godot Mods\Slay The Spire 2 Mods\YgoDuelist\YgoDuelistCode\Cards\Spell\Todo\Normal\Breath_of_Light.cs","o/Normal/Breath_of_Light.cs","Trap","False"
"C:\Users\khjga\AppData\Roaming\coe5\mods\Godot Mods\Slay The Spire 2 Mods\YgoDuelist\YgoDuelistCode\Cards\Spell\Todo\Normal\Burst_Stream_of_Destruction.cs","o/Normal/Burst_Stream_of_Destruction.cs","Trap","False"
"C:\Users\khjga\AppData\Roaming\coe5\mods\Godot Mods\Slay The Spire 2 Mods\YgoDuelist\YgoDuelistCode\Cards\Spell\Todo\Normal\Card_Destruction.cs","o/Normal/Card_Destruction.cs","Trap","False"
"C:\Users\khjga\AppData\Roaming\coe5\mods\Godot Mods\Slay The Spire 2 Mods\YgoDuelist\YgoDuelistCode\Cards\Spell\Todo\Normal\Chaos_End.cs","o/Normal/Chaos_End.cs","Trap","False"
"C:\Users\khjga\AppData\Roaming\coe5\mods\Godot Mods\Slay The Spire 2 Mods\YgoDuelist\YgoDuelistCode\Cards\Spell\Todo\Normal\Cold_Wave.cs","o/Normal/Cold_Wave.cs","Trap","False"
"C:\Users\khjga\AppData\Roaming\coe5\mods\Godot Mods\Slay The Spire 2 Mods\YgoDuelist\YgoDuelistCode\Cards\Spell\Todo\Normal\Cost_Down.cs","o/Normal/Cost_Down.cs","Trap","False"
"C:\Users\khjga\AppData\Roaming\coe5\mods\Godot Mods\Slay The Spire 2 Mods\YgoDuelist\YgoDuelistCode\Cards\Spell\Todo\Normal\D_D_Designator.cs","o/Normal/D_D_Designator.cs","Trap","False"
"C:\Users\khjga\AppData\Roaming\coe5\mods\Godot Mods\Slay The Spire 2 Mods\YgoDuelist\YgoDuelistCode\Cards\Spell\Todo\Normal\Dark_Hole.cs","o/Normal/Dark_Hole.cs","Trap","False"
"C:\Users\khjga\AppData\Roaming\coe5\mods\Godot Mods\Slay The Spire 2 Mods\YgoDuelist\YgoDuelistCode\Cards\Spell\Todo\Normal\Dark_Magic_Attack.cs","o/Normal/Dark_Magic_Attack.cs","Trap","False"
"C:\Users\khjga\AppData\Roaming\coe5\mods\Godot Mods\Slay The Spire 2 Mods\YgoDuelist\YgoDuelistCode\Cards\Spell\Todo\Normal\Dark_Piercing_Light.cs","o/Normal/Dark_Piercing_Light.cs","Trap","False"
"C:\Users\khjga\AppData\Roaming\coe5\mods\Godot Mods\Slay The Spire 2 Mods\YgoDuelist\YgoDuelistCode\Cards\Spell\Todo\Normal\De_Spell.cs","o/Normal/De_Spell.cs","Trap","False"
"C:\Users\khjga\AppData\Roaming\coe5\mods\Godot Mods\Slay The Spire 2 Mods\YgoDuelist\YgoDuelistCode\Cards\Spell\Todo\Normal\Dian_Keto_the_Cure_Master.cs","o/Normal/Dian_Keto_the_Cure_Master.cs","Trap","False"
"C:\Users\khjga\AppData\Roaming\coe5\mods\Godot Mods\Slay The Spire 2 Mods\YgoDuelist\YgoDuelistCode\Cards\Spell\Todo\Normal\Diffusion_Wave_Motion.cs","o/Normal/Diffusion_Wave_Motion.cs","Trap","False"
"C:\Users\khjga\AppData\Roaming\coe5\mods\Godot Mods\Slay The Spire 2 Mods\YgoDuelist\YgoDuelistCode\Cards\Spell\Todo\Normal\Double_Spell.cs","o/Normal/Double_Spell.cs","Trap","False"
"C:\Users\khjga\AppData\Roaming\coe5\mods\Godot Mods\Slay The Spire 2 Mods\YgoDuelist\YgoDuelistCode\Cards\Spell\Todo\Normal\Double_Summon.cs","o/Normal/Double_Summon.cs","Trap","False"
"C:\Users\khjga\AppData\Roaming\coe5\mods\Godot Mods\Slay The Spire 2 Mods\YgoDuelist\YgoDuelistCode\Cards\Spell\Todo\Normal\Dragged_Down_into_the_Grave.cs","o/Normal/Dragged_Down_into_the_Grave.cs","Trap","False"
"C:\Users\khjga\AppData\Roaming\coe5\mods\Godot Mods\Slay The Spire 2 Mods\YgoDuelist\YgoDuelistCode\Cards\Spell\Todo\Normal\Emergency_Provisions.cs","o/Normal/Emergency_Provisions.cs","Trap","False"
"C:\Users\khjga\AppData\Roaming\coe5\mods\Godot Mods\Slay The Spire 2 Mods\YgoDuelist\YgoDuelistCode\Cards\Spell\Todo\Normal\Extra_Foolish_Burial.cs","o/Normal/Extra_Foolish_Burial.cs","Trap","False"
"C:\Users\khjga\AppData\Roaming\coe5\mods\Godot Mods\Slay The Spire 2 Mods\YgoDuelist\YgoDuelistCode\Cards\Spell\Todo\Normal\Fairy_of_the_Spring.cs","o/Normal/Fairy_of_the_Spring.cs","Trap","False"
"C:\Users\khjga\AppData\Roaming\coe5\mods\Godot Mods\Slay The Spire 2 Mods\YgoDuelist\YgoDuelistCode\Cards\Spell\Todo\Normal\Final_Destiny.cs","o/Normal/Final_Destiny.cs","Trap","False"
"C:\Users\khjga\AppData\Roaming\coe5\mods\Godot Mods\Slay The Spire 2 Mods\YgoDuelist\YgoDuelistCode\Cards\Spell\Todo\Normal\Fusion_Sage.cs","o/Normal/Fusion_Sage.cs","Trap","False"
"C:\Users\khjga\AppData\Roaming\coe5\mods\Godot Mods\Slay The Spire 2 Mods\YgoDuelist\YgoDuelistCode\Cards\Spell\Todo\Normal\Graceful_Charity.cs","o/Normal/Graceful_Charity.cs","Trap","False"
"C:\Users\khjga\AppData\Roaming\coe5\mods\Godot Mods\Slay The Spire 2 Mods\YgoDuelist\YgoDuelistCode\Cards\Spell\Todo\Normal\Graceful_Dice.cs","o/Normal/Graceful_Dice.cs","Trap","False"
"C:\Users\khjga\AppData\Roaming\coe5\mods\Godot Mods\Slay The Spire 2 Mods\YgoDuelist\YgoDuelistCode\Cards\Spell\Todo\Normal\Hinotama.cs","o/Normal/Hinotama.cs","Trap","False"
"C:\Users\khjga\AppData\Roaming\coe5\mods\Godot Mods\Slay The Spire 2 Mods\YgoDuelist\YgoDuelistCode\Cards\Spell\Todo\Normal\Limiter_Removal.cs","o/Normal/Limiter_Removal.cs","Trap","False"
"C:\Users\khjga\AppData\Roaming\coe5\mods\Godot Mods\Slay The Spire 2 Mods\YgoDuelist\YgoDuelistCode\Cards\Spell\Todo\Normal\Multiplication_of_Ants.cs","o/Normal/Multiplication_of_Ants.cs","Trap","False"
"C:\Users\khjga\AppData\Roaming\coe5\mods\Godot Mods\Slay The Spire 2 Mods\YgoDuelist\YgoDuelistCode\Cards\Spell\Todo\Normal\Multiply.cs","o/Normal/Multiply.cs","Trap","False"
"C:\Users\khjga\AppData\Roaming\coe5\mods\Godot Mods\Slay The Spire 2 Mods\YgoDuelist\YgoDuelistCode\Cards\Spell\Todo\Normal\Nightmare_S_Steelcage.cs","o/Normal/Nightmare_S_Steelcage.cs","Trap","False"
"C:\Users\khjga\AppData\Roaming\coe5\mods\Godot Mods\Slay The Spire 2 Mods\YgoDuelist\YgoDuelistCode\Cards\Spell\Todo\Normal\Poison_of_the_Old_Man.cs","o/Normal/Poison_of_the_Old_Man.cs","Trap","False"
"C:\Users\khjga\AppData\Roaming\coe5\mods\Godot Mods\Slay The Spire 2 Mods\YgoDuelist\YgoDuelistCode\Cards\Spell\Todo\Normal\Polymerization.cs","o/Normal/Polymerization.cs","Trap","False"
"C:\Users\khjga\AppData\Roaming\coe5\mods\Godot Mods\Slay The Spire 2 Mods\YgoDuelist\YgoDuelistCode\Cards\Spell\Todo\Normal\Pyramid_Energy.cs","o/Normal/Pyramid_Energy.cs","Trap","False"
"C:\Users\khjga\AppData\Roaming\coe5\mods\Godot Mods\Slay The Spire 2 Mods\YgoDuelist\YgoDuelistCode\Cards\Spell\Todo\Normal\Raigeki.cs","o/Normal/Raigeki.cs","Trap","False"
"C:\Users\khjga\AppData\Roaming\coe5\mods\Godot Mods\Slay The Spire 2 Mods\YgoDuelist\YgoDuelistCode\Cards\Spell\Todo\Normal\Rain_of_Mercy.cs","o/Normal/Rain_of_Mercy.cs","Trap","False"
"C:\Users\khjga\AppData\Roaming\coe5\mods\Godot Mods\Slay The Spire 2 Mods\YgoDuelist\YgoDuelistCode\Cards\Spell\Todo\Normal\Reinforcement_of_the_Army.cs","o/Normal/Reinforcement_of_the_Army.cs","Trap","False"
"C:\Users\khjga\AppData\Roaming\coe5\mods\Godot Mods\Slay The Spire 2 Mods\YgoDuelist\YgoDuelistCode\Cards\Spell\Todo\Normal\Reload.cs","o/Normal/Reload.cs","Trap","False"
"C:\Users\khjga\AppData\Roaming\coe5\mods\Godot Mods\Slay The Spire 2 Mods\YgoDuelist\YgoDuelistCode\Cards\Spell\Todo\Normal\Riryoku.cs","o/Normal/Riryoku.cs","Trap","False"
"C:\Users\khjga\AppData\Roaming\coe5\mods\Godot Mods\Slay The Spire 2 Mods\YgoDuelist\YgoDuelistCode\Cards\Spell\Todo\Normal\Rush_Recklessly.cs","o/Normal/Rush_Recklessly.cs","Trap","False"
"C:\Users\khjga\AppData\Roaming\coe5\mods\Godot Mods\Slay The Spire 2 Mods\YgoDuelist\YgoDuelistCode\Cards\Spell\Todo\Normal\Scapegoat.cs","o/Normal/Scapegoat.cs","Trap","False"
"C:\Users\khjga\AppData\Roaming\coe5\mods\Godot Mods\Slay The Spire 2 Mods\YgoDuelist\YgoDuelistCode\Cards\Spell\Todo\Normal\Secret_Pass_to_the_Treasures.cs","o/Normal/Secret_Pass_to_the_Treasures.cs","Trap","False"
"C:\Users\khjga\AppData\Roaming\coe5\mods\Godot Mods\Slay The Spire 2 Mods\YgoDuelist\YgoDuelistCode\Cards\Spell\Todo\Normal\Sparks.cs","o/Normal/Sparks.cs","Trap","False"
"C:\Users\khjga\AppData\Roaming\coe5\mods\Godot Mods\Slay The Spire 2 Mods\YgoDuelist\YgoDuelistCode\Cards\Spell\Todo\Normal\Spellbook_Organization.cs","o/Normal/Spellbook_Organization.cs","Trap","False"
"C:\Users\khjga\AppData\Roaming\coe5\mods\Godot Mods\Slay The Spire 2 Mods\YgoDuelist\YgoDuelistCode\Cards\Spell\Todo\Normal\Stray_Lambs.cs","o/Normal/Stray_Lambs.cs","Trap","False"
"C:\Users\khjga\AppData\Roaming\coe5\mods\Godot Mods\Slay The Spire 2 Mods\YgoDuelist\YgoDuelistCode\Cards\Spell\Todo\Normal\Super_Rejuvenation.cs","o/Normal/Super_Rejuvenation.cs","Trap","False"
"C:\Users\khjga\AppData\Roaming\coe5\mods\Godot Mods\Slay The Spire 2 Mods\YgoDuelist\YgoDuelistCode\Cards\Spell\Todo\Normal\Tailor_of_the_Fickle.cs","o/Normal/Tailor_of_the_Fickle.cs","Trap","False"
"C:\Users\khjga\AppData\Roaming\coe5\mods\Godot Mods\Slay The Spire 2 Mods\YgoDuelist\YgoDuelistCode\Cards\Spell\Todo\Normal\Terraforming.cs","o/Normal/Terraforming.cs","Trap","False"
"C:\Users\khjga\AppData\Roaming\coe5\mods\Godot Mods\Slay The Spire 2 Mods\YgoDuelist\YgoDuelistCode\Cards\Spell\Todo\Normal\The_Law_of_the_Normal.cs","o/Normal/The_Law_of_the_Normal.cs","Trap","False"
"C:\Users\khjga\AppData\Roaming\coe5\mods\Godot Mods\Slay The Spire 2 Mods\YgoDuelist\YgoDuelistCode\Cards\Spell\Todo\Normal\The_Reliable_Guardian.cs","o/Normal/The_Reliable_Guardian.cs","Trap","False"
"C:\Users\khjga\AppData\Roaming\coe5\mods\Godot Mods\Slay The Spire 2 Mods\YgoDuelist\YgoDuelistCode\Cards\Spell\Todo\Normal\Token_Thanksgiving.cs","o/Normal/Token_Thanksgiving.cs","Trap","False"
"C:\Users\khjga\AppData\Roaming\coe5\mods\Godot Mods\Slay The Spire 2 Mods\YgoDuelist\YgoDuelistCode\Cards\Spell\Todo\Normal\Tribute_to_the_Doomed.cs","o/Normal/Tribute_to_the_Doomed.cs","Trap","False"
"C:\Users\khjga\AppData\Roaming\coe5\mods\Godot Mods\Slay The Spire 2 Mods\YgoDuelist\YgoDuelistCode\Cards\Spell\Todo\Normal\Upstart_Goblin.cs","o/Normal/Upstart_Goblin.cs","Trap","False"
"C:\Users\khjga\AppData\Roaming\coe5\mods\Godot Mods\Slay The Spire 2 Mods\YgoDuelist\YgoDuelistCode\Cards\Spell\Todo\Ritual\Beastly_Mirror_Ritual.cs","o/Ritual/Beastly_Mirror_Ritual.cs","Trap","False"
"C:\Users\khjga\AppData\Roaming\coe5\mods\Godot Mods\Slay The Spire 2 Mods\YgoDuelist\YgoDuelistCode\Cards\Spell\Todo\Ritual\Black_Illusion_Ritual.cs","o/Ritual/Black_Illusion_Ritual.cs","Trap","False"
"C:\Users\khjga\AppData\Roaming\coe5\mods\Godot Mods\Slay The Spire 2 Mods\YgoDuelist\YgoDuelistCode\Cards\Spell\Todo\Ritual\Black_Luster_Ritual.cs","o/Ritual/Black_Luster_Ritual.cs","Trap","False"
"C:\Users\khjga\AppData\Roaming\coe5\mods\Godot Mods\Slay The Spire 2 Mods\YgoDuelist\YgoDuelistCode\Cards\Spell\Todo\Ritual\Black_Magic_Ritual.cs","o/Ritual/Black_Magic_Ritual.cs","Trap","False"
"C:\Users\khjga\AppData\Roaming\coe5\mods\Godot Mods\Slay The Spire 2 Mods\YgoDuelist\YgoDuelistCode\Cards\Spell\Todo\Ritual\Commencement_Dance.cs","o/Ritual/Commencement_Dance.cs","Trap","False"
"C:\Users\khjga\AppData\Roaming\coe5\mods\Godot Mods\Slay The Spire 2 Mods\YgoDuelist\YgoDuelistCode\Cards\Spell\Todo\Ritual\Contract_with_the_Abyss.cs","o/Ritual/Contract_with_the_Abyss.cs","Trap","False"
"C:\Users\khjga\AppData\Roaming\coe5\mods\Godot Mods\Slay The Spire 2 Mods\YgoDuelist\YgoDuelistCode\Cards\Spell\Todo\Ritual\Contract_with_the_Dark_Master.cs","o/Ritual/Contract_with_the_Dark_Master.cs","Trap","False"
"C:\Users\khjga\AppData\Roaming\coe5\mods\Godot Mods\Slay The Spire 2 Mods\YgoDuelist\YgoDuelistCode\Cards\Spell\Todo\Ritual\Curse_of_the_Masked_Beast.cs","o/Ritual/Curse_of_the_Masked_Beast.cs","Trap","False"
"C:\Users\khjga\AppData\Roaming\coe5\mods\Godot Mods\Slay The Spire 2 Mods\YgoDuelist\YgoDuelistCode\Cards\Spell\Todo\Ritual\Earth_Chant.cs","o/Ritual/Earth_Chant.cs","Trap","False"
"C:\Users\khjga\AppData\Roaming\coe5\mods\Godot Mods\Slay The Spire 2 Mods\YgoDuelist\YgoDuelistCode\Cards\Spell\Todo\Ritual\Fortress_Whale_S_Oath.cs","o/Ritual/Fortress_Whale_S_Oath.cs","Trap","False"
"C:\Users\khjga\AppData\Roaming\coe5\mods\Godot Mods\Slay The Spire 2 Mods\YgoDuelist\YgoDuelistCode\Cards\Spell\Todo\Ritual\Garma_Sword_Oath.cs","o/Ritual/Garma_Sword_Oath.cs","Trap","False"
"C:\Users\khjga\AppData\Roaming\coe5\mods\Godot Mods\Slay The Spire 2 Mods\YgoDuelist\YgoDuelistCode\Cards\Spell\Todo\Ritual\Hamburger_Recipe.cs","o/Ritual/Hamburger_Recipe.cs","Trap","False"
"C:\Users\khjga\AppData\Roaming\coe5\mods\Godot Mods\Slay The Spire 2 Mods\YgoDuelist\YgoDuelistCode\Cards\Spell\Todo\Ritual\Incandescent_Ordeal.cs","o/Ritual/Incandescent_Ordeal.cs","Trap","False"
"C:\Users\khjga\AppData\Roaming\coe5\mods\Godot Mods\Slay The Spire 2 Mods\YgoDuelist\YgoDuelistCode\Cards\Spell\Todo\Ritual\Javelin_Beetle_Pact.cs","o/Ritual/Javelin_Beetle_Pact.cs","Trap","False"
"C:\Users\khjga\AppData\Roaming\coe5\mods\Godot Mods\Slay The Spire 2 Mods\YgoDuelist\YgoDuelistCode\Cards\Spell\Todo\Ritual\Novox_S_Prayer.cs","o/Ritual/Novox_S_Prayer.cs","Trap","False"
"C:\Users\khjga\AppData\Roaming\coe5\mods\Godot Mods\Slay The Spire 2 Mods\YgoDuelist\YgoDuelistCode\Cards\Spell\Todo\Ritual\Resurrection_of_Chakra.cs","o/Ritual/Resurrection_of_Chakra.cs","Trap","False"
"C:\Users\khjga\AppData\Roaming\coe5\mods\Godot Mods\Slay The Spire 2 Mods\YgoDuelist\YgoDuelistCode\Cards\Spell\Todo\Ritual\Revival_of_Dokurorider.cs","o/Ritual/Revival_of_Dokurorider.cs","Trap","False"
"C:\Users\khjga\AppData\Roaming\coe5\mods\Godot Mods\Slay The Spire 2 Mods\YgoDuelist\YgoDuelistCode\Cards\Spell\Todo\Ritual\Shinato_s_Ark.cs","o/Ritual/Shinato_s_Ark.cs","Trap","False"
"C:\Users\khjga\AppData\Roaming\coe5\mods\Godot Mods\Slay The Spire 2 Mods\YgoDuelist\YgoDuelistCode\Cards\Spell\Todo\Ritual\Turtle_Oath.cs","o/Ritual/Turtle_Oath.cs","Trap","False"
"C:\Users\khjga\AppData\Roaming\coe5\mods\Godot Mods\Slay The Spire 2 Mods\YgoDuelist\YgoDuelistCode\Cards\Spell\Todo\Ritual\War_Lion_Ritual.cs","o/Ritual/War_Lion_Ritual.cs","Trap","False"
"C:\Users\khjga\AppData\Roaming\coe5\mods\Godot Mods\Slay The Spire 2 Mods\YgoDuelist\YgoDuelistCode\Cards\Spell\Todo\Ritual\White_Dragon_Ritual.cs","o/Ritual/White_Dragon_Ritual.cs","Trap","False"
"C:\Users\khjga\AppData\Roaming\coe5\mods\Godot Mods\Slay The Spire 2 Mods\YgoDuelist\YgoDuelistCode\Cards\Spell\Todo\Ritual\Zera_Ritual.cs","o/Ritual/Zera_Ritual.cs","Trap","False"
"C:\Users\khjga\AppData\Roaming\coe5\mods\Godot Mods\Slay The Spire 2 Mods\YgoDuelist\YgoDuelistCode\Cards\Monster\Todo\Effect\A_Cat_of_Ill_Omen.cs","odo/Effect/A_Cat_of_Ill_Omen.cs","Trap","False"
"C:\Users\khjga\AppData\Roaming\coe5\mods\Godot Mods\Slay The Spire 2 Mods\YgoDuelist\YgoDuelistCode\Cards\Monster\Todo\Effect\Absorbing_Kid_from_the_Sky.cs","odo/Effect/Absorbing_Kid_from_the_Sky.cs","Trap","False"
"C:\Users\khjga\AppData\Roaming\coe5\mods\Godot Mods\Slay The Spire 2 Mods\YgoDuelist\YgoDuelistCode\Cards\Monster\Todo\Effect\Airknight_Parshath.cs","odo/Effect/Airknight_Parshath.cs","Trap","False"
"C:\Users\khjga\AppData\Roaming\coe5\mods\Godot Mods\Slay The Spire 2 Mods\YgoDuelist\YgoDuelistCode\Cards\Monster\Todo\Effect\Amazoness_Blowpiper.cs","odo/Effect/Amazoness_Blowpiper.cs","Trap","False"
"C:\Users\khjga\AppData\Roaming\coe5\mods\Godot Mods\Slay The Spire 2 Mods\YgoDuelist\YgoDuelistCode\Cards\Monster\Todo\Effect\Amazoness_Swords_Woman.cs","odo/Effect/Amazoness_Swords_Woman.cs","Trap","False"
"C:\Users\khjga\AppData\Roaming\coe5\mods\Godot Mods\Slay The Spire 2 Mods\YgoDuelist\YgoDuelistCode\Cards\Monster\Todo\Effect\Ameba.cs","odo/Effect/Ameba.cs","Trap","False"
"C:\Users\khjga\AppData\Roaming\coe5\mods\Godot Mods\Slay The Spire 2 Mods\YgoDuelist\YgoDuelistCode\Cards\Monster\Todo\Effect\An_Owl_of_Luck.cs","odo/Effect/An_Owl_of_Luck.cs","Trap","False"
"C:\Users\khjga\AppData\Roaming\coe5\mods\Godot Mods\Slay The Spire 2 Mods\YgoDuelist\YgoDuelistCode\Cards\Monster\Todo\Effect\Anti_Aircraft_Flower.cs","odo/Effect/Anti_Aircraft_Flower.cs","Trap","False"
"C:\Users\khjga\AppData\Roaming\coe5\mods\Godot Mods\Slay The Spire 2 Mods\YgoDuelist\YgoDuelistCode\Cards\Monster\Todo\Effect\Apprentice_Magician.cs","odo/Effect/Apprentice_Magician.cs","Trap","False"
"C:\Users\khjga\AppData\Roaming\coe5\mods\Godot Mods\Slay The Spire 2 Mods\YgoDuelist\YgoDuelistCode\Cards\Monster\Todo\Effect\Arcane_Archer_of_the_Forest.cs","odo/Effect/Arcane_Archer_of_the_Forest.cs","Trap","False"
"C:\Users\khjga\AppData\Roaming\coe5\mods\Godot Mods\Slay The Spire 2 Mods\YgoDuelist\YgoDuelistCode\Cards\Monster\Todo\Effect\Armed_Ninja.cs","odo/Effect/Armed_Ninja.cs","Trap","False"
"C:\Users\khjga\AppData\Roaming\coe5\mods\Godot Mods\Slay The Spire 2 Mods\YgoDuelist\YgoDuelistCode\Cards\Monster\Todo\Effect\Arsenal_Bug.cs","odo/Effect/Arsenal_Bug.cs","Trap","False"
"C:\Users\khjga\AppData\Roaming\coe5\mods\Godot Mods\Slay The Spire 2 Mods\YgoDuelist\YgoDuelistCode\Cards\Monster\Todo\Effect\Aswan_Apparition.cs","odo/Effect/Aswan_Apparition.cs","Trap","False"
"C:\Users\khjga\AppData\Roaming\coe5\mods\Godot Mods\Slay The Spire 2 Mods\YgoDuelist\YgoDuelistCode\Cards\Monster\Todo\Effect\Bazoo_the_Soul_Eater.cs","odo/Effect/Bazoo_the_Soul_Eater.cs","Trap","False"
"C:\Users\khjga\AppData\Roaming\coe5\mods\Godot Mods\Slay The Spire 2 Mods\YgoDuelist\YgoDuelistCode\Cards\Monster\Todo\Effect\Beastking_of_the_Swamps.cs","odo/Effect/Beastking_of_the_Swamps.cs","Trap","False"
"C:\Users\khjga\AppData\Roaming\coe5\mods\Godot Mods\Slay The Spire 2 Mods\YgoDuelist\YgoDuelistCode\Cards\Monster\Todo\Effect\Berfomet.cs","odo/Effect/Berfomet.cs","Trap","False"
"C:\Users\khjga\AppData\Roaming\coe5\mods\Godot Mods\Slay The Spire 2 Mods\YgoDuelist\YgoDuelistCode\Cards\Monster\Todo\Effect\Berserk_Dragon.cs","odo/Effect/Berserk_Dragon.cs","Trap","False"
"C:\Users\khjga\AppData\Roaming\coe5\mods\Godot Mods\Slay The Spire 2 Mods\YgoDuelist\YgoDuelistCode\Cards\Monster\Todo\Effect\Big_Shield_Gardna.cs","odo/Effect/Big_Shield_Gardna.cs","Trap","False"
"C:\Users\khjga\AppData\Roaming\coe5\mods\Godot Mods\Slay The Spire 2 Mods\YgoDuelist\YgoDuelistCode\Cards\Monster\Todo\Effect\Black_Tyranno.cs","odo/Effect/Black_Tyranno.cs","Trap","False"
"C:\Users\khjga\AppData\Roaming\coe5\mods\Godot Mods\Slay The Spire 2 Mods\YgoDuelist\YgoDuelistCode\Cards\Monster\Todo\Effect\Blast_Juggler.cs","odo/Effect/Blast_Juggler.cs","Trap","False"
"C:\Users\khjga\AppData\Roaming\coe5\mods\Godot Mods\Slay The Spire 2 Mods\YgoDuelist\YgoDuelistCode\Cards\Monster\Todo\Effect\Bowganian.cs","odo/Effect/Bowganian.cs","Trap","False"
"C:\Users\khjga\AppData\Roaming\coe5\mods\Godot Mods\Slay The Spire 2 Mods\YgoDuelist\YgoDuelistCode\Cards\Monster\Todo\Effect\Bubonic_Vermin.cs","odo/Effect/Bubonic_Vermin.cs","Trap","False"
"C:\Users\khjga\AppData\Roaming\coe5\mods\Godot Mods\Slay The Spire 2 Mods\YgoDuelist\YgoDuelistCode\Cards\Monster\Todo\Effect\Buster_Blader.cs","odo/Effect/Buster_Blader.cs","Trap","False"
"C:\Users\khjga\AppData\Roaming\coe5\mods\Godot Mods\Slay The Spire 2 Mods\YgoDuelist\YgoDuelistCode\Cards\Monster\Todo\Effect\Cannon_Soldier.cs","odo/Effect/Cannon_Soldier.cs","Trap","False"
"C:\Users\khjga\AppData\Roaming\coe5\mods\Godot Mods\Slay The Spire 2 Mods\YgoDuelist\YgoDuelistCode\Cards\Monster\Todo\Effect\Card_Trooper.cs","odo/Effect/Card_Trooper.cs","Trap","False"
"C:\Users\khjga\AppData\Roaming\coe5\mods\Godot Mods\Slay The Spire 2 Mods\YgoDuelist\YgoDuelistCode\Cards\Monster\Todo\Effect\Castle_of_Dark_Illusions.cs","odo/Effect/Castle_of_Dark_Illusions.cs","Trap","False"
"C:\Users\khjga\AppData\Roaming\coe5\mods\Godot Mods\Slay The Spire 2 Mods\YgoDuelist\YgoDuelistCode\Cards\Monster\Todo\Effect\Cat_s_Ear_Tribe.cs","odo/Effect/Cat_s_Ear_Tribe.cs","Trap","False"
"C:\Users\khjga\AppData\Roaming\coe5\mods\Godot Mods\Slay The Spire 2 Mods\YgoDuelist\YgoDuelistCode\Cards\Monster\Todo\Effect\Catapult_Turtle.cs","odo/Effect/Catapult_Turtle.cs","Trap","False"
"C:\Users\khjga\AppData\Roaming\coe5\mods\Godot Mods\Slay The Spire 2 Mods\YgoDuelist\YgoDuelistCode\Cards\Monster\Todo\Effect\Chaos_Command_Magician.cs","odo/Effect/Chaos_Command_Magician.cs","Trap","False"
"C:\Users\khjga\AppData\Roaming\coe5\mods\Godot Mods\Slay The Spire 2 Mods\YgoDuelist\YgoDuelistCode\Cards\Monster\Todo\Effect\Chaos_Necromancer.cs","odo/Effect/Chaos_Necromancer.cs","Trap","False"
"C:\Users\khjga\AppData\Roaming\coe5\mods\Godot Mods\Slay The Spire 2 Mods\YgoDuelist\YgoDuelistCode\Cards\Monster\Todo\Effect\Chaosrider_Gustaph.cs","odo/Effect/Chaosrider_Gustaph.cs","Trap","False"
"C:\Users\khjga\AppData\Roaming\coe5\mods\Godot Mods\Slay The Spire 2 Mods\YgoDuelist\YgoDuelistCode\Cards\Monster\Todo\Effect\Chopman_the_Desperate_Outlaw.cs","odo/Effect/Chopman_the_Desperate_Outlaw.cs","Trap","False"
"C:\Users\khjga\AppData\Roaming\coe5\mods\Godot Mods\Slay The Spire 2 Mods\YgoDuelist\YgoDuelistCode\Cards\Monster\Todo\Effect\Chronomaly_Mayan_Machine.cs","odo/Effect/Chronomaly_Mayan_Machine.cs","Trap","False"
"C:\Users\khjga\AppData\Roaming\coe5\mods\Godot Mods\Slay The Spire 2 Mods\YgoDuelist\YgoDuelistCode\Cards\Monster\Todo\Effect\Cobra_Jar.cs","odo/Effect/Cobra_Jar.cs","Trap","False"
"C:\Users\khjga\AppData\Roaming\coe5\mods\Godot Mods\Slay The Spire 2 Mods\YgoDuelist\YgoDuelistCode\Cards\Monster\Todo\Effect\Cockroach_Knight.cs","odo/Effect/Cockroach_Knight.cs","Trap","False"
"C:\Users\khjga\AppData\Roaming\coe5\mods\Godot Mods\Slay The Spire 2 Mods\YgoDuelist\YgoDuelistCode\Cards\Monster\Todo\Effect\Command_Knight.cs","odo/Effect/Command_Knight.cs","Trap","False"
"C:\Users\khjga\AppData\Roaming\coe5\mods\Godot Mods\Slay The Spire 2 Mods\YgoDuelist\YgoDuelistCode\Cards\Monster\Todo\Effect\Copycat.cs","odo/Effect/Copycat.cs","Trap","False"
"C:\Users\khjga\AppData\Roaming\coe5\mods\Godot Mods\Slay The Spire 2 Mods\YgoDuelist\YgoDuelistCode\Cards\Monster\Todo\Effect\Crass_Clown.cs","odo/Effect/Crass_Clown.cs","Trap","False"
"C:\Users\khjga\AppData\Roaming\coe5\mods\Godot Mods\Slay The Spire 2 Mods\YgoDuelist\YgoDuelistCode\Cards\Monster\Todo\Effect\Cure_Mermaid.cs","odo/Effect/Cure_Mermaid.cs","Trap","False"
"C:\Users\khjga\AppData\Roaming\coe5\mods\Godot Mods\Slay The Spire 2 Mods\YgoDuelist\YgoDuelistCode\Cards\Monster\Todo\Effect\Cyber_Jar.cs","odo/Effect/Cyber_Jar.cs","Trap","False"
"C:\Users\khjga\AppData\Roaming\coe5\mods\Godot Mods\Slay The Spire 2 Mods\YgoDuelist\YgoDuelistCode\Cards\Monster\Todo\Effect\Cyber_Stein.cs","odo/Effect/Cyber_Stein.cs","Trap","False"
"C:\Users\khjga\AppData\Roaming\coe5\mods\Godot Mods\Slay The Spire 2 Mods\YgoDuelist\YgoDuelistCode\Cards\Monster\Todo\Effect\D_D_Crazy_Beast.cs","odo/Effect/D_D_Crazy_Beast.cs","Trap","False"
"C:\Users\khjga\AppData\Roaming\coe5\mods\Godot Mods\Slay The Spire 2 Mods\YgoDuelist\YgoDuelistCode\Cards\Monster\Todo\Effect\D_D_Scout_Plane.cs","odo/Effect/D_D_Scout_Plane.cs","Trap","False"
"C:\Users\khjga\AppData\Roaming\coe5\mods\Godot Mods\Slay The Spire 2 Mods\YgoDuelist\YgoDuelistCode\Cards\Monster\Todo\Effect\D_D_Warrior.cs","odo/Effect/D_D_Warrior.cs","Trap","False"
"C:\Users\khjga\AppData\Roaming\coe5\mods\Godot Mods\Slay The Spire 2 Mods\YgoDuelist\YgoDuelistCode\Cards\Monster\Todo\Effect\D_D_Warrior_Lady.cs","odo/Effect/D_D_Warrior_Lady.cs","Trap","False"
"C:\Users\khjga\AppData\Roaming\coe5\mods\Godot Mods\Slay The Spire 2 Mods\YgoDuelist\YgoDuelistCode\Cards\Monster\Todo\Effect\Dancing_Fairy.cs","odo/Effect/Dancing_Fairy.cs","Trap","False"
"C:\Users\khjga\AppData\Roaming\coe5\mods\Godot Mods\Slay The Spire 2 Mods\YgoDuelist\YgoDuelistCode\Cards\Monster\Todo\Effect\Dark_Cat_with_White_Tail.cs","odo/Effect/Dark_Cat_with_White_Tail.cs","Trap","False"
"C:\Users\khjga\AppData\Roaming\coe5\mods\Godot Mods\Slay The Spire 2 Mods\YgoDuelist\YgoDuelistCode\Cards\Monster\Todo\Effect\Dark_Driceratops.cs","odo/Effect/Dark_Driceratops.cs","Trap","False"
"C:\Users\khjga\AppData\Roaming\coe5\mods\Godot Mods\Slay The Spire 2 Mods\YgoDuelist\YgoDuelistCode\Cards\Monster\Todo\Effect\Dark_Effigy.cs","odo/Effect/Dark_Effigy.cs","Trap","False"
"C:\Users\khjga\AppData\Roaming\coe5\mods\Godot Mods\Slay The Spire 2 Mods\YgoDuelist\YgoDuelistCode\Cards\Monster\Todo\Effect\Dark_Elf.cs","odo/Effect/Dark_Elf.cs","Trap","False"
"C:\Users\khjga\AppData\Roaming\coe5\mods\Godot Mods\Slay The Spire 2 Mods\YgoDuelist\YgoDuelistCode\Cards\Monster\Todo\Effect\Dark_Jeroid.cs","odo/Effect/Dark_Jeroid.cs","Trap","False"
"C:\Users\khjga\AppData\Roaming\coe5\mods\Godot Mods\Slay The Spire 2 Mods\YgoDuelist\YgoDuelistCode\Cards\Monster\Todo\Effect\Dark_Magician_Girl.cs","odo/Effect/Dark_Magician_Girl.cs","Trap","False"
"C:\Users\khjga\AppData\Roaming\coe5\mods\Godot Mods\Slay The Spire 2 Mods\YgoDuelist\YgoDuelistCode\Cards\Monster\Todo\Effect\Dark_Magician_of_Chaos.cs","odo/Effect/Dark_Magician_of_Chaos.cs","Trap","False"
"C:\Users\khjga\AppData\Roaming\coe5\mods\Godot Mods\Slay The Spire 2 Mods\YgoDuelist\YgoDuelistCode\Cards\Monster\Todo\Effect\Dark_Zebra.cs","odo/Effect/Dark_Zebra.cs","Trap","False"
"C:\Users\khjga\AppData\Roaming\coe5\mods\Godot Mods\Slay The Spire 2 Mods\YgoDuelist\YgoDuelistCode\Cards\Monster\Todo\Effect\Darklord_Marie.cs","odo/Effect/Darklord_Marie.cs","Trap","False"
"C:\Users\khjga\AppData\Roaming\coe5\mods\Godot Mods\Slay The Spire 2 Mods\YgoDuelist\YgoDuelistCode\Cards\Monster\Todo\Effect\Des_Feral_Imp.cs","odo/Effect/Des_Feral_Imp.cs","Trap","False"
"C:\Users\khjga\AppData\Roaming\coe5\mods\Godot Mods\Slay The Spire 2 Mods\YgoDuelist\YgoDuelistCode\Cards\Monster\Todo\Effect\Des_Kangaroo.cs","odo/Effect/Des_Kangaroo.cs","Trap","False"
"C:\Users\khjga\AppData\Roaming\coe5\mods\Godot Mods\Slay The Spire 2 Mods\YgoDuelist\YgoDuelistCode\Cards\Monster\Todo\Effect\Des_Koala.cs","odo/Effect/Des_Koala.cs","Trap","False"
"C:\Users\khjga\AppData\Roaming\coe5\mods\Godot Mods\Slay The Spire 2 Mods\YgoDuelist\YgoDuelistCode\Cards\Monster\Todo\Effect\Des_Lacooda.cs","odo/Effect/Des_Lacooda.cs","Trap","False"
"C:\Users\khjga\AppData\Roaming\coe5\mods\Godot Mods\Slay The Spire 2 Mods\YgoDuelist\YgoDuelistCode\Cards\Monster\Todo\Effect\Des_Volstgalph.cs","odo/Effect/Des_Volstgalph.cs","Trap","False"
"C:\Users\khjga\AppData\Roaming\coe5\mods\Godot Mods\Slay The Spire 2 Mods\YgoDuelist\YgoDuelistCode\Cards\Monster\Todo\Effect\Desertapir.cs","odo/Effect/Desertapir.cs","Trap","False"
"C:\Users\khjga\AppData\Roaming\coe5\mods\Godot Mods\Slay The Spire 2 Mods\YgoDuelist\YgoDuelistCode\Cards\Monster\Todo\Effect\Dice_Jar.cs","odo/Effect/Dice_Jar.cs","Trap","False"
"C:\Users\khjga\AppData\Roaming\coe5\mods\Godot Mods\Slay The Spire 2 Mods\YgoDuelist\YgoDuelistCode\Cards\Monster\Todo\Effect\Don_Turtle.cs","odo/Effect/Don_Turtle.cs","Trap","False"
"C:\Users\khjga\AppData\Roaming\coe5\mods\Godot Mods\Slay The Spire 2 Mods\YgoDuelist\YgoDuelistCode\Cards\Monster\Todo\Effect\Double_Coston.cs","odo/Effect/Double_Coston.cs","Trap","False"
"C:\Users\khjga\AppData\Roaming\coe5\mods\Godot Mods\Slay The Spire 2 Mods\YgoDuelist\YgoDuelistCode\Cards\Monster\Todo\Effect\Dragon_Seeker.cs","odo/Effect/Dragon_Seeker.cs","Trap","False"
"C:\Users\khjga\AppData\Roaming\coe5\mods\Godot Mods\Slay The Spire 2 Mods\YgoDuelist\YgoDuelistCode\Cards\Monster\Todo\Effect\Dream_Clown.cs","odo/Effect/Dream_Clown.cs","Trap","False"
"C:\Users\khjga\AppData\Roaming\coe5\mods\Godot Mods\Slay The Spire 2 Mods\YgoDuelist\YgoDuelistCode\Cards\Monster\Todo\Effect\Drillago.cs","odo/Effect/Drillago.cs","Trap","False"
"C:\Users\khjga\AppData\Roaming\coe5\mods\Godot Mods\Slay The Spire 2 Mods\YgoDuelist\YgoDuelistCode\Cards\Monster\Todo\Effect\Earth_Effigy.cs","odo/Effect/Earth_Effigy.cs","Trap","False"
"C:\Users\khjga\AppData\Roaming\coe5\mods\Godot Mods\Slay The Spire 2 Mods\YgoDuelist\YgoDuelistCode\Cards\Monster\Todo\Effect\Electric_Lizard.cs","odo/Effect/Electric_Lizard.cs","Trap","False"
"C:\Users\khjga\AppData\Roaming\coe5\mods\Godot Mods\Slay The Spire 2 Mods\YgoDuelist\YgoDuelistCode\Cards\Monster\Todo\Effect\Electric_Snake.cs","odo/Effect/Electric_Snake.cs","Trap","False"
"C:\Users\khjga\AppData\Roaming\coe5\mods\Godot Mods\Slay The Spire 2 Mods\YgoDuelist\YgoDuelistCode\Cards\Monster\Todo\Effect\Elephant_Statue_of_Blessing.cs","odo/Effect/Elephant_Statue_of_Blessing.cs","Trap","False"
"C:\Users\khjga\AppData\Roaming\coe5\mods\Godot Mods\Slay The Spire 2 Mods\YgoDuelist\YgoDuelistCode\Cards\Monster\Todo\Effect\Emissary_of_the_Afterlife.cs","odo/Effect/Emissary_of_the_Afterlife.cs","Trap","False"
"C:\Users\khjga\AppData\Roaming\coe5\mods\Godot Mods\Slay The Spire 2 Mods\YgoDuelist\YgoDuelistCode\Cards\Monster\Todo\Effect\Enraged_Battle_Ox.cs","odo/Effect/Enraged_Battle_Ox.cs","Trap","False"
"C:\Users\khjga\AppData\Roaming\coe5\mods\Godot Mods\Slay The Spire 2 Mods\YgoDuelist\YgoDuelistCode\Cards\Monster\Todo\Effect\Exarion_Universe.cs","odo/Effect/Exarion_Universe.cs","Trap","False"
"C:\Users\khjga\AppData\Roaming\coe5\mods\Godot Mods\Slay The Spire 2 Mods\YgoDuelist\YgoDuelistCode\Cards\Monster\Todo\Effect\Exiled_Force.cs","odo/Effect/Exiled_Force.cs","Trap","False"
"C:\Users\khjga\AppData\Roaming\coe5\mods\Godot Mods\Slay The Spire 2 Mods\YgoDuelist\YgoDuelistCode\Cards\Monster\Todo\Effect\Fairy_Guardian.cs","odo/Effect/Fairy_Guardian.cs","Trap","False"
"C:\Users\khjga\AppData\Roaming\coe5\mods\Godot Mods\Slay The Spire 2 Mods\YgoDuelist\YgoDuelistCode\Cards\Monster\Todo\Effect\Fairy_King_Truesdale.cs","odo/Effect/Fairy_King_Truesdale.cs","Trap","False"
"C:\Users\khjga\AppData\Roaming\coe5\mods\Godot Mods\Slay The Spire 2 Mods\YgoDuelist\YgoDuelistCode\Cards\Monster\Todo\Effect\Fear_from_the_Dark.cs","odo/Effect/Fear_from_the_Dark.cs","Trap","False"
"C:\Users\khjga\AppData\Roaming\coe5\mods\Godot Mods\Slay The Spire 2 Mods\YgoDuelist\YgoDuelistCode\Cards\Monster\Todo\Effect\Fire_Princess.cs","odo/Effect/Fire_Princess.cs","Trap","False"
"C:\Users\khjga\AppData\Roaming\coe5\mods\Godot Mods\Slay The Spire 2 Mods\YgoDuelist\YgoDuelistCode\Cards\Monster\Todo\Effect\Fire_Sorcerer.cs","odo/Effect/Fire_Sorcerer.cs","Trap","False"
"C:\Users\khjga\AppData\Roaming\coe5\mods\Godot Mods\Slay The Spire 2 Mods\YgoDuelist\YgoDuelistCode\Cards\Monster\Todo\Effect\Flame_Ruler.cs","odo/Effect/Flame_Ruler.cs","Trap","False"
"C:\Users\khjga\AppData\Roaming\coe5\mods\Godot Mods\Slay The Spire 2 Mods\YgoDuelist\YgoDuelistCode\Cards\Monster\Todo\Effect\Flying_Kamakiri_1.cs","odo/Effect/Flying_Kamakiri_1.cs","Trap","False"
"C:\Users\khjga\AppData\Roaming\coe5\mods\Godot Mods\Slay The Spire 2 Mods\YgoDuelist\YgoDuelistCode\Cards\Monster\Todo\Effect\Freed_the_Brave_Wanderer.cs","odo/Effect/Freed_the_Brave_Wanderer.cs","Trap","False"
"C:\Users\khjga\AppData\Roaming\coe5\mods\Godot Mods\Slay The Spire 2 Mods\YgoDuelist\YgoDuelistCode\Cards\Monster\Todo\Effect\Gaia_The_Fierce_Knight_Origin.cs","odo/Effect/Gaia_The_Fierce_Knight_Origin.cs","Trap","False"
"C:\Users\khjga\AppData\Roaming\coe5\mods\Godot Mods\Slay The Spire 2 Mods\YgoDuelist\YgoDuelistCode\Cards\Monster\Todo\Effect\Gale_Dogra.cs","odo/Effect/Gale_Dogra.cs","Trap","False"
"C:\Users\khjga\AppData\Roaming\coe5\mods\Godot Mods\Slay The Spire 2 Mods\YgoDuelist\YgoDuelistCode\Cards\Monster\Todo\Effect\Gale_Lizard.cs","odo/Effect/Gale_Lizard.cs","Trap","False"
"C:\Users\khjga\AppData\Roaming\coe5\mods\Godot Mods\Slay The Spire 2 Mods\YgoDuelist\YgoDuelistCode\Cards\Monster\Todo\Effect\Gate_Guardian.cs","odo/Effect/Gate_Guardian.cs","Trap","False"
"C:\Users\khjga\AppData\Roaming\coe5\mods\Godot Mods\Slay The Spire 2 Mods\YgoDuelist\YgoDuelistCode\Cards\Monster\Todo\Effect\Gearfried_the_Iron_Knight.cs","odo/Effect/Gearfried_the_Iron_Knight.cs","Trap","False"
"C:\Users\khjga\AppData\Roaming\coe5\mods\Godot Mods\Slay The Spire 2 Mods\YgoDuelist\YgoDuelistCode\Cards\Monster\Todo\Effect\Gellenduo.cs","odo/Effect/Gellenduo.cs","Trap","False"
"C:\Users\khjga\AppData\Roaming\coe5\mods\Godot Mods\Slay The Spire 2 Mods\YgoDuelist\YgoDuelistCode\Cards\Monster\Todo\Effect\Giant_Germ.cs","odo/Effect/Giant_Germ.cs","Trap","False"
"C:\Users\khjga\AppData\Roaming\coe5\mods\Godot Mods\Slay The Spire 2 Mods\YgoDuelist\YgoDuelistCode\Cards\Monster\Todo\Effect\Giant_Orc.cs","odo/Effect/Giant_Orc.cs","Trap","False"
"C:\Users\khjga\AppData\Roaming\coe5\mods\Godot Mods\Slay The Spire 2 Mods\YgoDuelist\YgoDuelistCode\Cards\Monster\Todo\Effect\Giant_Rat.cs","odo/Effect/Giant_Rat.cs","Trap","False"
"C:\Users\khjga\AppData\Roaming\coe5\mods\Godot Mods\Slay The Spire 2 Mods\YgoDuelist\YgoDuelistCode\Cards\Monster\Todo\Effect\Gilasaurus.cs","odo/Effect/Gilasaurus.cs","Trap","False"
"C:\Users\khjga\AppData\Roaming\coe5\mods\Godot Mods\Slay The Spire 2 Mods\YgoDuelist\YgoDuelistCode\Cards\Monster\Todo\Effect\Gilford_the_Lightning.cs","odo/Effect/Gilford_the_Lightning.cs","Trap","False"
"C:\Users\khjga\AppData\Roaming\coe5\mods\Godot Mods\Slay The Spire 2 Mods\YgoDuelist\YgoDuelistCode\Cards\Monster\Todo\Effect\Goblin_Attack_Force.cs","odo/Effect/Goblin_Attack_Force.cs","Trap","False"
"C:\Users\khjga\AppData\Roaming\coe5\mods\Godot Mods\Slay The Spire 2 Mods\YgoDuelist\YgoDuelistCode\Cards\Monster\Todo\Effect\Goddess_of_Whim.cs","odo/Effect/Goddess_of_Whim.cs","Trap","False"
"C:\Users\khjga\AppData\Roaming\coe5\mods\Godot Mods\Slay The Spire 2 Mods\YgoDuelist\YgoDuelistCode\Cards\Monster\Todo\Effect\Goddess_with_the_Third_Eye.cs","odo/Effect/Goddess_with_the_Third_Eye.cs","Trap","False"
"C:\Users\khjga\AppData\Roaming\coe5\mods\Godot Mods\Slay The Spire 2 Mods\YgoDuelist\YgoDuelistCode\Cards\Monster\Todo\Effect\Gora_Turtle.cs","odo/Effect/Gora_Turtle.cs","Trap","False"
"C:\Users\khjga\AppData\Roaming\coe5\mods\Godot Mods\Slay The Spire 2 Mods\YgoDuelist\YgoDuelistCode\Cards\Monster\Todo\Effect\Granadora.cs","odo/Effect/Granadora.cs","Trap","False"
"C:\Users\khjga\AppData\Roaming\coe5\mods\Godot Mods\Slay The Spire 2 Mods\YgoDuelist\YgoDuelistCode\Cards\Monster\Todo\Effect\Gravekeeper_s_Assailant.cs","odo/Effect/Gravekeeper_s_Assailant.cs","Trap","False"
"C:\Users\khjga\AppData\Roaming\coe5\mods\Godot Mods\Slay The Spire 2 Mods\YgoDuelist\YgoDuelistCode\Cards\Monster\Todo\Effect\Gravekeeper_s_Cannonholder.cs","odo/Effect/Gravekeeper_s_Cannonholder.cs","Trap","False"
"C:\Users\khjga\AppData\Roaming\coe5\mods\Godot Mods\Slay The Spire 2 Mods\YgoDuelist\YgoDuelistCode\Cards\Monster\Todo\Effect\Gravekeeper_s_Chief.cs","odo/Effect/Gravekeeper_s_Chief.cs","Trap","False"
"C:\Users\khjga\AppData\Roaming\coe5\mods\Godot Mods\Slay The Spire 2 Mods\YgoDuelist\YgoDuelistCode\Cards\Monster\Todo\Effect\Gravekeeper_s_Curse.cs","odo/Effect/Gravekeeper_s_Curse.cs","Trap","False"
"C:\Users\khjga\AppData\Roaming\coe5\mods\Godot Mods\Slay The Spire 2 Mods\YgoDuelist\YgoDuelistCode\Cards\Monster\Todo\Effect\Gravekeeper_s_Guard.cs","odo/Effect/Gravekeeper_s_Guard.cs","Trap","False"
"C:\Users\khjga\AppData\Roaming\coe5\mods\Godot Mods\Slay The Spire 2 Mods\YgoDuelist\YgoDuelistCode\Cards\Monster\Todo\Effect\Gravekeeper_s_Spear_Soldier.cs","odo/Effect/Gravekeeper_s_Spear_Soldier.cs","Trap","False"
"C:\Users\khjga\AppData\Roaming\coe5\mods\Godot Mods\Slay The Spire 2 Mods\YgoDuelist\YgoDuelistCode\Cards\Monster\Todo\Effect\Gravekeeper_s_Spy.cs","odo/Effect/Gravekeeper_s_Spy.cs","Trap","False"
"C:\Users\khjga\AppData\Roaming\coe5\mods\Godot Mods\Slay The Spire 2 Mods\YgoDuelist\YgoDuelistCode\Cards\Monster\Todo\Effect\Gray_Wing.cs","odo/Effect/Gray_Wing.cs","Trap","False"
"C:\Users\khjga\AppData\Roaming\coe5\mods\Godot Mods\Slay The Spire 2 Mods\YgoDuelist\YgoDuelistCode\Cards\Monster\Todo\Effect\Great_Maju_Garzett.cs","odo/Effect/Great_Maju_Garzett.cs","Trap","False"
"C:\Users\khjga\AppData\Roaming\coe5\mods\Godot Mods\Slay The Spire 2 Mods\YgoDuelist\YgoDuelistCode\Cards\Monster\Todo\Effect\Greenkappa.cs","odo/Effect/Greenkappa.cs","Trap","False"
"C:\Users\khjga\AppData\Roaming\coe5\mods\Godot Mods\Slay The Spire 2 Mods\YgoDuelist\YgoDuelistCode\Cards\Monster\Todo\Effect\Guardian_Angel_Joan.cs","odo/Effect/Guardian_Angel_Joan.cs","Trap","False"
"C:\Users\khjga\AppData\Roaming\coe5\mods\Godot Mods\Slay The Spire 2 Mods\YgoDuelist\YgoDuelistCode\Cards\Monster\Todo\Effect\Guardian_Slime.cs","odo/Effect/Guardian_Slime.cs","Trap","False"
"C:\Users\khjga\AppData\Roaming\coe5\mods\Godot Mods\Slay The Spire 2 Mods\YgoDuelist\YgoDuelistCode\Cards\Monster\Todo\Effect\Gyaku_Gire_Panda.cs","odo/Effect/Gyaku_Gire_Panda.cs","Trap","False"
"C:\Users\khjga\AppData\Roaming\coe5\mods\Godot Mods\Slay The Spire 2 Mods\YgoDuelist\YgoDuelistCode\Cards\Monster\Todo\Effect\Hane_Hane.cs","odo/Effect/Hane_Hane.cs","Trap","False"
"C:\Users\khjga\AppData\Roaming\coe5\mods\Godot Mods\Slay The Spire 2 Mods\YgoDuelist\YgoDuelistCode\Cards\Monster\Todo\Effect\Hannibal_Necromancer.cs","odo/Effect/Hannibal_Necromancer.cs","Trap","False"
"C:\Users\khjga\AppData\Roaming\coe5\mods\Godot Mods\Slay The Spire 2 Mods\YgoDuelist\YgoDuelistCode\Cards\Monster\Todo\Effect\Hayabusa_Knight.cs","odo/Effect/Hayabusa_Knight.cs","Trap","False"
"C:\Users\khjga\AppData\Roaming\coe5\mods\Godot Mods\Slay The Spire 2 Mods\YgoDuelist\YgoDuelistCode\Cards\Monster\Todo\Effect\Helping_Robo_for_Combat.cs","odo/Effect/Helping_Robo_for_Combat.cs","Trap","False"
"C:\Users\khjga\AppData\Roaming\coe5\mods\Godot Mods\Slay The Spire 2 Mods\YgoDuelist\YgoDuelistCode\Cards\Monster\Todo\Effect\Hourglass_of_Courage.cs","odo/Effect/Hourglass_of_Courage.cs","Trap","False"
"C:\Users\khjga\AppData\Roaming\coe5\mods\Godot Mods\Slay The Spire 2 Mods\YgoDuelist\YgoDuelistCode\Cards\Monster\Todo\Effect\Hysteric_Fairy.cs","odo/Effect/Hysteric_Fairy.cs","Trap","False"
"C:\Users\khjga\AppData\Roaming\coe5\mods\Godot Mods\Slay The Spire 2 Mods\YgoDuelist\YgoDuelistCode\Cards\Monster\Todo\Effect\Insect_Princess.cs","odo/Effect/Insect_Princess.cs","Trap","False"
"C:\Users\khjga\AppData\Roaming\coe5\mods\Godot Mods\Slay The Spire 2 Mods\YgoDuelist\YgoDuelistCode\Cards\Monster\Todo\Effect\Insect_Queen.cs","odo/Effect/Insect_Queen.cs","Trap","False"
"C:\Users\khjga\AppData\Roaming\coe5\mods\Godot Mods\Slay The Spire 2 Mods\YgoDuelist\YgoDuelistCode\Cards\Monster\Todo\Effect\Insect_Soldiers_of_the_Sky.cs","odo/Effect/Insect_Soldiers_of_the_Sky.cs","Trap","False"
"C:\Users\khjga\AppData\Roaming\coe5\mods\Godot Mods\Slay The Spire 2 Mods\YgoDuelist\YgoDuelistCode\Cards\Monster\Todo\Effect\Iron_Blacksmith_Kotetsu.cs","odo/Effect/Iron_Blacksmith_Kotetsu.cs","Trap","False"
"C:\Users\khjga\AppData\Roaming\coe5\mods\Godot Mods\Slay The Spire 2 Mods\YgoDuelist\YgoDuelistCode\Cards\Monster\Todo\Effect\Jigen_Bakudan.cs","odo/Effect/Jigen_Bakudan.cs","Trap","False"
"C:\Users\khjga\AppData\Roaming\coe5\mods\Godot Mods\Slay The Spire 2 Mods\YgoDuelist\YgoDuelistCode\Cards\Monster\Todo\Effect\Jinzo_7.cs","odo/Effect/Jinzo_7.cs","Trap","False"
"C:\Users\khjga\AppData\Roaming\coe5\mods\Godot Mods\Slay The Spire 2 Mods\YgoDuelist\YgoDuelistCode\Cards\Monster\Todo\Effect\Jirai_Gumo.cs","odo/Effect/Jirai_Gumo.cs","Trap","False"
"C:\Users\khjga\AppData\Roaming\coe5\mods\Godot Mods\Slay The Spire 2 Mods\YgoDuelist\YgoDuelistCode\Cards\Monster\Todo\Effect\Kaiser_Sea_Horse.cs","odo/Effect/Kaiser_Sea_Horse.cs","Trap","False"
"C:\Users\khjga\AppData\Roaming\coe5\mods\Godot Mods\Slay The Spire 2 Mods\YgoDuelist\YgoDuelistCode\Cards\Monster\Todo\Effect\Karate_Man.cs","odo/Effect/Karate_Man.cs","Trap","False"
"C:\Users\khjga\AppData\Roaming\coe5\mods\Godot Mods\Slay The Spire 2 Mods\YgoDuelist\YgoDuelistCode\Cards\Monster\Todo\Effect\Kazejin.cs","odo/Effect/Kazejin.cs","Trap","False"
"C:\Users\khjga\AppData\Roaming\coe5\mods\Godot Mods\Slay The Spire 2 Mods\YgoDuelist\YgoDuelistCode\Cards\Monster\Todo\Effect\Keeper_of_the_Shrine.cs","odo/Effect/Keeper_of_the_Shrine.cs","Trap","False"
"C:\Users\khjga\AppData\Roaming\coe5\mods\Godot Mods\Slay The Spire 2 Mods\YgoDuelist\YgoDuelistCode\Cards\Monster\Todo\Effect\Keldo.cs","odo/Effect/Keldo.cs","Trap","False"
"C:\Users\khjga\AppData\Roaming\coe5\mods\Godot Mods\Slay The Spire 2 Mods\YgoDuelist\YgoDuelistCode\Cards\Monster\Todo\Effect\King_of_the_Swamp.cs","odo/Effect/King_of_the_Swamp.cs","Trap","False"
"C:\Users\khjga\AppData\Roaming\coe5\mods\Godot Mods\Slay The Spire 2 Mods\YgoDuelist\YgoDuelistCode\Cards\Monster\Todo\Effect\King_Tiger_Wanghu.cs","odo/Effect/King_Tiger_Wanghu.cs","Trap","False"
"C:\Users\khjga\AppData\Roaming\coe5\mods\Godot Mods\Slay The Spire 2 Mods\YgoDuelist\YgoDuelistCode\Cards\Monster\Todo\Effect\Kotodama.cs","odo/Effect/Kotodama.cs","Trap","False"
"C:\Users\khjga\AppData\Roaming\coe5\mods\Godot Mods\Slay The Spire 2 Mods\YgoDuelist\YgoDuelistCode\Cards\Monster\Todo\Effect\Kuriboh.cs","odo/Effect/Kuriboh.cs","Trap","False"
"C:\Users\khjga\AppData\Roaming\coe5\mods\Godot Mods\Slay The Spire 2 Mods\YgoDuelist\YgoDuelistCode\Cards\Monster\Todo\Effect\Lady_Assailant_of_Flames.cs","odo/Effect/Lady_Assailant_of_Flames.cs","Trap","False"
"C:\Users\khjga\AppData\Roaming\coe5\mods\Godot Mods\Slay The Spire 2 Mods\YgoDuelist\YgoDuelistCode\Cards\Monster\Todo\Effect\Legendary_Fiend.cs","odo/Effect/Legendary_Fiend.cs","Trap","False"
"C:\Users\khjga\AppData\Roaming\coe5\mods\Godot Mods\Slay The Spire 2 Mods\YgoDuelist\YgoDuelistCode\Cards\Monster\Todo\Effect\Leghul.cs","odo/Effect/Leghul.cs","Trap","False"
"C:\Users\khjga\AppData\Roaming\coe5\mods\Godot Mods\Slay The Spire 2 Mods\YgoDuelist\YgoDuelistCode\Cards\Monster\Todo\Effect\Legion_the_Fiend_Jester.cs","odo/Effect/Legion_the_Fiend_Jester.cs","Trap","False"
"C:\Users\khjga\AppData\Roaming\coe5\mods\Godot Mods\Slay The Spire 2 Mods\YgoDuelist\YgoDuelistCode\Cards\Monster\Todo\Effect\Lekunga.cs","odo/Effect/Lekunga.cs","Trap","False"
"C:\Users\khjga\AppData\Roaming\coe5\mods\Godot Mods\Slay The Spire 2 Mods\YgoDuelist\YgoDuelistCode\Cards\Monster\Todo\Effect\Levia_Dragon_Daedalus.cs","odo/Effect/Levia_Dragon_Daedalus.cs","Trap","False"
"C:\Users\khjga\AppData\Roaming\coe5\mods\Godot Mods\Slay The Spire 2 Mods\YgoDuelist\YgoDuelistCode\Cards\Monster\Todo\Effect\Light_Effigy.cs","odo/Effect/Light_Effigy.cs","Trap","False"
"C:\Users\khjga\AppData\Roaming\coe5\mods\Godot Mods\Slay The Spire 2 Mods\YgoDuelist\YgoDuelistCode\Cards\Monster\Todo\Effect\Little_Winguard.cs","odo/Effect/Little_Winguard.cs","Trap","False"
"C:\Users\khjga\AppData\Roaming\coe5\mods\Godot Mods\Slay The Spire 2 Mods\YgoDuelist\YgoDuelistCode\Cards\Monster\Todo\Effect\Lord_of_D.cs","odo/Effect/Lord_of_D.cs","Trap","False"
"C:\Users\khjga\AppData\Roaming\coe5\mods\Godot Mods\Slay The Spire 2 Mods\YgoDuelist\YgoDuelistCode\Cards\Monster\Todo\Effect\Lord_Poison.cs","odo/Effect/Lord_Poison.cs","Trap","False"
"C:\Users\khjga\AppData\Roaming\coe5\mods\Godot Mods\Slay The Spire 2 Mods\YgoDuelist\YgoDuelistCode\Cards\Monster\Todo\Effect\Machine_King.cs","odo/Effect/Machine_King.cs","Trap","False"
"C:\Users\khjga\AppData\Roaming\coe5\mods\Godot Mods\Slay The Spire 2 Mods\YgoDuelist\YgoDuelistCode\Cards\Monster\Todo\Effect\Mad_Sword_Beast.cs","odo/Effect/Mad_Sword_Beast.cs","Trap","False"
"C:\Users\khjga\AppData\Roaming\coe5\mods\Godot Mods\Slay The Spire 2 Mods\YgoDuelist\YgoDuelistCode\Cards\Monster\Todo\Effect\Magical_Marionette.cs","odo/Effect/Magical_Marionette.cs","Trap","False"
"C:\Users\khjga\AppData\Roaming\coe5\mods\Godot Mods\Slay The Spire 2 Mods\YgoDuelist\YgoDuelistCode\Cards\Monster\Todo\Effect\Magical_Plant_Mandragola.cs","odo/Effect/Magical_Plant_Mandragola.cs","Trap","False"
"C:\Users\khjga\AppData\Roaming\coe5\mods\Godot Mods\Slay The Spire 2 Mods\YgoDuelist\YgoDuelistCode\Cards\Monster\Todo\Effect\Magical_Scientist.cs","odo/Effect/Magical_Scientist.cs","Trap","False"
"C:\Users\khjga\AppData\Roaming\coe5\mods\Godot Mods\Slay The Spire 2 Mods\YgoDuelist\YgoDuelistCode\Cards\Monster\Todo\Effect\Magician_of_Faith.cs","odo/Effect/Magician_of_Faith.cs","Trap","False"
"C:\Users\khjga\AppData\Roaming\coe5\mods\Godot Mods\Slay The Spire 2 Mods\YgoDuelist\YgoDuelistCode\Cards\Monster\Todo\Effect\Maha_Vailo.cs","odo/Effect/Maha_Vailo.cs","Trap","False"
"C:\Users\khjga\AppData\Roaming\coe5\mods\Godot Mods\Slay The Spire 2 Mods\YgoDuelist\YgoDuelistCode\Cards\Monster\Todo\Effect\Maju_Garzett.cs","odo/Effect/Maju_Garzett.cs","Trap","False"
"C:\Users\khjga\AppData\Roaming\coe5\mods\Godot Mods\Slay The Spire 2 Mods\YgoDuelist\YgoDuelistCode\Cards\Monster\Todo\Effect\Man_Eater_Bug.cs","odo/Effect/Man_Eater_Bug.cs","Trap","False"
"C:\Users\khjga\AppData\Roaming\coe5\mods\Godot Mods\Slay The Spire 2 Mods\YgoDuelist\YgoDuelistCode\Cards\Monster\Todo\Effect\Manju_of_the_Ten_Thousand_Hands.cs","odo/Effect/Manju_of_the_Ten_Thousand_Hands.cs","Trap","False"
"C:\Users\khjga\AppData\Roaming\coe5\mods\Godot Mods\Slay The Spire 2 Mods\YgoDuelist\YgoDuelistCode\Cards\Monster\Todo\Effect\Manticore_of_Darkness.cs","odo/Effect/Manticore_of_Darkness.cs","Trap","False"
"C:\Users\khjga\AppData\Roaming\coe5\mods\Godot Mods\Slay The Spire 2 Mods\YgoDuelist\YgoDuelistCode\Cards\Monster\Todo\Effect\Mask_of_Darkness.cs","odo/Effect/Mask_of_Darkness.cs","Trap","False"
"C:\Users\khjga\AppData\Roaming\coe5\mods\Godot Mods\Slay The Spire 2 Mods\YgoDuelist\YgoDuelistCode\Cards\Monster\Todo\Effect\Masked_Sorcerer.cs","odo/Effect/Masked_Sorcerer.cs","Trap","False"
"C:\Users\khjga\AppData\Roaming\coe5\mods\Godot Mods\Slay The Spire 2 Mods\YgoDuelist\YgoDuelistCode\Cards\Monster\Todo\Effect\Mefist_the_Infernal_General.cs","odo/Effect/Mefist_the_Infernal_General.cs","Trap","False"
"C:\Users\khjga\AppData\Roaming\coe5\mods\Godot Mods\Slay The Spire 2 Mods\YgoDuelist\YgoDuelistCode\Cards\Monster\Todo\Effect\Minar.cs","odo/Effect/Minar.cs","Trap","False"
"C:\Users\khjga\AppData\Roaming\coe5\mods\Godot Mods\Slay The Spire 2 Mods\YgoDuelist\YgoDuelistCode\Cards\Monster\Todo\Effect\Monster_Eye.cs","odo/Effect/Monster_Eye.cs","Trap","False"
"C:\Users\khjga\AppData\Roaming\coe5\mods\Godot Mods\Slay The Spire 2 Mods\YgoDuelist\YgoDuelistCode\Cards\Monster\Todo\Effect\Mother_Grizzly.cs","odo/Effect/Mother_Grizzly.cs","Trap","False"
"C:\Users\khjga\AppData\Roaming\coe5\mods\Godot Mods\Slay The Spire 2 Mods\YgoDuelist\YgoDuelistCode\Cards\Monster\Todo\Effect\Mudora.cs","odo/Effect/Mudora.cs","Trap","False"
"C:\Users\khjga\AppData\Roaming\coe5\mods\Godot Mods\Slay The Spire 2 Mods\YgoDuelist\YgoDuelistCode\Cards\Monster\Todo\Effect\Mystic_Lamp.cs","odo/Effect/Mystic_Lamp.cs","Trap","False"
"C:\Users\khjga\AppData\Roaming\coe5\mods\Godot Mods\Slay The Spire 2 Mods\YgoDuelist\YgoDuelistCode\Cards\Monster\Todo\Effect\Mystic_Tomato.cs","odo/Effect/Mystic_Tomato.cs","Trap","False"
"C:\Users\khjga\AppData\Roaming\coe5\mods\Godot Mods\Slay The Spire 2 Mods\YgoDuelist\YgoDuelistCode\Cards\Monster\Todo\Effect\Mystical_Sheep_1.cs","odo/Effect/Mystical_Sheep_1.cs","Trap","False"
"C:\Users\khjga\AppData\Roaming\coe5\mods\Godot Mods\Slay The Spire 2 Mods\YgoDuelist\YgoDuelistCode\Cards\Monster\Todo\Effect\Needle_Ball.cs","odo/Effect/Needle_Ball.cs","Trap","False"
"C:\Users\khjga\AppData\Roaming\coe5\mods\Godot Mods\Slay The Spire 2 Mods\YgoDuelist\YgoDuelistCode\Cards\Monster\Todo\Effect\Needle_Worm.cs","odo/Effect/Needle_Worm.cs","Trap","False"
"C:\Users\khjga\AppData\Roaming\coe5\mods\Godot Mods\Slay The Spire 2 Mods\YgoDuelist\YgoDuelistCode\Cards\Monster\Todo\Effect\Night_Assailant.cs","odo/Effect/Night_Assailant.cs","Trap","False"
"C:\Users\khjga\AppData\Roaming\coe5\mods\Godot Mods\Slay The Spire 2 Mods\YgoDuelist\YgoDuelistCode\Cards\Monster\Todo\Effect\Nightmare_Horse.cs","odo/Effect/Nightmare_Horse.cs","Trap","False"
"C:\Users\khjga\AppData\Roaming\coe5\mods\Godot Mods\Slay The Spire 2 Mods\YgoDuelist\YgoDuelistCode\Cards\Monster\Todo\Effect\Nubian_Guard.cs","odo/Effect/Nubian_Guard.cs","Trap","False"
"C:\Users\khjga\AppData\Roaming\coe5\mods\Godot Mods\Slay The Spire 2 Mods\YgoDuelist\YgoDuelistCode\Cards\Monster\Todo\Effect\Obelisk_the_Tormentor.cs","odo/Effect/Obelisk_the_Tormentor.cs","Trap","False"
"C:\Users\khjga\AppData\Roaming\coe5\mods\Godot Mods\Slay The Spire 2 Mods\YgoDuelist\YgoDuelistCode\Cards\Monster\Todo\Effect\Ocean_Dragon_Lord_Neo_Daedalus.cs","odo/Effect/Ocean_Dragon_Lord_Neo_Daedalus.cs","Trap","False"
"C:\Users\khjga\AppData\Roaming\coe5\mods\Godot Mods\Slay The Spire 2 Mods\YgoDuelist\YgoDuelistCode\Cards\Monster\Todo\Effect\Old_Vindictive_Magician.cs","odo/Effect/Old_Vindictive_Magician.cs","Trap","False"
"C:\Users\khjga\AppData\Roaming\coe5\mods\Godot Mods\Slay The Spire 2 Mods\YgoDuelist\YgoDuelistCode\Cards\Monster\Todo\Effect\Ooguchi.cs","odo/Effect/Ooguchi.cs","Trap","False"
"C:\Users\khjga\AppData\Roaming\coe5\mods\Godot Mods\Slay The Spire 2 Mods\YgoDuelist\YgoDuelistCode\Cards\Monster\Todo\Effect\Outstanding_Dog_Marron.cs","odo/Effect/Outstanding_Dog_Marron.cs","Trap","False"
"C:\Users\khjga\AppData\Roaming\coe5\mods\Godot Mods\Slay The Spire 2 Mods\YgoDuelist\YgoDuelistCode\Cards\Monster\Todo\Effect\Penguin_Soldier.cs","odo/Effect/Penguin_Soldier.cs","Trap","False"
"C:\Users\khjga\AppData\Roaming\coe5\mods\Godot Mods\Slay The Spire 2 Mods\YgoDuelist\YgoDuelistCode\Cards\Monster\Todo\Effect\Pinch_Hopper.cs","odo/Effect/Pinch_Hopper.cs","Trap","False"
"C:\Users\khjga\AppData\Roaming\coe5\mods\Godot Mods\Slay The Spire 2 Mods\YgoDuelist\YgoDuelistCode\Cards\Monster\Todo\Effect\Piranha_Army.cs","odo/Effect/Piranha_Army.cs","Trap","False"
"C:\Users\khjga\AppData\Roaming\coe5\mods\Godot Mods\Slay The Spire 2 Mods\YgoDuelist\YgoDuelistCode\Cards\Monster\Todo\Effect\Poison_Mummy.cs","odo/Effect/Poison_Mummy.cs","Trap","False"
"C:\Users\khjga\AppData\Roaming\coe5\mods\Godot Mods\Slay The Spire 2 Mods\YgoDuelist\YgoDuelistCode\Cards\Monster\Todo\Effect\Possessed_Dark_Soul.cs","odo/Effect/Possessed_Dark_Soul.cs","Trap","False"
"C:\Users\khjga\AppData\Roaming\coe5\mods\Godot Mods\Slay The Spire 2 Mods\YgoDuelist\YgoDuelistCode\Cards\Monster\Todo\Effect\Pumpking_the_King_of_Ghosts.cs","odo/Effect/Pumpking_the_King_of_Ghosts.cs","Trap","False"
"C:\Users\khjga\AppData\Roaming\coe5\mods\Godot Mods\Slay The Spire 2 Mods\YgoDuelist\YgoDuelistCode\Cards\Monster\Todo\Effect\Pyramid_Turtle.cs","odo/Effect/Pyramid_Turtle.cs","Trap","False"
"C:\Users\khjga\AppData\Roaming\coe5\mods\Godot Mods\Slay The Spire 2 Mods\YgoDuelist\YgoDuelistCode\Cards\Monster\Todo\Effect\Queen_s_Double.cs","odo/Effect/Queen_s_Double.cs","Trap","False"
"C:\Users\khjga\AppData\Roaming\coe5\mods\Godot Mods\Slay The Spire 2 Mods\YgoDuelist\YgoDuelistCode\Cards\Monster\Todo\Effect\Rainbow_Flower.cs","odo/Effect/Rainbow_Flower.cs","Trap","False"
"C:\Users\khjga\AppData\Roaming\coe5\mods\Godot Mods\Slay The Spire 2 Mods\YgoDuelist\YgoDuelistCode\Cards\Monster\Todo\Effect\Reactor_Slime.cs","odo/Effect/Reactor_Slime.cs","Trap","False"
"C:\Users\khjga\AppData\Roaming\coe5\mods\Godot Mods\Slay The Spire 2 Mods\YgoDuelist\YgoDuelistCode\Cards\Monster\Todo\Effect\Reaper_of_the_Cards.cs","odo/Effect/Reaper_of_the_Cards.cs","Trap","False"
"C:\Users\khjga\AppData\Roaming\coe5\mods\Godot Mods\Slay The Spire 2 Mods\YgoDuelist\YgoDuelistCode\Cards\Monster\Todo\Effect\Rocket_Jumper.cs","odo/Effect/Rocket_Jumper.cs","Trap","False"
"C:\Users\khjga\AppData\Roaming\coe5\mods\Godot Mods\Slay The Spire 2 Mods\YgoDuelist\YgoDuelistCode\Cards\Monster\Todo\Effect\Rose_Witch.cs","odo/Effect/Rose_Witch.cs","Trap","False"
"C:\Users\khjga\AppData\Roaming\coe5\mods\Godot Mods\Slay The Spire 2 Mods\YgoDuelist\YgoDuelistCode\Cards\Monster\Todo\Effect\Royal_Magical_Library.cs","odo/Effect/Royal_Magical_Library.cs","Trap","False"
"C:\Users\khjga\AppData\Roaming\coe5\mods\Godot Mods\Slay The Spire 2 Mods\YgoDuelist\YgoDuelistCode\Cards\Monster\Todo\Effect\Samsara_Dragon.cs","odo/Effect/Samsara_Dragon.cs","Trap","False"
"C:\Users\khjga\AppData\Roaming\coe5\mods\Godot Mods\Slay The Spire 2 Mods\YgoDuelist\YgoDuelistCode\Cards\Monster\Todo\Effect\Sanga_of_the_Thunder.cs","odo/Effect/Sanga_of_the_Thunder.cs","Trap","False"
"C:\Users\khjga\AppData\Roaming\coe5\mods\Godot Mods\Slay The Spire 2 Mods\YgoDuelist\YgoDuelistCode\Cards\Monster\Todo\Effect\Sangan.cs","odo/Effect/Sangan.cs","Trap","False"
"C:\Users\khjga\AppData\Roaming\coe5\mods\Godot Mods\Slay The Spire 2 Mods\YgoDuelist\YgoDuelistCode\Cards\Monster\Todo\Effect\Senju_of_the_Thousand_Hands.cs","odo/Effect/Senju_of_the_Thousand_Hands.cs","Trap","False"
"C:\Users\khjga\AppData\Roaming\coe5\mods\Godot Mods\Slay The Spire 2 Mods\YgoDuelist\YgoDuelistCode\Cards\Monster\Todo\Effect\Serenade_The_Melodious_Diva.cs","odo/Effect/Serenade_The_Melodious_Diva.cs","Trap","False"
"C:\Users\khjga\AppData\Roaming\coe5\mods\Godot Mods\Slay The Spire 2 Mods\YgoDuelist\YgoDuelistCode\Cards\Monster\Todo\Effect\Servant_of_Catabolism.cs","odo/Effect/Servant_of_Catabolism.cs","Trap","False"
"C:\Users\khjga\AppData\Roaming\coe5\mods\Godot Mods\Slay The Spire 2 Mods\YgoDuelist\YgoDuelistCode\Cards\Monster\Todo\Effect\Shadow_Ghoul.cs","odo/Effect/Shadow_Ghoul.cs","Trap","False"
"C:\Users\khjga\AppData\Roaming\coe5\mods\Godot Mods\Slay The Spire 2 Mods\YgoDuelist\YgoDuelistCode\Cards\Monster\Todo\Effect\Shining_Angel.cs","odo/Effect/Shining_Angel.cs","Trap","False"
"C:\Users\khjga\AppData\Roaming\coe5\mods\Godot Mods\Slay The Spire 2 Mods\YgoDuelist\YgoDuelistCode\Cards\Monster\Todo\Effect\Skelengel.cs","odo/Effect/Skelengel.cs","Trap","False"
"C:\Users\khjga\AppData\Roaming\coe5\mods\Godot Mods\Slay The Spire 2 Mods\YgoDuelist\YgoDuelistCode\Cards\Monster\Todo\Effect\Skilled_Dark_Magician.cs","odo/Effect/Skilled_Dark_Magician.cs","Trap","False"
"C:\Users\khjga\AppData\Roaming\coe5\mods\Godot Mods\Slay The Spire 2 Mods\YgoDuelist\YgoDuelistCode\Cards\Monster\Todo\Effect\Skilled_White_Magician.cs","odo/Effect/Skilled_White_Magician.cs","Trap","False"
"C:\Users\khjga\AppData\Roaming\coe5\mods\Godot Mods\Slay The Spire 2 Mods\YgoDuelist\YgoDuelistCode\Cards\Monster\Todo\Effect\Skull_Mark_Ladybug.cs","odo/Effect/Skull_Mark_Ladybug.cs","Trap","False"
"C:\Users\khjga\AppData\Roaming\coe5\mods\Godot Mods\Slay The Spire 2 Mods\YgoDuelist\YgoDuelistCode\Cards\Monster\Todo\Effect\Slate_Warrior.cs","odo/Effect/Slate_Warrior.cs","Trap","False"
"C:\Users\khjga\AppData\Roaming\coe5\mods\Godot Mods\Slay The Spire 2 Mods\YgoDuelist\YgoDuelistCode\Cards\Monster\Todo\Effect\Slifer_the_Sky_Dragon.cs","odo/Effect/Slifer_the_Sky_Dragon.cs","Trap","False"
"C:\Users\khjga\AppData\Roaming\coe5\mods\Godot Mods\Slay The Spire 2 Mods\YgoDuelist\YgoDuelistCode\Cards\Monster\Todo\Effect\Solar_Flare_Dragon.cs","odo/Effect/Solar_Flare_Dragon.cs","Trap","False"
"C:\Users\khjga\AppData\Roaming\coe5\mods\Godot Mods\Slay The Spire 2 Mods\YgoDuelist\YgoDuelistCode\Cards\Monster\Todo\Effect\Sonic_Bird.cs","odo/Effect/Sonic_Bird.cs","Trap","False"
"C:\Users\khjga\AppData\Roaming\coe5\mods\Godot Mods\Slay The Spire 2 Mods\YgoDuelist\YgoDuelistCode\Cards\Monster\Todo\Effect\Spear_Cretin.cs","odo/Effect/Spear_Cretin.cs","Trap","False"
"C:\Users\khjga\AppData\Roaming\coe5\mods\Godot Mods\Slay The Spire 2 Mods\YgoDuelist\YgoDuelistCode\Cards\Monster\Todo\Effect\Spear_Dragon.cs","odo/Effect/Spear_Dragon.cs","Trap","False"
"C:\Users\khjga\AppData\Roaming\coe5\mods\Godot Mods\Slay The Spire 2 Mods\YgoDuelist\YgoDuelistCode\Cards\Monster\Todo\Effect\Spirit_Caller.cs","odo/Effect/Spirit_Caller.cs","Trap","False"
"C:\Users\khjga\AppData\Roaming\coe5\mods\Godot Mods\Slay The Spire 2 Mods\YgoDuelist\YgoDuelistCode\Cards\Monster\Todo\Effect\Spirit_Reaper.cs","odo/Effect/Spirit_Reaper.cs","Trap","False"
"C:\Users\khjga\AppData\Roaming\coe5\mods\Godot Mods\Slay The Spire 2 Mods\YgoDuelist\YgoDuelistCode\Cards\Monster\Todo\Effect\Spirit_Ryu.cs","odo/Effect/Spirit_Ryu.cs","Trap","False"
"C:\Users\khjga\AppData\Roaming\coe5\mods\Godot Mods\Slay The Spire 2 Mods\YgoDuelist\YgoDuelistCode\Cards\Monster\Todo\Effect\Stealth_Bird.cs","odo/Effect/Stealth_Bird.cs","Trap","False"
"C:\Users\khjga\AppData\Roaming\coe5\mods\Godot Mods\Slay The Spire 2 Mods\YgoDuelist\YgoDuelistCode\Cards\Monster\Todo\Effect\Stone_Statue_of_the_Aztecs.cs","odo/Effect/Stone_Statue_of_the_Aztecs.cs","Trap","False"
"C:\Users\khjga\AppData\Roaming\coe5\mods\Godot Mods\Slay The Spire 2 Mods\YgoDuelist\YgoDuelistCode\Cards\Monster\Todo\Effect\Suijin.cs","odo/Effect/Suijin.cs","Trap","False"
"C:\Users\khjga\AppData\Roaming\coe5\mods\Godot Mods\Slay The Spire 2 Mods\YgoDuelist\YgoDuelistCode\Cards\Monster\Todo\Effect\Summoner_of_Illusions.cs","odo/Effect/Summoner_of_Illusions.cs","Trap","False"
"C:\Users\khjga\AppData\Roaming\coe5\mods\Godot Mods\Slay The Spire 2 Mods\YgoDuelist\YgoDuelistCode\Cards\Monster\Todo\Effect\Superheavy_Samurai_Big_Waraji.cs","odo/Effect/Superheavy_Samurai_Big_Waraji.cs","Trap","False"
"C:\Users\khjga\AppData\Roaming\coe5\mods\Godot Mods\Slay The Spire 2 Mods\YgoDuelist\YgoDuelistCode\Cards\Monster\Todo\Effect\Supply.cs","odo/Effect/Supply.cs","Trap","False"
"C:\Users\khjga\AppData\Roaming\coe5\mods\Godot Mods\Slay The Spire 2 Mods\YgoDuelist\YgoDuelistCode\Cards\Monster\Todo\Effect\Sword_Hunter.cs","odo/Effect/Sword_Hunter.cs","Trap","False"
"C:\Users\khjga\AppData\Roaming\coe5\mods\Godot Mods\Slay The Spire 2 Mods\YgoDuelist\YgoDuelistCode\Cards\Monster\Todo\Effect\Tainted_Wisdom.cs","odo/Effect/Tainted_Wisdom.cs","Trap","False"
"C:\Users\khjga\AppData\Roaming\coe5\mods\Godot Mods\Slay The Spire 2 Mods\YgoDuelist\YgoDuelistCode\Cards\Monster\Todo\Effect\Terrorking_Archfiend.cs","odo/Effect/Terrorking_Archfiend.cs","Trap","False"
"C:\Users\khjga\AppData\Roaming\coe5\mods\Godot Mods\Slay The Spire 2 Mods\YgoDuelist\YgoDuelistCode\Cards\Monster\Todo\Effect\The_Agent_of_Wisdom_Mercury.cs","odo/Effect/The_Agent_of_Wisdom_Mercury.cs","Trap","False"
"C:\Users\khjga\AppData\Roaming\coe5\mods\Godot Mods\Slay The Spire 2 Mods\YgoDuelist\YgoDuelistCode\Cards\Monster\Todo\Effect\The_Bistro_Butcher.cs","odo/Effect/The_Bistro_Butcher.cs","Trap","False"
"C:\Users\khjga\AppData\Roaming\coe5\mods\Godot Mods\Slay The Spire 2 Mods\YgoDuelist\YgoDuelistCode\Cards\Monster\Todo\Effect\The_Dark_Hex_Sealed_Fusion.cs","odo/Effect/The_Dark_Hex_Sealed_Fusion.cs","Trap","False"
"C:\Users\khjga\AppData\Roaming\coe5\mods\Godot Mods\Slay The Spire 2 Mods\YgoDuelist\YgoDuelistCode\Cards\Monster\Todo\Effect\The_Earth_Hex_Sealed_Fusion.cs","odo/Effect/The_Earth_Hex_Sealed_Fusion.cs","Trap","False"
"C:\Users\khjga\AppData\Roaming\coe5\mods\Godot Mods\Slay The Spire 2 Mods\YgoDuelist\YgoDuelistCode\Cards\Monster\Todo\Effect\The_Fiend_Megacyber.cs","odo/Effect/The_Fiend_Megacyber.cs","Trap","False"
"C:\Users\khjga\AppData\Roaming\coe5\mods\Godot Mods\Slay The Spire 2 Mods\YgoDuelist\YgoDuelistCode\Cards\Monster\Todo\Effect\The_Hunter_with_7_Weapons.cs","odo/Effect/The_Hunter_with_7_Weapons.cs","Trap","False"
"C:\Users\khjga\AppData\Roaming\coe5\mods\Godot Mods\Slay The Spire 2 Mods\YgoDuelist\YgoDuelistCode\Cards\Monster\Todo\Effect\The_Immortal_of_Thunder.cs","odo/Effect/The_Immortal_of_Thunder.cs","Trap","False"
"C:\Users\khjga\AppData\Roaming\coe5\mods\Godot Mods\Slay The Spire 2 Mods\YgoDuelist\YgoDuelistCode\Cards\Monster\Todo\Effect\The_Kick_Man.cs","odo/Effect/The_Kick_Man.cs","Trap","False"
"C:\Users\khjga\AppData\Roaming\coe5\mods\Godot Mods\Slay The Spire 2 Mods\YgoDuelist\YgoDuelistCode\Cards\Monster\Todo\Effect\The_Legendary_Fisherman.cs","odo/Effect/The_Legendary_Fisherman.cs","Trap","False"
"C:\Users\khjga\AppData\Roaming\coe5\mods\Godot Mods\Slay The Spire 2 Mods\YgoDuelist\YgoDuelistCode\Cards\Monster\Todo\Effect\The_Light_Hex_Sealed_Fusion.cs","odo/Effect/The_Light_Hex_Sealed_Fusion.cs","Trap","False"
"C:\Users\khjga\AppData\Roaming\coe5\mods\Godot Mods\Slay The Spire 2 Mods\YgoDuelist\YgoDuelistCode\Cards\Monster\Todo\Effect\The_Little_Swordsman_of_Aile.cs","odo/Effect/The_Little_Swordsman_of_Aile.cs","Trap","False"
"C:\Users\khjga\AppData\Roaming\coe5\mods\Godot Mods\Slay The Spire 2 Mods\YgoDuelist\YgoDuelistCode\Cards\Monster\Todo\Effect\The_Trojan_Horse.cs","odo/Effect/The_Trojan_Horse.cs","Trap","False"
"C:\Users\khjga\AppData\Roaming\coe5\mods\Godot Mods\Slay The Spire 2 Mods\YgoDuelist\YgoDuelistCode\Cards\Monster\Todo\Effect\The_Wicked_Worm_Beast.cs","odo/Effect/The_Wicked_Worm_Beast.cs","Trap","False"
"C:\Users\khjga\AppData\Roaming\coe5\mods\Godot Mods\Slay The Spire 2 Mods\YgoDuelist\YgoDuelistCode\Cards\Monster\Todo\Effect\The_Winged_Dragon_of_Ra.cs","odo/Effect/The_Winged_Dragon_of_Ra.cs","Trap","False"
"C:\Users\khjga\AppData\Roaming\coe5\mods\Godot Mods\Slay The Spire 2 Mods\YgoDuelist\YgoDuelistCode\Cards\Monster\Todo\Effect\Theban_Nightmare.cs","odo/Effect/Theban_Nightmare.cs","Trap","False"
"C:\Users\khjga\AppData\Roaming\coe5\mods\Godot Mods\Slay The Spire 2 Mods\YgoDuelist\YgoDuelistCode\Cards\Monster\Todo\Effect\Thunder_Dragon.cs","odo/Effect/Thunder_Dragon.cs","Trap","False"
"C:\Users\khjga\AppData\Roaming\coe5\mods\Godot Mods\Slay The Spire 2 Mods\YgoDuelist\YgoDuelistCode\Cards\Monster\Todo\Effect\Time_Wizard.cs","odo/Effect/Time_Wizard.cs","Trap","False"
"C:\Users\khjga\AppData\Roaming\coe5\mods\Godot Mods\Slay The Spire 2 Mods\YgoDuelist\YgoDuelistCode\Cards\Monster\Todo\Effect\Timeater.cs","odo/Effect/Timeater.cs","Trap","False"
"C:\Users\khjga\AppData\Roaming\coe5\mods\Godot Mods\Slay The Spire 2 Mods\YgoDuelist\YgoDuelistCode\Cards\Monster\Todo\Effect\Tornado_Bird.cs","odo/Effect/Tornado_Bird.cs","Trap","False"
"C:\Users\khjga\AppData\Roaming\coe5\mods\Godot Mods\Slay The Spire 2 Mods\YgoDuelist\YgoDuelistCode\Cards\Monster\Todo\Effect\Total_Defense_Shogun.cs","odo/Effect/Total_Defense_Shogun.cs","Trap","False"
"C:\Users\khjga\AppData\Roaming\coe5\mods\Godot Mods\Slay The Spire 2 Mods\YgoDuelist\YgoDuelistCode\Cards\Monster\Todo\Effect\Totem_Dragon.cs","odo/Effect/Totem_Dragon.cs","Trap","False"
"C:\Users\khjga\AppData\Roaming\coe5\mods\Godot Mods\Slay The Spire 2 Mods\YgoDuelist\YgoDuelistCode\Cards\Monster\Todo\Effect\Trap_Master.cs","odo/Effect/Trap_Master.cs","Trap","False"
"C:\Users\khjga\AppData\Roaming\coe5\mods\Godot Mods\Slay The Spire 2 Mods\YgoDuelist\YgoDuelistCode\Cards\Monster\Todo\Effect\Twin_Headed_Behemoth.cs","odo/Effect/Twin_Headed_Behemoth.cs","Trap","False"
"C:\Users\khjga\AppData\Roaming\coe5\mods\Godot Mods\Slay The Spire 2 Mods\YgoDuelist\YgoDuelistCode\Cards\Monster\Todo\Effect\Tyrant_Dragon.cs","odo/Effect/Tyrant_Dragon.cs","Trap","False"
"C:\Users\khjga\AppData\Roaming\coe5\mods\Godot Mods\Slay The Spire 2 Mods\YgoDuelist\YgoDuelistCode\Cards\Monster\Todo\Effect\Ultimate_Obedient_Fiend.cs","odo/Effect/Ultimate_Obedient_Fiend.cs","Trap","False"
"C:\Users\khjga\AppData\Roaming\coe5\mods\Godot Mods\Slay The Spire 2 Mods\YgoDuelist\YgoDuelistCode\Cards\Monster\Todo\Effect\Unshaven_Angler.cs","odo/Effect/Unshaven_Angler.cs","Trap","False"
"C:\Users\khjga\AppData\Roaming\coe5\mods\Godot Mods\Slay The Spire 2 Mods\YgoDuelist\YgoDuelistCode\Cards\Monster\Todo\Effect\Versago_the_Destroyer.cs","odo/Effect/Versago_the_Destroyer.cs","Trap","False"
"C:\Users\khjga\AppData\Roaming\coe5\mods\Godot Mods\Slay The Spire 2 Mods\YgoDuelist\YgoDuelistCode\Cards\Monster\Todo\Effect\Whirlwind_Prodigy.cs","odo/Effect/Whirlwind_Prodigy.cs","Trap","False"
"C:\Users\khjga\AppData\Roaming\coe5\mods\Godot Mods\Slay The Spire 2 Mods\YgoDuelist\YgoDuelistCode\Cards\Monster\Todo\Effect\Wind_Effigy.cs","odo/Effect/Wind_Effigy.cs","Trap","False"
"C:\Users\khjga\AppData\Roaming\coe5\mods\Godot Mods\Slay The Spire 2 Mods\YgoDuelist\YgoDuelistCode\Cards\Monster\Todo\Effect\Winged_Minion.cs","odo/Effect/Winged_Minion.cs","Trap","False"
"C:\Users\khjga\AppData\Roaming\coe5\mods\Godot Mods\Slay The Spire 2 Mods\YgoDuelist\YgoDuelistCode\Cards\Monster\Todo\Effect\Wodan_the_Resident_of_the_Forest.cs","odo/Effect/Wodan_the_Resident_of_the_Forest.cs","Trap","False"
"C:\Users\khjga\AppData\Roaming\coe5\mods\Godot Mods\Slay The Spire 2 Mods\YgoDuelist\YgoDuelistCode\Cards\Monster\Todo\Effect\Woodland_Sprite.cs","odo/Effect/Woodland_Sprite.cs","Trap","False"
"C:\Users\khjga\AppData\Roaming\coe5\mods\Godot Mods\Slay The Spire 2 Mods\YgoDuelist\YgoDuelistCode\Cards\Monster\Todo\Effect\Yado_Karu.cs","odo/Effect/Yado_Karu.cs","Trap","False"
"C:\Users\khjga\AppData\Roaming\coe5\mods\Godot Mods\Slay The Spire 2 Mods\YgoDuelist\YgoDuelistCode\Cards\Monster\Todo\Effect\Yamata_Dragon.cs","odo/Effect/Yamata_Dragon.cs","Trap","False"
"C:\Users\khjga\AppData\Roaming\coe5\mods\Godot Mods\Slay The Spire 2 Mods\YgoDuelist\YgoDuelistCode\Cards\Monster\Todo\Effect\Yomi_Ship.cs","odo/Effect/Yomi_Ship.cs","Trap","False"
"C:\Users\khjga\AppData\Roaming\coe5\mods\Godot Mods\Slay The Spire 2 Mods\YgoDuelist\YgoDuelistCode\Cards\Monster\Todo\Effect\Zaborg_the_Thunder_Monarch.cs","odo/Effect/Zaborg_the_Thunder_Monarch.cs","Trap","False"
"C:\Users\khjga\AppData\Roaming\coe5\mods\Godot Mods\Slay The Spire 2 Mods\YgoDuelist\YgoDuelistCode\Cards\Monster\Todo\Effect\Zombyra_the_Dark.cs","odo/Effect/Zombyra_the_Dark.cs","Trap","False"
"C:\Users\khjga\AppData\Roaming\coe5\mods\Godot Mods\Slay The Spire 2 Mods\YgoDuelist\YgoDuelistCode\Cards\Monster\Todo\Effect\Zone_Eater.cs","odo/Effect/Zone_Eater.cs","Trap","False"
"C:\Users\khjga\AppData\Roaming\coe5\mods\Godot Mods\Slay The Spire 2 Mods\YgoDuelist\YgoDuelistCode\Cards\Monster\Todo\Fusion\Dark_Paladin.cs","odo/Fusion/Dark_Paladin.cs","Trap","False"
"C:\Users\khjga\AppData\Roaming\coe5\mods\Godot Mods\Slay The Spire 2 Mods\YgoDuelist\YgoDuelistCode\Cards\Monster\Todo\Fusion\Egyptian_God_Slime.cs","odo/Fusion/Egyptian_God_Slime.cs","Trap","False"
"C:\Users\khjga\AppData\Roaming\coe5\mods\Godot Mods\Slay The Spire 2 Mods\YgoDuelist\YgoDuelistCode\Cards\Monster\Todo\Fusion\The_Last_Warrior_from_Another_Planet.cs","odo/Fusion/The_Last_Warrior_from_Another_Planet.cs","Trap","False"
"C:\Users\khjga\AppData\Roaming\coe5\mods\Godot Mods\Slay The Spire 2 Mods\YgoDuelist\YgoDuelistCode\Cards\Monster\Todo\Fusion\VWXYZ_Dragon_Catapult_Cannon.cs","odo/Fusion/VWXYZ_Dragon_Catapult_Cannon.cs","Trap","False"
"C:\Users\khjga\AppData\Roaming\coe5\mods\Godot Mods\Slay The Spire 2 Mods\YgoDuelist\YgoDuelistCode\Cards\Monster\Todo\Fusion\XY_Dragon_Cannon.cs","odo/Fusion/XY_Dragon_Cannon.cs","Trap","False"
"C:\Users\khjga\AppData\Roaming\coe5\mods\Godot Mods\Slay The Spire 2 Mods\YgoDuelist\YgoDuelistCode\Cards\Monster\Todo\Fusion\XZ_Tank_Cannon.cs","odo/Fusion/XZ_Tank_Cannon.cs","Trap","False"
"C:\Users\khjga\AppData\Roaming\coe5\mods\Godot Mods\Slay The Spire 2 Mods\YgoDuelist\YgoDuelistCode\Cards\Monster\Todo\Fusion\YZ_Tank_Dragon.cs","odo/Fusion/YZ_Tank_Dragon.cs","Trap","False"
"C:\Users\khjga\AppData\Roaming\coe5\mods\Godot Mods\Slay The Spire 2 Mods\YgoDuelist\YgoDuelistCode\Cards\Monster\Todo\Normal\Abyss_Flower.cs","odo/Normal/Abyss_Flower.cs","Trap","False"
"C:\Users\khjga\AppData\Roaming\coe5\mods\Godot Mods\Slay The Spire 2 Mods\YgoDuelist\YgoDuelistCode\Cards\Monster\Todo\Normal\Acid_Crawler.cs","odo/Normal/Acid_Crawler.cs","Trap","False"
"C:\Users\khjga\AppData\Roaming\coe5\mods\Godot Mods\Slay The Spire 2 Mods\YgoDuelist\YgoDuelistCode\Cards\Monster\Todo\Normal\Acrobat_Monkey.cs","odo/Normal/Acrobat_Monkey.cs","Trap","False"
"C:\Users\khjga\AppData\Roaming\coe5\mods\Godot Mods\Slay The Spire 2 Mods\YgoDuelist\YgoDuelistCode\Cards\Monster\Todo\Normal\Air_Eater.cs","odo/Normal/Air_Eater.cs","Trap","False"
"C:\Users\khjga\AppData\Roaming\coe5\mods\Godot Mods\Slay The Spire 2 Mods\YgoDuelist\YgoDuelistCode\Cards\Monster\Todo\Normal\Akakieisu.cs","odo/Normal/Akakieisu.cs","Trap","False"
"C:\Users\khjga\AppData\Roaming\coe5\mods\Godot Mods\Slay The Spire 2 Mods\YgoDuelist\YgoDuelistCode\Cards\Monster\Todo\Normal\Akihiron.cs","odo/Normal/Akihiron.cs","Trap","False"
"C:\Users\khjga\AppData\Roaming\coe5\mods\Godot Mods\Slay The Spire 2 Mods\YgoDuelist\YgoDuelistCode\Cards\Monster\Todo\Normal\Alinsection.cs","odo/Normal/Alinsection.cs","Trap","False"
"C:\Users\khjga\AppData\Roaming\coe5\mods\Godot Mods\Slay The Spire 2 Mods\YgoDuelist\YgoDuelistCode\Cards\Monster\Todo\Normal\Alligator_S_Sword.cs","odo/Normal/Alligator_S_Sword.cs","Trap","False"
"C:\Users\khjga\AppData\Roaming\coe5\mods\Godot Mods\Slay The Spire 2 Mods\YgoDuelist\YgoDuelistCode\Cards\Monster\Todo\Normal\Alpha_the_Magnet_Warrior.cs","odo/Normal/Alpha_the_Magnet_Warrior.cs","Trap","False"
"C:\Users\khjga\AppData\Roaming\coe5\mods\Godot Mods\Slay The Spire 2 Mods\YgoDuelist\YgoDuelistCode\Cards\Monster\Todo\Normal\Amazon_of_the_Seas.cs","odo/Normal/Amazon_of_the_Seas.cs","Trap","False"
"C:\Users\khjga\AppData\Roaming\coe5\mods\Godot Mods\Slay The Spire 2 Mods\YgoDuelist\YgoDuelistCode\Cards\Monster\Todo\Normal\Amphibian_Beast.cs","odo/Normal/Amphibian_Beast.cs","Trap","False"
"C:\Users\khjga\AppData\Roaming\coe5\mods\Godot Mods\Slay The Spire 2 Mods\YgoDuelist\YgoDuelistCode\Cards\Monster\Todo\Normal\Ancient_Brain.cs","odo/Normal/Ancient_Brain.cs","Trap","False"
"C:\Users\khjga\AppData\Roaming\coe5\mods\Godot Mods\Slay The Spire 2 Mods\YgoDuelist\YgoDuelistCode\Cards\Monster\Todo\Normal\Ancient_Elf.cs","odo/Normal/Ancient_Elf.cs","Trap","False"
"C:\Users\khjga\AppData\Roaming\coe5\mods\Godot Mods\Slay The Spire 2 Mods\YgoDuelist\YgoDuelistCode\Cards\Monster\Todo\Normal\Ancient_Jar.cs","odo/Normal/Ancient_Jar.cs","Trap","False"
"C:\Users\khjga\AppData\Roaming\coe5\mods\Godot Mods\Slay The Spire 2 Mods\YgoDuelist\YgoDuelistCode\Cards\Monster\Todo\Normal\Ancient_Lizard_Warrior.cs","odo/Normal/Ancient_Lizard_Warrior.cs","Trap","False"
"C:\Users\khjga\AppData\Roaming\coe5\mods\Godot Mods\Slay The Spire 2 Mods\YgoDuelist\YgoDuelistCode\Cards\Monster\Todo\Normal\Ancient_One_of_the_Deep_Forest.cs","odo/Normal/Ancient_One_of_the_Deep_Forest.cs","Trap","False"
"C:\Users\khjga\AppData\Roaming\coe5\mods\Godot Mods\Slay The Spire 2 Mods\YgoDuelist\YgoDuelistCode\Cards\Monster\Todo\Normal\Ancient_Sorcerer.cs","odo/Normal/Ancient_Sorcerer.cs","Trap","False"
"C:\Users\khjga\AppData\Roaming\coe5\mods\Godot Mods\Slay The Spire 2 Mods\YgoDuelist\YgoDuelistCode\Cards\Monster\Todo\Normal\Ancient_Tool.cs","odo/Normal/Ancient_Tool.cs","Trap","False"
"C:\Users\khjga\AppData\Roaming\coe5\mods\Godot Mods\Slay The Spire 2 Mods\YgoDuelist\YgoDuelistCode\Cards\Monster\Todo\Normal\Ancient_Tree_of_Enlightenment.cs","odo/Normal/Ancient_Tree_of_Enlightenment.cs","Trap","False"
"C:\Users\khjga\AppData\Roaming\coe5\mods\Godot Mods\Slay The Spire 2 Mods\YgoDuelist\YgoDuelistCode\Cards\Monster\Todo\Normal\Ansatsu.cs","odo/Normal/Ansatsu.cs","Trap","False"
"C:\Users\khjga\AppData\Roaming\coe5\mods\Godot Mods\Slay The Spire 2 Mods\YgoDuelist\YgoDuelistCode\Cards\Monster\Todo\Normal\Anthrosaurus.cs","odo/Normal/Anthrosaurus.cs","Trap","False"
"C:\Users\khjga\AppData\Roaming\coe5\mods\Godot Mods\Slay The Spire 2 Mods\YgoDuelist\YgoDuelistCode\Cards\Monster\Todo\Normal\Aqua_Madoor.cs","odo/Normal/Aqua_Madoor.cs","Trap","False"
"C:\Users\khjga\AppData\Roaming\coe5\mods\Godot Mods\Slay The Spire 2 Mods\YgoDuelist\YgoDuelistCode\Cards\Monster\Todo\Normal\Aqua_Snake.cs","odo/Normal/Aqua_Snake.cs","Trap","False"
"C:\Users\khjga\AppData\Roaming\coe5\mods\Godot Mods\Slay The Spire 2 Mods\YgoDuelist\YgoDuelistCode\Cards\Monster\Todo\Normal\Archfiend_Marmot_of_Nefariousness.cs","odo/Normal/Archfiend_Marmot_of_Nefariousness.cs","Trap","False"
"C:\Users\khjga\AppData\Roaming\coe5\mods\Godot Mods\Slay The Spire 2 Mods\YgoDuelist\YgoDuelistCode\Cards\Monster\Todo\Normal\Archfiend_Mirror.cs","odo/Normal/Archfiend_Mirror.cs","Trap","False"
"C:\Users\khjga\AppData\Roaming\coe5\mods\Godot Mods\Slay The Spire 2 Mods\YgoDuelist\YgoDuelistCode\Cards\Monster\Todo\Normal\Archfiend_Soldier.cs","odo/Normal/Archfiend_Soldier.cs","Trap","False"
"C:\Users\khjga\AppData\Roaming\coe5\mods\Godot Mods\Slay The Spire 2 Mods\YgoDuelist\YgoDuelistCode\Cards\Monster\Todo\Normal\Arlownay.cs","odo/Normal/Arlownay.cs","Trap","False"
"C:\Users\khjga\AppData\Roaming\coe5\mods\Godot Mods\Slay The Spire 2 Mods\YgoDuelist\YgoDuelistCode\Cards\Monster\Todo\Normal\Arma_Knight.cs","odo/Normal/Arma_Knight.cs","Trap","False"
"C:\Users\khjga\AppData\Roaming\coe5\mods\Godot Mods\Slay The Spire 2 Mods\YgoDuelist\YgoDuelistCode\Cards\Monster\Todo\Normal\Armaill.cs","odo/Normal/Armaill.cs","Trap","False"
"C:\Users\khjga\AppData\Roaming\coe5\mods\Godot Mods\Slay The Spire 2 Mods\YgoDuelist\YgoDuelistCode\Cards\Monster\Todo\Normal\Armored_Lizard.cs","odo/Normal/Armored_Lizard.cs","Trap","False"
"C:\Users\khjga\AppData\Roaming\coe5\mods\Godot Mods\Slay The Spire 2 Mods\YgoDuelist\YgoDuelistCode\Cards\Monster\Todo\Normal\Armored_Rat.cs","odo/Normal/Armored_Rat.cs","Trap","False"
"C:\Users\khjga\AppData\Roaming\coe5\mods\Godot Mods\Slay The Spire 2 Mods\YgoDuelist\YgoDuelistCode\Cards\Monster\Todo\Normal\Armored_Starfish.cs","odo/Normal/Armored_Starfish.cs","Trap","False"
"C:\Users\khjga\AppData\Roaming\coe5\mods\Godot Mods\Slay The Spire 2 Mods\YgoDuelist\YgoDuelistCode\Cards\Monster\Todo\Normal\Armored_Zombie.cs","odo/Normal/Armored_Zombie.cs","Trap","False"
"C:\Users\khjga\AppData\Roaming\coe5\mods\Godot Mods\Slay The Spire 2 Mods\YgoDuelist\YgoDuelistCode\Cards\Monster\Todo\Normal\Axe_Raider.cs","odo/Normal/Axe_Raider.cs","Trap","False"
"C:\Users\khjga\AppData\Roaming\coe5\mods\Godot Mods\Slay The Spire 2 Mods\YgoDuelist\YgoDuelistCode\Cards\Monster\Todo\Normal\B_Dragon_Jungle_King.cs","odo/Normal/B_Dragon_Jungle_King.cs","Trap","False"
"C:\Users\khjga\AppData\Roaming\coe5\mods\Godot Mods\Slay The Spire 2 Mods\YgoDuelist\YgoDuelistCode\Cards\Monster\Todo\Normal\Baby_Dragon.cs","odo/Normal/Baby_Dragon.cs","Trap","False"
"C:\Users\khjga\AppData\Roaming\coe5\mods\Godot Mods\Slay The Spire 2 Mods\YgoDuelist\YgoDuelistCode\Cards\Monster\Todo\Normal\Baron_of_the_Fiend_Sword.cs","odo/Normal/Baron_of_the_Fiend_Sword.cs","Trap","False"
"C:\Users\khjga\AppData\Roaming\coe5\mods\Godot Mods\Slay The Spire 2 Mods\YgoDuelist\YgoDuelistCode\Cards\Monster\Todo\Normal\Barrel_Lily.cs","odo/Normal/Barrel_Lily.cs","Trap","False"
"C:\Users\khjga\AppData\Roaming\coe5\mods\Godot Mods\Slay The Spire 2 Mods\YgoDuelist\YgoDuelistCode\Cards\Monster\Todo\Normal\Barrel_Rock.cs","odo/Normal/Barrel_Rock.cs","Trap","False"
"C:\Users\khjga\AppData\Roaming\coe5\mods\Godot Mods\Slay The Spire 2 Mods\YgoDuelist\YgoDuelistCode\Cards\Monster\Todo\Normal\Basic_Insect.cs","odo/Normal/Basic_Insect.cs","Trap","False"
"C:\Users\khjga\AppData\Roaming\coe5\mods\Godot Mods\Slay The Spire 2 Mods\YgoDuelist\YgoDuelistCode\Cards\Monster\Todo\Normal\Bat.cs","odo/Normal/Bat.cs","Trap","False"
"C:\Users\khjga\AppData\Roaming\coe5\mods\Godot Mods\Slay The Spire 2 Mods\YgoDuelist\YgoDuelistCode\Cards\Monster\Todo\Normal\Battle_Ox.cs","odo/Normal/Battle_Ox.cs","Trap","False"
"C:\Users\khjga\AppData\Roaming\coe5\mods\Godot Mods\Slay The Spire 2 Mods\YgoDuelist\YgoDuelistCode\Cards\Monster\Todo\Normal\Battle_Steer.cs","odo/Normal/Battle_Steer.cs","Trap","False"
"C:\Users\khjga\AppData\Roaming\coe5\mods\Godot Mods\Slay The Spire 2 Mods\YgoDuelist\YgoDuelistCode\Cards\Monster\Todo\Normal\Battle_Warrior.cs","odo/Normal/Battle_Warrior.cs","Trap","False"
"C:\Users\khjga\AppData\Roaming\coe5\mods\Godot Mods\Slay The Spire 2 Mods\YgoDuelist\YgoDuelistCode\Cards\Monster\Todo\Normal\Beaked_Snake.cs","odo/Normal/Beaked_Snake.cs","Trap","False"
"C:\Users\khjga\AppData\Roaming\coe5\mods\Godot Mods\Slay The Spire 2 Mods\YgoDuelist\YgoDuelistCode\Cards\Monster\Todo\Normal\Bean_Soldier.cs","odo/Normal/Bean_Soldier.cs","Trap","False"
"C:\Users\khjga\AppData\Roaming\coe5\mods\Godot Mods\Slay The Spire 2 Mods\YgoDuelist\YgoDuelistCode\Cards\Monster\Todo\Normal\Beast_of_Talwar.cs","odo/Normal/Beast_of_Talwar.cs","Trap","False"
"C:\Users\khjga\AppData\Roaming\coe5\mods\Godot Mods\Slay The Spire 2 Mods\YgoDuelist\YgoDuelistCode\Cards\Monster\Todo\Normal\Beautiful_Beast_Trainer.cs","odo/Normal/Beautiful_Beast_Trainer.cs","Trap","False"
"C:\Users\khjga\AppData\Roaming\coe5\mods\Godot Mods\Slay The Spire 2 Mods\YgoDuelist\YgoDuelistCode\Cards\Monster\Todo\Normal\Beautiful_Headhuntress.cs","odo/Normal/Beautiful_Headhuntress.cs","Trap","False"
"C:\Users\khjga\AppData\Roaming\coe5\mods\Godot Mods\Slay The Spire 2 Mods\YgoDuelist\YgoDuelistCode\Cards\Monster\Todo\Normal\Beaver_Warrior.cs","odo/Normal/Beaver_Warrior.cs","Trap","False"
"C:\Users\khjga\AppData\Roaming\coe5\mods\Godot Mods\Slay The Spire 2 Mods\YgoDuelist\YgoDuelistCode\Cards\Monster\Todo\Normal\Behegon.cs","odo/Normal/Behegon.cs","Trap","False"
"C:\Users\khjga\AppData\Roaming\coe5\mods\Godot Mods\Slay The Spire 2 Mods\YgoDuelist\YgoDuelistCode\Cards\Monster\Todo\Normal\Beta_the_Magnet_Warrior.cs","odo/Normal/Beta_the_Magnet_Warrior.cs","Trap","False"
"C:\Users\khjga\AppData\Roaming\coe5\mods\Godot Mods\Slay The Spire 2 Mods\YgoDuelist\YgoDuelistCode\Cards\Monster\Todo\Normal\Big_Insect.cs","odo/Normal/Big_Insect.cs","Trap","False"
"C:\Users\khjga\AppData\Roaming\coe5\mods\Godot Mods\Slay The Spire 2 Mods\YgoDuelist\YgoDuelistCode\Cards\Monster\Todo\Normal\Big_Koala.cs","odo/Normal/Big_Koala.cs","Trap","False"
"C:\Users\khjga\AppData\Roaming\coe5\mods\Godot Mods\Slay The Spire 2 Mods\YgoDuelist\YgoDuelistCode\Cards\Monster\Todo\Normal\Binding_Chain.cs","odo/Normal/Binding_Chain.cs","Trap","False"
"C:\Users\khjga\AppData\Roaming\coe5\mods\Godot Mods\Slay The Spire 2 Mods\YgoDuelist\YgoDuelistCode\Cards\Monster\Todo\Normal\Bio_Mage.cs","odo/Normal/Bio_Mage.cs","Trap","False"
"C:\Users\khjga\AppData\Roaming\coe5\mods\Godot Mods\Slay The Spire 2 Mods\YgoDuelist\YgoDuelistCode\Cards\Monster\Todo\Normal\Bio_Plant.cs","odo/Normal/Bio_Plant.cs","Trap","False"
"C:\Users\khjga\AppData\Roaming\coe5\mods\Godot Mods\Slay The Spire 2 Mods\YgoDuelist\YgoDuelistCode\Cards\Monster\Todo\Normal\Blackland_Fire_Dragon.cs","odo/Normal/Blackland_Fire_Dragon.cs","Trap","False"
"C:\Users\khjga\AppData\Roaming\coe5\mods\Godot Mods\Slay The Spire 2 Mods\YgoDuelist\YgoDuelistCode\Cards\Monster\Todo\Normal\Blazing_Inpachi.cs","odo/Normal/Blazing_Inpachi.cs","Trap","False"
"C:\Users\khjga\AppData\Roaming\coe5\mods\Godot Mods\Slay The Spire 2 Mods\YgoDuelist\YgoDuelistCode\Cards\Monster\Todo\Normal\Blocker.cs","odo/Normal/Blocker.cs","Trap","False"
"C:\Users\khjga\AppData\Roaming\coe5\mods\Godot Mods\Slay The Spire 2 Mods\YgoDuelist\YgoDuelistCode\Cards\Monster\Todo\Normal\Blue_Eyed_Silver_Zombie.cs","odo/Normal/Blue_Eyed_Silver_Zombie.cs","Trap","False"
"C:\Users\khjga\AppData\Roaming\coe5\mods\Godot Mods\Slay The Spire 2 Mods\YgoDuelist\YgoDuelistCode\Cards\Monster\Todo\Normal\Blue_Eyes_White_Dragon.cs","odo/Normal/Blue_Eyes_White_Dragon.cs","Trap","False"
"C:\Users\khjga\AppData\Roaming\coe5\mods\Godot Mods\Slay The Spire 2 Mods\YgoDuelist\YgoDuelistCode\Cards\Monster\Todo\Normal\Blue_Winged_Crown.cs","odo/Normal/Blue_Winged_Crown.cs","Trap","False"
"C:\Users\khjga\AppData\Roaming\coe5\mods\Godot Mods\Slay The Spire 2 Mods\YgoDuelist\YgoDuelistCode\Cards\Monster\Todo\Normal\Bolt_Escargot.cs","odo/Normal/Bolt_Escargot.cs","Trap","False"
"C:\Users\khjga\AppData\Roaming\coe5\mods\Godot Mods\Slay The Spire 2 Mods\YgoDuelist\YgoDuelistCode\Cards\Monster\Todo\Normal\Bolt_Penguin.cs","odo/Normal/Bolt_Penguin.cs","Trap","False"
"C:\Users\khjga\AppData\Roaming\coe5\mods\Godot Mods\Slay The Spire 2 Mods\YgoDuelist\YgoDuelistCode\Cards\Monster\Todo\Normal\Bone_Mouse.cs","odo/Normal/Bone_Mouse.cs","Trap","False"
"C:\Users\khjga\AppData\Roaming\coe5\mods\Godot Mods\Slay The Spire 2 Mods\YgoDuelist\YgoDuelistCode\Cards\Monster\Todo\Normal\Boneheimer.cs","odo/Normal/Boneheimer.cs","Trap","False"
"C:\Users\khjga\AppData\Roaming\coe5\mods\Godot Mods\Slay The Spire 2 Mods\YgoDuelist\YgoDuelistCode\Cards\Monster\Todo\Normal\Boo_Koo.cs","odo/Normal/Boo_Koo.cs","Trap","False"
"C:\Users\khjga\AppData\Roaming\coe5\mods\Godot Mods\Slay The Spire 2 Mods\YgoDuelist\YgoDuelistCode\Cards\Monster\Todo\Normal\Bottom_Dweller.cs","odo/Normal/Bottom_Dweller.cs","Trap","False"
"C:\Users\khjga\AppData\Roaming\coe5\mods\Godot Mods\Slay The Spire 2 Mods\YgoDuelist\YgoDuelistCode\Cards\Monster\Todo\Normal\Boulder_Tortoise.cs","odo/Normal/Boulder_Tortoise.cs","Trap","False"
"C:\Users\khjga\AppData\Roaming\coe5\mods\Godot Mods\Slay The Spire 2 Mods\YgoDuelist\YgoDuelistCode\Cards\Monster\Todo\Normal\Brave_Scizzar.cs","odo/Normal/Brave_Scizzar.cs","Trap","False"
"C:\Users\khjga\AppData\Roaming\coe5\mods\Godot Mods\Slay The Spire 2 Mods\YgoDuelist\YgoDuelistCode\Cards\Monster\Todo\Normal\Burglar.cs","odo/Normal/Burglar.cs","Trap","False"
"C:\Users\khjga\AppData\Roaming\coe5\mods\Godot Mods\Slay The Spire 2 Mods\YgoDuelist\YgoDuelistCode\Cards\Monster\Todo\Normal\Candle_of_Fate.cs","odo/Normal/Candle_of_Fate.cs","Trap","False"
"C:\Users\khjga\AppData\Roaming\coe5\mods\Godot Mods\Slay The Spire 2 Mods\YgoDuelist\YgoDuelistCode\Cards\Monster\Todo\Normal\Card_30_000_Year_White_Turtle.cs","odo/Normal/Card_30_000_Year_White_Turtle.cs","Trap","False"
"C:\Users\khjga\AppData\Roaming\coe5\mods\Godot Mods\Slay The Spire 2 Mods\YgoDuelist\YgoDuelistCode\Cards\Monster\Todo\Normal\Card_7_Colored_Fish.cs","odo/Normal/Card_7_Colored_Fish.cs","Trap","False"
"C:\Users\khjga\AppData\Roaming\coe5\mods\Godot Mods\Slay The Spire 2 Mods\YgoDuelist\YgoDuelistCode\Cards\Monster\Todo\Normal\Celtic_Guardian.cs","odo/Normal/Celtic_Guardian.cs","Trap","False"
"C:\Users\khjga\AppData\Roaming\coe5\mods\Godot Mods\Slay The Spire 2 Mods\YgoDuelist\YgoDuelistCode\Cards\Monster\Todo\Normal\Change_Slime.cs","odo/Normal/Change_Slime.cs","Trap","False"
"C:\Users\khjga\AppData\Roaming\coe5\mods\Godot Mods\Slay The Spire 2 Mods\YgoDuelist\YgoDuelistCode\Cards\Monster\Todo\Normal\Claw_Reacher.cs","odo/Normal/Claw_Reacher.cs","Trap","False"
"C:\Users\khjga\AppData\Roaming\coe5\mods\Godot Mods\Slay The Spire 2 Mods\YgoDuelist\YgoDuelistCode\Cards\Monster\Todo\Normal\Clown_Zombie.cs","odo/Normal/Clown_Zombie.cs","Trap","False"
"C:\Users\khjga\AppData\Roaming\coe5\mods\Godot Mods\Slay The Spire 2 Mods\YgoDuelist\YgoDuelistCode\Cards\Monster\Todo\Normal\Corroding_Shark.cs","odo/Normal/Corroding_Shark.cs","Trap","False"
"C:\Users\khjga\AppData\Roaming\coe5\mods\Godot Mods\Slay The Spire 2 Mods\YgoDuelist\YgoDuelistCode\Cards\Monster\Todo\Normal\Cosmo_Queen.cs","odo/Normal/Cosmo_Queen.cs","Trap","False"
"C:\Users\khjga\AppData\Roaming\coe5\mods\Godot Mods\Slay The Spire 2 Mods\YgoDuelist\YgoDuelistCode\Cards\Monster\Todo\Normal\Crawling_Dragon.cs","odo/Normal/Crawling_Dragon.cs","Trap","False"
"C:\Users\khjga\AppData\Roaming\coe5\mods\Godot Mods\Slay The Spire 2 Mods\YgoDuelist\YgoDuelistCode\Cards\Monster\Todo\Normal\Crawling_Dragon_2.cs","odo/Normal/Crawling_Dragon_2.cs","Trap","False"
"C:\Users\khjga\AppData\Roaming\coe5\mods\Godot Mods\Slay The Spire 2 Mods\YgoDuelist\YgoDuelistCode\Cards\Monster\Todo\Normal\Crazy_Fish.cs","odo/Normal/Crazy_Fish.cs","Trap","False"
"C:\Users\khjga\AppData\Roaming\coe5\mods\Godot Mods\Slay The Spire 2 Mods\YgoDuelist\YgoDuelistCode\Cards\Monster\Todo\Normal\Crow_Goblin.cs","odo/Normal/Crow_Goblin.cs","Trap","False"
"C:\Users\khjga\AppData\Roaming\coe5\mods\Godot Mods\Slay The Spire 2 Mods\YgoDuelist\YgoDuelistCode\Cards\Monster\Todo\Normal\Curse_of_Dragon.cs","odo/Normal/Curse_of_Dragon.cs","Trap","False"
"C:\Users\khjga\AppData\Roaming\coe5\mods\Godot Mods\Slay The Spire 2 Mods\YgoDuelist\YgoDuelistCode\Cards\Monster\Todo\Normal\Curtain_of_the_Dark_Ones.cs","odo/Normal/Curtain_of_the_Dark_Ones.cs","Trap","False"
"C:\Users\khjga\AppData\Roaming\coe5\mods\Godot Mods\Slay The Spire 2 Mods\YgoDuelist\YgoDuelistCode\Cards\Monster\Todo\Normal\Cyber_Commander.cs","odo/Normal/Cyber_Commander.cs","Trap","False"
"C:\Users\khjga\AppData\Roaming\coe5\mods\Godot Mods\Slay The Spire 2 Mods\YgoDuelist\YgoDuelistCode\Cards\Monster\Todo\Normal\Cyber_Falcon.cs","odo/Normal/Cyber_Falcon.cs","Trap","False"
"C:\Users\khjga\AppData\Roaming\coe5\mods\Godot Mods\Slay The Spire 2 Mods\YgoDuelist\YgoDuelistCode\Cards\Monster\Todo\Normal\Cyber_Soldier.cs","odo/Normal/Cyber_Soldier.cs","Trap","False"
"C:\Users\khjga\AppData\Roaming\coe5\mods\Godot Mods\Slay The Spire 2 Mods\YgoDuelist\YgoDuelistCode\Cards\Monster\Todo\Normal\Cyber_Soldier_of_Darkworld.cs","odo/Normal/Cyber_Soldier_of_Darkworld.cs","Trap","False"
"C:\Users\khjga\AppData\Roaming\coe5\mods\Godot Mods\Slay The Spire 2 Mods\YgoDuelist\YgoDuelistCode\Cards\Monster\Todo\Normal\Cyber_Tech_Alligator.cs","odo/Normal/Cyber_Tech_Alligator.cs","Trap","False"
"C:\Users\khjga\AppData\Roaming\coe5\mods\Godot Mods\Slay The Spire 2 Mods\YgoDuelist\YgoDuelistCode\Cards\Monster\Todo\Normal\D_D_Trainer.cs","odo/Normal/D_D_Trainer.cs","Trap","False"
"C:\Users\khjga\AppData\Roaming\coe5\mods\Godot Mods\Slay The Spire 2 Mods\YgoDuelist\YgoDuelistCode\Cards\Monster\Todo\Normal\D_Human.cs","odo/Normal/D_Human.cs","Trap","False"
"C:\Users\khjga\AppData\Roaming\coe5\mods\Godot Mods\Slay The Spire 2 Mods\YgoDuelist\YgoDuelistCode\Cards\Monster\Todo\Normal\Dancing_Elf.cs","odo/Normal/Dancing_Elf.cs","Trap","False"
"C:\Users\khjga\AppData\Roaming\coe5\mods\Godot Mods\Slay The Spire 2 Mods\YgoDuelist\YgoDuelistCode\Cards\Monster\Todo\Normal\Dark_Assailant.cs","odo/Normal/Dark_Assailant.cs","Trap","False"
"C:\Users\khjga\AppData\Roaming\coe5\mods\Godot Mods\Slay The Spire 2 Mods\YgoDuelist\YgoDuelistCode\Cards\Monster\Todo\Normal\Dark_Bat.cs","odo/Normal/Dark_Bat.cs","Trap","False"
"C:\Users\khjga\AppData\Roaming\coe5\mods\Godot Mods\Slay The Spire 2 Mods\YgoDuelist\YgoDuelistCode\Cards\Monster\Todo\Normal\Dark_Blade.cs","odo/Normal/Dark_Blade.cs","Trap","False"
"C:\Users\khjga\AppData\Roaming\coe5\mods\Godot Mods\Slay The Spire 2 Mods\YgoDuelist\YgoDuelistCode\Cards\Monster\Todo\Normal\Dark_Chimera.cs","odo/Normal/Dark_Chimera.cs","Trap","False"
"C:\Users\khjga\AppData\Roaming\coe5\mods\Godot Mods\Slay The Spire 2 Mods\YgoDuelist\YgoDuelistCode\Cards\Monster\Todo\Normal\Dark_Gray.cs","odo/Normal/Dark_Gray.cs","Trap","False"
"C:\Users\khjga\AppData\Roaming\coe5\mods\Godot Mods\Slay The Spire 2 Mods\YgoDuelist\YgoDuelistCode\Cards\Monster\Todo\Normal\Dark_King_of_the_Abyss.cs","odo/Normal/Dark_King_of_the_Abyss.cs","Trap","False"
"C:\Users\khjga\AppData\Roaming\coe5\mods\Godot Mods\Slay The Spire 2 Mods\YgoDuelist\YgoDuelistCode\Cards\Monster\Todo\Normal\Dark_Magician.cs","odo/Normal/Dark_Magician.cs","Trap","False"
"C:\Users\khjga\AppData\Roaming\coe5\mods\Godot Mods\Slay The Spire 2 Mods\YgoDuelist\YgoDuelistCode\Cards\Monster\Todo\Normal\Dark_Plant.cs","odo/Normal/Dark_Plant.cs","Trap","False"
"C:\Users\khjga\AppData\Roaming\coe5\mods\Godot Mods\Slay The Spire 2 Mods\YgoDuelist\YgoDuelistCode\Cards\Monster\Todo\Normal\Dark_Prisoner.cs","odo/Normal/Dark_Prisoner.cs","Trap","False"
"C:\Users\khjga\AppData\Roaming\coe5\mods\Godot Mods\Slay The Spire 2 Mods\YgoDuelist\YgoDuelistCode\Cards\Monster\Todo\Normal\Dark_Rabbit.cs","odo/Normal/Dark_Rabbit.cs","Trap","False"
"C:\Users\khjga\AppData\Roaming\coe5\mods\Godot Mods\Slay The Spire 2 Mods\YgoDuelist\YgoDuelistCode\Cards\Monster\Todo\Normal\Dark_Shade.cs","odo/Normal/Dark_Shade.cs","Trap","False"
"C:\Users\khjga\AppData\Roaming\coe5\mods\Godot Mods\Slay The Spire 2 Mods\YgoDuelist\YgoDuelistCode\Cards\Monster\Todo\Normal\Dark_Titan_of_Terror.cs","odo/Normal/Dark_Titan_of_Terror.cs","Trap","False"
"C:\Users\khjga\AppData\Roaming\coe5\mods\Godot Mods\Slay The Spire 2 Mods\YgoDuelist\YgoDuelistCode\Cards\Monster\Todo\Normal\Dark_Witch.cs","odo/Normal/Dark_Witch.cs","Trap","False"
"C:\Users\khjga\AppData\Roaming\coe5\mods\Godot Mods\Slay The Spire 2 Mods\YgoDuelist\YgoDuelistCode\Cards\Monster\Todo\Normal\Darkfire_Soldier_1.cs","odo/Normal/Darkfire_Soldier_1.cs","Trap","False"
"C:\Users\khjga\AppData\Roaming\coe5\mods\Godot Mods\Slay The Spire 2 Mods\YgoDuelist\YgoDuelistCode\Cards\Monster\Todo\Normal\Darkfire_Soldier_2.cs","odo/Normal/Darkfire_Soldier_2.cs","Trap","False"
"C:\Users\khjga\AppData\Roaming\coe5\mods\Godot Mods\Slay The Spire 2 Mods\YgoDuelist\YgoDuelistCode\Cards\Monster\Todo\Normal\Darkworld_Thorns.cs","odo/Normal/Darkworld_Thorns.cs","Trap","False"
"C:\Users\khjga\AppData\Roaming\coe5\mods\Godot Mods\Slay The Spire 2 Mods\YgoDuelist\YgoDuelistCode\Cards\Monster\Todo\Normal\Destroyer_Golem.cs","odo/Normal/Destroyer_Golem.cs","Trap","False"
"C:\Users\khjga\AppData\Roaming\coe5\mods\Godot Mods\Slay The Spire 2 Mods\YgoDuelist\YgoDuelistCode\Cards\Monster\Todo\Normal\Dharma_Cannon.cs","odo/Normal/Dharma_Cannon.cs","Trap","False"
"C:\Users\khjga\AppData\Roaming\coe5\mods\Godot Mods\Slay The Spire 2 Mods\YgoDuelist\YgoDuelistCode\Cards\Monster\Todo\Normal\Dice_Armadillo.cs","odo/Normal/Dice_Armadillo.cs","Trap","False"
"C:\Users\khjga\AppData\Roaming\coe5\mods\Godot Mods\Slay The Spire 2 Mods\YgoDuelist\YgoDuelistCode\Cards\Monster\Todo\Normal\Dig_Beak.cs","odo/Normal/Dig_Beak.cs","Trap","False"
"C:\Users\khjga\AppData\Roaming\coe5\mods\Godot Mods\Slay The Spire 2 Mods\YgoDuelist\YgoDuelistCode\Cards\Monster\Todo\Normal\Disk_Magician.cs","odo/Normal/Disk_Magician.cs","Trap","False"
"C:\Users\khjga\AppData\Roaming\coe5\mods\Godot Mods\Slay The Spire 2 Mods\YgoDuelist\YgoDuelistCode\Cards\Monster\Todo\Normal\Dissolverock.cs","odo/Normal/Dissolverock.cs","Trap","False"
"C:\Users\khjga\AppData\Roaming\coe5\mods\Godot Mods\Slay The Spire 2 Mods\YgoDuelist\YgoDuelistCode\Cards\Monster\Todo\Normal\Divine_Dragon_Ragnarok.cs","odo/Normal/Divine_Dragon_Ragnarok.cs","Trap","False"
"C:\Users\khjga\AppData\Roaming\coe5\mods\Godot Mods\Slay The Spire 2 Mods\YgoDuelist\YgoDuelistCode\Cards\Monster\Todo\Normal\Djinn_the_Watcher_of_the_Wind.cs","odo/Normal/Djinn_the_Watcher_of_the_Wind.cs","Trap","False"
"C:\Users\khjga\AppData\Roaming\coe5\mods\Godot Mods\Slay The Spire 2 Mods\YgoDuelist\YgoDuelistCode\Cards\Monster\Todo\Normal\Dokuroizo_the_Grim_Reaper.cs","odo/Normal/Dokuroizo_the_Grim_Reaper.cs","Trap","False"
"C:\Users\khjga\AppData\Roaming\coe5\mods\Godot Mods\Slay The Spire 2 Mods\YgoDuelist\YgoDuelistCode\Cards\Monster\Todo\Normal\Dokuroyaiba.cs","odo/Normal/Dokuroyaiba.cs","Trap","False"
"C:\Users\khjga\AppData\Roaming\coe5\mods\Godot Mods\Slay The Spire 2 Mods\YgoDuelist\YgoDuelistCode\Cards\Monster\Todo\Normal\Doma_the_Angel_of_Silence.cs","odo/Normal/Doma_the_Angel_of_Silence.cs","Trap","False"
"C:\Users\khjga\AppData\Roaming\coe5\mods\Godot Mods\Slay The Spire 2 Mods\YgoDuelist\YgoDuelistCode\Cards\Monster\Todo\Normal\Doriado.cs","odo/Normal/Doriado.cs","Trap","False"
"C:\Users\khjga\AppData\Roaming\coe5\mods\Godot Mods\Slay The Spire 2 Mods\YgoDuelist\YgoDuelistCode\Cards\Monster\Todo\Normal\Doron.cs","odo/Normal/Doron.cs","Trap","False"
"C:\Users\khjga\AppData\Roaming\coe5\mods\Godot Mods\Slay The Spire 2 Mods\YgoDuelist\YgoDuelistCode\Cards\Monster\Todo\Normal\Dorover.cs","odo/Normal/Dorover.cs","Trap","False"
"C:\Users\khjga\AppData\Roaming\coe5\mods\Godot Mods\Slay The Spire 2 Mods\YgoDuelist\YgoDuelistCode\Cards\Monster\Todo\Normal\Dragon_Statue.cs","odo/Normal/Dragon_Statue.cs","Trap","False"
"C:\Users\khjga\AppData\Roaming\coe5\mods\Godot Mods\Slay The Spire 2 Mods\YgoDuelist\YgoDuelistCode\Cards\Monster\Todo\Normal\Dragon_Zombie.cs","odo/Normal/Dragon_Zombie.cs","Trap","False"
"C:\Users\khjga\AppData\Roaming\coe5\mods\Godot Mods\Slay The Spire 2 Mods\YgoDuelist\YgoDuelistCode\Cards\Monster\Todo\Normal\Droll_Bird.cs","odo/Normal/Droll_Bird.cs","Trap","False"
"C:\Users\khjga\AppData\Roaming\coe5\mods\Godot Mods\Slay The Spire 2 Mods\YgoDuelist\YgoDuelistCode\Cards\Monster\Todo\Normal\Drooling_Lizard.cs","odo/Normal/Drooling_Lizard.cs","Trap","False"
"C:\Users\khjga\AppData\Roaming\coe5\mods\Godot Mods\Slay The Spire 2 Mods\YgoDuelist\YgoDuelistCode\Cards\Monster\Todo\Normal\Dunames_Dark_Witch.cs","odo/Normal/Dunames_Dark_Witch.cs","Trap","False"
"C:\Users\khjga\AppData\Roaming\coe5\mods\Godot Mods\Slay The Spire 2 Mods\YgoDuelist\YgoDuelistCode\Cards\Monster\Todo\Normal\Dungeon_Worm.cs","odo/Normal/Dungeon_Worm.cs","Trap","False"
"C:\Users\khjga\AppData\Roaming\coe5\mods\Godot Mods\Slay The Spire 2 Mods\YgoDuelist\YgoDuelistCode\Cards\Monster\Todo\Normal\Earthbound_Spirit.cs","odo/Normal/Earthbound_Spirit.cs","Trap","False"
"C:\Users\khjga\AppData\Roaming\coe5\mods\Godot Mods\Slay The Spire 2 Mods\YgoDuelist\YgoDuelistCode\Cards\Monster\Todo\Normal\Eldeen.cs","odo/Normal/Eldeen.cs","Trap","False"
"C:\Users\khjga\AppData\Roaming\coe5\mods\Godot Mods\Slay The Spire 2 Mods\YgoDuelist\YgoDuelistCode\Cards\Monster\Todo\Normal\Embryonic_Beast.cs","odo/Normal/Embryonic_Beast.cs","Trap","False"
"C:\Users\khjga\AppData\Roaming\coe5\mods\Godot Mods\Slay The Spire 2 Mods\YgoDuelist\YgoDuelistCode\Cards\Monster\Todo\Normal\Emperor_of_the_Land_and_Sea.cs","odo/Normal/Emperor_of_the_Land_and_Sea.cs","Trap","False"
"C:\Users\khjga\AppData\Roaming\coe5\mods\Godot Mods\Slay The Spire 2 Mods\YgoDuelist\YgoDuelistCode\Cards\Monster\Todo\Normal\Empress_Mantis.cs","odo/Normal/Empress_Mantis.cs","Trap","False"
"C:\Users\khjga\AppData\Roaming\coe5\mods\Godot Mods\Slay The Spire 2 Mods\YgoDuelist\YgoDuelistCode\Cards\Monster\Todo\Normal\Enchanting_Mermaid.cs","odo/Normal/Enchanting_Mermaid.cs","Trap","False"
"C:\Users\khjga\AppData\Roaming\coe5\mods\Godot Mods\Slay The Spire 2 Mods\YgoDuelist\YgoDuelistCode\Cards\Monster\Todo\Normal\Eyearmor.cs","odo/Normal/Eyearmor.cs","Trap","False"
"C:\Users\khjga\AppData\Roaming\coe5\mods\Godot Mods\Slay The Spire 2 Mods\YgoDuelist\YgoDuelistCode\Cards\Monster\Todo\Normal\Fairy_Dragon.cs","odo/Normal/Fairy_Dragon.cs","Trap","False"
"C:\Users\khjga\AppData\Roaming\coe5\mods\Godot Mods\Slay The Spire 2 Mods\YgoDuelist\YgoDuelistCode\Cards\Monster\Todo\Normal\Fairy_of_the_Fountain.cs","odo/Normal/Fairy_of_the_Fountain.cs","Trap","False"
"C:\Users\khjga\AppData\Roaming\coe5\mods\Godot Mods\Slay The Spire 2 Mods\YgoDuelist\YgoDuelistCode\Cards\Monster\Todo\Normal\Fairy_S_Gift.cs","odo/Normal/Fairy_S_Gift.cs","Trap","False"
"C:\Users\khjga\AppData\Roaming\coe5\mods\Godot Mods\Slay The Spire 2 Mods\YgoDuelist\YgoDuelistCode\Cards\Monster\Todo\Normal\Fairywitch.cs","odo/Normal/Fairywitch.cs","Trap","False"
"C:\Users\khjga\AppData\Roaming\coe5\mods\Godot Mods\Slay The Spire 2 Mods\YgoDuelist\YgoDuelistCode\Cards\Monster\Todo\Normal\Faith_Bird.cs","odo/Normal/Faith_Bird.cs","Trap","False"
"C:\Users\khjga\AppData\Roaming\coe5\mods\Godot Mods\Slay The Spire 2 Mods\YgoDuelist\YgoDuelistCode\Cards\Monster\Todo\Normal\Feral_Imp.cs","odo/Normal/Feral_Imp.cs","Trap","False"
"C:\Users\khjga\AppData\Roaming\coe5\mods\Godot Mods\Slay The Spire 2 Mods\YgoDuelist\YgoDuelistCode\Cards\Monster\Todo\Normal\Fiend_Kraken.cs","odo/Normal/Fiend_Kraken.cs","Trap","False"
"C:\Users\khjga\AppData\Roaming\coe5\mods\Godot Mods\Slay The Spire 2 Mods\YgoDuelist\YgoDuelistCode\Cards\Monster\Todo\Normal\Fiend_Reflection_1.cs","odo/Normal/Fiend_Reflection_1.cs","Trap","False"
"C:\Users\khjga\AppData\Roaming\coe5\mods\Godot Mods\Slay The Spire 2 Mods\YgoDuelist\YgoDuelistCode\Cards\Monster\Todo\Normal\Fiend_Reflection_2.cs","odo/Normal/Fiend_Reflection_2.cs","Trap","False"
"C:\Users\khjga\AppData\Roaming\coe5\mods\Godot Mods\Slay The Spire 2 Mods\YgoDuelist\YgoDuelistCode\Cards\Monster\Todo\Normal\Fiend_S_Hand.cs","odo/Normal/Fiend_S_Hand.cs","Trap","False"
"C:\Users\khjga\AppData\Roaming\coe5\mods\Godot Mods\Slay The Spire 2 Mods\YgoDuelist\YgoDuelistCode\Cards\Monster\Todo\Normal\Fiend_Scorpion.cs","odo/Normal/Fiend_Scorpion.cs","Trap","False"
"C:\Users\khjga\AppData\Roaming\coe5\mods\Godot Mods\Slay The Spire 2 Mods\YgoDuelist\YgoDuelistCode\Cards\Monster\Todo\Normal\Fiend_Sword.cs","odo/Normal/Fiend_Sword.cs","Trap","False"
"C:\Users\khjga\AppData\Roaming\coe5\mods\Godot Mods\Slay The Spire 2 Mods\YgoDuelist\YgoDuelistCode\Cards\Monster\Todo\Normal\Fire_Eye.cs","odo/Normal/Fire_Eye.cs","Trap","False"
"C:\Users\khjga\AppData\Roaming\coe5\mods\Godot Mods\Slay The Spire 2 Mods\YgoDuelist\YgoDuelistCode\Cards\Monster\Todo\Normal\Fire_Kraken.cs","odo/Normal/Fire_Kraken.cs","Trap","False"
"C:\Users\khjga\AppData\Roaming\coe5\mods\Godot Mods\Slay The Spire 2 Mods\YgoDuelist\YgoDuelistCode\Cards\Monster\Todo\Normal\Fire_Reaper.cs","odo/Normal/Fire_Reaper.cs","Trap","False"
"C:\Users\khjga\AppData\Roaming\coe5\mods\Godot Mods\Slay The Spire 2 Mods\YgoDuelist\YgoDuelistCode\Cards\Monster\Todo\Normal\Firegrass.cs","odo/Normal/Firegrass.cs","Trap","False"
"C:\Users\khjga\AppData\Roaming\coe5\mods\Godot Mods\Slay The Spire 2 Mods\YgoDuelist\YgoDuelistCode\Cards\Monster\Todo\Normal\Firewing_Pegasus.cs","odo/Normal/Firewing_Pegasus.cs","Trap","False"
"C:\Users\khjga\AppData\Roaming\coe5\mods\Godot Mods\Slay The Spire 2 Mods\YgoDuelist\YgoDuelistCode\Cards\Monster\Todo\Normal\Fireyarou.cs","odo/Normal/Fireyarou.cs","Trap","False"
"C:\Users\khjga\AppData\Roaming\coe5\mods\Godot Mods\Slay The Spire 2 Mods\YgoDuelist\YgoDuelistCode\Cards\Monster\Todo\Normal\Flame_Cerebrus.cs","odo/Normal/Flame_Cerebrus.cs","Trap","False"
"C:\Users\khjga\AppData\Roaming\coe5\mods\Godot Mods\Slay The Spire 2 Mods\YgoDuelist\YgoDuelistCode\Cards\Monster\Todo\Normal\Flame_Champion.cs","odo/Normal/Flame_Champion.cs","Trap","False"
"C:\Users\khjga\AppData\Roaming\coe5\mods\Godot Mods\Slay The Spire 2 Mods\YgoDuelist\YgoDuelistCode\Cards\Monster\Todo\Normal\Flame_Dancer.cs","odo/Normal/Flame_Dancer.cs","Trap","False"
"C:\Users\khjga\AppData\Roaming\coe5\mods\Godot Mods\Slay The Spire 2 Mods\YgoDuelist\YgoDuelistCode\Cards\Monster\Todo\Normal\Flame_Manipulator.cs","odo/Normal/Flame_Manipulator.cs","Trap","False"
"C:\Users\khjga\AppData\Roaming\coe5\mods\Godot Mods\Slay The Spire 2 Mods\YgoDuelist\YgoDuelistCode\Cards\Monster\Todo\Normal\Flame_Viper.cs","odo/Normal/Flame_Viper.cs","Trap","False"
"C:\Users\khjga\AppData\Roaming\coe5\mods\Godot Mods\Slay The Spire 2 Mods\YgoDuelist\YgoDuelistCode\Cards\Monster\Todo\Normal\Flying_Fish.cs","odo/Normal/Flying_Fish.cs","Trap","False"
"C:\Users\khjga\AppData\Roaming\coe5\mods\Godot Mods\Slay The Spire 2 Mods\YgoDuelist\YgoDuelistCode\Cards\Monster\Todo\Normal\Flying_Kamakiri_2.cs","odo/Normal/Flying_Kamakiri_2.cs","Trap","False"
"C:\Users\khjga\AppData\Roaming\coe5\mods\Godot Mods\Slay The Spire 2 Mods\YgoDuelist\YgoDuelistCode\Cards\Monster\Todo\Normal\Flying_Penguin.cs","odo/Normal/Flying_Penguin.cs","Trap","False"
"C:\Users\khjga\AppData\Roaming\coe5\mods\Godot Mods\Slay The Spire 2 Mods\YgoDuelist\YgoDuelistCode\Cards\Monster\Todo\Normal\Frenzied_Panda.cs","odo/Normal/Frenzied_Panda.cs","Trap","False"
"C:\Users\khjga\AppData\Roaming\coe5\mods\Godot Mods\Slay The Spire 2 Mods\YgoDuelist\YgoDuelistCode\Cards\Monster\Todo\Normal\Fungi_of_the_Musk.cs","odo/Normal/Fungi_of_the_Musk.cs","Trap","False"
"C:\Users\khjga\AppData\Roaming\coe5\mods\Godot Mods\Slay The Spire 2 Mods\YgoDuelist\YgoDuelistCode\Cards\Monster\Todo\Normal\Gadget_Soldier.cs","odo/Normal/Gadget_Soldier.cs","Trap","False"
"C:\Users\khjga\AppData\Roaming\coe5\mods\Godot Mods\Slay The Spire 2 Mods\YgoDuelist\YgoDuelistCode\Cards\Monster\Todo\Normal\Gagagigo.cs","odo/Normal/Gagagigo.cs","Trap","False"
"C:\Users\khjga\AppData\Roaming\coe5\mods\Godot Mods\Slay The Spire 2 Mods\YgoDuelist\YgoDuelistCode\Cards\Monster\Todo\Normal\Gaia_The_Fierce_Knight.cs","odo/Normal/Gaia_The_Fierce_Knight.cs","Trap","False"
"C:\Users\khjga\AppData\Roaming\coe5\mods\Godot Mods\Slay The Spire 2 Mods\YgoDuelist\YgoDuelistCode\Cards\Monster\Todo\Normal\Gamma_the_Magnet_Warrior.cs","odo/Normal/Gamma_the_Magnet_Warrior.cs","Trap","False"
"C:\Users\khjga\AppData\Roaming\coe5\mods\Godot Mods\Slay The Spire 2 Mods\YgoDuelist\YgoDuelistCode\Cards\Monster\Todo\Normal\Ganigumo.cs","odo/Normal/Ganigumo.cs","Trap","False"
"C:\Users\khjga\AppData\Roaming\coe5\mods\Godot Mods\Slay The Spire 2 Mods\YgoDuelist\YgoDuelistCode\Cards\Monster\Todo\Normal\Garnecia_Elefantis.cs","odo/Normal/Garnecia_Elefantis.cs","Trap","False"
"C:\Users\khjga\AppData\Roaming\coe5\mods\Godot Mods\Slay The Spire 2 Mods\YgoDuelist\YgoDuelistCode\Cards\Monster\Todo\Normal\Garoozis.cs","odo/Normal/Garoozis.cs","Trap","False"
"C:\Users\khjga\AppData\Roaming\coe5\mods\Godot Mods\Slay The Spire 2 Mods\YgoDuelist\YgoDuelistCode\Cards\Monster\Todo\Normal\Garvas.cs","odo/Normal/Garvas.cs","Trap","False"
"C:\Users\khjga\AppData\Roaming\coe5\mods\Godot Mods\Slay The Spire 2 Mods\YgoDuelist\YgoDuelistCode\Cards\Monster\Todo\Normal\Gate_Deeg.cs","odo/Normal/Gate_Deeg.cs","Trap","False"
"C:\Users\khjga\AppData\Roaming\coe5\mods\Godot Mods\Slay The Spire 2 Mods\YgoDuelist\YgoDuelistCode\Cards\Monster\Todo\Normal\Gatekeeper.cs","odo/Normal/Gatekeeper.cs","Trap","False"
"C:\Users\khjga\AppData\Roaming\coe5\mods\Godot Mods\Slay The Spire 2 Mods\YgoDuelist\YgoDuelistCode\Cards\Monster\Todo\Normal\Gazelle_the_King_of_Mythical_Beasts.cs","odo/Normal/Gazelle_the_King_of_Mythical_Beasts.cs","Trap","False"
"C:\Users\khjga\AppData\Roaming\coe5\mods\Godot Mods\Slay The Spire 2 Mods\YgoDuelist\YgoDuelistCode\Cards\Monster\Todo\Normal\Gemini_Elf.cs","odo/Normal/Gemini_Elf.cs","Trap","False"
"C:\Users\khjga\AppData\Roaming\coe5\mods\Godot Mods\Slay The Spire 2 Mods\YgoDuelist\YgoDuelistCode\Cards\Monster\Todo\Normal\Genin.cs","odo/Normal/Genin.cs","Trap","False"
"C:\Users\khjga\AppData\Roaming\coe5\mods\Godot Mods\Slay The Spire 2 Mods\YgoDuelist\YgoDuelistCode\Cards\Monster\Todo\Normal\Ghoul_with_an_Appetite.cs","odo/Normal/Ghoul_with_an_Appetite.cs","Trap","False"
"C:\Users\khjga\AppData\Roaming\coe5\mods\Godot Mods\Slay The Spire 2 Mods\YgoDuelist\YgoDuelistCode\Cards\Monster\Todo\Normal\Giant_Flea.cs","odo/Normal/Giant_Flea.cs","Trap","False"
"C:\Users\khjga\AppData\Roaming\coe5\mods\Godot Mods\Slay The Spire 2 Mods\YgoDuelist\YgoDuelistCode\Cards\Monster\Todo\Normal\Giant_Mech_Soldier.cs","odo/Normal/Giant_Mech_Soldier.cs","Trap","False"
"C:\Users\khjga\AppData\Roaming\coe5\mods\Godot Mods\Slay The Spire 2 Mods\YgoDuelist\YgoDuelistCode\Cards\Monster\Todo\Normal\Giant_Red_Seasnake.cs","odo/Normal/Giant_Red_Seasnake.cs","Trap","False"
"C:\Users\khjga\AppData\Roaming\coe5\mods\Godot Mods\Slay The Spire 2 Mods\YgoDuelist\YgoDuelistCode\Cards\Monster\Todo\Normal\Giant_Scorpion_of_the_Tundra.cs","odo/Normal/Giant_Scorpion_of_the_Tundra.cs","Trap","False"
"C:\Users\khjga\AppData\Roaming\coe5\mods\Godot Mods\Slay The Spire 2 Mods\YgoDuelist\YgoDuelistCode\Cards\Monster\Todo\Normal\Giant_Soldier_of_Stone.cs","odo/Normal/Giant_Soldier_of_Stone.cs","Trap","False"
"C:\Users\khjga\AppData\Roaming\coe5\mods\Godot Mods\Slay The Spire 2 Mods\YgoDuelist\YgoDuelistCode\Cards\Monster\Todo\Normal\Giant_Turtle_Who_Feeds_on_Flames.cs","odo/Normal/Giant_Turtle_Who_Feeds_on_Flames.cs","Trap","False"
"C:\Users\khjga\AppData\Roaming\coe5\mods\Godot Mods\Slay The Spire 2 Mods\YgoDuelist\YgoDuelistCode\Cards\Monster\Todo\Normal\Giga_Gagagigo.cs","odo/Normal/Giga_Gagagigo.cs","Trap","False"
"C:\Users\khjga\AppData\Roaming\coe5\mods\Godot Mods\Slay The Spire 2 Mods\YgoDuelist\YgoDuelistCode\Cards\Monster\Todo\Normal\Giga_Tech_Wolf.cs","odo/Normal/Giga_Tech_Wolf.cs","Trap","False"
"C:\Users\khjga\AppData\Roaming\coe5\mods\Godot Mods\Slay The Spire 2 Mods\YgoDuelist\YgoDuelistCode\Cards\Monster\Todo\Normal\Giganto.cs","odo/Normal/Giganto.cs","Trap","False"
"C:\Users\khjga\AppData\Roaming\coe5\mods\Godot Mods\Slay The Spire 2 Mods\YgoDuelist\YgoDuelistCode\Cards\Monster\Todo\Normal\Gigobyte.cs","odo/Normal/Gigobyte.cs","Trap","False"
"C:\Users\khjga\AppData\Roaming\coe5\mods\Godot Mods\Slay The Spire 2 Mods\YgoDuelist\YgoDuelistCode\Cards\Monster\Todo\Normal\Girochin_Kuwagata.cs","odo/Normal/Girochin_Kuwagata.cs","Trap","False"
"C:\Users\khjga\AppData\Roaming\coe5\mods\Godot Mods\Slay The Spire 2 Mods\YgoDuelist\YgoDuelistCode\Cards\Monster\Todo\Normal\Gogiga_Gagagigo.cs","odo/Normal/Gogiga_Gagagigo.cs","Trap","False"
"C:\Users\khjga\AppData\Roaming\coe5\mods\Godot Mods\Slay The Spire 2 Mods\YgoDuelist\YgoDuelistCode\Cards\Monster\Todo\Normal\Gokibore.cs","odo/Normal/Gokibore.cs","Trap","False"
"C:\Users\khjga\AppData\Roaming\coe5\mods\Godot Mods\Slay The Spire 2 Mods\YgoDuelist\YgoDuelistCode\Cards\Monster\Todo\Normal\Golgoil.cs","odo/Normal/Golgoil.cs","Trap","False"
"C:\Users\khjga\AppData\Roaming\coe5\mods\Godot Mods\Slay The Spire 2 Mods\YgoDuelist\YgoDuelistCode\Cards\Monster\Todo\Normal\Gorgon_Egg.cs","odo/Normal/Gorgon_Egg.cs","Trap","False"
"C:\Users\khjga\AppData\Roaming\coe5\mods\Godot Mods\Slay The Spire 2 Mods\YgoDuelist\YgoDuelistCode\Cards\Monster\Todo\Normal\Gradius.cs","odo/Normal/Gradius.cs","Trap","False"
"C:\Users\khjga\AppData\Roaming\coe5\mods\Godot Mods\Slay The Spire 2 Mods\YgoDuelist\YgoDuelistCode\Cards\Monster\Todo\Normal\Grand_Tiki_Elder.cs","odo/Normal/Grand_Tiki_Elder.cs","Trap","False"
"C:\Users\khjga\AppData\Roaming\coe5\mods\Godot Mods\Slay The Spire 2 Mods\YgoDuelist\YgoDuelistCode\Cards\Monster\Todo\Normal\Grappler.cs","odo/Normal/Grappler.cs","Trap","False"
"C:\Users\khjga\AppData\Roaming\coe5\mods\Godot Mods\Slay The Spire 2 Mods\YgoDuelist\YgoDuelistCode\Cards\Monster\Todo\Normal\Graveyard_and_the_Hand_of_Invitation.cs","odo/Normal/Graveyard_and_the_Hand_of_Invitation.cs","Trap","False"
"C:\Users\khjga\AppData\Roaming\coe5\mods\Godot Mods\Slay The Spire 2 Mods\YgoDuelist\YgoDuelistCode\Cards\Monster\Todo\Normal\Great_Angus.cs","odo/Normal/Great_Angus.cs","Trap","False"
"C:\Users\khjga\AppData\Roaming\coe5\mods\Godot Mods\Slay The Spire 2 Mods\YgoDuelist\YgoDuelistCode\Cards\Monster\Todo\Normal\Great_Bill.cs","odo/Normal/Great_Bill.cs","Trap","False"
"C:\Users\khjga\AppData\Roaming\coe5\mods\Godot Mods\Slay The Spire 2 Mods\YgoDuelist\YgoDuelistCode\Cards\Monster\Todo\Normal\Great_White.cs","odo/Normal/Great_White.cs","Trap","False"
"C:\Users\khjga\AppData\Roaming\coe5\mods\Godot Mods\Slay The Spire 2 Mods\YgoDuelist\YgoDuelistCode\Cards\Monster\Todo\Normal\Green_Phantom_King.cs","odo/Normal/Green_Phantom_King.cs","Trap","False"
"C:\Users\khjga\AppData\Roaming\coe5\mods\Godot Mods\Slay The Spire 2 Mods\YgoDuelist\YgoDuelistCode\Cards\Monster\Todo\Normal\Griffore.cs","odo/Normal/Griffore.cs","Trap","False"
"C:\Users\khjga\AppData\Roaming\coe5\mods\Godot Mods\Slay The Spire 2 Mods\YgoDuelist\YgoDuelistCode\Cards\Monster\Todo\Normal\Ground_Attacker_Bugroth.cs","odo/Normal/Ground_Attacker_Bugroth.cs","Trap","False"
"C:\Users\khjga\AppData\Roaming\coe5\mods\Godot Mods\Slay The Spire 2 Mods\YgoDuelist\YgoDuelistCode\Cards\Monster\Todo\Normal\Gruesome_Goo.cs","odo/Normal/Gruesome_Goo.cs","Trap","False"
"C:\Users\khjga\AppData\Roaming\coe5\mods\Godot Mods\Slay The Spire 2 Mods\YgoDuelist\YgoDuelistCode\Cards\Monster\Todo\Normal\Guardian_of_the_Labyrinth.cs","odo/Normal/Guardian_of_the_Labyrinth.cs","Trap","False"
"C:\Users\khjga\AppData\Roaming\coe5\mods\Godot Mods\Slay The Spire 2 Mods\YgoDuelist\YgoDuelistCode\Cards\Monster\Todo\Normal\Guardian_of_the_Throne_Room.cs","odo/Normal/Guardian_of_the_Throne_Room.cs","Trap","False"
"C:\Users\khjga\AppData\Roaming\coe5\mods\Godot Mods\Slay The Spire 2 Mods\YgoDuelist\YgoDuelistCode\Cards\Monster\Todo\Normal\Gyakutenno_Megami.cs","odo/Normal/Gyakutenno_Megami.cs","Trap","False"
"C:\Users\khjga\AppData\Roaming\coe5\mods\Godot Mods\Slay The Spire 2 Mods\YgoDuelist\YgoDuelistCode\Cards\Monster\Todo\Normal\Haniwa.cs","odo/Normal/Haniwa.cs","Trap","False"
"C:\Users\khjga\AppData\Roaming\coe5\mods\Godot Mods\Slay The Spire 2 Mods\YgoDuelist\YgoDuelistCode\Cards\Monster\Todo\Normal\Happy_Lover.cs","odo/Normal/Happy_Lover.cs","Trap","False"
"C:\Users\khjga\AppData\Roaming\coe5\mods\Godot Mods\Slay The Spire 2 Mods\YgoDuelist\YgoDuelistCode\Cards\Monster\Todo\Normal\Hard_Armor.cs","odo/Normal/Hard_Armor.cs","Trap","False"
"C:\Users\khjga\AppData\Roaming\coe5\mods\Godot Mods\Slay The Spire 2 Mods\YgoDuelist\YgoDuelistCode\Cards\Monster\Todo\Normal\Harpie_Lady.cs","odo/Normal/Harpie_Lady.cs","Trap","False"
"C:\Users\khjga\AppData\Roaming\coe5\mods\Godot Mods\Slay The Spire 2 Mods\YgoDuelist\YgoDuelistCode\Cards\Monster\Todo\Normal\Headless_Knight.cs","odo/Normal/Headless_Knight.cs","Trap","False"
"C:\Users\khjga\AppData\Roaming\coe5\mods\Godot Mods\Slay The Spire 2 Mods\YgoDuelist\YgoDuelistCode\Cards\Monster\Todo\Normal\Hercules_Beetle.cs","odo/Normal/Hercules_Beetle.cs","Trap","False"
"C:\Users\khjga\AppData\Roaming\coe5\mods\Godot Mods\Slay The Spire 2 Mods\YgoDuelist\YgoDuelistCode\Cards\Monster\Todo\Normal\Hero_of_the_East.cs","odo/Normal/Hero_of_the_East.cs","Trap","False"
"C:\Users\khjga\AppData\Roaming\coe5\mods\Godot Mods\Slay The Spire 2 Mods\YgoDuelist\YgoDuelistCode\Cards\Monster\Todo\Normal\Hibikime.cs","odo/Normal/Hibikime.cs","Trap","False"
"C:\Users\khjga\AppData\Roaming\coe5\mods\Godot Mods\Slay The Spire 2 Mods\YgoDuelist\YgoDuelistCode\Cards\Monster\Todo\Normal\High_Tide_Gyojin.cs","odo/Normal/High_Tide_Gyojin.cs","Trap","False"
"C:\Users\khjga\AppData\Roaming\coe5\mods\Godot Mods\Slay The Spire 2 Mods\YgoDuelist\YgoDuelistCode\Cards\Monster\Todo\Normal\Hinotama_Soul.cs","odo/Normal/Hinotama_Soul.cs","Trap","False"
"C:\Users\khjga\AppData\Roaming\coe5\mods\Godot Mods\Slay The Spire 2 Mods\YgoDuelist\YgoDuelistCode\Cards\Monster\Todo\Normal\Hitodenchak.cs","odo/Normal/Hitodenchak.cs","Trap","False"
"C:\Users\khjga\AppData\Roaming\coe5\mods\Godot Mods\Slay The Spire 2 Mods\YgoDuelist\YgoDuelistCode\Cards\Monster\Todo\Normal\Hitotsu_Me_Giant.cs","odo/Normal/Hitotsu_Me_Giant.cs","Trap","False"
"C:\Users\khjga\AppData\Roaming\coe5\mods\Godot Mods\Slay The Spire 2 Mods\YgoDuelist\YgoDuelistCode\Cards\Monster\Todo\Normal\Holograh.cs","odo/Normal/Holograh.cs","Trap","False"
"C:\Users\khjga\AppData\Roaming\coe5\mods\Godot Mods\Slay The Spire 2 Mods\YgoDuelist\YgoDuelistCode\Cards\Monster\Todo\Normal\Horn_Imp.cs","odo/Normal/Horn_Imp.cs","Trap","False"
"C:\Users\khjga\AppData\Roaming\coe5\mods\Godot Mods\Slay The Spire 2 Mods\YgoDuelist\YgoDuelistCode\Cards\Monster\Todo\Normal\Hourglass_of_Life.cs","odo/Normal/Hourglass_of_Life.cs","Trap","False"
"C:\Users\khjga\AppData\Roaming\coe5\mods\Godot Mods\Slay The Spire 2 Mods\YgoDuelist\YgoDuelistCode\Cards\Monster\Todo\Normal\Humanoid_Slime.cs","odo/Normal/Humanoid_Slime.cs","Trap","False"
"C:\Users\khjga\AppData\Roaming\coe5\mods\Godot Mods\Slay The Spire 2 Mods\YgoDuelist\YgoDuelistCode\Cards\Monster\Todo\Normal\Hunter_Spider.cs","odo/Normal/Hunter_Spider.cs","Trap","False"
"C:\Users\khjga\AppData\Roaming\coe5\mods\Godot Mods\Slay The Spire 2 Mods\YgoDuelist\YgoDuelistCode\Cards\Monster\Todo\Normal\Hurricail.cs","odo/Normal/Hurricail.cs","Trap","False"
"C:\Users\khjga\AppData\Roaming\coe5\mods\Godot Mods\Slay The Spire 2 Mods\YgoDuelist\YgoDuelistCode\Cards\Monster\Todo\Normal\Hyo.cs","odo/Normal/Hyo.cs","Trap","False"
"C:\Users\khjga\AppData\Roaming\coe5\mods\Godot Mods\Slay The Spire 2 Mods\YgoDuelist\YgoDuelistCode\Cards\Monster\Todo\Normal\Hyosube.cs","odo/Normal/Hyosube.cs","Trap","False"
"C:\Users\khjga\AppData\Roaming\coe5\mods\Godot Mods\Slay The Spire 2 Mods\YgoDuelist\YgoDuelistCode\Cards\Monster\Todo\Normal\Hyozanryu.cs","odo/Normal/Hyozanryu.cs","Trap","False"
"C:\Users\khjga\AppData\Roaming\coe5\mods\Godot Mods\Slay The Spire 2 Mods\YgoDuelist\YgoDuelistCode\Cards\Monster\Todo\Normal\Ice_Water.cs","odo/Normal/Ice_Water.cs","Trap","False"
"C:\Users\khjga\AppData\Roaming\coe5\mods\Godot Mods\Slay The Spire 2 Mods\YgoDuelist\YgoDuelistCode\Cards\Monster\Todo\Normal\Ill_Witch.cs","odo/Normal/Ill_Witch.cs","Trap","False"
"C:\Users\khjga\AppData\Roaming\coe5\mods\Godot Mods\Slay The Spire 2 Mods\YgoDuelist\YgoDuelistCode\Cards\Monster\Todo\Normal\Illusionist_Faceless_Mage.cs","odo/Normal/Illusionist_Faceless_Mage.cs","Trap","False"
"C:\Users\khjga\AppData\Roaming\coe5\mods\Godot Mods\Slay The Spire 2 Mods\YgoDuelist\YgoDuelistCode\Cards\Monster\Todo\Normal\Inpachi.cs","odo/Normal/Inpachi.cs","Trap","False"
"C:\Users\khjga\AppData\Roaming\coe5\mods\Godot Mods\Slay The Spire 2 Mods\YgoDuelist\YgoDuelistCode\Cards\Monster\Todo\Normal\Invader_from_Another_Dimension.cs","odo/Normal/Invader_from_Another_Dimension.cs","Trap","False"
"C:\Users\khjga\AppData\Roaming\coe5\mods\Godot Mods\Slay The Spire 2 Mods\YgoDuelist\YgoDuelistCode\Cards\Monster\Todo\Normal\Island_Turtle.cs","odo/Normal/Island_Turtle.cs","Trap","False"
"C:\Users\khjga\AppData\Roaming\coe5\mods\Godot Mods\Slay The Spire 2 Mods\YgoDuelist\YgoDuelistCode\Cards\Monster\Todo\Normal\Jellyfish.cs","odo/Normal/Jellyfish.cs","Trap","False"
"C:\Users\khjga\AppData\Roaming\coe5\mods\Godot Mods\Slay The Spire 2 Mods\YgoDuelist\YgoDuelistCode\Cards\Monster\Todo\Normal\Job_Change_Mirror.cs","odo/Normal/Job_Change_Mirror.cs","Trap","False"
"C:\Users\khjga\AppData\Roaming\coe5\mods\Godot Mods\Slay The Spire 2 Mods\YgoDuelist\YgoDuelistCode\Cards\Monster\Todo\Normal\Judge_Man.cs","odo/Normal/Judge_Man.cs","Trap","False"
"C:\Users\khjga\AppData\Roaming\coe5\mods\Godot Mods\Slay The Spire 2 Mods\YgoDuelist\YgoDuelistCode\Cards\Monster\Todo\Normal\Kabazauls.cs","odo/Normal/Kabazauls.cs","Trap","False"
"C:\Users\khjga\AppData\Roaming\coe5\mods\Godot Mods\Slay The Spire 2 Mods\YgoDuelist\YgoDuelistCode\Cards\Monster\Todo\Normal\Kagemusha_of_the_Blue_Flame.cs","odo/Normal/Kagemusha_of_the_Blue_Flame.cs","Trap","False"
"C:\Users\khjga\AppData\Roaming\coe5\mods\Godot Mods\Slay The Spire 2 Mods\YgoDuelist\YgoDuelistCode\Cards\Monster\Todo\Normal\Kageningen.cs","odo/Normal/Kageningen.cs","Trap","False"
"C:\Users\khjga\AppData\Roaming\coe5\mods\Godot Mods\Slay The Spire 2 Mods\YgoDuelist\YgoDuelistCode\Cards\Monster\Todo\Normal\Kairyu_Shin.cs","odo/Normal/Kairyu_Shin.cs","Trap","False"
"C:\Users\khjga\AppData\Roaming\coe5\mods\Godot Mods\Slay The Spire 2 Mods\YgoDuelist\YgoDuelistCode\Cards\Monster\Todo\Normal\Kamakiriman.cs","odo/Normal/Kamakiriman.cs","Trap","False"
"C:\Users\khjga\AppData\Roaming\coe5\mods\Godot Mods\Slay The Spire 2 Mods\YgoDuelist\YgoDuelistCode\Cards\Monster\Todo\Normal\Kanan_the_Swordmistress.cs","odo/Normal/Kanan_the_Swordmistress.cs","Trap","False"
"C:\Users\khjga\AppData\Roaming\coe5\mods\Godot Mods\Slay The Spire 2 Mods\YgoDuelist\YgoDuelistCode\Cards\Monster\Todo\Normal\Kanikabuto.cs","odo/Normal/Kanikabuto.cs","Trap","False"
"C:\Users\khjga\AppData\Roaming\coe5\mods\Godot Mods\Slay The Spire 2 Mods\YgoDuelist\YgoDuelistCode\Cards\Monster\Todo\Normal\Kappa_Avenger.cs","odo/Normal/Kappa_Avenger.cs","Trap","False"
"C:\Users\khjga\AppData\Roaming\coe5\mods\Godot Mods\Slay The Spire 2 Mods\YgoDuelist\YgoDuelistCode\Cards\Monster\Todo\Normal\Kattapillar.cs","odo/Normal/Kattapillar.cs","Trap","False"
"C:\Users\khjga\AppData\Roaming\coe5\mods\Godot Mods\Slay The Spire 2 Mods\YgoDuelist\YgoDuelistCode\Cards\Monster\Todo\Normal\Key_Mace.cs","odo/Normal/Key_Mace.cs","Trap","False"
"C:\Users\khjga\AppData\Roaming\coe5\mods\Godot Mods\Slay The Spire 2 Mods\YgoDuelist\YgoDuelistCode\Cards\Monster\Todo\Normal\Key_Mace_2.cs","odo/Normal/Key_Mace_2.cs","Trap","False"
"C:\Users\khjga\AppData\Roaming\coe5\mods\Godot Mods\Slay The Spire 2 Mods\YgoDuelist\YgoDuelistCode\Cards\Monster\Todo\Normal\Killer_Needle.cs","odo/Normal/Killer_Needle.cs","Trap","False"
"C:\Users\khjga\AppData\Roaming\coe5\mods\Godot Mods\Slay The Spire 2 Mods\YgoDuelist\YgoDuelistCode\Cards\Monster\Todo\Normal\King_Fog.cs","odo/Normal/King_Fog.cs","Trap","False"
"C:\Users\khjga\AppData\Roaming\coe5\mods\Godot Mods\Slay The Spire 2 Mods\YgoDuelist\YgoDuelistCode\Cards\Monster\Todo\Normal\King_of_Yamimakai.cs","odo/Normal/King_of_Yamimakai.cs","Trap","False"
"C:\Users\khjga\AppData\Roaming\coe5\mods\Godot Mods\Slay The Spire 2 Mods\YgoDuelist\YgoDuelistCode\Cards\Monster\Todo\Normal\Kojikocy.cs","odo/Normal/Kojikocy.cs","Trap","False"
"C:\Users\khjga\AppData\Roaming\coe5\mods\Godot Mods\Slay The Spire 2 Mods\YgoDuelist\YgoDuelistCode\Cards\Monster\Todo\Normal\Korogashi.cs","odo/Normal/Korogashi.cs","Trap","False"
"C:\Users\khjga\AppData\Roaming\coe5\mods\Godot Mods\Slay The Spire 2 Mods\YgoDuelist\YgoDuelistCode\Cards\Monster\Todo\Normal\Koumori_Dragon.cs","odo/Normal/Koumori_Dragon.cs","Trap","False"
"C:\Users\khjga\AppData\Roaming\coe5\mods\Godot Mods\Slay The Spire 2 Mods\YgoDuelist\YgoDuelistCode\Cards\Monster\Todo\Normal\Kozaky.cs","odo/Normal/Kozaky.cs","Trap","False"
"C:\Users\khjga\AppData\Roaming\coe5\mods\Godot Mods\Slay The Spire 2 Mods\YgoDuelist\YgoDuelistCode\Cards\Monster\Todo\Normal\Krokodilus.cs","odo/Normal/Krokodilus.cs","Trap","False"
"C:\Users\khjga\AppData\Roaming\coe5\mods\Godot Mods\Slay The Spire 2 Mods\YgoDuelist\YgoDuelistCode\Cards\Monster\Todo\Normal\Kumootoko.cs","odo/Normal/Kumootoko.cs","Trap","False"
"C:\Users\khjga\AppData\Roaming\coe5\mods\Godot Mods\Slay The Spire 2 Mods\YgoDuelist\YgoDuelistCode\Cards\Monster\Todo\Normal\Kurama.cs","odo/Normal/Kurama.cs","Trap","False"
"C:\Users\khjga\AppData\Roaming\coe5\mods\Godot Mods\Slay The Spire 2 Mods\YgoDuelist\YgoDuelistCode\Cards\Monster\Todo\Normal\Kuwagata.cs","odo/Normal/Kuwagata.cs","Trap","False"
"C:\Users\khjga\AppData\Roaming\coe5\mods\Godot Mods\Slay The Spire 2 Mods\YgoDuelist\YgoDuelistCode\Cards\Monster\Todo\Normal\La_Jinn_the_Mystical_Genie_of_the_Lamp.cs","odo/Normal/La_Jinn_the_Mystical_Genie_of_the_Lamp.cs","Trap","False"
"C:\Users\khjga\AppData\Roaming\coe5\mods\Godot Mods\Slay The Spire 2 Mods\YgoDuelist\YgoDuelistCode\Cards\Monster\Todo\Normal\Labyrinth_Wall.cs","odo/Normal/Labyrinth_Wall.cs","Trap","False"
"C:\Users\khjga\AppData\Roaming\coe5\mods\Godot Mods\Slay The Spire 2 Mods\YgoDuelist\YgoDuelistCode\Cards\Monster\Todo\Normal\Lady_of_Faith.cs","odo/Normal/Lady_of_Faith.cs","Trap","False"
"C:\Users\khjga\AppData\Roaming\coe5\mods\Godot Mods\Slay The Spire 2 Mods\YgoDuelist\YgoDuelistCode\Cards\Monster\Todo\Normal\Lala_Li_Oon.cs","odo/Normal/Lala_Li_Oon.cs","Trap","False"
"C:\Users\khjga\AppData\Roaming\coe5\mods\Godot Mods\Slay The Spire 2 Mods\YgoDuelist\YgoDuelistCode\Cards\Monster\Todo\Normal\Lamoon.cs","odo/Normal/Lamoon.cs","Trap","False"
"C:\Users\khjga\AppData\Roaming\coe5\mods\Godot Mods\Slay The Spire 2 Mods\YgoDuelist\YgoDuelistCode\Cards\Monster\Todo\Normal\Larvas.cs","odo/Normal/Larvas.cs","Trap","False"
"C:\Users\khjga\AppData\Roaming\coe5\mods\Godot Mods\Slay The Spire 2 Mods\YgoDuelist\YgoDuelistCode\Cards\Monster\Todo\Normal\Laughing_Flower.cs","odo/Normal/Laughing_Flower.cs","Trap","False"
"C:\Users\khjga\AppData\Roaming\coe5\mods\Godot Mods\Slay The Spire 2 Mods\YgoDuelist\YgoDuelistCode\Cards\Monster\Todo\Normal\Launcher_Spider.cs","odo/Normal/Launcher_Spider.cs","Trap","False"
"C:\Users\khjga\AppData\Roaming\coe5\mods\Godot Mods\Slay The Spire 2 Mods\YgoDuelist\YgoDuelistCode\Cards\Monster\Todo\Normal\Left_Arm_of_the_Forbidden_One.cs","odo/Normal/Left_Arm_of_the_Forbidden_One.cs","Trap","False"
"C:\Users\khjga\AppData\Roaming\coe5\mods\Godot Mods\Slay The Spire 2 Mods\YgoDuelist\YgoDuelistCode\Cards\Monster\Todo\Normal\Left_Leg_of_the_Forbidden_One.cs","odo/Normal/Left_Leg_of_the_Forbidden_One.cs","Trap","False"
"C:\Users\khjga\AppData\Roaming\coe5\mods\Godot Mods\Slay The Spire 2 Mods\YgoDuelist\YgoDuelistCode\Cards\Monster\Todo\Normal\Leo_Wizard.cs","odo/Normal/Leo_Wizard.cs","Trap","False"
"C:\Users\khjga\AppData\Roaming\coe5\mods\Godot Mods\Slay The Spire 2 Mods\YgoDuelist\YgoDuelistCode\Cards\Monster\Todo\Normal\Leogun.cs","odo/Normal/Leogun.cs","Trap","False"
"C:\Users\khjga\AppData\Roaming\coe5\mods\Godot Mods\Slay The Spire 2 Mods\YgoDuelist\YgoDuelistCode\Cards\Monster\Todo\Normal\Lesser_Dragon.cs","odo/Normal/Lesser_Dragon.cs","Trap","False"
"C:\Users\khjga\AppData\Roaming\coe5\mods\Godot Mods\Slay The Spire 2 Mods\YgoDuelist\YgoDuelistCode\Cards\Monster\Todo\Normal\Lightning_Conger.cs","odo/Normal/Lightning_Conger.cs","Trap","False"
"C:\Users\khjga\AppData\Roaming\coe5\mods\Godot Mods\Slay The Spire 2 Mods\YgoDuelist\YgoDuelistCode\Cards\Monster\Todo\Normal\Liquid_Beast.cs","odo/Normal/Liquid_Beast.cs","Trap","False"
"C:\Users\khjga\AppData\Roaming\coe5\mods\Godot Mods\Slay The Spire 2 Mods\YgoDuelist\YgoDuelistCode\Cards\Monster\Todo\Normal\Lisark.cs","odo/Normal/Lisark.cs","Trap","False"
"C:\Users\khjga\AppData\Roaming\coe5\mods\Godot Mods\Slay The Spire 2 Mods\YgoDuelist\YgoDuelistCode\Cards\Monster\Todo\Normal\Little_D.cs","odo/Normal/Little_D.cs","Trap","False"
"C:\Users\khjga\AppData\Roaming\coe5\mods\Godot Mods\Slay The Spire 2 Mods\YgoDuelist\YgoDuelistCode\Cards\Monster\Todo\Normal\Living_Vase.cs","odo/Normal/Living_Vase.cs","Trap","False"
"C:\Users\khjga\AppData\Roaming\coe5\mods\Godot Mods\Slay The Spire 2 Mods\YgoDuelist\YgoDuelistCode\Cards\Monster\Todo\Normal\Lizard_Soldier.cs","odo/Normal/Lizard_Soldier.cs","Trap","False"
"C:\Users\khjga\AppData\Roaming\coe5\mods\Godot Mods\Slay The Spire 2 Mods\YgoDuelist\YgoDuelistCode\Cards\Monster\Todo\Normal\Lord_of_the_Lamp.cs","odo/Normal/Lord_of_the_Lamp.cs","Trap","False"
"C:\Users\khjga\AppData\Roaming\coe5\mods\Godot Mods\Slay The Spire 2 Mods\YgoDuelist\YgoDuelistCode\Cards\Monster\Todo\Normal\Lord_of_Zemia.cs","odo/Normal/Lord_of_Zemia.cs","Trap","False"
"C:\Users\khjga\AppData\Roaming\coe5\mods\Godot Mods\Slay The Spire 2 Mods\YgoDuelist\YgoDuelistCode\Cards\Monster\Todo\Normal\Lucky_Trinket.cs","odo/Normal/Lucky_Trinket.cs","Trap","False"
"C:\Users\khjga\AppData\Roaming\coe5\mods\Godot Mods\Slay The Spire 2 Mods\YgoDuelist\YgoDuelistCode\Cards\Monster\Todo\Normal\Lunar_Queen_Elzaim.cs","odo/Normal/Lunar_Queen_Elzaim.cs","Trap","False"
"C:\Users\khjga\AppData\Roaming\coe5\mods\Godot Mods\Slay The Spire 2 Mods\YgoDuelist\YgoDuelistCode\Cards\Monster\Todo\Normal\Luster_Dragon.cs","odo/Normal/Luster_Dragon.cs","Trap","False"
"C:\Users\khjga\AppData\Roaming\coe5\mods\Godot Mods\Slay The Spire 2 Mods\YgoDuelist\YgoDuelistCode\Cards\Monster\Todo\Normal\Luster_Dragon_2.cs","odo/Normal/Luster_Dragon_2.cs","Trap","False"
"C:\Users\khjga\AppData\Roaming\coe5\mods\Godot Mods\Slay The Spire 2 Mods\YgoDuelist\YgoDuelistCode\Cards\Monster\Todo\Normal\M_Warrior_1.cs","odo/Normal/M_Warrior_1.cs","Trap","False"
"C:\Users\khjga\AppData\Roaming\coe5\mods\Godot Mods\Slay The Spire 2 Mods\YgoDuelist\YgoDuelistCode\Cards\Monster\Todo\Normal\M_Warrior_2.cs","odo/Normal/M_Warrior_2.cs","Trap","False"
"C:\Users\khjga\AppData\Roaming\coe5\mods\Godot Mods\Slay The Spire 2 Mods\YgoDuelist\YgoDuelistCode\Cards\Monster\Todo\Normal\Mabarrel.cs","odo/Normal/Mabarrel.cs","Trap","False"
"C:\Users\khjga\AppData\Roaming\coe5\mods\Godot Mods\Slay The Spire 2 Mods\YgoDuelist\YgoDuelistCode\Cards\Monster\Todo\Normal\Machine_Attacker.cs","odo/Normal/Machine_Attacker.cs","Trap","False"
"C:\Users\khjga\AppData\Roaming\coe5\mods\Godot Mods\Slay The Spire 2 Mods\YgoDuelist\YgoDuelistCode\Cards\Monster\Todo\Normal\Mad_Dog_of_Darkness.cs","odo/Normal/Mad_Dog_of_Darkness.cs","Trap","False"
"C:\Users\khjga\AppData\Roaming\coe5\mods\Godot Mods\Slay The Spire 2 Mods\YgoDuelist\YgoDuelistCode\Cards\Monster\Todo\Normal\Madjinn_Gunn.cs","odo/Normal/Madjinn_Gunn.cs","Trap","False"
"C:\Users\khjga\AppData\Roaming\coe5\mods\Godot Mods\Slay The Spire 2 Mods\YgoDuelist\YgoDuelistCode\Cards\Monster\Todo\Normal\Magical_Ghost.cs","odo/Normal/Magical_Ghost.cs","Trap","False"
"C:\Users\khjga\AppData\Roaming\coe5\mods\Godot Mods\Slay The Spire 2 Mods\YgoDuelist\YgoDuelistCode\Cards\Monster\Todo\Normal\Maiden_of_the_Moonlight.cs","odo/Normal/Maiden_of_the_Moonlight.cs","Trap","False"
"C:\Users\khjga\AppData\Roaming\coe5\mods\Godot Mods\Slay The Spire 2 Mods\YgoDuelist\YgoDuelistCode\Cards\Monster\Todo\Normal\Mammoth_Graveyard.cs","odo/Normal/Mammoth_Graveyard.cs","Trap","False"
"C:\Users\khjga\AppData\Roaming\coe5\mods\Godot Mods\Slay The Spire 2 Mods\YgoDuelist\YgoDuelistCode\Cards\Monster\Todo\Normal\Man_Eater.cs","odo/Normal/Man_Eater.cs","Trap","False"
"C:\Users\khjga\AppData\Roaming\coe5\mods\Godot Mods\Slay The Spire 2 Mods\YgoDuelist\YgoDuelistCode\Cards\Monster\Todo\Normal\Man_Eating_Plant.cs","odo/Normal/Man_Eating_Plant.cs","Trap","False"
"C:\Users\khjga\AppData\Roaming\coe5\mods\Godot Mods\Slay The Spire 2 Mods\YgoDuelist\YgoDuelistCode\Cards\Monster\Todo\Normal\Man_Eating_Treasure_Chest.cs","odo/Normal/Man_Eating_Treasure_Chest.cs","Trap","False"
"C:\Users\khjga\AppData\Roaming\coe5\mods\Godot Mods\Slay The Spire 2 Mods\YgoDuelist\YgoDuelistCode\Cards\Monster\Todo\Normal\Masaki_the_Legendary_Swordsman.cs","odo/Normal/Masaki_the_Legendary_Swordsman.cs","Trap","False"
"C:\Users\khjga\AppData\Roaming\coe5\mods\Godot Mods\Slay The Spire 2 Mods\YgoDuelist\YgoDuelistCode\Cards\Monster\Todo\Normal\Masked_Clown.cs","odo/Normal/Masked_Clown.cs","Trap","False"
"C:\Users\khjga\AppData\Roaming\coe5\mods\Godot Mods\Slay The Spire 2 Mods\YgoDuelist\YgoDuelistCode\Cards\Monster\Todo\Normal\Master_Expert.cs","odo/Normal/Master_Expert.cs","Trap","False"
"C:\Users\khjga\AppData\Roaming\coe5\mods\Godot Mods\Slay The Spire 2 Mods\YgoDuelist\YgoDuelistCode\Cards\Monster\Todo\Normal\Master_Kyonshee.cs","odo/Normal/Master_Kyonshee.cs","Trap","False"
"C:\Users\khjga\AppData\Roaming\coe5\mods\Godot Mods\Slay The Spire 2 Mods\YgoDuelist\YgoDuelistCode\Cards\Monster\Todo\Normal\Mech_Bass.cs","odo/Normal/Mech_Bass.cs","Trap","False"
"C:\Users\khjga\AppData\Roaming\coe5\mods\Godot Mods\Slay The Spire 2 Mods\YgoDuelist\YgoDuelistCode\Cards\Monster\Todo\Normal\Mech_Mole_Zombie.cs","odo/Normal/Mech_Mole_Zombie.cs","Trap","False"
"C:\Users\khjga\AppData\Roaming\coe5\mods\Godot Mods\Slay The Spire 2 Mods\YgoDuelist\YgoDuelistCode\Cards\Monster\Todo\Normal\Mechaleon.cs","odo/Normal/Mechaleon.cs","Trap","False"
"C:\Users\khjga\AppData\Roaming\coe5\mods\Godot Mods\Slay The Spire 2 Mods\YgoDuelist\YgoDuelistCode\Cards\Monster\Todo\Normal\Mechanical_Snail.cs","odo/Normal/Mechanical_Snail.cs","Trap","False"
"C:\Users\khjga\AppData\Roaming\coe5\mods\Godot Mods\Slay The Spire 2 Mods\YgoDuelist\YgoDuelistCode\Cards\Monster\Todo\Normal\Mechanicalchaser.cs","odo/Normal/Mechanicalchaser.cs","Trap","False"
"C:\Users\khjga\AppData\Roaming\coe5\mods\Godot Mods\Slay The Spire 2 Mods\YgoDuelist\YgoDuelistCode\Cards\Monster\Todo\Normal\Meda_Bat.cs","odo/Normal/Meda_Bat.cs","Trap","False"
"C:\Users\khjga\AppData\Roaming\coe5\mods\Godot Mods\Slay The Spire 2 Mods\YgoDuelist\YgoDuelistCode\Cards\Monster\Todo\Normal\Mega_Thunderball.cs","odo/Normal/Mega_Thunderball.cs","Trap","False"
"C:\Users\khjga\AppData\Roaming\coe5\mods\Godot Mods\Slay The Spire 2 Mods\YgoDuelist\YgoDuelistCode\Cards\Monster\Todo\Normal\Megasonic_Eye.cs","odo/Normal/Megasonic_Eye.cs","Trap","False"
"C:\Users\khjga\AppData\Roaming\coe5\mods\Godot Mods\Slay The Spire 2 Mods\YgoDuelist\YgoDuelistCode\Cards\Monster\Todo\Normal\Megazowler.cs","odo/Normal/Megazowler.cs","Trap","False"
"C:\Users\khjga\AppData\Roaming\coe5\mods\Godot Mods\Slay The Spire 2 Mods\YgoDuelist\YgoDuelistCode\Cards\Monster\Todo\Normal\Megirus_Light.cs","odo/Normal/Megirus_Light.cs","Trap","False"
"C:\Users\khjga\AppData\Roaming\coe5\mods\Godot Mods\Slay The Spire 2 Mods\YgoDuelist\YgoDuelistCode\Cards\Monster\Todo\Normal\Melchid_the_Four_Face_Beast.cs","odo/Normal/Melchid_the_Four_Face_Beast.cs","Trap","False"
"C:\Users\khjga\AppData\Roaming\coe5\mods\Godot Mods\Slay The Spire 2 Mods\YgoDuelist\YgoDuelistCode\Cards\Monster\Todo\Normal\Meotoko.cs","odo/Normal/Meotoko.cs","Trap","False"
"C:\Users\khjga\AppData\Roaming\coe5\mods\Godot Mods\Slay The Spire 2 Mods\YgoDuelist\YgoDuelistCode\Cards\Monster\Todo\Normal\Metal_Armored_Bug.cs","odo/Normal/Metal_Armored_Bug.cs","Trap","False"
"C:\Users\khjga\AppData\Roaming\coe5\mods\Godot Mods\Slay The Spire 2 Mods\YgoDuelist\YgoDuelistCode\Cards\Monster\Todo\Normal\Metal_Fish.cs","odo/Normal/Metal_Fish.cs","Trap","False"
"C:\Users\khjga\AppData\Roaming\coe5\mods\Godot Mods\Slay The Spire 2 Mods\YgoDuelist\YgoDuelistCode\Cards\Monster\Todo\Normal\Metal_Guardian.cs","odo/Normal/Metal_Guardian.cs","Trap","False"
"C:\Users\khjga\AppData\Roaming\coe5\mods\Godot Mods\Slay The Spire 2 Mods\YgoDuelist\YgoDuelistCode\Cards\Monster\Todo\Normal\Meteor_Dragon.cs","odo/Normal/Meteor_Dragon.cs","Trap","False"
"C:\Users\khjga\AppData\Roaming\coe5\mods\Godot Mods\Slay The Spire 2 Mods\YgoDuelist\YgoDuelistCode\Cards\Monster\Todo\Normal\Midnight_Fiend.cs","odo/Normal/Midnight_Fiend.cs","Trap","False"
"C:\Users\khjga\AppData\Roaming\coe5\mods\Godot Mods\Slay The Spire 2 Mods\YgoDuelist\YgoDuelistCode\Cards\Monster\Todo\Normal\Mikazukinoyaiba.cs","odo/Normal/Mikazukinoyaiba.cs","Trap","False"
"C:\Users\khjga\AppData\Roaming\coe5\mods\Godot Mods\Slay The Spire 2 Mods\YgoDuelist\YgoDuelistCode\Cards\Monster\Todo\Normal\Millennium_Golem.cs","odo/Normal/Millennium_Golem.cs","Trap","False"
"C:\Users\khjga\AppData\Roaming\coe5\mods\Godot Mods\Slay The Spire 2 Mods\YgoDuelist\YgoDuelistCode\Cards\Monster\Todo\Normal\Millennium_Shield.cs","odo/Normal/Millennium_Shield.cs","Trap","False"
"C:\Users\khjga\AppData\Roaming\coe5\mods\Godot Mods\Slay The Spire 2 Mods\YgoDuelist\YgoDuelistCode\Cards\Monster\Todo\Normal\Minomushi_Warrior.cs","odo/Normal/Minomushi_Warrior.cs","Trap","False"
"C:\Users\khjga\AppData\Roaming\coe5\mods\Godot Mods\Slay The Spire 2 Mods\YgoDuelist\YgoDuelistCode\Cards\Monster\Todo\Normal\Misairuzame.cs","odo/Normal/Misairuzame.cs","Trap","False"
"C:\Users\khjga\AppData\Roaming\coe5\mods\Godot Mods\Slay The Spire 2 Mods\YgoDuelist\YgoDuelistCode\Cards\Monster\Todo\Normal\Mokey_Mokey.cs","odo/Normal/Mokey_Mokey.cs","Trap","False"
"C:\Users\khjga\AppData\Roaming\coe5\mods\Godot Mods\Slay The Spire 2 Mods\YgoDuelist\YgoDuelistCode\Cards\Monster\Todo\Normal\Molten_Behemoth.cs","odo/Normal/Molten_Behemoth.cs","Trap","False"
"C:\Users\khjga\AppData\Roaming\coe5\mods\Godot Mods\Slay The Spire 2 Mods\YgoDuelist\YgoDuelistCode\Cards\Monster\Todo\Normal\Mon_Larvas.cs","odo/Normal/Mon_Larvas.cs","Trap","False"
"C:\Users\khjga\AppData\Roaming\coe5\mods\Godot Mods\Slay The Spire 2 Mods\YgoDuelist\YgoDuelistCode\Cards\Monster\Todo\Normal\Monster_Egg.cs","odo/Normal/Monster_Egg.cs","Trap","False"
"C:\Users\khjga\AppData\Roaming\coe5\mods\Godot Mods\Slay The Spire 2 Mods\YgoDuelist\YgoDuelistCode\Cards\Monster\Todo\Normal\Monster_Tamer.cs","odo/Normal/Monster_Tamer.cs","Trap","False"
"C:\Users\khjga\AppData\Roaming\coe5\mods\Godot Mods\Slay The Spire 2 Mods\YgoDuelist\YgoDuelistCode\Cards\Monster\Todo\Normal\Monstrous_Bird.cs","odo/Normal/Monstrous_Bird.cs","Trap","False"
"C:\Users\khjga\AppData\Roaming\coe5\mods\Godot Mods\Slay The Spire 2 Mods\YgoDuelist\YgoDuelistCode\Cards\Monster\Todo\Normal\Monsturtle.cs","odo/Normal/Monsturtle.cs","Trap","False"
"C:\Users\khjga\AppData\Roaming\coe5\mods\Godot Mods\Slay The Spire 2 Mods\YgoDuelist\YgoDuelistCode\Cards\Monster\Todo\Normal\Moon_Envoy.cs","odo/Normal/Moon_Envoy.cs","Trap","False"
"C:\Users\khjga\AppData\Roaming\coe5\mods\Godot Mods\Slay The Spire 2 Mods\YgoDuelist\YgoDuelistCode\Cards\Monster\Todo\Normal\Morinphen.cs","odo/Normal/Morinphen.cs","Trap","False"
"C:\Users\khjga\AppData\Roaming\coe5\mods\Godot Mods\Slay The Spire 2 Mods\YgoDuelist\YgoDuelistCode\Cards\Monster\Todo\Normal\Mountain_Warrior.cs","odo/Normal/Mountain_Warrior.cs","Trap","False"
"C:\Users\khjga\AppData\Roaming\coe5\mods\Godot Mods\Slay The Spire 2 Mods\YgoDuelist\YgoDuelistCode\Cards\Monster\Todo\Normal\Mr_Volcano.cs","odo/Normal/Mr_Volcano.cs","Trap","False"
"C:\Users\khjga\AppData\Roaming\coe5\mods\Godot Mods\Slay The Spire 2 Mods\YgoDuelist\YgoDuelistCode\Cards\Monster\Todo\Normal\Muse_a.cs","odo/Normal/Muse_a.cs","Trap","False"
"C:\Users\khjga\AppData\Roaming\coe5\mods\Godot Mods\Slay The Spire 2 Mods\YgoDuelist\YgoDuelistCode\Cards\Monster\Todo\Normal\Mushroom_Man.cs","odo/Normal/Mushroom_Man.cs","Trap","False"
"C:\Users\khjga\AppData\Roaming\coe5\mods\Godot Mods\Slay The Spire 2 Mods\YgoDuelist\YgoDuelistCode\Cards\Monster\Todo\Normal\Mystery_Hand.cs","odo/Normal/Mystery_Hand.cs","Trap","False"
"C:\Users\khjga\AppData\Roaming\coe5\mods\Godot Mods\Slay The Spire 2 Mods\YgoDuelist\YgoDuelistCode\Cards\Monster\Todo\Normal\Mystic_Clown.cs","odo/Normal/Mystic_Clown.cs","Trap","False"
"C:\Users\khjga\AppData\Roaming\coe5\mods\Godot Mods\Slay The Spire 2 Mods\YgoDuelist\YgoDuelistCode\Cards\Monster\Todo\Normal\Mystic_Horseman.cs","odo/Normal/Mystic_Horseman.cs","Trap","False"
"C:\Users\khjga\AppData\Roaming\coe5\mods\Godot Mods\Slay The Spire 2 Mods\YgoDuelist\YgoDuelistCode\Cards\Monster\Todo\Normal\Mystical_Capture_Chain.cs","odo/Normal/Mystical_Capture_Chain.cs","Trap","False"
"C:\Users\khjga\AppData\Roaming\coe5\mods\Godot Mods\Slay The Spire 2 Mods\YgoDuelist\YgoDuelistCode\Cards\Monster\Todo\Normal\Mystical_Elf.cs","odo/Normal/Mystical_Elf.cs","Trap","False"
"C:\Users\khjga\AppData\Roaming\coe5\mods\Godot Mods\Slay The Spire 2 Mods\YgoDuelist\YgoDuelistCode\Cards\Monster\Todo\Normal\Mystical_Sheep_2.cs","odo/Normal/Mystical_Sheep_2.cs","Trap","False"
"C:\Users\khjga\AppData\Roaming\coe5\mods\Godot Mods\Slay The Spire 2 Mods\YgoDuelist\YgoDuelistCode\Cards\Monster\Todo\Normal\Mystical_Shine_Ball.cs","odo/Normal/Mystical_Shine_Ball.cs","Trap","False"
"C:\Users\khjga\AppData\Roaming\coe5\mods\Godot Mods\Slay The Spire 2 Mods\YgoDuelist\YgoDuelistCode\Cards\Monster\Todo\Normal\Neck_Hunter.cs","odo/Normal/Neck_Hunter.cs","Trap","False"
"C:\Users\khjga\AppData\Roaming\coe5\mods\Godot Mods\Slay The Spire 2 Mods\YgoDuelist\YgoDuelistCode\Cards\Monster\Todo\Normal\Necrolancer_the_Time_Lord.cs","odo/Normal/Necrolancer_the_Time_Lord.cs","Trap","False"
"C:\Users\khjga\AppData\Roaming\coe5\mods\Godot Mods\Slay The Spire 2 Mods\YgoDuelist\YgoDuelistCode\Cards\Monster\Todo\Normal\Nekogal_1.cs","odo/Normal/Nekogal_1.cs","Trap","False"
"C:\Users\khjga\AppData\Roaming\coe5\mods\Godot Mods\Slay The Spire 2 Mods\YgoDuelist\YgoDuelistCode\Cards\Monster\Todo\Normal\Nekogal_2.cs","odo/Normal/Nekogal_2.cs","Trap","False"
"C:\Users\khjga\AppData\Roaming\coe5\mods\Godot Mods\Slay The Spire 2 Mods\YgoDuelist\YgoDuelistCode\Cards\Monster\Todo\Normal\Nemuriko.cs","odo/Normal/Nemuriko.cs","Trap","False"
"C:\Users\khjga\AppData\Roaming\coe5\mods\Godot Mods\Slay The Spire 2 Mods\YgoDuelist\YgoDuelistCode\Cards\Monster\Todo\Normal\Neo_Bug.cs","odo/Normal/Neo_Bug.cs","Trap","False"
"C:\Users\khjga\AppData\Roaming\coe5\mods\Godot Mods\Slay The Spire 2 Mods\YgoDuelist\YgoDuelistCode\Cards\Monster\Todo\Normal\Neo_the_Magic_Swordsman.cs","odo/Normal/Neo_the_Magic_Swordsman.cs","Trap","False"
"C:\Users\khjga\AppData\Roaming\coe5\mods\Godot Mods\Slay The Spire 2 Mods\YgoDuelist\YgoDuelistCode\Cards\Monster\Todo\Normal\Night_Lizard.cs","odo/Normal/Night_Lizard.cs","Trap","False"
"C:\Users\khjga\AppData\Roaming\coe5\mods\Godot Mods\Slay The Spire 2 Mods\YgoDuelist\YgoDuelistCode\Cards\Monster\Todo\Normal\Nightmare_Scorpion.cs","odo/Normal/Nightmare_Scorpion.cs","Trap","False"
"C:\Users\khjga\AppData\Roaming\coe5\mods\Godot Mods\Slay The Spire 2 Mods\YgoDuelist\YgoDuelistCode\Cards\Monster\Todo\Normal\Nin_Ken_Dog.cs","odo/Normal/Nin_Ken_Dog.cs","Trap","False"
"C:\Users\khjga\AppData\Roaming\coe5\mods\Godot Mods\Slay The Spire 2 Mods\YgoDuelist\YgoDuelistCode\Cards\Monster\Todo\Normal\Niwatori.cs","odo/Normal/Niwatori.cs","Trap","False"
"C:\Users\khjga\AppData\Roaming\coe5\mods\Godot Mods\Slay The Spire 2 Mods\YgoDuelist\YgoDuelistCode\Cards\Monster\Todo\Normal\Obese_Marmot_of_Nefariousness.cs","odo/Normal/Obese_Marmot_of_Nefariousness.cs","Trap","False"
"C:\Users\khjga\AppData\Roaming\coe5\mods\Godot Mods\Slay The Spire 2 Mods\YgoDuelist\YgoDuelistCode\Cards\Monster\Todo\Normal\Octoberser.cs","odo/Normal/Octoberser.cs","Trap","False"
"C:\Users\khjga\AppData\Roaming\coe5\mods\Godot Mods\Slay The Spire 2 Mods\YgoDuelist\YgoDuelistCode\Cards\Monster\Todo\Normal\Ocubeam.cs","odo/Normal/Ocubeam.cs","Trap","False"
"C:\Users\khjga\AppData\Roaming\coe5\mods\Godot Mods\Slay The Spire 2 Mods\YgoDuelist\YgoDuelistCode\Cards\Monster\Todo\Normal\Ogre_of_the_Black_Shadow.cs","odo/Normal/Ogre_of_the_Black_Shadow.cs","Trap","False"
"C:\Users\khjga\AppData\Roaming\coe5\mods\Godot Mods\Slay The Spire 2 Mods\YgoDuelist\YgoDuelistCode\Cards\Monster\Todo\Normal\Ojama_Black.cs","odo/Normal/Ojama_Black.cs","Trap","False"
"C:\Users\khjga\AppData\Roaming\coe5\mods\Godot Mods\Slay The Spire 2 Mods\YgoDuelist\YgoDuelistCode\Cards\Monster\Todo\Normal\Ojama_Green.cs","odo/Normal/Ojama_Green.cs","Trap","False"
"C:\Users\khjga\AppData\Roaming\coe5\mods\Godot Mods\Slay The Spire 2 Mods\YgoDuelist\YgoDuelistCode\Cards\Monster\Todo\Normal\Ojama_Yellow.cs","odo/Normal/Ojama_Yellow.cs","Trap","False"
"C:\Users\khjga\AppData\Roaming\coe5\mods\Godot Mods\Slay The Spire 2 Mods\YgoDuelist\YgoDuelistCode\Cards\Monster\Todo\Normal\One_Eyed_Shield_Dragon.cs","odo/Normal/One_Eyed_Shield_Dragon.cs","Trap","False"
"C:\Users\khjga\AppData\Roaming\coe5\mods\Godot Mods\Slay The Spire 2 Mods\YgoDuelist\YgoDuelistCode\Cards\Monster\Todo\Normal\One_Who_Hunts_Souls.cs","odo/Normal/One_Who_Hunts_Souls.cs","Trap","False"
"C:\Users\khjga\AppData\Roaming\coe5\mods\Godot Mods\Slay The Spire 2 Mods\YgoDuelist\YgoDuelistCode\Cards\Monster\Todo\Normal\Oni_Tank_T_34.cs","odo/Normal/Oni_Tank_T_34.cs","Trap","False"
"C:\Users\khjga\AppData\Roaming\coe5\mods\Godot Mods\Slay The Spire 2 Mods\YgoDuelist\YgoDuelistCode\Cards\Monster\Todo\Normal\Oppressed_People.cs","odo/Normal/Oppressed_People.cs","Trap","False"
"C:\Users\khjga\AppData\Roaming\coe5\mods\Godot Mods\Slay The Spire 2 Mods\YgoDuelist\YgoDuelistCode\Cards\Monster\Todo\Normal\Opticlops.cs","odo/Normal/Opticlops.cs","Trap","False"
"C:\Users\khjga\AppData\Roaming\coe5\mods\Godot Mods\Slay The Spire 2 Mods\YgoDuelist\YgoDuelistCode\Cards\Monster\Todo\Normal\Orion_the_Battle_King.cs","odo/Normal/Orion_the_Battle_King.cs","Trap","False"
"C:\Users\khjga\AppData\Roaming\coe5\mods\Godot Mods\Slay The Spire 2 Mods\YgoDuelist\YgoDuelistCode\Cards\Monster\Todo\Normal\Oscillo_Hero.cs","odo/Normal/Oscillo_Hero.cs","Trap","False"
"C:\Users\khjga\AppData\Roaming\coe5\mods\Godot Mods\Slay The Spire 2 Mods\YgoDuelist\YgoDuelistCode\Cards\Monster\Todo\Normal\Overdrive.cs","odo/Normal/Overdrive.cs","Trap","False"
"C:\Users\khjga\AppData\Roaming\coe5\mods\Godot Mods\Slay The Spire 2 Mods\YgoDuelist\YgoDuelistCode\Cards\Monster\Todo\Normal\Pale_Beast.cs","odo/Normal/Pale_Beast.cs","Trap","False"
"C:\Users\khjga\AppData\Roaming\coe5\mods\Godot Mods\Slay The Spire 2 Mods\YgoDuelist\YgoDuelistCode\Cards\Monster\Todo\Normal\Parrot_Dragon.cs","odo/Normal/Parrot_Dragon.cs","Trap","False"
"C:\Users\khjga\AppData\Roaming\coe5\mods\Godot Mods\Slay The Spire 2 Mods\YgoDuelist\YgoDuelistCode\Cards\Monster\Todo\Normal\Peacock.cs","odo/Normal/Peacock.cs","Trap","False"
"C:\Users\khjga\AppData\Roaming\coe5\mods\Godot Mods\Slay The Spire 2 Mods\YgoDuelist\YgoDuelistCode\Cards\Monster\Todo\Normal\Pendulum_Machine.cs","odo/Normal/Pendulum_Machine.cs","Trap","False"
"C:\Users\khjga\AppData\Roaming\coe5\mods\Godot Mods\Slay The Spire 2 Mods\YgoDuelist\YgoDuelistCode\Cards\Monster\Todo\Normal\People_Running_About.cs","odo/Normal/People_Running_About.cs","Trap","False"
"C:\Users\khjga\AppData\Roaming\coe5\mods\Godot Mods\Slay The Spire 2 Mods\YgoDuelist\YgoDuelistCode\Cards\Monster\Todo\Normal\Petit_Angel.cs","odo/Normal/Petit_Angel.cs","Trap","False"
"C:\Users\khjga\AppData\Roaming\coe5\mods\Godot Mods\Slay The Spire 2 Mods\YgoDuelist\YgoDuelistCode\Cards\Monster\Todo\Normal\Petit_Dragon.cs","odo/Normal/Petit_Dragon.cs","Trap","False"
"C:\Users\khjga\AppData\Roaming\coe5\mods\Godot Mods\Slay The Spire 2 Mods\YgoDuelist\YgoDuelistCode\Cards\Monster\Todo\Normal\Petit_Moth.cs","odo/Normal/Petit_Moth.cs","Trap","False"
"C:\Users\khjga\AppData\Roaming\coe5\mods\Godot Mods\Slay The Spire 2 Mods\YgoDuelist\YgoDuelistCode\Cards\Monster\Todo\Normal\Phantom_Dewan.cs","odo/Normal/Phantom_Dewan.cs","Trap","False"
"C:\Users\khjga\AppData\Roaming\coe5\mods\Godot Mods\Slay The Spire 2 Mods\YgoDuelist\YgoDuelistCode\Cards\Monster\Todo\Normal\Phantom_Ghost.cs","odo/Normal/Phantom_Ghost.cs","Trap","False"
"C:\Users\khjga\AppData\Roaming\coe5\mods\Godot Mods\Slay The Spire 2 Mods\YgoDuelist\YgoDuelistCode\Cards\Monster\Todo\Normal\Pharaoh_s_Servant.cs","odo/Normal/Pharaoh_s_Servant.cs","Trap","False"
"C:\Users\khjga\AppData\Roaming\coe5\mods\Godot Mods\Slay The Spire 2 Mods\YgoDuelist\YgoDuelistCode\Cards\Monster\Todo\Normal\Pharaonic_Protector.cs","odo/Normal/Pharaonic_Protector.cs","Trap","False"
"C:\Users\khjga\AppData\Roaming\coe5\mods\Godot Mods\Slay The Spire 2 Mods\YgoDuelist\YgoDuelistCode\Cards\Monster\Todo\Normal\Pot_the_Trick.cs","odo/Normal/Pot_the_Trick.cs","Trap","False"
"C:\Users\khjga\AppData\Roaming\coe5\mods\Godot Mods\Slay The Spire 2 Mods\YgoDuelist\YgoDuelistCode\Cards\Monster\Todo\Normal\Prevent_Rat.cs","odo/Normal/Prevent_Rat.cs","Trap","False"
"C:\Users\khjga\AppData\Roaming\coe5\mods\Godot Mods\Slay The Spire 2 Mods\YgoDuelist\YgoDuelistCode\Cards\Monster\Todo\Normal\Prisman.cs","odo/Normal/Prisman.cs","Trap","False"
"C:\Users\khjga\AppData\Roaming\coe5\mods\Godot Mods\Slay The Spire 2 Mods\YgoDuelist\YgoDuelistCode\Cards\Monster\Todo\Normal\Protector_of_the_Throne.cs","odo/Normal/Protector_of_the_Throne.cs","Trap","False"
"C:\Users\khjga\AppData\Roaming\coe5\mods\Godot Mods\Slay The Spire 2 Mods\YgoDuelist\YgoDuelistCode\Cards\Monster\Todo\Normal\Psychic_Kappa.cs","odo/Normal/Psychic_Kappa.cs","Trap","False"
"C:\Users\khjga\AppData\Roaming\coe5\mods\Godot Mods\Slay The Spire 2 Mods\YgoDuelist\YgoDuelistCode\Cards\Monster\Todo\Normal\Queen_Bird.cs","odo/Normal/Queen_Bird.cs","Trap","False"
"C:\Users\khjga\AppData\Roaming\coe5\mods\Godot Mods\Slay The Spire 2 Mods\YgoDuelist\YgoDuelistCode\Cards\Monster\Todo\Normal\Queen_of_Autumn_Leaves.cs","odo/Normal/Queen_of_Autumn_Leaves.cs","Trap","False"
"C:\Users\khjga\AppData\Roaming\coe5\mods\Godot Mods\Slay The Spire 2 Mods\YgoDuelist\YgoDuelistCode\Cards\Monster\Todo\Normal\Rainbow_Marine_Mermaid.cs","odo/Normal/Rainbow_Marine_Mermaid.cs","Trap","False"
"C:\Users\khjga\AppData\Roaming\coe5\mods\Godot Mods\Slay The Spire 2 Mods\YgoDuelist\YgoDuelistCode\Cards\Monster\Todo\Normal\Ray_Temperature.cs","odo/Normal/Ray_Temperature.cs","Trap","False"
"C:\Users\khjga\AppData\Roaming\coe5\mods\Godot Mods\Slay The Spire 2 Mods\YgoDuelist\YgoDuelistCode\Cards\Monster\Todo\Normal\Red_Archery_Girl.cs","odo/Normal/Red_Archery_Girl.cs","Trap","False"
"C:\Users\khjga\AppData\Roaming\coe5\mods\Godot Mods\Slay The Spire 2 Mods\YgoDuelist\YgoDuelistCode\Cards\Monster\Todo\Normal\Red_Eyes_Black_Dragon.cs","odo/Normal/Red_Eyes_Black_Dragon.cs","Trap","False"
"C:\Users\khjga\AppData\Roaming\coe5\mods\Godot Mods\Slay The Spire 2 Mods\YgoDuelist\YgoDuelistCode\Cards\Monster\Todo\Normal\Rhaimundos_of_the_Red_Sword.cs","odo/Normal/Rhaimundos_of_the_Red_Sword.cs","Trap","False"
"C:\Users\khjga\AppData\Roaming\coe5\mods\Godot Mods\Slay The Spire 2 Mods\YgoDuelist\YgoDuelistCode\Cards\Monster\Todo\Normal\Right_Arm_of_the_Forbidden_One.cs","odo/Normal/Right_Arm_of_the_Forbidden_One.cs","Trap","False"
"C:\Users\khjga\AppData\Roaming\coe5\mods\Godot Mods\Slay The Spire 2 Mods\YgoDuelist\YgoDuelistCode\Cards\Monster\Todo\Normal\Right_Leg_of_the_Forbidden_One.cs","odo/Normal/Right_Leg_of_the_Forbidden_One.cs","Trap","False"
"C:\Users\khjga\AppData\Roaming\coe5\mods\Godot Mods\Slay The Spire 2 Mods\YgoDuelist\YgoDuelistCode\Cards\Monster\Todo\Normal\Robolady.cs","odo/Normal/Robolady.cs","Trap","False"
"C:\Users\khjga\AppData\Roaming\coe5\mods\Godot Mods\Slay The Spire 2 Mods\YgoDuelist\YgoDuelistCode\Cards\Monster\Todo\Normal\Robotic_Knight.cs","odo/Normal/Robotic_Knight.cs","Trap","False"
"C:\Users\khjga\AppData\Roaming\coe5\mods\Godot Mods\Slay The Spire 2 Mods\YgoDuelist\YgoDuelistCode\Cards\Monster\Todo\Normal\Roboyarou.cs","odo/Normal/Roboyarou.cs","Trap","False"
"C:\Users\khjga\AppData\Roaming\coe5\mods\Godot Mods\Slay The Spire 2 Mods\YgoDuelist\YgoDuelistCode\Cards\Monster\Todo\Normal\Rock_Ogre_Grotto_1.cs","odo/Normal/Rock_Ogre_Grotto_1.cs","Trap","False"
"C:\Users\khjga\AppData\Roaming\coe5\mods\Godot Mods\Slay The Spire 2 Mods\YgoDuelist\YgoDuelistCode\Cards\Monster\Todo\Normal\Rock_Ogre_Grotto_2.cs","odo/Normal/Rock_Ogre_Grotto_2.cs","Trap","False"
"C:\Users\khjga\AppData\Roaming\coe5\mods\Godot Mods\Slay The Spire 2 Mods\YgoDuelist\YgoDuelistCode\Cards\Monster\Todo\Normal\Rock_Spirit.cs","odo/Normal/Rock_Spirit.cs","Trap","False"
"C:\Users\khjga\AppData\Roaming\coe5\mods\Godot Mods\Slay The Spire 2 Mods\YgoDuelist\YgoDuelistCode\Cards\Monster\Todo\Normal\Rogue_Doll.cs","odo/Normal/Rogue_Doll.cs","Trap","False"
"C:\Users\khjga\AppData\Roaming\coe5\mods\Godot Mods\Slay The Spire 2 Mods\YgoDuelist\YgoDuelistCode\Cards\Monster\Todo\Normal\Root_Water.cs","odo/Normal/Root_Water.cs","Trap","False"
"C:\Users\khjga\AppData\Roaming\coe5\mods\Godot Mods\Slay The Spire 2 Mods\YgoDuelist\YgoDuelistCode\Cards\Monster\Todo\Normal\Royal_Guard.cs","odo/Normal/Royal_Guard.cs","Trap","False"
"C:\Users\khjga\AppData\Roaming\coe5\mods\Godot Mods\Slay The Spire 2 Mods\YgoDuelist\YgoDuelistCode\Cards\Monster\Todo\Normal\Rude_Kaiser.cs","odo/Normal/Rude_Kaiser.cs","Trap","False"
"C:\Users\khjga\AppData\Roaming\coe5\mods\Godot Mods\Slay The Spire 2 Mods\YgoDuelist\YgoDuelistCode\Cards\Monster\Todo\Normal\Ryu_Kishin.cs","odo/Normal/Ryu_Kishin.cs","Trap","False"
"C:\Users\khjga\AppData\Roaming\coe5\mods\Godot Mods\Slay The Spire 2 Mods\YgoDuelist\YgoDuelistCode\Cards\Monster\Todo\Normal\Ryu_Kishin_Powered.cs","odo/Normal/Ryu_Kishin_Powered.cs","Trap","False"
"C:\Users\khjga\AppData\Roaming\coe5\mods\Godot Mods\Slay The Spire 2 Mods\YgoDuelist\YgoDuelistCode\Cards\Monster\Todo\Normal\Ryu_Ran.cs","odo/Normal/Ryu_Ran.cs","Trap","False"
"C:\Users\khjga\AppData\Roaming\coe5\mods\Godot Mods\Slay The Spire 2 Mods\YgoDuelist\YgoDuelistCode\Cards\Monster\Todo\Normal\Saggi_the_Dark_Clown.cs","odo/Normal/Saggi_the_Dark_Clown.cs","Trap","False"
"C:\Users\khjga\AppData\Roaming\coe5\mods\Godot Mods\Slay The Spire 2 Mods\YgoDuelist\YgoDuelistCode\Cards\Monster\Todo\Normal\Sand_Stone.cs","odo/Normal/Sand_Stone.cs","Trap","False"
"C:\Users\khjga\AppData\Roaming\coe5\mods\Godot Mods\Slay The Spire 2 Mods\YgoDuelist\YgoDuelistCode\Cards\Monster\Todo\Normal\Science_Soldier.cs","odo/Normal/Science_Soldier.cs","Trap","False"
"C:\Users\khjga\AppData\Roaming\coe5\mods\Godot Mods\Slay The Spire 2 Mods\YgoDuelist\YgoDuelistCode\Cards\Monster\Todo\Normal\Sea_Kamen.cs","odo/Normal/Sea_Kamen.cs","Trap","False"
"C:\Users\khjga\AppData\Roaming\coe5\mods\Godot Mods\Slay The Spire 2 Mods\YgoDuelist\YgoDuelistCode\Cards\Monster\Todo\Normal\Sea_King_Dragon.cs","odo/Normal/Sea_King_Dragon.cs","Trap","False"
"C:\Users\khjga\AppData\Roaming\coe5\mods\Godot Mods\Slay The Spire 2 Mods\YgoDuelist\YgoDuelistCode\Cards\Monster\Todo\Normal\Sea_Serpent_Warrior_of_Darkness.cs","odo/Normal/Sea_Serpent_Warrior_of_Darkness.cs","Trap","False"
"C:\Users\khjga\AppData\Roaming\coe5\mods\Godot Mods\Slay The Spire 2 Mods\YgoDuelist\YgoDuelistCode\Cards\Monster\Todo\Normal\Sealmaster_Meisei.cs","odo/Normal/Sealmaster_Meisei.cs","Trap","False"
"C:\Users\khjga\AppData\Roaming\coe5\mods\Godot Mods\Slay The Spire 2 Mods\YgoDuelist\YgoDuelistCode\Cards\Monster\Todo\Normal\Sectarian_of_Secrets.cs","odo/Normal/Sectarian_of_Secrets.cs","Trap","False"
"C:\Users\khjga\AppData\Roaming\coe5\mods\Godot Mods\Slay The Spire 2 Mods\YgoDuelist\YgoDuelistCode\Cards\Monster\Todo\Normal\Seiyaryu.cs","odo/Normal/Seiyaryu.cs","Trap","False"
"C:\Users\khjga\AppData\Roaming\coe5\mods\Godot Mods\Slay The Spire 2 Mods\YgoDuelist\YgoDuelistCode\Cards\Monster\Todo\Normal\Sengenjin.cs","odo/Normal/Sengenjin.cs","Trap","False"
"C:\Users\khjga\AppData\Roaming\coe5\mods\Godot Mods\Slay The Spire 2 Mods\YgoDuelist\YgoDuelistCode\Cards\Monster\Todo\Normal\Sentinel_of_the_Seas.cs","odo/Normal/Sentinel_of_the_Seas.cs","Trap","False"
"C:\Users\khjga\AppData\Roaming\coe5\mods\Godot Mods\Slay The Spire 2 Mods\YgoDuelist\YgoDuelistCode\Cards\Monster\Todo\Normal\Serpent_Marauder.cs","odo/Normal/Serpent_Marauder.cs","Trap","False"
"C:\Users\khjga\AppData\Roaming\coe5\mods\Godot Mods\Slay The Spire 2 Mods\YgoDuelist\YgoDuelistCode\Cards\Monster\Todo\Normal\Serpent_Night_Dragon.cs","odo/Normal/Serpent_Night_Dragon.cs","Trap","False"
"C:\Users\khjga\AppData\Roaming\coe5\mods\Godot Mods\Slay The Spire 2 Mods\YgoDuelist\YgoDuelistCode\Cards\Monster\Todo\Normal\Shadow_Specter.cs","odo/Normal/Shadow_Specter.cs","Trap","False"
"C:\Users\khjga\AppData\Roaming\coe5\mods\Godot Mods\Slay The Spire 2 Mods\YgoDuelist\YgoDuelistCode\Cards\Monster\Todo\Normal\Shapesnatch.cs","odo/Normal/Shapesnatch.cs","Trap","False"
"C:\Users\khjga\AppData\Roaming\coe5\mods\Godot Mods\Slay The Spire 2 Mods\YgoDuelist\YgoDuelistCode\Cards\Monster\Todo\Normal\Shining_Abyss.cs","odo/Normal/Shining_Abyss.cs","Trap","False"
"C:\Users\khjga\AppData\Roaming\coe5\mods\Godot Mods\Slay The Spire 2 Mods\YgoDuelist\YgoDuelistCode\Cards\Monster\Todo\Normal\Shining_Friendship.cs","odo/Normal/Shining_Friendship.cs","Trap","False"
"C:\Users\khjga\AppData\Roaming\coe5\mods\Godot Mods\Slay The Spire 2 Mods\YgoDuelist\YgoDuelistCode\Cards\Monster\Todo\Normal\Shovel_Crusher.cs","odo/Normal/Shovel_Crusher.cs","Trap","False"
"C:\Users\khjga\AppData\Roaming\coe5\mods\Godot Mods\Slay The Spire 2 Mods\YgoDuelist\YgoDuelistCode\Cards\Monster\Todo\Normal\Silver_Fang.cs","odo/Normal/Silver_Fang.cs","Trap","False"
"C:\Users\khjga\AppData\Roaming\coe5\mods\Godot Mods\Slay The Spire 2 Mods\YgoDuelist\YgoDuelistCode\Cards\Monster\Todo\Normal\Skull_Mariner.cs","odo/Normal/Skull_Mariner.cs","Trap","False"
"C:\Users\khjga\AppData\Roaming\coe5\mods\Godot Mods\Slay The Spire 2 Mods\YgoDuelist\YgoDuelistCode\Cards\Monster\Todo\Normal\Skull_Red_Bird.cs","odo/Normal/Skull_Red_Bird.cs","Trap","False"
"C:\Users\khjga\AppData\Roaming\coe5\mods\Godot Mods\Slay The Spire 2 Mods\YgoDuelist\YgoDuelistCode\Cards\Monster\Todo\Normal\Skull_Servant.cs","odo/Normal/Skull_Servant.cs","Trap","False"
"C:\Users\khjga\AppData\Roaming\coe5\mods\Godot Mods\Slay The Spire 2 Mods\YgoDuelist\YgoDuelistCode\Cards\Monster\Todo\Normal\Skull_Stalker.cs","odo/Normal/Skull_Stalker.cs","Trap","False"
"C:\Users\khjga\AppData\Roaming\coe5\mods\Godot Mods\Slay The Spire 2 Mods\YgoDuelist\YgoDuelistCode\Cards\Monster\Todo\Normal\Sky_Dragon.cs","odo/Normal/Sky_Dragon.cs","Trap","False"
"C:\Users\khjga\AppData\Roaming\coe5\mods\Godot Mods\Slay The Spire 2 Mods\YgoDuelist\YgoDuelistCode\Cards\Monster\Todo\Normal\Sky_Scout.cs","odo/Normal/Sky_Scout.cs","Trap","False"
"C:\Users\khjga\AppData\Roaming\coe5\mods\Godot Mods\Slay The Spire 2 Mods\YgoDuelist\YgoDuelistCode\Cards\Monster\Todo\Normal\Sleeping_Lion.cs","odo/Normal/Sleeping_Lion.cs","Trap","False"
"C:\Users\khjga\AppData\Roaming\coe5\mods\Godot Mods\Slay The Spire 2 Mods\YgoDuelist\YgoDuelistCode\Cards\Monster\Todo\Normal\Slime_Toad.cs","odo/Normal/Slime_Toad.cs","Trap","False"
"C:\Users\khjga\AppData\Roaming\coe5\mods\Godot Mods\Slay The Spire 2 Mods\YgoDuelist\YgoDuelistCode\Cards\Monster\Todo\Normal\Slot_Machine.cs","odo/Normal/Slot_Machine.cs","Trap","False"
"C:\Users\khjga\AppData\Roaming\coe5\mods\Godot Mods\Slay The Spire 2 Mods\YgoDuelist\YgoDuelistCode\Cards\Monster\Todo\Normal\Snakeyashi.cs","odo/Normal/Snakeyashi.cs","Trap","False"
"C:\Users\khjga\AppData\Roaming\coe5\mods\Godot Mods\Slay The Spire 2 Mods\YgoDuelist\YgoDuelistCode\Cards\Monster\Todo\Normal\Solitude.cs","odo/Normal/Solitude.cs","Trap","False"
"C:\Users\khjga\AppData\Roaming\coe5\mods\Godot Mods\Slay The Spire 2 Mods\YgoDuelist\YgoDuelistCode\Cards\Monster\Todo\Normal\Sonic_Duck.cs","odo/Normal/Sonic_Duck.cs","Trap","False"
"C:\Users\khjga\AppData\Roaming\coe5\mods\Godot Mods\Slay The Spire 2 Mods\YgoDuelist\YgoDuelistCode\Cards\Monster\Todo\Normal\Sonic_Maid.cs","odo/Normal/Sonic_Maid.cs","Trap","False"
"C:\Users\khjga\AppData\Roaming\coe5\mods\Godot Mods\Slay The Spire 2 Mods\YgoDuelist\YgoDuelistCode\Cards\Monster\Todo\Normal\Sorcerer_of_the_Doomed.cs","odo/Normal/Sorcerer_of_the_Doomed.cs","Trap","False"
"C:\Users\khjga\AppData\Roaming\coe5\mods\Godot Mods\Slay The Spire 2 Mods\YgoDuelist\YgoDuelistCode\Cards\Monster\Todo\Normal\Soul_Tiger.cs","odo/Normal/Soul_Tiger.cs","Trap","False"
"C:\Users\khjga\AppData\Roaming\coe5\mods\Godot Mods\Slay The Spire 2 Mods\YgoDuelist\YgoDuelistCode\Cards\Monster\Todo\Normal\Souleater.cs","odo/Normal/Souleater.cs","Trap","False"
"C:\Users\khjga\AppData\Roaming\coe5\mods\Godot Mods\Slay The Spire 2 Mods\YgoDuelist\YgoDuelistCode\Cards\Monster\Todo\Normal\Souls_of_the_Forgotten.cs","odo/Normal/Souls_of_the_Forgotten.cs","Trap","False"
"C:\Users\khjga\AppData\Roaming\coe5\mods\Godot Mods\Slay The Spire 2 Mods\YgoDuelist\YgoDuelistCode\Cards\Monster\Todo\Normal\Spherous_Lady.cs","odo/Normal/Spherous_Lady.cs","Trap","False"
"C:\Users\khjga\AppData\Roaming\coe5\mods\Godot Mods\Slay The Spire 2 Mods\YgoDuelist\YgoDuelistCode\Cards\Monster\Todo\Normal\Spike_Seadra.cs","odo/Normal/Spike_Seadra.cs","Trap","False"
"C:\Users\khjga\AppData\Roaming\coe5\mods\Godot Mods\Slay The Spire 2 Mods\YgoDuelist\YgoDuelistCode\Cards\Monster\Todo\Normal\Spikebot.cs","odo/Normal/Spikebot.cs","Trap","False"
"C:\Users\khjga\AppData\Roaming\coe5\mods\Godot Mods\Slay The Spire 2 Mods\YgoDuelist\YgoDuelistCode\Cards\Monster\Todo\Normal\Spiked_Snail.cs","odo/Normal/Spiked_Snail.cs","Trap","False"
"C:\Users\khjga\AppData\Roaming\coe5\mods\Godot Mods\Slay The Spire 2 Mods\YgoDuelist\YgoDuelistCode\Cards\Monster\Todo\Normal\Spirit_of_the_Books.cs","odo/Normal/Spirit_of_the_Books.cs","Trap","False"
"C:\Users\khjga\AppData\Roaming\coe5\mods\Godot Mods\Slay The Spire 2 Mods\YgoDuelist\YgoDuelistCode\Cards\Monster\Todo\Normal\Spirit_of_the_Harp.cs","odo/Normal/Spirit_of_the_Harp.cs","Trap","False"
"C:\Users\khjga\AppData\Roaming\coe5\mods\Godot Mods\Slay The Spire 2 Mods\YgoDuelist\YgoDuelistCode\Cards\Monster\Todo\Normal\Spirit_of_the_Mountain.cs","odo/Normal/Spirit_of_the_Mountain.cs","Trap","False"
"C:\Users\khjga\AppData\Roaming\coe5\mods\Godot Mods\Slay The Spire 2 Mods\YgoDuelist\YgoDuelistCode\Cards\Monster\Todo\Normal\Spirit_of_the_Winds.cs","odo/Normal/Spirit_of_the_Winds.cs","Trap","False"
"C:\Users\khjga\AppData\Roaming\coe5\mods\Godot Mods\Slay The Spire 2 Mods\YgoDuelist\YgoDuelistCode\Cards\Monster\Todo\Normal\Steel_Ogre_Grotto_1.cs","odo/Normal/Steel_Ogre_Grotto_1.cs","Trap","False"
"C:\Users\khjga\AppData\Roaming\coe5\mods\Godot Mods\Slay The Spire 2 Mods\YgoDuelist\YgoDuelistCode\Cards\Monster\Todo\Normal\Steel_Ogre_Grotto_2.cs","odo/Normal/Steel_Ogre_Grotto_2.cs","Trap","False"
"C:\Users\khjga\AppData\Roaming\coe5\mods\Godot Mods\Slay The Spire 2 Mods\YgoDuelist\YgoDuelistCode\Cards\Monster\Todo\Normal\Stone_Armadiller.cs","odo/Normal/Stone_Armadiller.cs","Trap","False"
"C:\Users\khjga\AppData\Roaming\coe5\mods\Godot Mods\Slay The Spire 2 Mods\YgoDuelist\YgoDuelistCode\Cards\Monster\Todo\Normal\Stone_Dragon.cs","odo/Normal/Stone_Dragon.cs","Trap","False"
"C:\Users\khjga\AppData\Roaming\coe5\mods\Godot Mods\Slay The Spire 2 Mods\YgoDuelist\YgoDuelistCode\Cards\Monster\Todo\Normal\Stone_Ghost.cs","odo/Normal/Stone_Ghost.cs","Trap","False"
"C:\Users\khjga\AppData\Roaming\coe5\mods\Godot Mods\Slay The Spire 2 Mods\YgoDuelist\YgoDuelistCode\Cards\Monster\Todo\Normal\Stone_Ogre_Grotto.cs","odo/Normal/Stone_Ogre_Grotto.cs","Trap","False"
"C:\Users\khjga\AppData\Roaming\coe5\mods\Godot Mods\Slay The Spire 2 Mods\YgoDuelist\YgoDuelistCode\Cards\Monster\Todo\Normal\Stuffed_Animal.cs","odo/Normal/Stuffed_Animal.cs","Trap","False"
"C:\Users\khjga\AppData\Roaming\coe5\mods\Godot Mods\Slay The Spire 2 Mods\YgoDuelist\YgoDuelistCode\Cards\Monster\Todo\Normal\Succubus_Knight.cs","odo/Normal/Succubus_Knight.cs","Trap","False"
"C:\Users\khjga\AppData\Roaming\coe5\mods\Godot Mods\Slay The Spire 2 Mods\YgoDuelist\YgoDuelistCode\Cards\Monster\Todo\Normal\Summoned_Skull.cs","odo/Normal/Summoned_Skull.cs","Trap","False"
"C:\Users\khjga\AppData\Roaming\coe5\mods\Godot Mods\Slay The Spire 2 Mods\YgoDuelist\YgoDuelistCode\Cards\Monster\Todo\Normal\Supporter_in_the_Shadows.cs","odo/Normal/Supporter_in_the_Shadows.cs","Trap","False"
"C:\Users\khjga\AppData\Roaming\coe5\mods\Godot Mods\Slay The Spire 2 Mods\YgoDuelist\YgoDuelistCode\Cards\Monster\Todo\Normal\Sword_Arm_of_Dragon.cs","odo/Normal/Sword_Arm_of_Dragon.cs","Trap","False"
"C:\Users\khjga\AppData\Roaming\coe5\mods\Godot Mods\Slay The Spire 2 Mods\YgoDuelist\YgoDuelistCode\Cards\Monster\Todo\Normal\Sword_Slasher.cs","odo/Normal/Sword_Slasher.cs","Trap","False"
"C:\Users\khjga\AppData\Roaming\coe5\mods\Godot Mods\Slay The Spire 2 Mods\YgoDuelist\YgoDuelistCode\Cards\Monster\Todo\Normal\Swordsman_of_Landstar.cs","odo/Normal/Swordsman_of_Landstar.cs","Trap","False"
"C:\Users\khjga\AppData\Roaming\coe5\mods\Godot Mods\Slay The Spire 2 Mods\YgoDuelist\YgoDuelistCode\Cards\Monster\Todo\Normal\Swordstalker.cs","odo/Normal/Swordstalker.cs","Trap","False"
"C:\Users\khjga\AppData\Roaming\coe5\mods\Godot Mods\Slay The Spire 2 Mods\YgoDuelist\YgoDuelistCode\Cards\Monster\Todo\Normal\Synchar.cs","odo/Normal/Synchar.cs","Trap","False"
"C:\Users\khjga\AppData\Roaming\coe5\mods\Godot Mods\Slay The Spire 2 Mods\YgoDuelist\YgoDuelistCode\Cards\Monster\Todo\Normal\Takriminos.cs","odo/Normal/Takriminos.cs","Trap","False"
"C:\Users\khjga\AppData\Roaming\coe5\mods\Godot Mods\Slay The Spire 2 Mods\YgoDuelist\YgoDuelistCode\Cards\Monster\Todo\Normal\Takuhee.cs","odo/Normal/Takuhee.cs","Trap","False"
"C:\Users\khjga\AppData\Roaming\coe5\mods\Godot Mods\Slay The Spire 2 Mods\YgoDuelist\YgoDuelistCode\Cards\Monster\Todo\Normal\Tao_the_Chanter.cs","odo/Normal/Tao_the_Chanter.cs","Trap","False"
"C:\Users\khjga\AppData\Roaming\coe5\mods\Godot Mods\Slay The Spire 2 Mods\YgoDuelist\YgoDuelistCode\Cards\Monster\Todo\Normal\Tatsunootoshigo.cs","odo/Normal/Tatsunootoshigo.cs","Trap","False"
"C:\Users\khjga\AppData\Roaming\coe5\mods\Godot Mods\Slay The Spire 2 Mods\YgoDuelist\YgoDuelistCode\Cards\Monster\Todo\Normal\Temple_of_Skulls.cs","odo/Normal/Temple_of_Skulls.cs","Trap","False"
"C:\Users\khjga\AppData\Roaming\coe5\mods\Godot Mods\Slay The Spire 2 Mods\YgoDuelist\YgoDuelistCode\Cards\Monster\Todo\Normal\Tenderness.cs","odo/Normal/Tenderness.cs","Trap","False"
"C:\Users\khjga\AppData\Roaming\coe5\mods\Godot Mods\Slay The Spire 2 Mods\YgoDuelist\YgoDuelistCode\Cards\Monster\Todo\Normal\Tentacle_Plant.cs","odo/Normal/Tentacle_Plant.cs","Trap","False"
"C:\Users\khjga\AppData\Roaming\coe5\mods\Godot Mods\Slay The Spire 2 Mods\YgoDuelist\YgoDuelistCode\Cards\Monster\Todo\Normal\Terra_the_Terrible.cs","odo/Normal/Terra_the_Terrible.cs","Trap","False"
"C:\Users\khjga\AppData\Roaming\coe5\mods\Godot Mods\Slay The Spire 2 Mods\YgoDuelist\YgoDuelistCode\Cards\Monster\Todo\Normal\Terrorking_Salmon.cs","odo/Normal/Terrorking_Salmon.cs","Trap","False"
"C:\Users\khjga\AppData\Roaming\coe5\mods\Godot Mods\Slay The Spire 2 Mods\YgoDuelist\YgoDuelistCode\Cards\Monster\Todo\Normal\That_Which_Feeds_on_Life.cs","odo/Normal/That_Which_Feeds_on_Life.cs","Trap","False"
"C:\Users\khjga\AppData\Roaming\coe5\mods\Godot Mods\Slay The Spire 2 Mods\YgoDuelist\YgoDuelistCode\Cards\Monster\Todo\Normal\The_13th_Grave.cs","odo/Normal/The_13th_Grave.cs","Trap","False"
"C:\Users\khjga\AppData\Roaming\coe5\mods\Godot Mods\Slay The Spire 2 Mods\YgoDuelist\YgoDuelistCode\Cards\Monster\Todo\Normal\The_All_Seeing_White_Tiger.cs","odo/Normal/The_All_Seeing_White_Tiger.cs","Trap","False"
"C:\Users\khjga\AppData\Roaming\coe5\mods\Godot Mods\Slay The Spire 2 Mods\YgoDuelist\YgoDuelistCode\Cards\Monster\Todo\Normal\The_Bewitching_Phantom_Thief.cs","odo/Normal/The_Bewitching_Phantom_Thief.cs","Trap","False"
"C:\Users\khjga\AppData\Roaming\coe5\mods\Godot Mods\Slay The Spire 2 Mods\YgoDuelist\YgoDuelistCode\Cards\Monster\Todo\Normal\The_Dragon_Dwelling_in_the_Cave.cs","odo/Normal/The_Dragon_Dwelling_in_the_Cave.cs","Trap","False"
"C:\Users\khjga\AppData\Roaming\coe5\mods\Godot Mods\Slay The Spire 2 Mods\YgoDuelist\YgoDuelistCode\Cards\Monster\Todo\Normal\The_Drdek.cs","odo/Normal/The_Drdek.cs","Trap","False"
"C:\Users\khjga\AppData\Roaming\coe5\mods\Godot Mods\Slay The Spire 2 Mods\YgoDuelist\YgoDuelistCode\Cards\Monster\Todo\Normal\The_Earl_of_Demise.cs","odo/Normal/The_Earl_of_Demise.cs","Trap","False"
"C:\Users\khjga\AppData\Roaming\coe5\mods\Godot Mods\Slay The Spire 2 Mods\YgoDuelist\YgoDuelistCode\Cards\Monster\Todo\Normal\The_Furious_Sea_King.cs","odo/Normal/The_Furious_Sea_King.cs","Trap","False"
"C:\Users\khjga\AppData\Roaming\coe5\mods\Godot Mods\Slay The Spire 2 Mods\YgoDuelist\YgoDuelistCode\Cards\Monster\Todo\Normal\The_Gross_Ghost_of_Fled_Dreams.cs","odo/Normal/The_Gross_Ghost_of_Fled_Dreams.cs","Trap","False"
"C:\Users\khjga\AppData\Roaming\coe5\mods\Godot Mods\Slay The Spire 2 Mods\YgoDuelist\YgoDuelistCode\Cards\Monster\Todo\Normal\The_Illusory_Gentleman.cs","odo/Normal/The_Illusory_Gentleman.cs","Trap","False"
"C:\Users\khjga\AppData\Roaming\coe5\mods\Godot Mods\Slay The Spire 2 Mods\YgoDuelist\YgoDuelistCode\Cards\Monster\Todo\Normal\The_Judgement_Hand.cs","odo/Normal/The_Judgement_Hand.cs","Trap","False"
"C:\Users\khjga\AppData\Roaming\coe5\mods\Godot Mods\Slay The Spire 2 Mods\YgoDuelist\YgoDuelistCode\Cards\Monster\Todo\Normal\The_Melting_Red_Shadow.cs","odo/Normal/The_Melting_Red_Shadow.cs","Trap","False"
"C:\Users\khjga\AppData\Roaming\coe5\mods\Godot Mods\Slay The Spire 2 Mods\YgoDuelist\YgoDuelistCode\Cards\Monster\Todo\Normal\The_Portrait_s_Secret.cs","odo/Normal/The_Portrait_s_Secret.cs","Trap","False"
"C:\Users\khjga\AppData\Roaming\coe5\mods\Godot Mods\Slay The Spire 2 Mods\YgoDuelist\YgoDuelistCode\Cards\Monster\Todo\Normal\The_Shadow_Who_Controls_the_Dark.cs","odo/Normal/The_Shadow_Who_Controls_the_Dark.cs","Trap","False"
"C:\Users\khjga\AppData\Roaming\coe5\mods\Godot Mods\Slay The Spire 2 Mods\YgoDuelist\YgoDuelistCode\Cards\Monster\Todo\Normal\The_Snake_Hair.cs","odo/Normal/The_Snake_Hair.cs","Trap","False"
"C:\Users\khjga\AppData\Roaming\coe5\mods\Godot Mods\Slay The Spire 2 Mods\YgoDuelist\YgoDuelistCode\Cards\Monster\Todo\Normal\The_Statue_of_Easter_Island.cs","odo/Normal/The_Statue_of_Easter_Island.cs","Trap","False"
"C:\Users\khjga\AppData\Roaming\coe5\mods\Godot Mods\Slay The Spire 2 Mods\YgoDuelist\YgoDuelistCode\Cards\Monster\Todo\Normal\The_Thing_That_Hides_in_the_Mud.cs","odo/Normal/The_Thing_That_Hides_in_the_Mud.cs","Trap","False"
"C:\Users\khjga\AppData\Roaming\coe5\mods\Godot Mods\Slay The Spire 2 Mods\YgoDuelist\YgoDuelistCode\Cards\Monster\Todo\Normal\The_Wandering_Doomed.cs","odo/Normal/The_Wandering_Doomed.cs","Trap","False"
"C:\Users\khjga\AppData\Roaming\coe5\mods\Godot Mods\Slay The Spire 2 Mods\YgoDuelist\YgoDuelistCode\Cards\Monster\Todo\Normal\Thousand_Eyes_Idol.cs","odo/Normal/Thousand_Eyes_Idol.cs","Trap","False"
"C:\Users\khjga\AppData\Roaming\coe5\mods\Godot Mods\Slay The Spire 2 Mods\YgoDuelist\YgoDuelistCode\Cards\Monster\Todo\Normal\Three_Headed_Geedo.cs","odo/Normal/Three_Headed_Geedo.cs","Trap","False"
"C:\Users\khjga\AppData\Roaming\coe5\mods\Godot Mods\Slay The Spire 2 Mods\YgoDuelist\YgoDuelistCode\Cards\Monster\Todo\Normal\Three_Legged_Zombies.cs","odo/Normal/Three_Legged_Zombies.cs","Trap","False"
"C:\Users\khjga\AppData\Roaming\coe5\mods\Godot Mods\Slay The Spire 2 Mods\YgoDuelist\YgoDuelistCode\Cards\Monster\Todo\Normal\Thunder_Kid.cs","odo/Normal/Thunder_Kid.cs","Trap","False"
"C:\Users\khjga\AppData\Roaming\coe5\mods\Godot Mods\Slay The Spire 2 Mods\YgoDuelist\YgoDuelistCode\Cards\Monster\Todo\Normal\Tiger_Axe.cs","odo/Normal/Tiger_Axe.cs","Trap","False"
"C:\Users\khjga\AppData\Roaming\coe5\mods\Godot Mods\Slay The Spire 2 Mods\YgoDuelist\YgoDuelistCode\Cards\Monster\Todo\Normal\Toad_Master.cs","odo/Normal/Toad_Master.cs","Trap","False"
"C:\Users\khjga\AppData\Roaming\coe5\mods\Godot Mods\Slay The Spire 2 Mods\YgoDuelist\YgoDuelistCode\Cards\Monster\Todo\Normal\Togex.cs","odo/Normal/Togex.cs","Trap","False"
"C:\Users\khjga\AppData\Roaming\coe5\mods\Godot Mods\Slay The Spire 2 Mods\YgoDuelist\YgoDuelistCode\Cards\Monster\Todo\Normal\Tomozaurus.cs","odo/Normal/Tomozaurus.cs","Trap","False"
"C:\Users\khjga\AppData\Roaming\coe5\mods\Godot Mods\Slay The Spire 2 Mods\YgoDuelist\YgoDuelistCode\Cards\Monster\Todo\Normal\Tongyo.cs","odo/Normal/Tongyo.cs","Trap","False"
"C:\Users\khjga\AppData\Roaming\coe5\mods\Godot Mods\Slay The Spire 2 Mods\YgoDuelist\YgoDuelistCode\Cards\Monster\Todo\Normal\Toon_Alligator.cs","odo/Normal/Toon_Alligator.cs","Trap","False"
"C:\Users\khjga\AppData\Roaming\coe5\mods\Godot Mods\Slay The Spire 2 Mods\YgoDuelist\YgoDuelistCode\Cards\Monster\Todo\Normal\Torike.cs","odo/Normal/Torike.cs","Trap","False"
"C:\Users\khjga\AppData\Roaming\coe5\mods\Godot Mods\Slay The Spire 2 Mods\YgoDuelist\YgoDuelistCode\Cards\Monster\Todo\Normal\Trakodon.cs","odo/Normal/Trakodon.cs","Trap","False"
"C:\Users\khjga\AppData\Roaming\coe5\mods\Godot Mods\Slay The Spire 2 Mods\YgoDuelist\YgoDuelistCode\Cards\Monster\Todo\Normal\Trent.cs","odo/Normal/Trent.cs","Trap","False"
"C:\Users\khjga\AppData\Roaming\coe5\mods\Godot Mods\Slay The Spire 2 Mods\YgoDuelist\YgoDuelistCode\Cards\Monster\Todo\Normal\Tri_Horned_Dragon.cs","odo/Normal/Tri_Horned_Dragon.cs","Trap","False"
"C:\Users\khjga\AppData\Roaming\coe5\mods\Godot Mods\Slay The Spire 2 Mods\YgoDuelist\YgoDuelistCode\Cards\Monster\Todo\Normal\Trial_of_Nightmare.cs","odo/Normal/Trial_of_Nightmare.cs","Trap","False"
"C:\Users\khjga\AppData\Roaming\coe5\mods\Godot Mods\Slay The Spire 2 Mods\YgoDuelist\YgoDuelistCode\Cards\Monster\Todo\Normal\Tripwire_Beast.cs","odo/Normal/Tripwire_Beast.cs","Trap","False"
"C:\Users\khjga\AppData\Roaming\coe5\mods\Godot Mods\Slay The Spire 2 Mods\YgoDuelist\YgoDuelistCode\Cards\Monster\Todo\Normal\Turtle_Bird.cs","odo/Normal/Turtle_Bird.cs","Trap","False"
"C:\Users\khjga\AppData\Roaming\coe5\mods\Godot Mods\Slay The Spire 2 Mods\YgoDuelist\YgoDuelistCode\Cards\Monster\Todo\Normal\Turtle_Raccoon.cs","odo/Normal/Turtle_Raccoon.cs","Trap","False"
"C:\Users\khjga\AppData\Roaming\coe5\mods\Godot Mods\Slay The Spire 2 Mods\YgoDuelist\YgoDuelistCode\Cards\Monster\Todo\Normal\Turtle_Tiger.cs","odo/Normal/Turtle_Tiger.cs","Trap","False"
"C:\Users\khjga\AppData\Roaming\coe5\mods\Godot Mods\Slay The Spire 2 Mods\YgoDuelist\YgoDuelistCode\Cards\Monster\Todo\Normal\Turu_Purun.cs","odo/Normal/Turu_Purun.cs","Trap","False"
"C:\Users\khjga\AppData\Roaming\coe5\mods\Godot Mods\Slay The Spire 2 Mods\YgoDuelist\YgoDuelistCode\Cards\Monster\Todo\Normal\Twin_Headed_Fire_Dragon.cs","odo/Normal/Twin_Headed_Fire_Dragon.cs","Trap","False"
"C:\Users\khjga\AppData\Roaming\coe5\mods\Godot Mods\Slay The Spire 2 Mods\YgoDuelist\YgoDuelistCode\Cards\Monster\Todo\Normal\Twin_Long_Rods_1.cs","odo/Normal/Twin_Long_Rods_1.cs","Trap","False"
"C:\Users\khjga\AppData\Roaming\coe5\mods\Godot Mods\Slay The Spire 2 Mods\YgoDuelist\YgoDuelistCode\Cards\Monster\Todo\Normal\Twin_Long_Rods_2.cs","odo/Normal/Twin_Long_Rods_2.cs","Trap","False"
"C:\Users\khjga\AppData\Roaming\coe5\mods\Godot Mods\Slay The Spire 2 Mods\YgoDuelist\YgoDuelistCode\Cards\Monster\Todo\Normal\Two_Headed_King_Rex.cs","odo/Normal/Two_Headed_King_Rex.cs","Trap","False"
"C:\Users\khjga\AppData\Roaming\coe5\mods\Godot Mods\Slay The Spire 2 Mods\YgoDuelist\YgoDuelistCode\Cards\Monster\Todo\Normal\Two_Mouth_Darkruler.cs","odo/Normal/Two_Mouth_Darkruler.cs","Trap","False"
"C:\Users\khjga\AppData\Roaming\coe5\mods\Godot Mods\Slay The Spire 2 Mods\YgoDuelist\YgoDuelistCode\Cards\Monster\Todo\Normal\Tyhone.cs","odo/Normal/Tyhone.cs","Trap","False"
"C:\Users\khjga\AppData\Roaming\coe5\mods\Godot Mods\Slay The Spire 2 Mods\YgoDuelist\YgoDuelistCode\Cards\Monster\Todo\Normal\Tyhone_2.cs","odo/Normal/Tyhone_2.cs","Trap","False"
"C:\Users\khjga\AppData\Roaming\coe5\mods\Godot Mods\Slay The Spire 2 Mods\YgoDuelist\YgoDuelistCode\Cards\Monster\Todo\Normal\United_Resistance.cs","odo/Normal/United_Resistance.cs","Trap","False"
"C:\Users\khjga\AppData\Roaming\coe5\mods\Godot Mods\Slay The Spire 2 Mods\YgoDuelist\YgoDuelistCode\Cards\Monster\Todo\Normal\Unknown_Warrior_of_Fiend.cs","odo/Normal/Unknown_Warrior_of_Fiend.cs","Trap","False"
"C:\Users\khjga\AppData\Roaming\coe5\mods\Godot Mods\Slay The Spire 2 Mods\YgoDuelist\YgoDuelistCode\Cards\Monster\Todo\Normal\Uraby.cs","odo/Normal/Uraby.cs","Trap","False"
"C:\Users\khjga\AppData\Roaming\coe5\mods\Godot Mods\Slay The Spire 2 Mods\YgoDuelist\YgoDuelistCode\Cards\Monster\Todo\Normal\Ushi_Oni.cs","odo/Normal/Ushi_Oni.cs","Trap","False"
"C:\Users\khjga\AppData\Roaming\coe5\mods\Godot Mods\Slay The Spire 2 Mods\YgoDuelist\YgoDuelistCode\Cards\Monster\Todo\Normal\V_Tiger_Jet.cs","odo/Normal/V_Tiger_Jet.cs","Trap","False"
"C:\Users\khjga\AppData\Roaming\coe5\mods\Godot Mods\Slay The Spire 2 Mods\YgoDuelist\YgoDuelistCode\Cards\Monster\Todo\Normal\Violent_Rain.cs","odo/Normal/Violent_Rain.cs","Trap","False"
"C:\Users\khjga\AppData\Roaming\coe5\mods\Godot Mods\Slay The Spire 2 Mods\YgoDuelist\YgoDuelistCode\Cards\Monster\Todo\Normal\Vishwar_Randi.cs","odo/Normal/Vishwar_Randi.cs","Trap","False"
"C:\Users\khjga\AppData\Roaming\coe5\mods\Godot Mods\Slay The Spire 2 Mods\YgoDuelist\YgoDuelistCode\Cards\Monster\Todo\Normal\Vorse_Raider.cs","odo/Normal/Vorse_Raider.cs","Trap","False"
"C:\Users\khjga\AppData\Roaming\coe5\mods\Godot Mods\Slay The Spire 2 Mods\YgoDuelist\YgoDuelistCode\Cards\Monster\Todo\Normal\W_Wing_Catapult.cs","odo/Normal/W_Wing_Catapult.cs","Trap","False"
"C:\Users\khjga\AppData\Roaming\coe5\mods\Godot Mods\Slay The Spire 2 Mods\YgoDuelist\YgoDuelistCode\Cards\Monster\Todo\Normal\Warrior_Dai_Grepher.cs","odo/Normal/Warrior_Dai_Grepher.cs","Trap","False"
"C:\Users\khjga\AppData\Roaming\coe5\mods\Godot Mods\Slay The Spire 2 Mods\YgoDuelist\YgoDuelistCode\Cards\Monster\Todo\Normal\Warrior_of_Zera.cs","odo/Normal/Warrior_of_Zera.cs","Trap","False"
"C:\Users\khjga\AppData\Roaming\coe5\mods\Godot Mods\Slay The Spire 2 Mods\YgoDuelist\YgoDuelistCode\Cards\Monster\Todo\Normal\Water_Element.cs","odo/Normal/Water_Element.cs","Trap","False"
"C:\Users\khjga\AppData\Roaming\coe5\mods\Godot Mods\Slay The Spire 2 Mods\YgoDuelist\YgoDuelistCode\Cards\Monster\Todo\Normal\Water_Girl.cs","odo/Normal/Water_Girl.cs","Trap","False"
"C:\Users\khjga\AppData\Roaming\coe5\mods\Godot Mods\Slay The Spire 2 Mods\YgoDuelist\YgoDuelistCode\Cards\Monster\Todo\Normal\Water_Magician.cs","odo/Normal/Water_Magician.cs","Trap","False"
"C:\Users\khjga\AppData\Roaming\coe5\mods\Godot Mods\Slay The Spire 2 Mods\YgoDuelist\YgoDuelistCode\Cards\Monster\Todo\Normal\Water_Omotics.cs","odo/Normal/Water_Omotics.cs","Trap","False"
"C:\Users\khjga\AppData\Roaming\coe5\mods\Godot Mods\Slay The Spire 2 Mods\YgoDuelist\YgoDuelistCode\Cards\Monster\Todo\Normal\Waterdragon_Fairy.cs","odo/Normal/Waterdragon_Fairy.cs","Trap","False"
"C:\Users\khjga\AppData\Roaming\coe5\mods\Godot Mods\Slay The Spire 2 Mods\YgoDuelist\YgoDuelistCode\Cards\Monster\Todo\Normal\Wattkid.cs","odo/Normal/Wattkid.cs","Trap","False"
"C:\Users\khjga\AppData\Roaming\coe5\mods\Godot Mods\Slay The Spire 2 Mods\YgoDuelist\YgoDuelistCode\Cards\Monster\Todo\Normal\Weather_Control.cs","odo/Normal/Weather_Control.cs","Trap","False"
"C:\Users\khjga\AppData\Roaming\coe5\mods\Godot Mods\Slay The Spire 2 Mods\YgoDuelist\YgoDuelistCode\Cards\Monster\Todo\Normal\Wetha.cs","odo/Normal/Wetha.cs","Trap","False"
"C:\Users\khjga\AppData\Roaming\coe5\mods\Godot Mods\Slay The Spire 2 Mods\YgoDuelist\YgoDuelistCode\Cards\Monster\Todo\Normal\Whiptail_Crow.cs","odo/Normal/Whiptail_Crow.cs","Trap","False"
"C:\Users\khjga\AppData\Roaming\coe5\mods\Godot Mods\Slay The Spire 2 Mods\YgoDuelist\YgoDuelistCode\Cards\Monster\Todo\Normal\White_Dolphin.cs","odo/Normal/White_Dolphin.cs","Trap","False"
"C:\Users\khjga\AppData\Roaming\coe5\mods\Godot Mods\Slay The Spire 2 Mods\YgoDuelist\YgoDuelistCode\Cards\Monster\Todo\Normal\Wicked_Dragon_with_the_Ersatz_Head.cs","odo/Normal/Wicked_Dragon_with_the_Ersatz_Head.cs","Trap","False"
"C:\Users\khjga\AppData\Roaming\coe5\mods\Godot Mods\Slay The Spire 2 Mods\YgoDuelist\YgoDuelistCode\Cards\Monster\Todo\Normal\Wilmee.cs","odo/Normal/Wilmee.cs","Trap","False"
"C:\Users\khjga\AppData\Roaming\coe5\mods\Godot Mods\Slay The Spire 2 Mods\YgoDuelist\YgoDuelistCode\Cards\Monster\Todo\Normal\Wing_Eagle.cs","odo/Normal/Wing_Eagle.cs","Trap","False"
"C:\Users\khjga\AppData\Roaming\coe5\mods\Godot Mods\Slay The Spire 2 Mods\YgoDuelist\YgoDuelistCode\Cards\Monster\Todo\Normal\Wing_Egg_Elf.cs","odo/Normal/Wing_Egg_Elf.cs","Trap","False"
"C:\Users\khjga\AppData\Roaming\coe5\mods\Godot Mods\Slay The Spire 2 Mods\YgoDuelist\YgoDuelistCode\Cards\Monster\Todo\Normal\Winged_Cleaver.cs","odo/Normal/Winged_Cleaver.cs","Trap","False"
"C:\Users\khjga\AppData\Roaming\coe5\mods\Godot Mods\Slay The Spire 2 Mods\YgoDuelist\YgoDuelistCode\Cards\Monster\Todo\Normal\Winged_Dragon_Guardian_of_the_Fortress_1.cs","odo/Normal/Winged_Dragon_Guardian_of_the_Fortress_1.cs","Trap","False"
"C:\Users\khjga\AppData\Roaming\coe5\mods\Godot Mods\Slay The Spire 2 Mods\YgoDuelist\YgoDuelistCode\Cards\Monster\Todo\Normal\Winged_Dragon_Guardian_of_the_Fortress_2.cs","odo/Normal/Winged_Dragon_Guardian_of_the_Fortress_2.cs","Trap","False"
"C:\Users\khjga\AppData\Roaming\coe5\mods\Godot Mods\Slay The Spire 2 Mods\YgoDuelist\YgoDuelistCode\Cards\Monster\Todo\Normal\Winged_Egg_of_New_Life.cs","odo/Normal/Winged_Egg_of_New_Life.cs","Trap","False"
"C:\Users\khjga\AppData\Roaming\coe5\mods\Godot Mods\Slay The Spire 2 Mods\YgoDuelist\YgoDuelistCode\Cards\Monster\Todo\Normal\Wings_of_Wicked_Flame.cs","odo/Normal/Wings_of_Wicked_Flame.cs","Trap","False"
"C:\Users\khjga\AppData\Roaming\coe5\mods\Godot Mods\Slay The Spire 2 Mods\YgoDuelist\YgoDuelistCode\Cards\Monster\Todo\Normal\Wingweaver.cs","odo/Normal/Wingweaver.cs","Trap","False"
"C:\Users\khjga\AppData\Roaming\coe5\mods\Godot Mods\Slay The Spire 2 Mods\YgoDuelist\YgoDuelistCode\Cards\Monster\Todo\Normal\Witty_Phantom.cs","odo/Normal/Witty_Phantom.cs","Trap","False"
"C:\Users\khjga\AppData\Roaming\coe5\mods\Godot Mods\Slay The Spire 2 Mods\YgoDuelist\YgoDuelistCode\Cards\Monster\Todo\Normal\Wolf.cs","odo/Normal/Wolf.cs","Trap","False"
"C:\Users\khjga\AppData\Roaming\coe5\mods\Godot Mods\Slay The Spire 2 Mods\YgoDuelist\YgoDuelistCode\Cards\Monster\Todo\Normal\Wolf_Axwielder.cs","odo/Normal/Wolf_Axwielder.cs","Trap","False"
"C:\Users\khjga\AppData\Roaming\coe5\mods\Godot Mods\Slay The Spire 2 Mods\YgoDuelist\YgoDuelistCode\Cards\Monster\Todo\Normal\Wood_Clown.cs","odo/Normal/Wood_Clown.cs","Trap","False"
"C:\Users\khjga\AppData\Roaming\coe5\mods\Godot Mods\Slay The Spire 2 Mods\YgoDuelist\YgoDuelistCode\Cards\Monster\Todo\Normal\Wood_Remains.cs","odo/Normal/Wood_Remains.cs","Trap","False"
"C:\Users\khjga\AppData\Roaming\coe5\mods\Godot Mods\Slay The Spire 2 Mods\YgoDuelist\YgoDuelistCode\Cards\Monster\Todo\Normal\Worm_Drake.cs","odo/Normal/Worm_Drake.cs","Trap","False"
"C:\Users\khjga\AppData\Roaming\coe5\mods\Godot Mods\Slay The Spire 2 Mods\YgoDuelist\YgoDuelistCode\Cards\Monster\Todo\Normal\Wow_Warrior.cs","odo/Normal/Wow_Warrior.cs","Trap","False"
"C:\Users\khjga\AppData\Roaming\coe5\mods\Godot Mods\Slay The Spire 2 Mods\YgoDuelist\YgoDuelistCode\Cards\Monster\Todo\Normal\Wretched_Ghost_of_the_Attic.cs","odo/Normal/Wretched_Ghost_of_the_Attic.cs","Trap","False"
"C:\Users\khjga\AppData\Roaming\coe5\mods\Godot Mods\Slay The Spire 2 Mods\YgoDuelist\YgoDuelistCode\Cards\Monster\Todo\Normal\X_Head_Cannon.cs","odo/Normal/X_Head_Cannon.cs","Trap","False"
"C:\Users\khjga\AppData\Roaming\coe5\mods\Godot Mods\Slay The Spire 2 Mods\YgoDuelist\YgoDuelistCode\Cards\Monster\Todo\Normal\Y_Dragon_Head.cs","odo/Normal/Y_Dragon_Head.cs","Trap","False"
"C:\Users\khjga\AppData\Roaming\coe5\mods\Godot Mods\Slay The Spire 2 Mods\YgoDuelist\YgoDuelistCode\Cards\Monster\Todo\Normal\Yaiba_Robo.cs","odo/Normal/Yaiba_Robo.cs","Trap","False"
"C:\Users\khjga\AppData\Roaming\coe5\mods\Godot Mods\Slay The Spire 2 Mods\YgoDuelist\YgoDuelistCode\Cards\Monster\Todo\Normal\Yamadron.cs","odo/Normal/Yamadron.cs","Trap","False"
"C:\Users\khjga\AppData\Roaming\coe5\mods\Godot Mods\Slay The Spire 2 Mods\YgoDuelist\YgoDuelistCode\Cards\Monster\Todo\Normal\Yamatano_Dragon_Scroll.cs","odo/Normal/Yamatano_Dragon_Scroll.cs","Trap","False"
"C:\Users\khjga\AppData\Roaming\coe5\mods\Godot Mods\Slay The Spire 2 Mods\YgoDuelist\YgoDuelistCode\Cards\Monster\Todo\Normal\Yaranzo.cs","odo/Normal/Yaranzo.cs","Trap","False"
"C:\Users\khjga\AppData\Roaming\coe5\mods\Godot Mods\Slay The Spire 2 Mods\YgoDuelist\YgoDuelistCode\Cards\Monster\Todo\Normal\Yashinoki.cs","odo/Normal/Yashinoki.cs","Trap","False"
"C:\Users\khjga\AppData\Roaming\coe5\mods\Godot Mods\Slay The Spire 2 Mods\YgoDuelist\YgoDuelistCode\Cards\Monster\Todo\Normal\Yormungarde.cs","odo/Normal/Yormungarde.cs","Trap","False"
"C:\Users\khjga\AppData\Roaming\coe5\mods\Godot Mods\Slay The Spire 2 Mods\YgoDuelist\YgoDuelistCode\Cards\Monster\Todo\Normal\Z_Metal_Tank.cs","odo/Normal/Z_Metal_Tank.cs","Trap","False"
"C:\Users\khjga\AppData\Roaming\coe5\mods\Godot Mods\Slay The Spire 2 Mods\YgoDuelist\YgoDuelistCode\Cards\Monster\Todo\Normal\Zanki.cs","odo/Normal/Zanki.cs","Trap","False"
"C:\Users\khjga\AppData\Roaming\coe5\mods\Godot Mods\Slay The Spire 2 Mods\YgoDuelist\YgoDuelistCode\Cards\Monster\Todo\Normal\Zarigun.cs","odo/Normal/Zarigun.cs","Trap","False"
"C:\Users\khjga\AppData\Roaming\coe5\mods\Godot Mods\Slay The Spire 2 Mods\YgoDuelist\YgoDuelistCode\Cards\Monster\Todo\Normal\Zoa.cs","odo/Normal/Zoa.cs","Trap","False"
"C:\Users\khjga\AppData\Roaming\coe5\mods\Godot Mods\Slay The Spire 2 Mods\YgoDuelist\YgoDuelistCode\Cards\Monster\Todo\Ritual\Black_Luster_Soldier.cs","odo/Ritual/Black_Luster_Soldier.cs","Trap","False"
"C:\Users\khjga\AppData\Roaming\coe5\mods\Godot Mods\Slay The Spire 2 Mods\YgoDuelist\YgoDuelistCode\Cards\Monster\Todo\Ritual\Chakra.cs","odo/Ritual/Chakra.cs","Trap","False"
"C:\Users\khjga\AppData\Roaming\coe5\mods\Godot Mods\Slay The Spire 2 Mods\YgoDuelist\YgoDuelistCode\Cards\Monster\Todo\Ritual\Crab_Turtle.cs","odo/Ritual/Crab_Turtle.cs","Trap","False"
"C:\Users\khjga\AppData\Roaming\coe5\mods\Godot Mods\Slay The Spire 2 Mods\YgoDuelist\YgoDuelistCode\Cards\Monster\Todo\Ritual\Dark_Master_Zorc.cs","odo/Ritual/Dark_Master_Zorc.cs","Trap","False"
"C:\Users\khjga\AppData\Roaming\coe5\mods\Godot Mods\Slay The Spire 2 Mods\YgoDuelist\YgoDuelistCode\Cards\Monster\Todo\Ritual\Dokurorider.cs","odo/Ritual/Dokurorider.cs","Trap","False"
"C:\Users\khjga\AppData\Roaming\coe5\mods\Godot Mods\Slay The Spire 2 Mods\YgoDuelist\YgoDuelistCode\Cards\Monster\Todo\Ritual\Fiend_S_Mirror.cs","odo/Ritual/Fiend_S_Mirror.cs","Trap","False"
"C:\Users\khjga\AppData\Roaming\coe5\mods\Godot Mods\Slay The Spire 2 Mods\YgoDuelist\YgoDuelistCode\Cards\Monster\Todo\Ritual\Fortress_Whale.cs","odo/Ritual/Fortress_Whale.cs","Trap","False"
"C:\Users\khjga\AppData\Roaming\coe5\mods\Godot Mods\Slay The Spire 2 Mods\YgoDuelist\YgoDuelistCode\Cards\Monster\Todo\Ritual\Garma_Sword.cs","odo/Ritual/Garma_Sword.cs","Trap","False"
"C:\Users\khjga\AppData\Roaming\coe5\mods\Godot Mods\Slay The Spire 2 Mods\YgoDuelist\YgoDuelistCode\Cards\Monster\Todo\Ritual\Hungry_Burger.cs","odo/Ritual/Hungry_Burger.cs","Trap","False"
"C:\Users\khjga\AppData\Roaming\coe5\mods\Godot Mods\Slay The Spire 2 Mods\YgoDuelist\YgoDuelistCode\Cards\Monster\Todo\Ritual\Javelin_Beetle.cs","odo/Ritual/Javelin_Beetle.cs","Trap","False"
"C:\Users\khjga\AppData\Roaming\coe5\mods\Godot Mods\Slay The Spire 2 Mods\YgoDuelist\YgoDuelistCode\Cards\Monster\Todo\Ritual\Legendary_Flame_Lord.cs","odo/Ritual/Legendary_Flame_Lord.cs","Trap","False"
"C:\Users\khjga\AppData\Roaming\coe5\mods\Godot Mods\Slay The Spire 2 Mods\YgoDuelist\YgoDuelistCode\Cards\Monster\Todo\Ritual\Magician_of_Black_Chaos.cs","odo/Ritual/Magician_of_Black_Chaos.cs","Trap","False"
"C:\Users\khjga\AppData\Roaming\coe5\mods\Godot Mods\Slay The Spire 2 Mods\YgoDuelist\YgoDuelistCode\Cards\Monster\Todo\Ritual\Paladin_of_White_Dragon.cs","odo/Ritual/Paladin_of_White_Dragon.cs","Trap","False"
"C:\Users\khjga\AppData\Roaming\coe5\mods\Godot Mods\Slay The Spire 2 Mods\YgoDuelist\YgoDuelistCode\Cards\Monster\Todo\Ritual\Performance_of_Sword.cs","odo/Ritual/Performance_of_Sword.cs","Trap","False"
"C:\Users\khjga\AppData\Roaming\coe5\mods\Godot Mods\Slay The Spire 2 Mods\YgoDuelist\YgoDuelistCode\Cards\Monster\Todo\Ritual\Relinquished.cs","odo/Ritual/Relinquished.cs","Trap","False"
"C:\Users\khjga\AppData\Roaming\coe5\mods\Godot Mods\Slay The Spire 2 Mods\YgoDuelist\YgoDuelistCode\Cards\Monster\Todo\Ritual\Shinato_King_of_a_Higher_Plane.cs","odo/Ritual/Shinato_King_of_a_Higher_Plane.cs","Trap","False"
"C:\Users\khjga\AppData\Roaming\coe5\mods\Godot Mods\Slay The Spire 2 Mods\YgoDuelist\YgoDuelistCode\Cards\Monster\Todo\Ritual\Skull_Guardian.cs","odo/Ritual/Skull_Guardian.cs","Trap","False"
"C:\Users\khjga\AppData\Roaming\coe5\mods\Godot Mods\Slay The Spire 2 Mods\YgoDuelist\YgoDuelistCode\Cards\Monster\Todo\Ritual\Super_War_Lion.cs","odo/Ritual/Super_War_Lion.cs","Trap","False"
"C:\Users\khjga\AppData\Roaming\coe5\mods\Godot Mods\Slay The Spire 2 Mods\YgoDuelist\YgoDuelistCode\Cards\Monster\Todo\Ritual\The_Masked_Beast.cs","odo/Ritual/The_Masked_Beast.cs","Trap","False"
"C:\Users\khjga\AppData\Roaming\coe5\mods\Godot Mods\Slay The Spire 2 Mods\YgoDuelist\YgoDuelistCode\Cards\Monster\Todo\Ritual\Zera_the_Mant.cs","odo/Ritual/Zera_the_Mant.cs","Trap","False"
"C:\Users\khjga\AppData\Roaming\coe5\mods\Godot Mods\Slay The Spire 2 Mods\YgoDuelist\YgoDuelistCode\Cards\Monster\Todo\TrapMonster\Embodiment_of_Apophis_Trap_Monster.cs","odo/TrapMonster/Embodiment_of_Apophis_Trap_Monster.cs","Trap","False"
"C:\Users\khjga\AppData\Roaming\coe5\mods\Godot Mods\Slay The Spire 2 Mods\YgoDuelist\YgoDuelistCode\Cards\Monster\Todo\TrapMonster\Metal_Reflect_Slime_Trap_Monster.cs","odo/TrapMonster/Metal_Reflect_Slime_Trap_Monster.cs","Trap","False"
"C:\Users\khjga\AppData\Roaming\coe5\mods\Godot Mods\Slay The Spire 2 Mods\YgoDuelist\YgoDuelistCode\Cards\Monster\Todo\TrapMonster\The_First_Monarch_Trap_Monster.cs","odo/TrapMonster/The_First_Monarch_Trap_Monster.cs","Trap","False"
