YgoDuelist.YgoDuelistCode.Cards.Monster.Todo.Effect.Absorbing_Kid_from_the_Sky	YgoDuelist.YgoDuelistCode.Cards.Monster.Done.Effect.Absorbing_Kid_from_the_Sky
YgoDuelist.YgoDuelistCode.Cards.Monster.Todo.Effect.Airknight_Parshath	YgoDuelist.YgoDuelistCode.Cards.Monster.Done.Effect.Airknight_Parshath
YgoDuelist.YgoDuelistCode.Cards.Monster.Todo.Effect.Amazoness_Blowpiper	YgoDuelist.YgoDuelistCode.Cards.Monster.Done.Effect.Amazoness_Blowpiper
YgoDuelist.YgoDuelistCode.Cards.Monster.Todo.Effect.Amazoness_Swords_Woman	YgoDuelist.YgoDuelistCode.Cards.Monster.Done.Effect.Amazoness_Swords_Woman
YgoDuelist.YgoDuelistCode.Cards.Monster.Todo.Effect.Ameba	YgoDuelist.YgoDuelistCode.Cards.Monster.Done.Effect.Ameba
YgoDuelist.YgoDuelistCode.Cards.Monster.Todo.Effect.Anti_Aircraft_Flower	YgoDuelist.YgoDuelistCode.Cards.Monster.Done.Effect.Anti_Aircraft_Flower
YgoDuelist.YgoDuelistCode.Cards.Monster.Todo.Effect.An_Owl_of_Luck	YgoDuelist.YgoDuelistCode.Cards.Monster.Done.Effect.An_Owl_of_Luck
YgoDuelist.YgoDuelistCode.Cards.Monster.Todo.Effect.Apprentice_Magician	YgoDuelist.YgoDuelistCode.Cards.Monster.Done.Effect.Apprentice_Magician
YgoDuelist.YgoDuelistCode.Cards.Monster.Todo.Effect.Arcane_Archer_of_the_Forest	YgoDuelist.YgoDuelistCode.Cards.Monster.Done.Effect.Arcane_Archer_of_the_Forest
YgoDuelist.YgoDuelistCode.Cards.Monster.Todo.Effect.Armed_Ninja	YgoDuelist.YgoDuelistCode.Cards.Monster.Done.Effect.Armed_Ninja
YgoDuelist.YgoDuelistCode.Cards.Monster.Todo.Effect.Arsenal_Bug	YgoDuelist.YgoDuelistCode.Cards.Monster.Done.Effect.Arsenal_Bug
YgoDuelist.YgoDuelistCode.Cards.Monster.Todo.Effect.Aswan_Apparition	YgoDuelist.YgoDuelistCode.Cards.Monster.Done.Effect.Aswan_Apparition
YgoDuelist.YgoDuelistCode.Cards.Monster.Todo.Effect.A_Cat_of_Ill_Omen	YgoDuelist.YgoDuelistCode.Cards.Monster.Done.Effect.A_Cat_of_Ill_Omen
YgoDuelist.YgoDuelistCode.Cards.Monster.Todo.Effect.Bazoo_the_Soul_Eater	YgoDuelist.YgoDuelistCode.Cards.Monster.Done.Effect.Bazoo_the_Soul_Eater
YgoDuelist.YgoDuelistCode.Cards.Monster.Todo.Effect.Beastking_of_the_Swamps	YgoDuelist.YgoDuelistCode.Cards.Monster.Done.Effect.Beastking_of_the_Swamps
YgoDuelist.YgoDuelistCode.Cards.Monster.Todo.Effect.Berfomet	YgoDuelist.YgoDuelistCode.Cards.Monster.Done.Effect.Berfomet
YgoDuelist.YgoDuelistCode.Cards.Monster.Todo.Effect.Berserk_Dragon	YgoDuelist.YgoDuelistCode.Cards.Monster.Done.Effect.Berserk_Dragon
YgoDuelist.YgoDuelistCode.Cards.Monster.Todo.Effect.Big_Shield_Gardna	YgoDuelist.YgoDuelistCode.Cards.Monster.Done.Effect.Big_Shield_Gardna
YgoDuelist.YgoDuelistCode.Cards.Monster.Todo.Effect.Black_Tyranno	YgoDuelist.YgoDuelistCode.Cards.Monster.Done.Effect.Black_Tyranno
YgoDuelist.YgoDuelistCode.Cards.Monster.Todo.Effect.Blast_Juggler	YgoDuelist.YgoDuelistCode.Cards.Monster.Done.Effect.Blast_Juggler
YgoDuelist.YgoDuelistCode.Cards.Monster.Todo.Effect.Bowganian	YgoDuelist.YgoDuelistCode.Cards.Monster.Done.Effect.Bowganian
YgoDuelist.YgoDuelistCode.Cards.Monster.Todo.Effect.Bubonic_Vermin	YgoDuelist.YgoDuelistCode.Cards.Monster.Done.Effect.Bubonic_Vermin
YgoDuelist.YgoDuelistCode.Cards.Monster.Todo.Effect.Buster_Blader	YgoDuelist.YgoDuelistCode.Cards.Monster.Done.Effect.Buster_Blader
YgoDuelist.YgoDuelistCode.Cards.Monster.Todo.Effect.Cannon_Soldier	YgoDuelist.YgoDuelistCode.Cards.Monster.Done.Effect.Cannon_Soldier
YgoDuelist.YgoDuelistCode.Cards.Monster.Todo.Effect.Card_Trooper	YgoDuelist.YgoDuelistCode.Cards.Monster.Done.Effect.Card_Trooper
YgoDuelist.YgoDuelistCode.Cards.Monster.Todo.Effect.Castle_of_Dark_Illusions	YgoDuelist.YgoDuelistCode.Cards.Monster.Done.Effect.Castle_of_Dark_Illusions
YgoDuelist.YgoDuelistCode.Cards.Monster.Todo.Effect.Catapult_Turtle	YgoDuelist.YgoDuelistCode.Cards.Monster.Done.Effect.Catapult_Turtle
YgoDuelist.YgoDuelistCode.Cards.Monster.Todo.Effect.Cat_s_Ear_Tribe	YgoDuelist.YgoDuelistCode.Cards.Monster.Done.Effect.Cat_s_Ear_Tribe
YgoDuelist.YgoDuelistCode.Cards.Monster.Todo.Effect.Chaosrider_Gustaph	YgoDuelist.YgoDuelistCode.Cards.Monster.Done.Effect.Chaosrider_Gustaph
YgoDuelist.YgoDuelistCode.Cards.Monster.Todo.Effect.Chaos_Command_Magician	YgoDuelist.YgoDuelistCode.Cards.Monster.Done.Effect.Chaos_Command_Magician
YgoDuelist.YgoDuelistCode.Cards.Monster.Todo.Effect.Chaos_Necromancer	YgoDuelist.YgoDuelistCode.Cards.Monster.Done.Effect.Chaos_Necromancer
YgoDuelist.YgoDuelistCode.Cards.Monster.Todo.Effect.Chopman_the_Desperate_Outlaw	YgoDuelist.YgoDuelistCode.Cards.Monster.Done.Effect.Chopman_the_Desperate_Outlaw
YgoDuelist.YgoDuelistCode.Cards.Monster.Todo.Effect.Chronomaly_Mayan_Machine	YgoDuelist.YgoDuelistCode.Cards.Monster.Done.Effect.Chronomaly_Mayan_Machine
YgoDuelist.YgoDuelistCode.Cards.Monster.Todo.Effect.Cobra_Jar	YgoDuelist.YgoDuelistCode.Cards.Monster.Done.Effect.Cobra_Jar
YgoDuelist.YgoDuelistCode.Cards.Monster.Todo.Effect.Cockroach_Knight	YgoDuelist.YgoDuelistCode.Cards.Monster.Done.Effect.Cockroach_Knight
YgoDuelist.YgoDuelistCode.Cards.Monster.Todo.Effect.Command_Knight	YgoDuelist.YgoDuelistCode.Cards.Monster.Done.Effect.Command_Knight
YgoDuelist.YgoDuelistCode.Cards.Monster.Todo.Effect.Copycat	YgoDuelist.YgoDuelistCode.Cards.Monster.Done.Effect.Copycat
YgoDuelist.YgoDuelistCode.Cards.Monster.Todo.Effect.Crass_Clown	YgoDuelist.YgoDuelistCode.Cards.Monster.Done.Effect.Crass_Clown
YgoDuelist.YgoDuelistCode.Cards.Monster.Todo.Effect.Cure_Mermaid	YgoDuelist.YgoDuelistCode.Cards.Monster.Done.Effect.Cure_Mermaid
YgoDuelist.YgoDuelistCode.Cards.Monster.Todo.Effect.Cyber_Jar	YgoDuelist.YgoDuelistCode.Cards.Monster.Done.Effect.Cyber_Jar
YgoDuelist.YgoDuelistCode.Cards.Monster.Todo.Effect.Cyber_Stein	YgoDuelist.YgoDuelistCode.Cards.Monster.Done.Effect.Cyber_Stein
YgoDuelist.YgoDuelistCode.Cards.Monster.Todo.Effect.Dancing_Fairy	YgoDuelist.YgoDuelistCode.Cards.Monster.Done.Effect.Dancing_Fairy
YgoDuelist.YgoDuelistCode.Cards.Monster.Todo.Effect.Darklord_Marie	YgoDuelist.YgoDuelistCode.Cards.Monster.Done.Effect.Darklord_Marie
YgoDuelist.YgoDuelistCode.Cards.Monster.Todo.Effect.Dark_Cat_with_White_Tail	YgoDuelist.YgoDuelistCode.Cards.Monster.Done.Effect.Dark_Cat_with_White_Tail
YgoDuelist.YgoDuelistCode.Cards.Monster.Todo.Effect.Dark_Driceratops	YgoDuelist.YgoDuelistCode.Cards.Monster.Done.Effect.Dark_Driceratops
YgoDuelist.YgoDuelistCode.Cards.Monster.Todo.Effect.Dark_Effigy	YgoDuelist.YgoDuelistCode.Cards.Monster.Done.Effect.Dark_Effigy
YgoDuelist.YgoDuelistCode.Cards.Monster.Todo.Effect.Dark_Elf	YgoDuelist.YgoDuelistCode.Cards.Monster.Done.Effect.Dark_Elf
YgoDuelist.YgoDuelistCode.Cards.Monster.Todo.Effect.Dark_Jeroid	YgoDuelist.YgoDuelistCode.Cards.Monster.Done.Effect.Dark_Jeroid
YgoDuelist.YgoDuelistCode.Cards.Monster.Todo.Effect.Dark_Magician_Girl	YgoDuelist.YgoDuelistCode.Cards.Monster.Done.Effect.Dark_Magician_Girl
YgoDuelist.YgoDuelistCode.Cards.Monster.Todo.Effect.Dark_Magician_of_Chaos	YgoDuelist.YgoDuelistCode.Cards.Monster.Done.Effect.Dark_Magician_of_Chaos
YgoDuelist.YgoDuelistCode.Cards.Monster.Todo.Effect.Dark_Zebra	YgoDuelist.YgoDuelistCode.Cards.Monster.Done.Effect.Dark_Zebra
YgoDuelist.YgoDuelistCode.Cards.Monster.Todo.Effect.Desertapir	YgoDuelist.YgoDuelistCode.Cards.Monster.Done.Effect.Desertapir
YgoDuelist.YgoDuelistCode.Cards.Monster.Todo.Effect.Des_Feral_Imp	YgoDuelist.YgoDuelistCode.Cards.Monster.Done.Effect.Des_Feral_Imp
YgoDuelist.YgoDuelistCode.Cards.Monster.Todo.Effect.Des_Kangaroo	YgoDuelist.YgoDuelistCode.Cards.Monster.Done.Effect.Des_Kangaroo
YgoDuelist.YgoDuelistCode.Cards.Monster.Todo.Effect.Des_Koala	YgoDuelist.YgoDuelistCode.Cards.Monster.Done.Effect.Des_Koala
YgoDuelist.YgoDuelistCode.Cards.Monster.Todo.Effect.Des_Lacooda	YgoDuelist.YgoDuelistCode.Cards.Monster.Done.Effect.Des_Lacooda
YgoDuelist.YgoDuelistCode.Cards.Monster.Todo.Effect.Des_Volstgalph	YgoDuelist.YgoDuelistCode.Cards.Monster.Done.Effect.Des_Volstgalph
YgoDuelist.YgoDuelistCode.Cards.Monster.Todo.Effect.Dice_Jar	YgoDuelist.YgoDuelistCode.Cards.Monster.Done.Effect.Dice_Jar
YgoDuelist.YgoDuelistCode.Cards.Monster.Todo.Effect.Don_Turtle	YgoDuelist.YgoDuelistCode.Cards.Monster.Done.Effect.Don_Turtle
YgoDuelist.YgoDuelistCode.Cards.Monster.Todo.Effect.Double_Coston	YgoDuelist.YgoDuelistCode.Cards.Monster.Done.Effect.Double_Coston
YgoDuelist.YgoDuelistCode.Cards.Monster.Todo.Effect.Dragon_Seeker	YgoDuelist.YgoDuelistCode.Cards.Monster.Done.Effect.Dragon_Seeker
YgoDuelist.YgoDuelistCode.Cards.Monster.Todo.Effect.Dream_Clown	YgoDuelist.YgoDuelistCode.Cards.Monster.Done.Effect.Dream_Clown
YgoDuelist.YgoDuelistCode.Cards.Monster.Todo.Effect.Drillago	YgoDuelist.YgoDuelistCode.Cards.Monster.Done.Effect.Drillago
YgoDuelist.YgoDuelistCode.Cards.Monster.Todo.Effect.D_D_Crazy_Beast	YgoDuelist.YgoDuelistCode.Cards.Monster.Done.Effect.D_D_Crazy_Beast
YgoDuelist.YgoDuelistCode.Cards.Monster.Todo.Effect.D_D_Scout_Plane	YgoDuelist.YgoDuelistCode.Cards.Monster.Done.Effect.D_D_Scout_Plane
YgoDuelist.YgoDuelistCode.Cards.Monster.Todo.Effect.D_D_Warrior	YgoDuelist.YgoDuelistCode.Cards.Monster.Done.Effect.D_D_Warrior
YgoDuelist.YgoDuelistCode.Cards.Monster.Todo.Effect.D_D_Warrior_Lady	YgoDuelist.YgoDuelistCode.Cards.Monster.Done.Effect.D_D_Warrior_Lady
YgoDuelist.YgoDuelistCode.Cards.Monster.Todo.Effect.Earth_Effigy	YgoDuelist.YgoDuelistCode.Cards.Monster.Done.Effect.Earth_Effigy
YgoDuelist.YgoDuelistCode.Cards.Monster.Todo.Effect.Electric_Lizard	YgoDuelist.YgoDuelistCode.Cards.Monster.Done.Effect.Electric_Lizard
YgoDuelist.YgoDuelistCode.Cards.Monster.Todo.Effect.Electric_Snake	YgoDuelist.YgoDuelistCode.Cards.Monster.Done.Effect.Electric_Snake
YgoDuelist.YgoDuelistCode.Cards.Monster.Todo.Effect.Elephant_Statue_of_Blessing	YgoDuelist.YgoDuelistCode.Cards.Monster.Done.Effect.Elephant_Statue_of_Blessing
YgoDuelist.YgoDuelistCode.Cards.Monster.Todo.Effect.Emissary_of_the_Afterlife	YgoDuelist.YgoDuelistCode.Cards.Monster.Done.Effect.Emissary_of_the_Afterlife
YgoDuelist.YgoDuelistCode.Cards.Monster.Todo.Effect.Enraged_Battle_Ox	YgoDuelist.YgoDuelistCode.Cards.Monster.Done.Effect.Enraged_Battle_Ox
YgoDuelist.YgoDuelistCode.Cards.Monster.Todo.Effect.Exarion_Universe	YgoDuelist.YgoDuelistCode.Cards.Monster.Done.Effect.Exarion_Universe
YgoDuelist.YgoDuelistCode.Cards.Monster.Todo.Effect.Exiled_Force	YgoDuelist.YgoDuelistCode.Cards.Monster.Done.Effect.Exiled_Force
YgoDuelist.YgoDuelistCode.Cards.Monster.Todo.Effect.Fairy_Guardian	YgoDuelist.YgoDuelistCode.Cards.Monster.Done.Effect.Fairy_Guardian
YgoDuelist.YgoDuelistCode.Cards.Monster.Todo.Effect.Fairy_King_Truesdale	YgoDuelist.YgoDuelistCode.Cards.Monster.Done.Effect.Fairy_King_Truesdale
YgoDuelist.YgoDuelistCode.Cards.Monster.Todo.Effect.Fear_from_the_Dark	YgoDuelist.YgoDuelistCode.Cards.Monster.Done.Effect.Fear_from_the_Dark
YgoDuelist.YgoDuelistCode.Cards.Monster.Todo.Effect.Fire_Princess	YgoDuelist.YgoDuelistCode.Cards.Monster.Done.Effect.Fire_Princess
YgoDuelist.YgoDuelistCode.Cards.Monster.Todo.Effect.Fire_Sorcerer	YgoDuelist.YgoDuelistCode.Cards.Monster.Done.Effect.Fire_Sorcerer
YgoDuelist.YgoDuelistCode.Cards.Monster.Todo.Effect.Flame_Ruler	YgoDuelist.YgoDuelistCode.Cards.Monster.Done.Effect.Flame_Ruler
YgoDuelist.YgoDuelistCode.Cards.Monster.Todo.Effect.Flying_Kamakiri_1	YgoDuelist.YgoDuelistCode.Cards.Monster.Done.Effect.Flying_Kamakiri_1
YgoDuelist.YgoDuelistCode.Cards.Monster.Todo.Effect.Freed_the_Brave_Wanderer	YgoDuelist.YgoDuelistCode.Cards.Monster.Done.Effect.Freed_the_Brave_Wanderer
YgoDuelist.YgoDuelistCode.Cards.Monster.Todo.Effect.Gaia_The_Fierce_Knight_Origin	YgoDuelist.YgoDuelistCode.Cards.Monster.Done.Effect.Gaia_The_Fierce_Knight_Origin
YgoDuelist.YgoDuelistCode.Cards.Monster.Todo.Effect.Gale_Dogra	YgoDuelist.YgoDuelistCode.Cards.Monster.Done.Effect.Gale_Dogra
YgoDuelist.YgoDuelistCode.Cards.Monster.Todo.Effect.Gale_Lizard	YgoDuelist.YgoDuelistCode.Cards.Monster.Done.Effect.Gale_Lizard
YgoDuelist.YgoDuelistCode.Cards.Monster.Todo.Effect.Gate_Guardian	YgoDuelist.YgoDuelistCode.Cards.Monster.Done.Effect.Gate_Guardian
YgoDuelist.YgoDuelistCode.Cards.Monster.Todo.Effect.Gearfried_the_Iron_Knight	YgoDuelist.YgoDuelistCode.Cards.Monster.Done.Effect.Gearfried_the_Iron_Knight
YgoDuelist.YgoDuelistCode.Cards.Monster.Todo.Effect.Gellenduo	YgoDuelist.YgoDuelistCode.Cards.Monster.Done.Effect.Gellenduo
YgoDuelist.YgoDuelistCode.Cards.Monster.Todo.Effect.Giant_Germ	YgoDuelist.YgoDuelistCode.Cards.Monster.Done.Effect.Giant_Germ
YgoDuelist.YgoDuelistCode.Cards.Monster.Todo.Effect.Giant_Orc	YgoDuelist.YgoDuelistCode.Cards.Monster.Done.Effect.Giant_Orc
YgoDuelist.YgoDuelistCode.Cards.Monster.Todo.Effect.Giant_Rat	YgoDuelist.YgoDuelistCode.Cards.Monster.Done.Effect.Giant_Rat
YgoDuelist.YgoDuelistCode.Cards.Monster.Todo.Effect.Gilasaurus	YgoDuelist.YgoDuelistCode.Cards.Monster.Done.Effect.Gilasaurus
YgoDuelist.YgoDuelistCode.Cards.Monster.Todo.Effect.Gilford_the_Lightning	YgoDuelist.YgoDuelistCode.Cards.Monster.Done.Effect.Gilford_the_Lightning
YgoDuelist.YgoDuelistCode.Cards.Monster.Todo.Effect.Goblin_Attack_Force	YgoDuelist.YgoDuelistCode.Cards.Monster.Done.Effect.Goblin_Attack_Force
YgoDuelist.YgoDuelistCode.Cards.Monster.Todo.Effect.Goddess_of_Whim	YgoDuelist.YgoDuelistCode.Cards.Monster.Done.Effect.Goddess_of_Whim
YgoDuelist.YgoDuelistCode.Cards.Monster.Todo.Effect.Goddess_with_the_Third_Eye	YgoDuelist.YgoDuelistCode.Cards.Monster.Done.Effect.Goddess_with_the_Third_Eye
YgoDuelist.YgoDuelistCode.Cards.Monster.Todo.Effect.Gora_Turtle	YgoDuelist.YgoDuelistCode.Cards.Monster.Done.Effect.Gora_Turtle
YgoDuelist.YgoDuelistCode.Cards.Monster.Todo.Effect.Granadora	YgoDuelist.YgoDuelistCode.Cards.Monster.Done.Effect.Granadora
YgoDuelist.YgoDuelistCode.Cards.Monster.Todo.Effect.Gravekeeper_s_Assailant	YgoDuelist.YgoDuelistCode.Cards.Monster.Done.Effect.Gravekeeper_s_Assailant
YgoDuelist.YgoDuelistCode.Cards.Monster.Todo.Effect.Gravekeeper_s_Cannonholder	YgoDuelist.YgoDuelistCode.Cards.Monster.Done.Effect.Gravekeeper_s_Cannonholder
YgoDuelist.YgoDuelistCode.Cards.Monster.Todo.Effect.Gravekeeper_s_Chief	YgoDuelist.YgoDuelistCode.Cards.Monster.Done.Effect.Gravekeeper_s_Chief
YgoDuelist.YgoDuelistCode.Cards.Monster.Todo.Effect.Gravekeeper_s_Curse	YgoDuelist.YgoDuelistCode.Cards.Monster.Done.Effect.Gravekeeper_s_Curse
YgoDuelist.YgoDuelistCode.Cards.Monster.Todo.Effect.Gravekeeper_s_Guard	YgoDuelist.YgoDuelistCode.Cards.Monster.Done.Effect.Gravekeeper_s_Guard
YgoDuelist.YgoDuelistCode.Cards.Monster.Todo.Effect.Gravekeeper_s_Spear_Soldier	YgoDuelist.YgoDuelistCode.Cards.Monster.Done.Effect.Gravekeeper_s_Spear_Soldier
YgoDuelist.YgoDuelistCode.Cards.Monster.Todo.Effect.Gravekeeper_s_Spy	YgoDuelist.YgoDuelistCode.Cards.Monster.Done.Effect.Gravekeeper_s_Spy
YgoDuelist.YgoDuelistCode.Cards.Monster.Todo.Effect.Gray_Wing	YgoDuelist.YgoDuelistCode.Cards.Monster.Done.Effect.Gray_Wing
YgoDuelist.YgoDuelistCode.Cards.Monster.Todo.Effect.Great_Maju_Garzett	YgoDuelist.YgoDuelistCode.Cards.Monster.Done.Effect.Great_Maju_Garzett
YgoDuelist.YgoDuelistCode.Cards.Monster.Todo.Effect.Greenkappa	YgoDuelist.YgoDuelistCode.Cards.Monster.Done.Effect.Greenkappa
YgoDuelist.YgoDuelistCode.Cards.Monster.Todo.Effect.Guardian_Angel_Joan	YgoDuelist.YgoDuelistCode.Cards.Monster.Done.Effect.Guardian_Angel_Joan
YgoDuelist.YgoDuelistCode.Cards.Monster.Todo.Effect.Guardian_Slime	YgoDuelist.YgoDuelistCode.Cards.Monster.Done.Effect.Guardian_Slime
YgoDuelist.YgoDuelistCode.Cards.Monster.Todo.Effect.Gyaku_Gire_Panda	YgoDuelist.YgoDuelistCode.Cards.Monster.Done.Effect.Gyaku_Gire_Panda
YgoDuelist.YgoDuelistCode.Cards.Monster.Todo.Effect.Hane_Hane	YgoDuelist.YgoDuelistCode.Cards.Monster.Done.Effect.Hane_Hane
YgoDuelist.YgoDuelistCode.Cards.Monster.Todo.Effect.Hannibal_Necromancer	YgoDuelist.YgoDuelistCode.Cards.Monster.Done.Effect.Hannibal_Necromancer
YgoDuelist.YgoDuelistCode.Cards.Monster.Todo.Effect.Hayabusa_Knight	YgoDuelist.YgoDuelistCode.Cards.Monster.Done.Effect.Hayabusa_Knight
YgoDuelist.YgoDuelistCode.Cards.Monster.Todo.Effect.Helping_Robo_for_Combat	YgoDuelist.YgoDuelistCode.Cards.Monster.Done.Effect.Helping_Robo_for_Combat
YgoDuelist.YgoDuelistCode.Cards.Monster.Todo.Effect.Hourglass_of_Courage	YgoDuelist.YgoDuelistCode.Cards.Monster.Done.Effect.Hourglass_of_Courage
YgoDuelist.YgoDuelistCode.Cards.Monster.Todo.Effect.Hysteric_Fairy	YgoDuelist.YgoDuelistCode.Cards.Monster.Done.Effect.Hysteric_Fairy
YgoDuelist.YgoDuelistCode.Cards.Monster.Todo.Effect.Insect_Princess	YgoDuelist.YgoDuelistCode.Cards.Monster.Done.Effect.Insect_Princess
YgoDuelist.YgoDuelistCode.Cards.Monster.Todo.Effect.Insect_Queen	YgoDuelist.YgoDuelistCode.Cards.Monster.Done.Effect.Insect_Queen
YgoDuelist.YgoDuelistCode.Cards.Monster.Todo.Effect.Insect_Soldiers_of_the_Sky	YgoDuelist.YgoDuelistCode.Cards.Monster.Done.Effect.Insect_Soldiers_of_the_Sky
YgoDuelist.YgoDuelistCode.Cards.Monster.Todo.Effect.Iron_Blacksmith_Kotetsu	YgoDuelist.YgoDuelistCode.Cards.Monster.Done.Effect.Iron_Blacksmith_Kotetsu
YgoDuelist.YgoDuelistCode.Cards.Monster.Todo.Effect.Jigen_Bakudan	YgoDuelist.YgoDuelistCode.Cards.Monster.Done.Effect.Jigen_Bakudan
YgoDuelist.YgoDuelistCode.Cards.Monster.Todo.Effect.Jinzo_7	YgoDuelist.YgoDuelistCode.Cards.Monster.Done.Effect.Jinzo_7
YgoDuelist.YgoDuelistCode.Cards.Monster.Todo.Effect.Jirai_Gumo	YgoDuelist.YgoDuelistCode.Cards.Monster.Done.Effect.Jirai_Gumo
YgoDuelist.YgoDuelistCode.Cards.Monster.Todo.Effect.Kaiser_Sea_Horse	YgoDuelist.YgoDuelistCode.Cards.Monster.Done.Effect.Kaiser_Sea_Horse
YgoDuelist.YgoDuelistCode.Cards.Monster.Todo.Effect.Karate_Man	YgoDuelist.YgoDuelistCode.Cards.Monster.Done.Effect.Karate_Man
YgoDuelist.YgoDuelistCode.Cards.Monster.Todo.Effect.Kazejin	YgoDuelist.YgoDuelistCode.Cards.Monster.Done.Effect.Kazejin
YgoDuelist.YgoDuelistCode.Cards.Monster.Todo.Effect.Keeper_of_the_Shrine	YgoDuelist.YgoDuelistCode.Cards.Monster.Done.Effect.Keeper_of_the_Shrine
YgoDuelist.YgoDuelistCode.Cards.Monster.Todo.Effect.Keldo	YgoDuelist.YgoDuelistCode.Cards.Monster.Done.Effect.Keldo
YgoDuelist.YgoDuelistCode.Cards.Monster.Todo.Effect.King_of_the_Swamp	YgoDuelist.YgoDuelistCode.Cards.Monster.Done.Effect.King_of_the_Swamp
YgoDuelist.YgoDuelistCode.Cards.Monster.Todo.Effect.King_Tiger_Wanghu	YgoDuelist.YgoDuelistCode.Cards.Monster.Done.Effect.King_Tiger_Wanghu
YgoDuelist.YgoDuelistCode.Cards.Monster.Todo.Effect.Kotodama	YgoDuelist.YgoDuelistCode.Cards.Monster.Done.Effect.Kotodama
YgoDuelist.YgoDuelistCode.Cards.Monster.Todo.Effect.Kuriboh	YgoDuelist.YgoDuelistCode.Cards.Monster.Done.Effect.Kuriboh
YgoDuelist.YgoDuelistCode.Cards.Monster.Todo.Effect.Lady_Assailant_of_Flames	YgoDuelist.YgoDuelistCode.Cards.Monster.Done.Effect.Lady_Assailant_of_Flames
YgoDuelist.YgoDuelistCode.Cards.Monster.Todo.Effect.Legendary_Fiend	YgoDuelist.YgoDuelistCode.Cards.Monster.Done.Effect.Legendary_Fiend
YgoDuelist.YgoDuelistCode.Cards.Monster.Todo.Effect.Leghul	YgoDuelist.YgoDuelistCode.Cards.Monster.Done.Effect.Leghul
YgoDuelist.YgoDuelistCode.Cards.Monster.Todo.Effect.Legion_the_Fiend_Jester	YgoDuelist.YgoDuelistCode.Cards.Monster.Done.Effect.Legion_the_Fiend_Jester
YgoDuelist.YgoDuelistCode.Cards.Monster.Todo.Effect.Lekunga	YgoDuelist.YgoDuelistCode.Cards.Monster.Done.Effect.Lekunga
YgoDuelist.YgoDuelistCode.Cards.Monster.Todo.Effect.Levia_Dragon_Daedalus	YgoDuelist.YgoDuelistCode.Cards.Monster.Done.Effect.Levia_Dragon_Daedalus
YgoDuelist.YgoDuelistCode.Cards.Monster.Todo.Effect.Light_Effigy	YgoDuelist.YgoDuelistCode.Cards.Monster.Done.Effect.Light_Effigy
YgoDuelist.YgoDuelistCode.Cards.Monster.Todo.Effect.Little_Winguard	YgoDuelist.YgoDuelistCode.Cards.Monster.Done.Effect.Little_Winguard
YgoDuelist.YgoDuelistCode.Cards.Monster.Todo.Effect.Lord_of_D	YgoDuelist.YgoDuelistCode.Cards.Monster.Done.Effect.Lord_of_D
YgoDuelist.YgoDuelistCode.Cards.Monster.Todo.Effect.Lord_Poison	YgoDuelist.YgoDuelistCode.Cards.Monster.Done.Effect.Lord_Poison
YgoDuelist.YgoDuelistCode.Cards.Monster.Todo.Effect.Machine_King	YgoDuelist.YgoDuelistCode.Cards.Monster.Done.Effect.Machine_King
YgoDuelist.YgoDuelistCode.Cards.Monster.Todo.Effect.Mad_Sword_Beast	YgoDuelist.YgoDuelistCode.Cards.Monster.Done.Effect.Mad_Sword_Beast
YgoDuelist.YgoDuelistCode.Cards.Monster.Todo.Effect.Magical_Marionette	YgoDuelist.YgoDuelistCode.Cards.Monster.Done.Effect.Magical_Marionette
YgoDuelist.YgoDuelistCode.Cards.Monster.Todo.Effect.Magical_Plant_Mandragola	YgoDuelist.YgoDuelistCode.Cards.Monster.Done.Effect.Magical_Plant_Mandragola
YgoDuelist.YgoDuelistCode.Cards.Monster.Todo.Effect.Magical_Scientist	YgoDuelist.YgoDuelistCode.Cards.Monster.Done.Effect.Magical_Scientist
YgoDuelist.YgoDuelistCode.Cards.Monster.Todo.Effect.Magician_of_Faith	YgoDuelist.YgoDuelistCode.Cards.Monster.Done.Effect.Magician_of_Faith
YgoDuelist.YgoDuelistCode.Cards.Monster.Todo.Effect.Maha_Vailo	YgoDuelist.YgoDuelistCode.Cards.Monster.Done.Effect.Maha_Vailo
YgoDuelist.YgoDuelistCode.Cards.Monster.Todo.Effect.Maju_Garzett	YgoDuelist.YgoDuelistCode.Cards.Monster.Done.Effect.Maju_Garzett
YgoDuelist.YgoDuelistCode.Cards.Monster.Todo.Effect.Manju_of_the_Ten_Thousand_Hands	YgoDuelist.YgoDuelistCode.Cards.Monster.Done.Effect.Manju_of_the_Ten_Thousand_Hands
YgoDuelist.YgoDuelistCode.Cards.Monster.Todo.Effect.Manticore_of_Darkness	YgoDuelist.YgoDuelistCode.Cards.Monster.Done.Effect.Manticore_of_Darkness
YgoDuelist.YgoDuelistCode.Cards.Monster.Todo.Effect.Man_Eater_Bug	YgoDuelist.YgoDuelistCode.Cards.Monster.Done.Effect.Man_Eater_Bug
YgoDuelist.YgoDuelistCode.Cards.Monster.Todo.Effect.Masked_Sorcerer	YgoDuelist.YgoDuelistCode.Cards.Monster.Done.Effect.Masked_Sorcerer
YgoDuelist.YgoDuelistCode.Cards.Monster.Todo.Effect.Mask_of_Darkness	YgoDuelist.YgoDuelistCode.Cards.Monster.Done.Effect.Mask_of_Darkness
YgoDuelist.YgoDuelistCode.Cards.Monster.Todo.Effect.Mefist_the_Infernal_General	YgoDuelist.YgoDuelistCode.Cards.Monster.Done.Effect.Mefist_the_Infernal_General
YgoDuelist.YgoDuelistCode.Cards.Monster.Todo.Effect.Minar	YgoDuelist.YgoDuelistCode.Cards.Monster.Done.Effect.Minar
YgoDuelist.YgoDuelistCode.Cards.Monster.Todo.Effect.Monster_Eye	YgoDuelist.YgoDuelistCode.Cards.Monster.Done.Effect.Monster_Eye
YgoDuelist.YgoDuelistCode.Cards.Monster.Todo.Effect.Mother_Grizzly	YgoDuelist.YgoDuelistCode.Cards.Monster.Done.Effect.Mother_Grizzly
YgoDuelist.YgoDuelistCode.Cards.Monster.Todo.Effect.Mudora	YgoDuelist.YgoDuelistCode.Cards.Monster.Done.Effect.Mudora
YgoDuelist.YgoDuelistCode.Cards.Monster.Todo.Effect.Mystical_Sheep_1	YgoDuelist.YgoDuelistCode.Cards.Monster.Done.Effect.Mystical_Sheep_1
YgoDuelist.YgoDuelistCode.Cards.Monster.Todo.Effect.Mystic_Lamp	YgoDuelist.YgoDuelistCode.Cards.Monster.Done.Effect.Mystic_Lamp
YgoDuelist.YgoDuelistCode.Cards.Monster.Todo.Effect.Mystic_Tomato	YgoDuelist.YgoDuelistCode.Cards.Monster.Done.Effect.Mystic_Tomato
YgoDuelist.YgoDuelistCode.Cards.Monster.Todo.Effect.Needle_Ball	YgoDuelist.YgoDuelistCode.Cards.Monster.Done.Effect.Needle_Ball
YgoDuelist.YgoDuelistCode.Cards.Monster.Todo.Effect.Needle_Worm	YgoDuelist.YgoDuelistCode.Cards.Monster.Done.Effect.Needle_Worm
YgoDuelist.YgoDuelistCode.Cards.Monster.Todo.Effect.Nightmare_Horse	YgoDuelist.YgoDuelistCode.Cards.Monster.Done.Effect.Nightmare_Horse
YgoDuelist.YgoDuelistCode.Cards.Monster.Todo.Effect.Night_Assailant	YgoDuelist.YgoDuelistCode.Cards.Monster.Done.Effect.Night_Assailant
YgoDuelist.YgoDuelistCode.Cards.Monster.Todo.Effect.Nubian_Guard	YgoDuelist.YgoDuelistCode.Cards.Monster.Done.Effect.Nubian_Guard
YgoDuelist.YgoDuelistCode.Cards.Monster.Todo.Effect.Obelisk_the_Tormentor	YgoDuelist.YgoDuelistCode.Cards.Monster.Done.Effect.Obelisk_the_Tormentor
YgoDuelist.YgoDuelistCode.Cards.Monster.Todo.Effect.Ocean_Dragon_Lord_Neo_Daedalus	YgoDuelist.YgoDuelistCode.Cards.Monster.Done.Effect.Ocean_Dragon_Lord_Neo_Daedalus
YgoDuelist.YgoDuelistCode.Cards.Monster.Todo.Effect.Old_Vindictive_Magician	YgoDuelist.YgoDuelistCode.Cards.Monster.Done.Effect.Old_Vindictive_Magician
YgoDuelist.YgoDuelistCode.Cards.Monster.Todo.Effect.Ooguchi	YgoDuelist.YgoDuelistCode.Cards.Monster.Done.Effect.Ooguchi
YgoDuelist.YgoDuelistCode.Cards.Monster.Todo.Effect.Outstanding_Dog_Marron	YgoDuelist.YgoDuelistCode.Cards.Monster.Done.Effect.Outstanding_Dog_Marron
YgoDuelist.YgoDuelistCode.Cards.Monster.Todo.Effect.Penguin_Soldier	YgoDuelist.YgoDuelistCode.Cards.Monster.Done.Effect.Penguin_Soldier
YgoDuelist.YgoDuelistCode.Cards.Monster.Todo.Effect.Pinch_Hopper	YgoDuelist.YgoDuelistCode.Cards.Monster.Done.Effect.Pinch_Hopper
YgoDuelist.YgoDuelistCode.Cards.Monster.Todo.Effect.Piranha_Army	YgoDuelist.YgoDuelistCode.Cards.Monster.Done.Effect.Piranha_Army
YgoDuelist.YgoDuelistCode.Cards.Monster.Todo.Effect.Poison_Mummy	YgoDuelist.YgoDuelistCode.Cards.Monster.Done.Effect.Poison_Mummy
YgoDuelist.YgoDuelistCode.Cards.Monster.Todo.Effect.Possessed_Dark_Soul	YgoDuelist.YgoDuelistCode.Cards.Monster.Done.Effect.Possessed_Dark_Soul
YgoDuelist.YgoDuelistCode.Cards.Monster.Todo.Effect.Pumpking_the_King_of_Ghosts	YgoDuelist.YgoDuelistCode.Cards.Monster.Done.Effect.Pumpking_the_King_of_Ghosts
YgoDuelist.YgoDuelistCode.Cards.Monster.Todo.Effect.Pyramid_Turtle	YgoDuelist.YgoDuelistCode.Cards.Monster.Done.Effect.Pyramid_Turtle
YgoDuelist.YgoDuelistCode.Cards.Monster.Todo.Effect.Queen_s_Double	YgoDuelist.YgoDuelistCode.Cards.Monster.Done.Effect.Queen_s_Double
YgoDuelist.YgoDuelistCode.Cards.Monster.Todo.Effect.Rainbow_Flower	YgoDuelist.YgoDuelistCode.Cards.Monster.Done.Effect.Rainbow_Flower
YgoDuelist.YgoDuelistCode.Cards.Monster.Todo.Effect.Reactor_Slime	YgoDuelist.YgoDuelistCode.Cards.Monster.Done.Effect.Reactor_Slime
YgoDuelist.YgoDuelistCode.Cards.Monster.Todo.Effect.Reaper_of_the_Cards	YgoDuelist.YgoDuelistCode.Cards.Monster.Done.Effect.Reaper_of_the_Cards
YgoDuelist.YgoDuelistCode.Cards.Monster.Todo.Effect.Rocket_Jumper	YgoDuelist.YgoDuelistCode.Cards.Monster.Done.Effect.Rocket_Jumper
YgoDuelist.YgoDuelistCode.Cards.Monster.Todo.Effect.Rose_Witch	YgoDuelist.YgoDuelistCode.Cards.Monster.Done.Effect.Rose_Witch
YgoDuelist.YgoDuelistCode.Cards.Monster.Todo.Effect.Royal_Magical_Library	YgoDuelist.YgoDuelistCode.Cards.Monster.Done.Effect.Royal_Magical_Library
YgoDuelist.YgoDuelistCode.Cards.Monster.Todo.Effect.Samsara_Dragon	YgoDuelist.YgoDuelistCode.Cards.Monster.Done.Effect.Samsara_Dragon
YgoDuelist.YgoDuelistCode.Cards.Monster.Todo.Effect.Sangan	YgoDuelist.YgoDuelistCode.Cards.Monster.Done.Effect.Sangan
YgoDuelist.YgoDuelistCode.Cards.Monster.Todo.Effect.Sanga_of_the_Thunder	YgoDuelist.YgoDuelistCode.Cards.Monster.Done.Effect.Sanga_of_the_Thunder
YgoDuelist.YgoDuelistCode.Cards.Monster.Todo.Effect.Senju_of_the_Thousand_Hands	YgoDuelist.YgoDuelistCode.Cards.Monster.Done.Effect.Senju_of_the_Thousand_Hands
YgoDuelist.YgoDuelistCode.Cards.Monster.Todo.Effect.Serenade_The_Melodious_Diva	YgoDuelist.YgoDuelistCode.Cards.Monster.Done.Effect.Serenade_The_Melodious_Diva
YgoDuelist.YgoDuelistCode.Cards.Monster.Todo.Effect.Servant_of_Catabolism	YgoDuelist.YgoDuelistCode.Cards.Monster.Done.Effect.Servant_of_Catabolism
YgoDuelist.YgoDuelistCode.Cards.Monster.Todo.Effect.Shadow_Ghoul	YgoDuelist.YgoDuelistCode.Cards.Monster.Done.Effect.Shadow_Ghoul
YgoDuelist.YgoDuelistCode.Cards.Monster.Todo.Effect.Shining_Angel	YgoDuelist.YgoDuelistCode.Cards.Monster.Done.Effect.Shining_Angel
YgoDuelist.YgoDuelistCode.Cards.Monster.Todo.Effect.Skelengel	YgoDuelist.YgoDuelistCode.Cards.Monster.Done.Effect.Skelengel
YgoDuelist.YgoDuelistCode.Cards.Monster.Todo.Effect.Skilled_Dark_Magician	YgoDuelist.YgoDuelistCode.Cards.Monster.Done.Effect.Skilled_Dark_Magician
YgoDuelist.YgoDuelistCode.Cards.Monster.Todo.Effect.Skilled_White_Magician	YgoDuelist.YgoDuelistCode.Cards.Monster.Done.Effect.Skilled_White_Magician
YgoDuelist.YgoDuelistCode.Cards.Monster.Todo.Effect.Skull_Mark_Ladybug	YgoDuelist.YgoDuelistCode.Cards.Monster.Done.Effect.Skull_Mark_Ladybug
YgoDuelist.YgoDuelistCode.Cards.Monster.Todo.Effect.Slate_Warrior	YgoDuelist.YgoDuelistCode.Cards.Monster.Done.Effect.Slate_Warrior
YgoDuelist.YgoDuelistCode.Cards.Monster.Todo.Effect.Slifer_the_Sky_Dragon	YgoDuelist.YgoDuelistCode.Cards.Monster.Done.Effect.Slifer_the_Sky_Dragon
YgoDuelist.YgoDuelistCode.Cards.Monster.Todo.Effect.Solar_Flare_Dragon	YgoDuelist.YgoDuelistCode.Cards.Monster.Done.Effect.Solar_Flare_Dragon
YgoDuelist.YgoDuelistCode.Cards.Monster.Todo.Effect.Sonic_Bird	YgoDuelist.YgoDuelistCode.Cards.Monster.Done.Effect.Sonic_Bird
YgoDuelist.YgoDuelistCode.Cards.Monster.Todo.Effect.Spear_Cretin	YgoDuelist.YgoDuelistCode.Cards.Monster.Done.Effect.Spear_Cretin
YgoDuelist.YgoDuelistCode.Cards.Monster.Todo.Effect.Spear_Dragon	YgoDuelist.YgoDuelistCode.Cards.Monster.Done.Effect.Spear_Dragon
YgoDuelist.YgoDuelistCode.Cards.Monster.Todo.Effect.Spirit_Caller	YgoDuelist.YgoDuelistCode.Cards.Monster.Done.Effect.Spirit_Caller
YgoDuelist.YgoDuelistCode.Cards.Monster.Todo.Effect.Spirit_Reaper	YgoDuelist.YgoDuelistCode.Cards.Monster.Done.Effect.Spirit_Reaper
YgoDuelist.YgoDuelistCode.Cards.Monster.Todo.Effect.Spirit_Ryu	YgoDuelist.YgoDuelistCode.Cards.Monster.Done.Effect.Spirit_Ryu
YgoDuelist.YgoDuelistCode.Cards.Monster.Todo.Effect.Stealth_Bird	YgoDuelist.YgoDuelistCode.Cards.Monster.Done.Effect.Stealth_Bird
YgoDuelist.YgoDuelistCode.Cards.Monster.Todo.Effect.Stone_Statue_of_the_Aztecs	YgoDuelist.YgoDuelistCode.Cards.Monster.Done.Effect.Stone_Statue_of_the_Aztecs
YgoDuelist.YgoDuelistCode.Cards.Monster.Todo.Effect.Suijin	YgoDuelist.YgoDuelistCode.Cards.Monster.Done.Effect.Suijin
YgoDuelist.YgoDuelistCode.Cards.Monster.Todo.Effect.Summoner_of_Illusions	YgoDuelist.YgoDuelistCode.Cards.Monster.Done.Effect.Summoner_of_Illusions
YgoDuelist.YgoDuelistCode.Cards.Monster.Todo.Effect.Superheavy_Samurai_Big_Waraji	YgoDuelist.YgoDuelistCode.Cards.Monster.Done.Effect.Superheavy_Samurai_Big_Waraji
YgoDuelist.YgoDuelistCode.Cards.Monster.Todo.Effect.Supply	YgoDuelist.YgoDuelistCode.Cards.Monster.Done.Effect.Supply
YgoDuelist.YgoDuelistCode.Cards.Monster.Todo.Effect.Sword_Hunter	YgoDuelist.YgoDuelistCode.Cards.Monster.Done.Effect.Sword_Hunter
YgoDuelist.YgoDuelistCode.Cards.Monster.Todo.Effect.Tainted_Wisdom	YgoDuelist.YgoDuelistCode.Cards.Monster.Done.Effect.Tainted_Wisdom
YgoDuelist.YgoDuelistCode.Cards.Monster.Todo.Effect.Terrorking_Archfiend	YgoDuelist.YgoDuelistCode.Cards.Monster.Done.Effect.Terrorking_Archfiend
YgoDuelist.YgoDuelistCode.Cards.Monster.Todo.Effect.Theban_Nightmare	YgoDuelist.YgoDuelistCode.Cards.Monster.Done.Effect.Theban_Nightmare
YgoDuelist.YgoDuelistCode.Cards.Monster.Todo.Effect.The_Agent_of_Wisdom_Mercury	YgoDuelist.YgoDuelistCode.Cards.Monster.Done.Effect.The_Agent_of_Wisdom_Mercury
YgoDuelist.YgoDuelistCode.Cards.Monster.Todo.Effect.The_Bistro_Butcher	YgoDuelist.YgoDuelistCode.Cards.Monster.Done.Effect.The_Bistro_Butcher
YgoDuelist.YgoDuelistCode.Cards.Monster.Todo.Effect.The_Dark_Hex_Sealed_Fusion	YgoDuelist.YgoDuelistCode.Cards.Monster.Done.Effect.The_Dark_Hex_Sealed_Fusion
YgoDuelist.YgoDuelistCode.Cards.Monster.Todo.Effect.The_Earth_Hex_Sealed_Fusion	YgoDuelist.YgoDuelistCode.Cards.Monster.Done.Effect.The_Earth_Hex_Sealed_Fusion
YgoDuelist.YgoDuelistCode.Cards.Monster.Todo.Effect.The_Fiend_Megacyber	YgoDuelist.YgoDuelistCode.Cards.Monster.Done.Effect.The_Fiend_Megacyber
YgoDuelist.YgoDuelistCode.Cards.Monster.Todo.Effect.The_Hunter_with_7_Weapons	YgoDuelist.YgoDuelistCode.Cards.Monster.Done.Effect.The_Hunter_with_7_Weapons
YgoDuelist.YgoDuelistCode.Cards.Monster.Todo.Effect.The_Immortal_of_Thunder	YgoDuelist.YgoDuelistCode.Cards.Monster.Done.Effect.The_Immortal_of_Thunder
YgoDuelist.YgoDuelistCode.Cards.Monster.Todo.Effect.The_Kick_Man	YgoDuelist.YgoDuelistCode.Cards.Monster.Done.Effect.The_Kick_Man
YgoDuelist.YgoDuelistCode.Cards.Monster.Todo.Effect.The_Legendary_Fisherman	YgoDuelist.YgoDuelistCode.Cards.Monster.Done.Effect.The_Legendary_Fisherman
YgoDuelist.YgoDuelistCode.Cards.Monster.Todo.Effect.The_Light_Hex_Sealed_Fusion	YgoDuelist.YgoDuelistCode.Cards.Monster.Done.Effect.The_Light_Hex_Sealed_Fusion
YgoDuelist.YgoDuelistCode.Cards.Monster.Todo.Effect.The_Little_Swordsman_of_Aile	YgoDuelist.YgoDuelistCode.Cards.Monster.Done.Effect.The_Little_Swordsman_of_Aile
YgoDuelist.YgoDuelistCode.Cards.Monster.Todo.Effect.The_Trojan_Horse	YgoDuelist.YgoDuelistCode.Cards.Monster.Done.Effect.The_Trojan_Horse
YgoDuelist.YgoDuelistCode.Cards.Monster.Todo.Effect.The_Wicked_Worm_Beast	YgoDuelist.YgoDuelistCode.Cards.Monster.Done.Effect.The_Wicked_Worm_Beast
YgoDuelist.YgoDuelistCode.Cards.Monster.Todo.Effect.The_Winged_Dragon_of_Ra	YgoDuelist.YgoDuelistCode.Cards.Monster.Done.Effect.The_Winged_Dragon_of_Ra
YgoDuelist.YgoDuelistCode.Cards.Monster.Todo.Effect.Thunder_Dragon	YgoDuelist.YgoDuelistCode.Cards.Monster.Done.Effect.Thunder_Dragon
YgoDuelist.YgoDuelistCode.Cards.Monster.Todo.Effect.Timeater	YgoDuelist.YgoDuelistCode.Cards.Monster.Done.Effect.Timeater
YgoDuelist.YgoDuelistCode.Cards.Monster.Todo.Effect.Time_Wizard	YgoDuelist.YgoDuelistCode.Cards.Monster.Done.Effect.Time_Wizard
YgoDuelist.YgoDuelistCode.Cards.Monster.Todo.Effect.Tornado_Bird	YgoDuelist.YgoDuelistCode.Cards.Monster.Done.Effect.Tornado_Bird
YgoDuelist.YgoDuelistCode.Cards.Monster.Todo.Effect.Total_Defense_Shogun	YgoDuelist.YgoDuelistCode.Cards.Monster.Done.Effect.Total_Defense_Shogun
YgoDuelist.YgoDuelistCode.Cards.Monster.Todo.Effect.Totem_Dragon	YgoDuelist.YgoDuelistCode.Cards.Monster.Done.Effect.Totem_Dragon
YgoDuelist.YgoDuelistCode.Cards.Monster.Todo.Effect.Trap_Master	YgoDuelist.YgoDuelistCode.Cards.Monster.Done.Effect.Trap_Master
YgoDuelist.YgoDuelistCode.Cards.Monster.Todo.Effect.Twin_Headed_Behemoth	YgoDuelist.YgoDuelistCode.Cards.Monster.Done.Effect.Twin_Headed_Behemoth
YgoDuelist.YgoDuelistCode.Cards.Monster.Todo.Effect.Tyrant_Dragon	YgoDuelist.YgoDuelistCode.Cards.Monster.Done.Effect.Tyrant_Dragon
YgoDuelist.YgoDuelistCode.Cards.Monster.Todo.Effect.Ultimate_Obedient_Fiend	YgoDuelist.YgoDuelistCode.Cards.Monster.Done.Effect.Ultimate_Obedient_Fiend
YgoDuelist.YgoDuelistCode.Cards.Monster.Todo.Effect.Unshaven_Angler	YgoDuelist.YgoDuelistCode.Cards.Monster.Done.Effect.Unshaven_Angler
YgoDuelist.YgoDuelistCode.Cards.Monster.Todo.Effect.Versago_the_Destroyer	YgoDuelist.YgoDuelistCode.Cards.Monster.Done.Effect.Versago_the_Destroyer
YgoDuelist.YgoDuelistCode.Cards.Monster.Todo.Effect.Whirlwind_Prodigy	YgoDuelist.YgoDuelistCode.Cards.Monster.Done.Effect.Whirlwind_Prodigy
YgoDuelist.YgoDuelistCode.Cards.Monster.Todo.Effect.Wind_Effigy	YgoDuelist.YgoDuelistCode.Cards.Monster.Done.Effect.Wind_Effigy
YgoDuelist.YgoDuelistCode.Cards.Monster.Todo.Effect.Winged_Minion	YgoDuelist.YgoDuelistCode.Cards.Monster.Done.Effect.Winged_Minion
YgoDuelist.YgoDuelistCode.Cards.Monster.Todo.Effect.Wodan_the_Resident_of_the_Forest	YgoDuelist.YgoDuelistCode.Cards.Monster.Done.Effect.Wodan_the_Resident_of_the_Forest
YgoDuelist.YgoDuelistCode.Cards.Monster.Todo.Effect.Woodland_Sprite	YgoDuelist.YgoDuelistCode.Cards.Monster.Done.Effect.Woodland_Sprite
YgoDuelist.YgoDuelistCode.Cards.Monster.Todo.Effect.Yado_Karu	YgoDuelist.YgoDuelistCode.Cards.Monster.Done.Effect.Yado_Karu
YgoDuelist.YgoDuelistCode.Cards.Monster.Todo.Effect.Yamata_Dragon	YgoDuelist.YgoDuelistCode.Cards.Monster.Done.Effect.Yamata_Dragon
YgoDuelist.YgoDuelistCode.Cards.Monster.Todo.Effect.Yomi_Ship	YgoDuelist.YgoDuelistCode.Cards.Monster.Done.Effect.Yomi_Ship
YgoDuelist.YgoDuelistCode.Cards.Monster.Todo.Effect.Zaborg_the_Thunder_Monarch	YgoDuelist.YgoDuelistCode.Cards.Monster.Done.Effect.Zaborg_the_Thunder_Monarch
YgoDuelist.YgoDuelistCode.Cards.Monster.Todo.Effect.Zombyra_the_Dark	YgoDuelist.YgoDuelistCode.Cards.Monster.Done.Effect.Zombyra_the_Dark
YgoDuelist.YgoDuelistCode.Cards.Monster.Todo.Effect.Zone_Eater	YgoDuelist.YgoDuelistCode.Cards.Monster.Done.Effect.Zone_Eater
YgoDuelist.YgoDuelistCode.Cards.Monster.Todo.Fusion.Dark_Paladin	YgoDuelist.YgoDuelistCode.Cards.Monster.Done.Fusion.Dark_Paladin
YgoDuelist.YgoDuelistCode.Cards.Monster.Todo.Fusion.Egyptian_God_Slime	YgoDuelist.YgoDuelistCode.Cards.Monster.Done.Fusion.Egyptian_God_Slime
YgoDuelist.YgoDuelistCode.Cards.Monster.Todo.Fusion.The_Last_Warrior_from_Another_Planet	YgoDuelist.YgoDuelistCode.Cards.Monster.Done.Fusion.The_Last_Warrior_from_Another_Planet
YgoDuelist.YgoDuelistCode.Cards.Monster.Todo.Fusion.VWXYZ_Dragon_Catapult_Cannon	YgoDuelist.YgoDuelistCode.Cards.Monster.Done.Fusion.VWXYZ_Dragon_Catapult_Cannon
YgoDuelist.YgoDuelistCode.Cards.Monster.Todo.Fusion.XY_Dragon_Cannon	YgoDuelist.YgoDuelistCode.Cards.Monster.Done.Fusion.XY_Dragon_Cannon
YgoDuelist.YgoDuelistCode.Cards.Monster.Todo.Fusion.XZ_Tank_Cannon	YgoDuelist.YgoDuelistCode.Cards.Monster.Done.Fusion.XZ_Tank_Cannon
YgoDuelist.YgoDuelistCode.Cards.Monster.Todo.Fusion.YZ_Tank_Dragon	YgoDuelist.YgoDuelistCode.Cards.Monster.Done.Fusion.YZ_Tank_Dragon
YgoDuelist.YgoDuelistCode.Cards.Monster.Todo.Normal.Abyss_Flower	YgoDuelist.YgoDuelistCode.Cards.Monster.Done.Normal.Abyss_Flower
YgoDuelist.YgoDuelistCode.Cards.Monster.Todo.Normal.Acid_Crawler	YgoDuelist.YgoDuelistCode.Cards.Monster.Done.Normal.Acid_Crawler
YgoDuelist.YgoDuelistCode.Cards.Monster.Todo.Normal.Acrobat_Monkey	YgoDuelist.YgoDuelistCode.Cards.Monster.Done.Normal.Acrobat_Monkey
YgoDuelist.YgoDuelistCode.Cards.Monster.Todo.Normal.Air_Eater	YgoDuelist.YgoDuelistCode.Cards.Monster.Done.Normal.Air_Eater
YgoDuelist.YgoDuelistCode.Cards.Monster.Todo.Normal.Akakieisu	YgoDuelist.YgoDuelistCode.Cards.Monster.Done.Normal.Akakieisu
YgoDuelist.YgoDuelistCode.Cards.Monster.Todo.Normal.Akihiron	YgoDuelist.YgoDuelistCode.Cards.Monster.Done.Normal.Akihiron
YgoDuelist.YgoDuelistCode.Cards.Monster.Todo.Normal.Alinsection	YgoDuelist.YgoDuelistCode.Cards.Monster.Done.Normal.Alinsection
YgoDuelist.YgoDuelistCode.Cards.Monster.Todo.Normal.Alligator_S_Sword	YgoDuelist.YgoDuelistCode.Cards.Monster.Done.Normal.Alligator_S_Sword
YgoDuelist.YgoDuelistCode.Cards.Monster.Todo.Normal.Alpha_the_Magnet_Warrior	YgoDuelist.YgoDuelistCode.Cards.Monster.Done.Normal.Alpha_the_Magnet_Warrior
YgoDuelist.YgoDuelistCode.Cards.Monster.Todo.Normal.Amazon_of_the_Seas	YgoDuelist.YgoDuelistCode.Cards.Monster.Done.Normal.Amazon_of_the_Seas
YgoDuelist.YgoDuelistCode.Cards.Monster.Todo.Normal.Amphibian_Beast	YgoDuelist.YgoDuelistCode.Cards.Monster.Done.Normal.Amphibian_Beast
YgoDuelist.YgoDuelistCode.Cards.Monster.Todo.Normal.Ancient_Brain	YgoDuelist.YgoDuelistCode.Cards.Monster.Done.Normal.Ancient_Brain
YgoDuelist.YgoDuelistCode.Cards.Monster.Todo.Normal.Ancient_Elf	YgoDuelist.YgoDuelistCode.Cards.Monster.Done.Normal.Ancient_Elf
YgoDuelist.YgoDuelistCode.Cards.Monster.Todo.Normal.Ancient_Jar	YgoDuelist.YgoDuelistCode.Cards.Monster.Done.Normal.Ancient_Jar
YgoDuelist.YgoDuelistCode.Cards.Monster.Todo.Normal.Ancient_Lizard_Warrior	YgoDuelist.YgoDuelistCode.Cards.Monster.Done.Normal.Ancient_Lizard_Warrior
YgoDuelist.YgoDuelistCode.Cards.Monster.Todo.Normal.Ancient_One_of_the_Deep_Forest	YgoDuelist.YgoDuelistCode.Cards.Monster.Done.Normal.Ancient_One_of_the_Deep_Forest
YgoDuelist.YgoDuelistCode.Cards.Monster.Todo.Normal.Ancient_Sorcerer	YgoDuelist.YgoDuelistCode.Cards.Monster.Done.Normal.Ancient_Sorcerer
YgoDuelist.YgoDuelistCode.Cards.Monster.Todo.Normal.Ancient_Tool	YgoDuelist.YgoDuelistCode.Cards.Monster.Done.Normal.Ancient_Tool
YgoDuelist.YgoDuelistCode.Cards.Monster.Todo.Normal.Ancient_Tree_of_Enlightenment	YgoDuelist.YgoDuelistCode.Cards.Monster.Done.Normal.Ancient_Tree_of_Enlightenment
YgoDuelist.YgoDuelistCode.Cards.Monster.Todo.Normal.Ansatsu	YgoDuelist.YgoDuelistCode.Cards.Monster.Done.Normal.Ansatsu
YgoDuelist.YgoDuelistCode.Cards.Monster.Todo.Normal.Anthrosaurus	YgoDuelist.YgoDuelistCode.Cards.Monster.Done.Normal.Anthrosaurus
YgoDuelist.YgoDuelistCode.Cards.Monster.Todo.Normal.Aqua_Madoor	YgoDuelist.YgoDuelistCode.Cards.Monster.Done.Normal.Aqua_Madoor
YgoDuelist.YgoDuelistCode.Cards.Monster.Todo.Normal.Aqua_Snake	YgoDuelist.YgoDuelistCode.Cards.Monster.Done.Normal.Aqua_Snake
YgoDuelist.YgoDuelistCode.Cards.Monster.Todo.Normal.Archfiend_Marmot_of_Nefariousness	YgoDuelist.YgoDuelistCode.Cards.Monster.Done.Normal.Archfiend_Marmot_of_Nefariousness
YgoDuelist.YgoDuelistCode.Cards.Monster.Todo.Normal.Archfiend_Mirror	YgoDuelist.YgoDuelistCode.Cards.Monster.Done.Normal.Archfiend_Mirror
YgoDuelist.YgoDuelistCode.Cards.Monster.Todo.Normal.Archfiend_Soldier	YgoDuelist.YgoDuelistCode.Cards.Monster.Done.Normal.Archfiend_Soldier
YgoDuelist.YgoDuelistCode.Cards.Monster.Todo.Normal.Arlownay	YgoDuelist.YgoDuelistCode.Cards.Monster.Done.Normal.Arlownay
YgoDuelist.YgoDuelistCode.Cards.Monster.Todo.Normal.Armaill	YgoDuelist.YgoDuelistCode.Cards.Monster.Done.Normal.Armaill
YgoDuelist.YgoDuelistCode.Cards.Monster.Todo.Normal.Arma_Knight	YgoDuelist.YgoDuelistCode.Cards.Monster.Done.Normal.Arma_Knight
YgoDuelist.YgoDuelistCode.Cards.Monster.Todo.Normal.Armored_Lizard	YgoDuelist.YgoDuelistCode.Cards.Monster.Done.Normal.Armored_Lizard
YgoDuelist.YgoDuelistCode.Cards.Monster.Todo.Normal.Armored_Rat	YgoDuelist.YgoDuelistCode.Cards.Monster.Done.Normal.Armored_Rat
YgoDuelist.YgoDuelistCode.Cards.Monster.Todo.Normal.Armored_Starfish	YgoDuelist.YgoDuelistCode.Cards.Monster.Done.Normal.Armored_Starfish
YgoDuelist.YgoDuelistCode.Cards.Monster.Todo.Normal.Armored_Zombie	YgoDuelist.YgoDuelistCode.Cards.Monster.Done.Normal.Armored_Zombie
YgoDuelist.YgoDuelistCode.Cards.Monster.Todo.Normal.Axe_Raider	YgoDuelist.YgoDuelistCode.Cards.Monster.Done.Normal.Axe_Raider
YgoDuelist.YgoDuelistCode.Cards.Monster.Todo.Normal.Baby_Dragon	YgoDuelist.YgoDuelistCode.Cards.Monster.Done.Normal.Baby_Dragon
YgoDuelist.YgoDuelistCode.Cards.Monster.Todo.Normal.Baron_of_the_Fiend_Sword	YgoDuelist.YgoDuelistCode.Cards.Monster.Done.Normal.Baron_of_the_Fiend_Sword
YgoDuelist.YgoDuelistCode.Cards.Monster.Todo.Normal.Barrel_Lily	YgoDuelist.YgoDuelistCode.Cards.Monster.Done.Normal.Barrel_Lily
YgoDuelist.YgoDuelistCode.Cards.Monster.Todo.Normal.Barrel_Rock	YgoDuelist.YgoDuelistCode.Cards.Monster.Done.Normal.Barrel_Rock
YgoDuelist.YgoDuelistCode.Cards.Monster.Todo.Normal.Basic_Insect	YgoDuelist.YgoDuelistCode.Cards.Monster.Done.Normal.Basic_Insect
YgoDuelist.YgoDuelistCode.Cards.Monster.Todo.Normal.Bat	YgoDuelist.YgoDuelistCode.Cards.Monster.Done.Normal.Bat
YgoDuelist.YgoDuelistCode.Cards.Monster.Todo.Normal.Battle_Ox	YgoDuelist.YgoDuelistCode.Cards.Monster.Done.Normal.Battle_Ox
YgoDuelist.YgoDuelistCode.Cards.Monster.Todo.Normal.Battle_Steer	YgoDuelist.YgoDuelistCode.Cards.Monster.Done.Normal.Battle_Steer
YgoDuelist.YgoDuelistCode.Cards.Monster.Todo.Normal.Battle_Warrior	YgoDuelist.YgoDuelistCode.Cards.Monster.Done.Normal.Battle_Warrior
YgoDuelist.YgoDuelistCode.Cards.Monster.Todo.Normal.Beaked_Snake	YgoDuelist.YgoDuelistCode.Cards.Monster.Done.Normal.Beaked_Snake
YgoDuelist.YgoDuelistCode.Cards.Monster.Todo.Normal.Bean_Soldier	YgoDuelist.YgoDuelistCode.Cards.Monster.Done.Normal.Bean_Soldier
YgoDuelist.YgoDuelistCode.Cards.Monster.Todo.Normal.Beast_of_Talwar	YgoDuelist.YgoDuelistCode.Cards.Monster.Done.Normal.Beast_of_Talwar
YgoDuelist.YgoDuelistCode.Cards.Monster.Todo.Normal.Beautiful_Beast_Trainer	YgoDuelist.YgoDuelistCode.Cards.Monster.Done.Normal.Beautiful_Beast_Trainer
YgoDuelist.YgoDuelistCode.Cards.Monster.Todo.Normal.Beautiful_Headhuntress	YgoDuelist.YgoDuelistCode.Cards.Monster.Done.Normal.Beautiful_Headhuntress
YgoDuelist.YgoDuelistCode.Cards.Monster.Todo.Normal.Beaver_Warrior	YgoDuelist.YgoDuelistCode.Cards.Monster.Done.Normal.Beaver_Warrior
YgoDuelist.YgoDuelistCode.Cards.Monster.Todo.Normal.Behegon	YgoDuelist.YgoDuelistCode.Cards.Monster.Done.Normal.Behegon
YgoDuelist.YgoDuelistCode.Cards.Monster.Todo.Normal.Beta_the_Magnet_Warrior	YgoDuelist.YgoDuelistCode.Cards.Monster.Done.Normal.Beta_the_Magnet_Warrior
YgoDuelist.YgoDuelistCode.Cards.Monster.Todo.Normal.Big_Insect	YgoDuelist.YgoDuelistCode.Cards.Monster.Done.Normal.Big_Insect
YgoDuelist.YgoDuelistCode.Cards.Monster.Todo.Normal.Big_Koala	YgoDuelist.YgoDuelistCode.Cards.Monster.Done.Normal.Big_Koala
YgoDuelist.YgoDuelistCode.Cards.Monster.Todo.Normal.Binding_Chain	YgoDuelist.YgoDuelistCode.Cards.Monster.Done.Normal.Binding_Chain
YgoDuelist.YgoDuelistCode.Cards.Monster.Todo.Normal.Bio_Mage	YgoDuelist.YgoDuelistCode.Cards.Monster.Done.Normal.Bio_Mage
YgoDuelist.YgoDuelistCode.Cards.Monster.Todo.Normal.Bio_Plant	YgoDuelist.YgoDuelistCode.Cards.Monster.Done.Normal.Bio_Plant
YgoDuelist.YgoDuelistCode.Cards.Monster.Todo.Normal.Blackland_Fire_Dragon	YgoDuelist.YgoDuelistCode.Cards.Monster.Done.Normal.Blackland_Fire_Dragon
YgoDuelist.YgoDuelistCode.Cards.Monster.Todo.Normal.Blazing_Inpachi	YgoDuelist.YgoDuelistCode.Cards.Monster.Done.Normal.Blazing_Inpachi
YgoDuelist.YgoDuelistCode.Cards.Monster.Todo.Normal.Blocker	YgoDuelist.YgoDuelistCode.Cards.Monster.Done.Normal.Blocker
YgoDuelist.YgoDuelistCode.Cards.Monster.Todo.Normal.Blue_Eyed_Silver_Zombie	YgoDuelist.YgoDuelistCode.Cards.Monster.Done.Normal.Blue_Eyed_Silver_Zombie
YgoDuelist.YgoDuelistCode.Cards.Monster.Todo.Normal.Blue_Eyes_White_Dragon	YgoDuelist.YgoDuelistCode.Cards.Monster.Done.Normal.Blue_Eyes_White_Dragon
YgoDuelist.YgoDuelistCode.Cards.Monster.Todo.Normal.Blue_Winged_Crown	YgoDuelist.YgoDuelistCode.Cards.Monster.Done.Normal.Blue_Winged_Crown
YgoDuelist.YgoDuelistCode.Cards.Monster.Todo.Normal.Bolt_Escargot	YgoDuelist.YgoDuelistCode.Cards.Monster.Done.Normal.Bolt_Escargot
YgoDuelist.YgoDuelistCode.Cards.Monster.Todo.Normal.Bolt_Penguin	YgoDuelist.YgoDuelistCode.Cards.Monster.Done.Normal.Bolt_Penguin
YgoDuelist.YgoDuelistCode.Cards.Monster.Todo.Normal.Boneheimer	YgoDuelist.YgoDuelistCode.Cards.Monster.Done.Normal.Boneheimer
YgoDuelist.YgoDuelistCode.Cards.Monster.Todo.Normal.Bone_Mouse	YgoDuelist.YgoDuelistCode.Cards.Monster.Done.Normal.Bone_Mouse
YgoDuelist.YgoDuelistCode.Cards.Monster.Todo.Normal.Boo_Koo	YgoDuelist.YgoDuelistCode.Cards.Monster.Done.Normal.Boo_Koo
YgoDuelist.YgoDuelistCode.Cards.Monster.Todo.Normal.Bottom_Dweller	YgoDuelist.YgoDuelistCode.Cards.Monster.Done.Normal.Bottom_Dweller
YgoDuelist.YgoDuelistCode.Cards.Monster.Todo.Normal.Boulder_Tortoise	YgoDuelist.YgoDuelistCode.Cards.Monster.Done.Normal.Boulder_Tortoise
YgoDuelist.YgoDuelistCode.Cards.Monster.Todo.Normal.Brave_Scizzar	YgoDuelist.YgoDuelistCode.Cards.Monster.Done.Normal.Brave_Scizzar
YgoDuelist.YgoDuelistCode.Cards.Monster.Todo.Normal.Burglar	YgoDuelist.YgoDuelistCode.Cards.Monster.Done.Normal.Burglar
YgoDuelist.YgoDuelistCode.Cards.Monster.Todo.Normal.B_Dragon_Jungle_King	YgoDuelist.YgoDuelistCode.Cards.Monster.Done.Normal.B_Dragon_Jungle_King
YgoDuelist.YgoDuelistCode.Cards.Monster.Todo.Normal.Candle_of_Fate	YgoDuelist.YgoDuelistCode.Cards.Monster.Done.Normal.Candle_of_Fate
YgoDuelist.YgoDuelistCode.Cards.Monster.Todo.Normal.Card_30_000_Year_White_Turtle	YgoDuelist.YgoDuelistCode.Cards.Monster.Done.Normal.Card_30_000_Year_White_Turtle
YgoDuelist.YgoDuelistCode.Cards.Monster.Todo.Normal.Card_7_Colored_Fish	YgoDuelist.YgoDuelistCode.Cards.Monster.Done.Normal.Card_7_Colored_Fish
YgoDuelist.YgoDuelistCode.Cards.Monster.Todo.Normal.Celtic_Guardian	YgoDuelist.YgoDuelistCode.Cards.Monster.Done.Normal.Celtic_Guardian
YgoDuelist.YgoDuelistCode.Cards.Monster.Todo.Normal.Change_Slime	YgoDuelist.YgoDuelistCode.Cards.Monster.Done.Normal.Change_Slime
YgoDuelist.YgoDuelistCode.Cards.Monster.Todo.Normal.Claw_Reacher	YgoDuelist.YgoDuelistCode.Cards.Monster.Done.Normal.Claw_Reacher
YgoDuelist.YgoDuelistCode.Cards.Monster.Todo.Normal.Clown_Zombie	YgoDuelist.YgoDuelistCode.Cards.Monster.Done.Normal.Clown_Zombie
YgoDuelist.YgoDuelistCode.Cards.Monster.Todo.Normal.Corroding_Shark	YgoDuelist.YgoDuelistCode.Cards.Monster.Done.Normal.Corroding_Shark
YgoDuelist.YgoDuelistCode.Cards.Monster.Todo.Normal.Cosmo_Queen	YgoDuelist.YgoDuelistCode.Cards.Monster.Done.Normal.Cosmo_Queen
YgoDuelist.YgoDuelistCode.Cards.Monster.Todo.Normal.Crawling_Dragon	YgoDuelist.YgoDuelistCode.Cards.Monster.Done.Normal.Crawling_Dragon
YgoDuelist.YgoDuelistCode.Cards.Monster.Todo.Normal.Crawling_Dragon_2	YgoDuelist.YgoDuelistCode.Cards.Monster.Done.Normal.Crawling_Dragon_2
YgoDuelist.YgoDuelistCode.Cards.Monster.Todo.Normal.Crazy_Fish	YgoDuelist.YgoDuelistCode.Cards.Monster.Done.Normal.Crazy_Fish
YgoDuelist.YgoDuelistCode.Cards.Monster.Todo.Normal.Crow_Goblin	YgoDuelist.YgoDuelistCode.Cards.Monster.Done.Normal.Crow_Goblin
YgoDuelist.YgoDuelistCode.Cards.Monster.Todo.Normal.Curse_of_Dragon	YgoDuelist.YgoDuelistCode.Cards.Monster.Done.Normal.Curse_of_Dragon
YgoDuelist.YgoDuelistCode.Cards.Monster.Todo.Normal.Curtain_of_the_Dark_Ones	YgoDuelist.YgoDuelistCode.Cards.Monster.Done.Normal.Curtain_of_the_Dark_Ones
YgoDuelist.YgoDuelistCode.Cards.Monster.Todo.Normal.Cyber_Commander	YgoDuelist.YgoDuelistCode.Cards.Monster.Done.Normal.Cyber_Commander
YgoDuelist.YgoDuelistCode.Cards.Monster.Todo.Normal.Cyber_Falcon	YgoDuelist.YgoDuelistCode.Cards.Monster.Done.Normal.Cyber_Falcon
YgoDuelist.YgoDuelistCode.Cards.Monster.Todo.Normal.Cyber_Soldier	YgoDuelist.YgoDuelistCode.Cards.Monster.Done.Normal.Cyber_Soldier
YgoDuelist.YgoDuelistCode.Cards.Monster.Todo.Normal.Cyber_Soldier_of_Darkworld	YgoDuelist.YgoDuelistCode.Cards.Monster.Done.Normal.Cyber_Soldier_of_Darkworld
YgoDuelist.YgoDuelistCode.Cards.Monster.Todo.Normal.Cyber_Tech_Alligator	YgoDuelist.YgoDuelistCode.Cards.Monster.Done.Normal.Cyber_Tech_Alligator
YgoDuelist.YgoDuelistCode.Cards.Monster.Todo.Normal.Dancing_Elf	YgoDuelist.YgoDuelistCode.Cards.Monster.Done.Normal.Dancing_Elf
YgoDuelist.YgoDuelistCode.Cards.Monster.Todo.Normal.Darkfire_Soldier_1	YgoDuelist.YgoDuelistCode.Cards.Monster.Done.Normal.Darkfire_Soldier_1
YgoDuelist.YgoDuelistCode.Cards.Monster.Todo.Normal.Darkfire_Soldier_2	YgoDuelist.YgoDuelistCode.Cards.Monster.Done.Normal.Darkfire_Soldier_2
YgoDuelist.YgoDuelistCode.Cards.Monster.Todo.Normal.Darkworld_Thorns	YgoDuelist.YgoDuelistCode.Cards.Monster.Done.Normal.Darkworld_Thorns
YgoDuelist.YgoDuelistCode.Cards.Monster.Todo.Normal.Dark_Assailant	YgoDuelist.YgoDuelistCode.Cards.Monster.Done.Normal.Dark_Assailant
YgoDuelist.YgoDuelistCode.Cards.Monster.Todo.Normal.Dark_Bat	YgoDuelist.YgoDuelistCode.Cards.Monster.Done.Normal.Dark_Bat
YgoDuelist.YgoDuelistCode.Cards.Monster.Todo.Normal.Dark_Blade	YgoDuelist.YgoDuelistCode.Cards.Monster.Done.Normal.Dark_Blade
YgoDuelist.YgoDuelistCode.Cards.Monster.Todo.Normal.Dark_Chimera	YgoDuelist.YgoDuelistCode.Cards.Monster.Done.Normal.Dark_Chimera
YgoDuelist.YgoDuelistCode.Cards.Monster.Todo.Normal.Dark_Gray	YgoDuelist.YgoDuelistCode.Cards.Monster.Done.Normal.Dark_Gray
YgoDuelist.YgoDuelistCode.Cards.Monster.Todo.Normal.Dark_King_of_the_Abyss	YgoDuelist.YgoDuelistCode.Cards.Monster.Done.Normal.Dark_King_of_the_Abyss
YgoDuelist.YgoDuelistCode.Cards.Monster.Todo.Normal.Dark_Magician	YgoDuelist.YgoDuelistCode.Cards.Monster.Done.Normal.Dark_Magician
YgoDuelist.YgoDuelistCode.Cards.Monster.Todo.Normal.Dark_Plant	YgoDuelist.YgoDuelistCode.Cards.Monster.Done.Normal.Dark_Plant
YgoDuelist.YgoDuelistCode.Cards.Monster.Todo.Normal.Dark_Prisoner	YgoDuelist.YgoDuelistCode.Cards.Monster.Done.Normal.Dark_Prisoner
YgoDuelist.YgoDuelistCode.Cards.Monster.Todo.Normal.Dark_Rabbit	YgoDuelist.YgoDuelistCode.Cards.Monster.Done.Normal.Dark_Rabbit
YgoDuelist.YgoDuelistCode.Cards.Monster.Todo.Normal.Dark_Shade	YgoDuelist.YgoDuelistCode.Cards.Monster.Done.Normal.Dark_Shade
YgoDuelist.YgoDuelistCode.Cards.Monster.Todo.Normal.Dark_Titan_of_Terror	YgoDuelist.YgoDuelistCode.Cards.Monster.Done.Normal.Dark_Titan_of_Terror
YgoDuelist.YgoDuelistCode.Cards.Monster.Todo.Normal.Dark_Witch	YgoDuelist.YgoDuelistCode.Cards.Monster.Done.Normal.Dark_Witch
YgoDuelist.YgoDuelistCode.Cards.Monster.Todo.Normal.Destroyer_Golem	YgoDuelist.YgoDuelistCode.Cards.Monster.Done.Normal.Destroyer_Golem
YgoDuelist.YgoDuelistCode.Cards.Monster.Todo.Normal.Dharma_Cannon	YgoDuelist.YgoDuelistCode.Cards.Monster.Done.Normal.Dharma_Cannon
YgoDuelist.YgoDuelistCode.Cards.Monster.Todo.Normal.Dice_Armadillo	YgoDuelist.YgoDuelistCode.Cards.Monster.Done.Normal.Dice_Armadillo
YgoDuelist.YgoDuelistCode.Cards.Monster.Todo.Normal.Dig_Beak	YgoDuelist.YgoDuelistCode.Cards.Monster.Done.Normal.Dig_Beak
YgoDuelist.YgoDuelistCode.Cards.Monster.Todo.Normal.Disk_Magician	YgoDuelist.YgoDuelistCode.Cards.Monster.Done.Normal.Disk_Magician
YgoDuelist.YgoDuelistCode.Cards.Monster.Todo.Normal.Dissolverock	YgoDuelist.YgoDuelistCode.Cards.Monster.Done.Normal.Dissolverock
YgoDuelist.YgoDuelistCode.Cards.Monster.Todo.Normal.Divine_Dragon_Ragnarok	YgoDuelist.YgoDuelistCode.Cards.Monster.Done.Normal.Divine_Dragon_Ragnarok
YgoDuelist.YgoDuelistCode.Cards.Monster.Todo.Normal.Djinn_the_Watcher_of_the_Wind	YgoDuelist.YgoDuelistCode.Cards.Monster.Done.Normal.Djinn_the_Watcher_of_the_Wind
YgoDuelist.YgoDuelistCode.Cards.Monster.Todo.Normal.Dokuroizo_the_Grim_Reaper	YgoDuelist.YgoDuelistCode.Cards.Monster.Done.Normal.Dokuroizo_the_Grim_Reaper
YgoDuelist.YgoDuelistCode.Cards.Monster.Todo.Normal.Dokuroyaiba	YgoDuelist.YgoDuelistCode.Cards.Monster.Done.Normal.Dokuroyaiba
YgoDuelist.YgoDuelistCode.Cards.Monster.Todo.Normal.Doma_the_Angel_of_Silence	YgoDuelist.YgoDuelistCode.Cards.Monster.Done.Normal.Doma_the_Angel_of_Silence
YgoDuelist.YgoDuelistCode.Cards.Monster.Todo.Normal.Doriado	YgoDuelist.YgoDuelistCode.Cards.Monster.Done.Normal.Doriado
YgoDuelist.YgoDuelistCode.Cards.Monster.Todo.Normal.Doron	YgoDuelist.YgoDuelistCode.Cards.Monster.Done.Normal.Doron
YgoDuelist.YgoDuelistCode.Cards.Monster.Todo.Normal.Dorover	YgoDuelist.YgoDuelistCode.Cards.Monster.Done.Normal.Dorover
YgoDuelist.YgoDuelistCode.Cards.Monster.Todo.Normal.Dragon_Statue	YgoDuelist.YgoDuelistCode.Cards.Monster.Done.Normal.Dragon_Statue
YgoDuelist.YgoDuelistCode.Cards.Monster.Todo.Normal.Dragon_Zombie	YgoDuelist.YgoDuelistCode.Cards.Monster.Done.Normal.Dragon_Zombie
YgoDuelist.YgoDuelistCode.Cards.Monster.Todo.Normal.Droll_Bird	YgoDuelist.YgoDuelistCode.Cards.Monster.Done.Normal.Droll_Bird
YgoDuelist.YgoDuelistCode.Cards.Monster.Todo.Normal.Drooling_Lizard	YgoDuelist.YgoDuelistCode.Cards.Monster.Done.Normal.Drooling_Lizard
YgoDuelist.YgoDuelistCode.Cards.Monster.Todo.Normal.Dunames_Dark_Witch	YgoDuelist.YgoDuelistCode.Cards.Monster.Done.Normal.Dunames_Dark_Witch
YgoDuelist.YgoDuelistCode.Cards.Monster.Todo.Normal.Dungeon_Worm	YgoDuelist.YgoDuelistCode.Cards.Monster.Done.Normal.Dungeon_Worm
YgoDuelist.YgoDuelistCode.Cards.Monster.Todo.Normal.D_D_Trainer	YgoDuelist.YgoDuelistCode.Cards.Monster.Done.Normal.D_D_Trainer
YgoDuelist.YgoDuelistCode.Cards.Monster.Todo.Normal.D_Human	YgoDuelist.YgoDuelistCode.Cards.Monster.Done.Normal.D_Human
YgoDuelist.YgoDuelistCode.Cards.Monster.Todo.Normal.Earthbound_Spirit	YgoDuelist.YgoDuelistCode.Cards.Monster.Done.Normal.Earthbound_Spirit
YgoDuelist.YgoDuelistCode.Cards.Monster.Todo.Normal.Eldeen	YgoDuelist.YgoDuelistCode.Cards.Monster.Done.Normal.Eldeen
YgoDuelist.YgoDuelistCode.Cards.Monster.Todo.Normal.Embryonic_Beast	YgoDuelist.YgoDuelistCode.Cards.Monster.Done.Normal.Embryonic_Beast
YgoDuelist.YgoDuelistCode.Cards.Monster.Todo.Normal.Emperor_of_the_Land_and_Sea	YgoDuelist.YgoDuelistCode.Cards.Monster.Done.Normal.Emperor_of_the_Land_and_Sea
YgoDuelist.YgoDuelistCode.Cards.Monster.Todo.Normal.Empress_Mantis	YgoDuelist.YgoDuelistCode.Cards.Monster.Done.Normal.Empress_Mantis
YgoDuelist.YgoDuelistCode.Cards.Monster.Todo.Normal.Enchanting_Mermaid	YgoDuelist.YgoDuelistCode.Cards.Monster.Done.Normal.Enchanting_Mermaid
YgoDuelist.YgoDuelistCode.Cards.Monster.Todo.Normal.Eyearmor	YgoDuelist.YgoDuelistCode.Cards.Monster.Done.Normal.Eyearmor
YgoDuelist.YgoDuelistCode.Cards.Monster.Todo.Normal.Fairywitch	YgoDuelist.YgoDuelistCode.Cards.Monster.Done.Normal.Fairywitch
YgoDuelist.YgoDuelistCode.Cards.Monster.Todo.Normal.Fairy_Dragon	YgoDuelist.YgoDuelistCode.Cards.Monster.Done.Normal.Fairy_Dragon
YgoDuelist.YgoDuelistCode.Cards.Monster.Todo.Normal.Fairy_of_the_Fountain	YgoDuelist.YgoDuelistCode.Cards.Monster.Done.Normal.Fairy_of_the_Fountain
YgoDuelist.YgoDuelistCode.Cards.Monster.Todo.Normal.Fairy_S_Gift	YgoDuelist.YgoDuelistCode.Cards.Monster.Done.Normal.Fairy_S_Gift
YgoDuelist.YgoDuelistCode.Cards.Monster.Todo.Normal.Faith_Bird	YgoDuelist.YgoDuelistCode.Cards.Monster.Done.Normal.Faith_Bird
YgoDuelist.YgoDuelistCode.Cards.Monster.Todo.Normal.Feral_Imp	YgoDuelist.YgoDuelistCode.Cards.Monster.Done.Normal.Feral_Imp
YgoDuelist.YgoDuelistCode.Cards.Monster.Todo.Normal.Fiend_Kraken	YgoDuelist.YgoDuelistCode.Cards.Monster.Done.Normal.Fiend_Kraken
YgoDuelist.YgoDuelistCode.Cards.Monster.Todo.Normal.Fiend_Reflection_1	YgoDuelist.YgoDuelistCode.Cards.Monster.Done.Normal.Fiend_Reflection_1
YgoDuelist.YgoDuelistCode.Cards.Monster.Todo.Normal.Fiend_Reflection_2	YgoDuelist.YgoDuelistCode.Cards.Monster.Done.Normal.Fiend_Reflection_2
YgoDuelist.YgoDuelistCode.Cards.Monster.Todo.Normal.Fiend_Scorpion	YgoDuelist.YgoDuelistCode.Cards.Monster.Done.Normal.Fiend_Scorpion
YgoDuelist.YgoDuelistCode.Cards.Monster.Todo.Normal.Fiend_Sword	YgoDuelist.YgoDuelistCode.Cards.Monster.Done.Normal.Fiend_Sword
YgoDuelist.YgoDuelistCode.Cards.Monster.Todo.Normal.Fiend_S_Hand	YgoDuelist.YgoDuelistCode.Cards.Monster.Done.Normal.Fiend_S_Hand
YgoDuelist.YgoDuelistCode.Cards.Monster.Todo.Normal.Firegrass	YgoDuelist.YgoDuelistCode.Cards.Monster.Done.Normal.Firegrass
YgoDuelist.YgoDuelistCode.Cards.Monster.Todo.Normal.Firewing_Pegasus	YgoDuelist.YgoDuelistCode.Cards.Monster.Done.Normal.Firewing_Pegasus
YgoDuelist.YgoDuelistCode.Cards.Monster.Todo.Normal.Fireyarou	YgoDuelist.YgoDuelistCode.Cards.Monster.Done.Normal.Fireyarou
YgoDuelist.YgoDuelistCode.Cards.Monster.Todo.Normal.Fire_Eye	YgoDuelist.YgoDuelistCode.Cards.Monster.Done.Normal.Fire_Eye
YgoDuelist.YgoDuelistCode.Cards.Monster.Todo.Normal.Fire_Kraken	YgoDuelist.YgoDuelistCode.Cards.Monster.Done.Normal.Fire_Kraken
YgoDuelist.YgoDuelistCode.Cards.Monster.Todo.Normal.Fire_Reaper	YgoDuelist.YgoDuelistCode.Cards.Monster.Done.Normal.Fire_Reaper
YgoDuelist.YgoDuelistCode.Cards.Monster.Todo.Normal.Flame_Cerebrus	YgoDuelist.YgoDuelistCode.Cards.Monster.Done.Normal.Flame_Cerebrus
YgoDuelist.YgoDuelistCode.Cards.Monster.Todo.Normal.Flame_Champion	YgoDuelist.YgoDuelistCode.Cards.Monster.Done.Normal.Flame_Champion
YgoDuelist.YgoDuelistCode.Cards.Monster.Todo.Normal.Flame_Dancer	YgoDuelist.YgoDuelistCode.Cards.Monster.Done.Normal.Flame_Dancer
YgoDuelist.YgoDuelistCode.Cards.Monster.Todo.Normal.Flame_Manipulator	YgoDuelist.YgoDuelistCode.Cards.Monster.Done.Normal.Flame_Manipulator
YgoDuelist.YgoDuelistCode.Cards.Monster.Todo.Normal.Flame_Viper	YgoDuelist.YgoDuelistCode.Cards.Monster.Done.Normal.Flame_Viper
YgoDuelist.YgoDuelistCode.Cards.Monster.Todo.Normal.Flying_Fish	YgoDuelist.YgoDuelistCode.Cards.Monster.Done.Normal.Flying_Fish
YgoDuelist.YgoDuelistCode.Cards.Monster.Todo.Normal.Flying_Kamakiri_2	YgoDuelist.YgoDuelistCode.Cards.Monster.Done.Normal.Flying_Kamakiri_2
YgoDuelist.YgoDuelistCode.Cards.Monster.Todo.Normal.Flying_Penguin	YgoDuelist.YgoDuelistCode.Cards.Monster.Done.Normal.Flying_Penguin
YgoDuelist.YgoDuelistCode.Cards.Monster.Todo.Normal.Frenzied_Panda	YgoDuelist.YgoDuelistCode.Cards.Monster.Done.Normal.Frenzied_Panda
YgoDuelist.YgoDuelistCode.Cards.Monster.Todo.Normal.Fungi_of_the_Musk	YgoDuelist.YgoDuelistCode.Cards.Monster.Done.Normal.Fungi_of_the_Musk
YgoDuelist.YgoDuelistCode.Cards.Monster.Todo.Normal.Gadget_Soldier	YgoDuelist.YgoDuelistCode.Cards.Monster.Done.Normal.Gadget_Soldier
YgoDuelist.YgoDuelistCode.Cards.Monster.Todo.Normal.Gagagigo	YgoDuelist.YgoDuelistCode.Cards.Monster.Done.Normal.Gagagigo
YgoDuelist.YgoDuelistCode.Cards.Monster.Todo.Normal.Gaia_The_Fierce_Knight	YgoDuelist.YgoDuelistCode.Cards.Monster.Done.Normal.Gaia_The_Fierce_Knight
YgoDuelist.YgoDuelistCode.Cards.Monster.Todo.Normal.Gamma_the_Magnet_Warrior	YgoDuelist.YgoDuelistCode.Cards.Monster.Done.Normal.Gamma_the_Magnet_Warrior
YgoDuelist.YgoDuelistCode.Cards.Monster.Todo.Normal.Ganigumo	YgoDuelist.YgoDuelistCode.Cards.Monster.Done.Normal.Ganigumo
YgoDuelist.YgoDuelistCode.Cards.Monster.Todo.Normal.Garnecia_Elefantis	YgoDuelist.YgoDuelistCode.Cards.Monster.Done.Normal.Garnecia_Elefantis
YgoDuelist.YgoDuelistCode.Cards.Monster.Todo.Normal.Garoozis	YgoDuelist.YgoDuelistCode.Cards.Monster.Done.Normal.Garoozis
YgoDuelist.YgoDuelistCode.Cards.Monster.Todo.Normal.Garvas	YgoDuelist.YgoDuelistCode.Cards.Monster.Done.Normal.Garvas
YgoDuelist.YgoDuelistCode.Cards.Monster.Todo.Normal.Gatekeeper	YgoDuelist.YgoDuelistCode.Cards.Monster.Done.Normal.Gatekeeper
YgoDuelist.YgoDuelistCode.Cards.Monster.Todo.Normal.Gate_Deeg	YgoDuelist.YgoDuelistCode.Cards.Monster.Done.Normal.Gate_Deeg
YgoDuelist.YgoDuelistCode.Cards.Monster.Todo.Normal.Gazelle_the_King_of_Mythical_Beasts	YgoDuelist.YgoDuelistCode.Cards.Monster.Done.Normal.Gazelle_the_King_of_Mythical_Beasts
YgoDuelist.YgoDuelistCode.Cards.Monster.Todo.Normal.Gemini_Elf	YgoDuelist.YgoDuelistCode.Cards.Monster.Done.Normal.Gemini_Elf
YgoDuelist.YgoDuelistCode.Cards.Monster.Todo.Normal.Genin	YgoDuelist.YgoDuelistCode.Cards.Monster.Done.Normal.Genin
YgoDuelist.YgoDuelistCode.Cards.Monster.Todo.Normal.Ghoul_with_an_Appetite	YgoDuelist.YgoDuelistCode.Cards.Monster.Done.Normal.Ghoul_with_an_Appetite
YgoDuelist.YgoDuelistCode.Cards.Monster.Todo.Normal.Giant_Flea	YgoDuelist.YgoDuelistCode.Cards.Monster.Done.Normal.Giant_Flea
YgoDuelist.YgoDuelistCode.Cards.Monster.Todo.Normal.Giant_Mech_Soldier	YgoDuelist.YgoDuelistCode.Cards.Monster.Done.Normal.Giant_Mech_Soldier
YgoDuelist.YgoDuelistCode.Cards.Monster.Todo.Normal.Giant_Red_Seasnake	YgoDuelist.YgoDuelistCode.Cards.Monster.Done.Normal.Giant_Red_Seasnake
YgoDuelist.YgoDuelistCode.Cards.Monster.Todo.Normal.Giant_Scorpion_of_the_Tundra	YgoDuelist.YgoDuelistCode.Cards.Monster.Done.Normal.Giant_Scorpion_of_the_Tundra
YgoDuelist.YgoDuelistCode.Cards.Monster.Todo.Normal.Giant_Soldier_of_Stone	YgoDuelist.YgoDuelistCode.Cards.Monster.Done.Normal.Giant_Soldier_of_Stone
YgoDuelist.YgoDuelistCode.Cards.Monster.Todo.Normal.Giant_Turtle_Who_Feeds_on_Flames	YgoDuelist.YgoDuelistCode.Cards.Monster.Done.Normal.Giant_Turtle_Who_Feeds_on_Flames
YgoDuelist.YgoDuelistCode.Cards.Monster.Todo.Normal.Giganto	YgoDuelist.YgoDuelistCode.Cards.Monster.Done.Normal.Giganto
YgoDuelist.YgoDuelistCode.Cards.Monster.Todo.Normal.Giga_Gagagigo	YgoDuelist.YgoDuelistCode.Cards.Monster.Done.Normal.Giga_Gagagigo
YgoDuelist.YgoDuelistCode.Cards.Monster.Todo.Normal.Giga_Tech_Wolf	YgoDuelist.YgoDuelistCode.Cards.Monster.Done.Normal.Giga_Tech_Wolf
YgoDuelist.YgoDuelistCode.Cards.Monster.Todo.Normal.Gigobyte	YgoDuelist.YgoDuelistCode.Cards.Monster.Done.Normal.Gigobyte
YgoDuelist.YgoDuelistCode.Cards.Monster.Todo.Normal.Girochin_Kuwagata	YgoDuelist.YgoDuelistCode.Cards.Monster.Done.Normal.Girochin_Kuwagata
YgoDuelist.YgoDuelistCode.Cards.Monster.Todo.Normal.Gogiga_Gagagigo	YgoDuelist.YgoDuelistCode.Cards.Monster.Done.Normal.Gogiga_Gagagigo
YgoDuelist.YgoDuelistCode.Cards.Monster.Todo.Normal.Gokibore	YgoDuelist.YgoDuelistCode.Cards.Monster.Done.Normal.Gokibore
YgoDuelist.YgoDuelistCode.Cards.Monster.Todo.Normal.Golgoil	YgoDuelist.YgoDuelistCode.Cards.Monster.Done.Normal.Golgoil
YgoDuelist.YgoDuelistCode.Cards.Monster.Todo.Normal.Gorgon_Egg	YgoDuelist.YgoDuelistCode.Cards.Monster.Done.Normal.Gorgon_Egg
YgoDuelist.YgoDuelistCode.Cards.Monster.Todo.Normal.Gradius	YgoDuelist.YgoDuelistCode.Cards.Monster.Done.Normal.Gradius
YgoDuelist.YgoDuelistCode.Cards.Monster.Todo.Normal.Grand_Tiki_Elder	YgoDuelist.YgoDuelistCode.Cards.Monster.Done.Normal.Grand_Tiki_Elder
YgoDuelist.YgoDuelistCode.Cards.Monster.Todo.Normal.Grappler	YgoDuelist.YgoDuelistCode.Cards.Monster.Done.Normal.Grappler
YgoDuelist.YgoDuelistCode.Cards.Monster.Todo.Normal.Graveyard_and_the_Hand_of_Invitation	YgoDuelist.YgoDuelistCode.Cards.Monster.Done.Normal.Graveyard_and_the_Hand_of_Invitation
YgoDuelist.YgoDuelistCode.Cards.Monster.Todo.Normal.Great_Angus	YgoDuelist.YgoDuelistCode.Cards.Monster.Done.Normal.Great_Angus
YgoDuelist.YgoDuelistCode.Cards.Monster.Todo.Normal.Great_Bill	YgoDuelist.YgoDuelistCode.Cards.Monster.Done.Normal.Great_Bill
YgoDuelist.YgoDuelistCode.Cards.Monster.Todo.Normal.Great_White	YgoDuelist.YgoDuelistCode.Cards.Monster.Done.Normal.Great_White
YgoDuelist.YgoDuelistCode.Cards.Monster.Todo.Normal.Green_Phantom_King	YgoDuelist.YgoDuelistCode.Cards.Monster.Done.Normal.Green_Phantom_King
YgoDuelist.YgoDuelistCode.Cards.Monster.Todo.Normal.Griffore	YgoDuelist.YgoDuelistCode.Cards.Monster.Done.Normal.Griffore
YgoDuelist.YgoDuelistCode.Cards.Monster.Todo.Normal.Ground_Attacker_Bugroth	YgoDuelist.YgoDuelistCode.Cards.Monster.Done.Normal.Ground_Attacker_Bugroth
YgoDuelist.YgoDuelistCode.Cards.Monster.Todo.Normal.Gruesome_Goo	YgoDuelist.YgoDuelistCode.Cards.Monster.Done.Normal.Gruesome_Goo
YgoDuelist.YgoDuelistCode.Cards.Monster.Todo.Normal.Guardian_of_the_Labyrinth	YgoDuelist.YgoDuelistCode.Cards.Monster.Done.Normal.Guardian_of_the_Labyrinth
YgoDuelist.YgoDuelistCode.Cards.Monster.Todo.Normal.Guardian_of_the_Throne_Room	YgoDuelist.YgoDuelistCode.Cards.Monster.Done.Normal.Guardian_of_the_Throne_Room
YgoDuelist.YgoDuelistCode.Cards.Monster.Todo.Normal.Gyakutenno_Megami	YgoDuelist.YgoDuelistCode.Cards.Monster.Done.Normal.Gyakutenno_Megami
YgoDuelist.YgoDuelistCode.Cards.Monster.Todo.Normal.Haniwa	YgoDuelist.YgoDuelistCode.Cards.Monster.Done.Normal.Haniwa
YgoDuelist.YgoDuelistCode.Cards.Monster.Todo.Normal.Happy_Lover	YgoDuelist.YgoDuelistCode.Cards.Monster.Done.Normal.Happy_Lover
YgoDuelist.YgoDuelistCode.Cards.Monster.Todo.Normal.Hard_Armor	YgoDuelist.YgoDuelistCode.Cards.Monster.Done.Normal.Hard_Armor
YgoDuelist.YgoDuelistCode.Cards.Monster.Todo.Normal.Harpie_Lady	YgoDuelist.YgoDuelistCode.Cards.Monster.Done.Normal.Harpie_Lady
YgoDuelist.YgoDuelistCode.Cards.Monster.Todo.Normal.Headless_Knight	YgoDuelist.YgoDuelistCode.Cards.Monster.Done.Normal.Headless_Knight
YgoDuelist.YgoDuelistCode.Cards.Monster.Todo.Normal.Hercules_Beetle	YgoDuelist.YgoDuelistCode.Cards.Monster.Done.Normal.Hercules_Beetle
YgoDuelist.YgoDuelistCode.Cards.Monster.Todo.Normal.Hero_of_the_East	YgoDuelist.YgoDuelistCode.Cards.Monster.Done.Normal.Hero_of_the_East
YgoDuelist.YgoDuelistCode.Cards.Monster.Todo.Normal.Hibikime	YgoDuelist.YgoDuelistCode.Cards.Monster.Done.Normal.Hibikime
YgoDuelist.YgoDuelistCode.Cards.Monster.Todo.Normal.High_Tide_Gyojin	YgoDuelist.YgoDuelistCode.Cards.Monster.Done.Normal.High_Tide_Gyojin
YgoDuelist.YgoDuelistCode.Cards.Monster.Todo.Normal.Hinotama_Soul	YgoDuelist.YgoDuelistCode.Cards.Monster.Done.Normal.Hinotama_Soul
YgoDuelist.YgoDuelistCode.Cards.Monster.Todo.Normal.Hitodenchak	YgoDuelist.YgoDuelistCode.Cards.Monster.Done.Normal.Hitodenchak
YgoDuelist.YgoDuelistCode.Cards.Monster.Todo.Normal.Hitotsu_Me_Giant	YgoDuelist.YgoDuelistCode.Cards.Monster.Done.Normal.Hitotsu_Me_Giant
YgoDuelist.YgoDuelistCode.Cards.Monster.Todo.Normal.Holograh	YgoDuelist.YgoDuelistCode.Cards.Monster.Done.Normal.Holograh
YgoDuelist.YgoDuelistCode.Cards.Monster.Todo.Normal.Horn_Imp	YgoDuelist.YgoDuelistCode.Cards.Monster.Done.Normal.Horn_Imp
YgoDuelist.YgoDuelistCode.Cards.Monster.Todo.Normal.Hourglass_of_Life	YgoDuelist.YgoDuelistCode.Cards.Monster.Done.Normal.Hourglass_of_Life
YgoDuelist.YgoDuelistCode.Cards.Monster.Todo.Normal.Humanoid_Slime	YgoDuelist.YgoDuelistCode.Cards.Monster.Done.Normal.Humanoid_Slime
YgoDuelist.YgoDuelistCode.Cards.Monster.Todo.Normal.Hunter_Spider	YgoDuelist.YgoDuelistCode.Cards.Monster.Done.Normal.Hunter_Spider
YgoDuelist.YgoDuelistCode.Cards.Monster.Todo.Normal.Hurricail	YgoDuelist.YgoDuelistCode.Cards.Monster.Done.Normal.Hurricail
YgoDuelist.YgoDuelistCode.Cards.Monster.Todo.Normal.Hyo	YgoDuelist.YgoDuelistCode.Cards.Monster.Done.Normal.Hyo
YgoDuelist.YgoDuelistCode.Cards.Monster.Todo.Normal.Hyosube	YgoDuelist.YgoDuelistCode.Cards.Monster.Done.Normal.Hyosube
YgoDuelist.YgoDuelistCode.Cards.Monster.Todo.Normal.Hyozanryu	YgoDuelist.YgoDuelistCode.Cards.Monster.Done.Normal.Hyozanryu
YgoDuelist.YgoDuelistCode.Cards.Monster.Todo.Normal.Ice_Water	YgoDuelist.YgoDuelistCode.Cards.Monster.Done.Normal.Ice_Water
YgoDuelist.YgoDuelistCode.Cards.Monster.Todo.Normal.Illusionist_Faceless_Mage	YgoDuelist.YgoDuelistCode.Cards.Monster.Done.Normal.Illusionist_Faceless_Mage
YgoDuelist.YgoDuelistCode.Cards.Monster.Todo.Normal.Ill_Witch	YgoDuelist.YgoDuelistCode.Cards.Monster.Done.Normal.Ill_Witch
YgoDuelist.YgoDuelistCode.Cards.Monster.Todo.Normal.Inpachi	YgoDuelist.YgoDuelistCode.Cards.Monster.Done.Normal.Inpachi
YgoDuelist.YgoDuelistCode.Cards.Monster.Todo.Normal.Invader_from_Another_Dimension	YgoDuelist.YgoDuelistCode.Cards.Monster.Done.Normal.Invader_from_Another_Dimension
YgoDuelist.YgoDuelistCode.Cards.Monster.Todo.Normal.Island_Turtle	YgoDuelist.YgoDuelistCode.Cards.Monster.Done.Normal.Island_Turtle
YgoDuelist.YgoDuelistCode.Cards.Monster.Todo.Normal.Jellyfish	YgoDuelist.YgoDuelistCode.Cards.Monster.Done.Normal.Jellyfish
YgoDuelist.YgoDuelistCode.Cards.Monster.Todo.Normal.Job_Change_Mirror	YgoDuelist.YgoDuelistCode.Cards.Monster.Done.Normal.Job_Change_Mirror
YgoDuelist.YgoDuelistCode.Cards.Monster.Todo.Normal.Judge_Man	YgoDuelist.YgoDuelistCode.Cards.Monster.Done.Normal.Judge_Man
YgoDuelist.YgoDuelistCode.Cards.Monster.Todo.Normal.Kabazauls	YgoDuelist.YgoDuelistCode.Cards.Monster.Done.Normal.Kabazauls
YgoDuelist.YgoDuelistCode.Cards.Monster.Todo.Normal.Kagemusha_of_the_Blue_Flame	YgoDuelist.YgoDuelistCode.Cards.Monster.Done.Normal.Kagemusha_of_the_Blue_Flame
YgoDuelist.YgoDuelistCode.Cards.Monster.Todo.Normal.Kageningen	YgoDuelist.YgoDuelistCode.Cards.Monster.Done.Normal.Kageningen
YgoDuelist.YgoDuelistCode.Cards.Monster.Todo.Normal.Kairyu_Shin	YgoDuelist.YgoDuelistCode.Cards.Monster.Done.Normal.Kairyu_Shin
YgoDuelist.YgoDuelistCode.Cards.Monster.Todo.Normal.Kamakiriman	YgoDuelist.YgoDuelistCode.Cards.Monster.Done.Normal.Kamakiriman
YgoDuelist.YgoDuelistCode.Cards.Monster.Todo.Normal.Kanan_the_Swordmistress	YgoDuelist.YgoDuelistCode.Cards.Monster.Done.Normal.Kanan_the_Swordmistress
YgoDuelist.YgoDuelistCode.Cards.Monster.Todo.Normal.Kanikabuto	YgoDuelist.YgoDuelistCode.Cards.Monster.Done.Normal.Kanikabuto
YgoDuelist.YgoDuelistCode.Cards.Monster.Todo.Normal.Kappa_Avenger	YgoDuelist.YgoDuelistCode.Cards.Monster.Done.Normal.Kappa_Avenger
YgoDuelist.YgoDuelistCode.Cards.Monster.Todo.Normal.Kattapillar	YgoDuelist.YgoDuelistCode.Cards.Monster.Done.Normal.Kattapillar
YgoDuelist.YgoDuelistCode.Cards.Monster.Todo.Normal.Key_Mace	YgoDuelist.YgoDuelistCode.Cards.Monster.Done.Normal.Key_Mace
YgoDuelist.YgoDuelistCode.Cards.Monster.Todo.Normal.Key_Mace_2	YgoDuelist.YgoDuelistCode.Cards.Monster.Done.Normal.Key_Mace_2
YgoDuelist.YgoDuelistCode.Cards.Monster.Todo.Normal.Killer_Needle	YgoDuelist.YgoDuelistCode.Cards.Monster.Done.Normal.Killer_Needle
YgoDuelist.YgoDuelistCode.Cards.Monster.Todo.Normal.King_Fog	YgoDuelist.YgoDuelistCode.Cards.Monster.Done.Normal.King_Fog
YgoDuelist.YgoDuelistCode.Cards.Monster.Todo.Normal.King_of_Yamimakai	YgoDuelist.YgoDuelistCode.Cards.Monster.Done.Normal.King_of_Yamimakai
YgoDuelist.YgoDuelistCode.Cards.Monster.Todo.Normal.Kojikocy	YgoDuelist.YgoDuelistCode.Cards.Monster.Done.Normal.Kojikocy
YgoDuelist.YgoDuelistCode.Cards.Monster.Todo.Normal.Korogashi	YgoDuelist.YgoDuelistCode.Cards.Monster.Done.Normal.Korogashi
YgoDuelist.YgoDuelistCode.Cards.Monster.Todo.Normal.Koumori_Dragon	YgoDuelist.YgoDuelistCode.Cards.Monster.Done.Normal.Koumori_Dragon
YgoDuelist.YgoDuelistCode.Cards.Monster.Todo.Normal.Kozaky	YgoDuelist.YgoDuelistCode.Cards.Monster.Done.Normal.Kozaky
YgoDuelist.YgoDuelistCode.Cards.Monster.Todo.Normal.Krokodilus	YgoDuelist.YgoDuelistCode.Cards.Monster.Done.Normal.Krokodilus
YgoDuelist.YgoDuelistCode.Cards.Monster.Todo.Normal.Kumootoko	YgoDuelist.YgoDuelistCode.Cards.Monster.Done.Normal.Kumootoko
YgoDuelist.YgoDuelistCode.Cards.Monster.Todo.Normal.Kurama	YgoDuelist.YgoDuelistCode.Cards.Monster.Done.Normal.Kurama
YgoDuelist.YgoDuelistCode.Cards.Monster.Todo.Normal.Kuwagata	YgoDuelist.YgoDuelistCode.Cards.Monster.Done.Normal.Kuwagata
YgoDuelist.YgoDuelistCode.Cards.Monster.Todo.Normal.Labyrinth_Wall	YgoDuelist.YgoDuelistCode.Cards.Monster.Done.Normal.Labyrinth_Wall
YgoDuelist.YgoDuelistCode.Cards.Monster.Todo.Normal.Lady_of_Faith	YgoDuelist.YgoDuelistCode.Cards.Monster.Done.Normal.Lady_of_Faith
YgoDuelist.YgoDuelistCode.Cards.Monster.Todo.Normal.Lala_Li_Oon	YgoDuelist.YgoDuelistCode.Cards.Monster.Done.Normal.Lala_Li_Oon
YgoDuelist.YgoDuelistCode.Cards.Monster.Todo.Normal.Lamoon	YgoDuelist.YgoDuelistCode.Cards.Monster.Done.Normal.Lamoon
YgoDuelist.YgoDuelistCode.Cards.Monster.Todo.Normal.Larvas	YgoDuelist.YgoDuelistCode.Cards.Monster.Done.Normal.Larvas
YgoDuelist.YgoDuelistCode.Cards.Monster.Todo.Normal.Laughing_Flower	YgoDuelist.YgoDuelistCode.Cards.Monster.Done.Normal.Laughing_Flower
YgoDuelist.YgoDuelistCode.Cards.Monster.Todo.Normal.Launcher_Spider	YgoDuelist.YgoDuelistCode.Cards.Monster.Done.Normal.Launcher_Spider
YgoDuelist.YgoDuelistCode.Cards.Monster.Todo.Normal.La_Jinn_the_Mystical_Genie_of_the_Lamp	YgoDuelist.YgoDuelistCode.Cards.Monster.Done.Normal.La_Jinn_the_Mystical_Genie_of_the_Lamp
YgoDuelist.YgoDuelistCode.Cards.Monster.Todo.Normal.Left_Arm_of_the_Forbidden_One	YgoDuelist.YgoDuelistCode.Cards.Monster.Done.Normal.Left_Arm_of_the_Forbidden_One
YgoDuelist.YgoDuelistCode.Cards.Monster.Todo.Normal.Left_Leg_of_the_Forbidden_One	YgoDuelist.YgoDuelistCode.Cards.Monster.Done.Normal.Left_Leg_of_the_Forbidden_One
YgoDuelist.YgoDuelistCode.Cards.Monster.Todo.Normal.Leogun	YgoDuelist.YgoDuelistCode.Cards.Monster.Done.Normal.Leogun
YgoDuelist.YgoDuelistCode.Cards.Monster.Todo.Normal.Leo_Wizard	YgoDuelist.YgoDuelistCode.Cards.Monster.Done.Normal.Leo_Wizard
YgoDuelist.YgoDuelistCode.Cards.Monster.Todo.Normal.Lesser_Dragon	YgoDuelist.YgoDuelistCode.Cards.Monster.Done.Normal.Lesser_Dragon
YgoDuelist.YgoDuelistCode.Cards.Monster.Todo.Normal.Lightning_Conger	YgoDuelist.YgoDuelistCode.Cards.Monster.Done.Normal.Lightning_Conger
YgoDuelist.YgoDuelistCode.Cards.Monster.Todo.Normal.Liquid_Beast	YgoDuelist.YgoDuelistCode.Cards.Monster.Done.Normal.Liquid_Beast
YgoDuelist.YgoDuelistCode.Cards.Monster.Todo.Normal.Lisark	YgoDuelist.YgoDuelistCode.Cards.Monster.Done.Normal.Lisark
YgoDuelist.YgoDuelistCode.Cards.Monster.Todo.Normal.Little_D	YgoDuelist.YgoDuelistCode.Cards.Monster.Done.Normal.Little_D
YgoDuelist.YgoDuelistCode.Cards.Monster.Todo.Normal.Living_Vase	YgoDuelist.YgoDuelistCode.Cards.Monster.Done.Normal.Living_Vase
YgoDuelist.YgoDuelistCode.Cards.Monster.Todo.Normal.Lizard_Soldier	YgoDuelist.YgoDuelistCode.Cards.Monster.Done.Normal.Lizard_Soldier
YgoDuelist.YgoDuelistCode.Cards.Monster.Todo.Normal.Lord_of_the_Lamp	YgoDuelist.YgoDuelistCode.Cards.Monster.Done.Normal.Lord_of_the_Lamp
YgoDuelist.YgoDuelistCode.Cards.Monster.Todo.Normal.Lord_of_Zemia	YgoDuelist.YgoDuelistCode.Cards.Monster.Done.Normal.Lord_of_Zemia
YgoDuelist.YgoDuelistCode.Cards.Monster.Todo.Normal.Lucky_Trinket	YgoDuelist.YgoDuelistCode.Cards.Monster.Done.Normal.Lucky_Trinket
YgoDuelist.YgoDuelistCode.Cards.Monster.Todo.Normal.Lunar_Queen_Elzaim	YgoDuelist.YgoDuelistCode.Cards.Monster.Done.Normal.Lunar_Queen_Elzaim
YgoDuelist.YgoDuelistCode.Cards.Monster.Todo.Normal.Luster_Dragon	YgoDuelist.YgoDuelistCode.Cards.Monster.Done.Normal.Luster_Dragon
YgoDuelist.YgoDuelistCode.Cards.Monster.Todo.Normal.Luster_Dragon_2	YgoDuelist.YgoDuelistCode.Cards.Monster.Done.Normal.Luster_Dragon_2
YgoDuelist.YgoDuelistCode.Cards.Monster.Todo.Normal.Mabarrel	YgoDuelist.YgoDuelistCode.Cards.Monster.Done.Normal.Mabarrel
YgoDuelist.YgoDuelistCode.Cards.Monster.Todo.Normal.Machine_Attacker	YgoDuelist.YgoDuelistCode.Cards.Monster.Done.Normal.Machine_Attacker
YgoDuelist.YgoDuelistCode.Cards.Monster.Todo.Normal.Madjinn_Gunn	YgoDuelist.YgoDuelistCode.Cards.Monster.Done.Normal.Madjinn_Gunn
YgoDuelist.YgoDuelistCode.Cards.Monster.Todo.Normal.Mad_Dog_of_Darkness	YgoDuelist.YgoDuelistCode.Cards.Monster.Done.Normal.Mad_Dog_of_Darkness
YgoDuelist.YgoDuelistCode.Cards.Monster.Todo.Normal.Magical_Ghost	YgoDuelist.YgoDuelistCode.Cards.Monster.Done.Normal.Magical_Ghost
YgoDuelist.YgoDuelistCode.Cards.Monster.Todo.Normal.Maiden_of_the_Moonlight	YgoDuelist.YgoDuelistCode.Cards.Monster.Done.Normal.Maiden_of_the_Moonlight
YgoDuelist.YgoDuelistCode.Cards.Monster.Todo.Normal.Mammoth_Graveyard	YgoDuelist.YgoDuelistCode.Cards.Monster.Done.Normal.Mammoth_Graveyard
YgoDuelist.YgoDuelistCode.Cards.Monster.Todo.Normal.Man_Eater	YgoDuelist.YgoDuelistCode.Cards.Monster.Done.Normal.Man_Eater
YgoDuelist.YgoDuelistCode.Cards.Monster.Todo.Normal.Man_Eating_Plant	YgoDuelist.YgoDuelistCode.Cards.Monster.Done.Normal.Man_Eating_Plant
YgoDuelist.YgoDuelistCode.Cards.Monster.Todo.Normal.Man_Eating_Treasure_Chest	YgoDuelist.YgoDuelistCode.Cards.Monster.Done.Normal.Man_Eating_Treasure_Chest
YgoDuelist.YgoDuelistCode.Cards.Monster.Todo.Normal.Masaki_the_Legendary_Swordsman	YgoDuelist.YgoDuelistCode.Cards.Monster.Done.Normal.Masaki_the_Legendary_Swordsman
YgoDuelist.YgoDuelistCode.Cards.Monster.Todo.Normal.Masked_Clown	YgoDuelist.YgoDuelistCode.Cards.Monster.Done.Normal.Masked_Clown
YgoDuelist.YgoDuelistCode.Cards.Monster.Todo.Normal.Master_Expert	YgoDuelist.YgoDuelistCode.Cards.Monster.Done.Normal.Master_Expert
YgoDuelist.YgoDuelistCode.Cards.Monster.Todo.Normal.Master_Kyonshee	YgoDuelist.YgoDuelistCode.Cards.Monster.Done.Normal.Master_Kyonshee
YgoDuelist.YgoDuelistCode.Cards.Monster.Todo.Normal.Mechaleon	YgoDuelist.YgoDuelistCode.Cards.Monster.Done.Normal.Mechaleon
YgoDuelist.YgoDuelistCode.Cards.Monster.Todo.Normal.Mechanicalchaser	YgoDuelist.YgoDuelistCode.Cards.Monster.Done.Normal.Mechanicalchaser
YgoDuelist.YgoDuelistCode.Cards.Monster.Todo.Normal.Mechanical_Snail	YgoDuelist.YgoDuelistCode.Cards.Monster.Done.Normal.Mechanical_Snail
YgoDuelist.YgoDuelistCode.Cards.Monster.Todo.Normal.Mech_Bass	YgoDuelist.YgoDuelistCode.Cards.Monster.Done.Normal.Mech_Bass
YgoDuelist.YgoDuelistCode.Cards.Monster.Todo.Normal.Mech_Mole_Zombie	YgoDuelist.YgoDuelistCode.Cards.Monster.Done.Normal.Mech_Mole_Zombie
YgoDuelist.YgoDuelistCode.Cards.Monster.Todo.Normal.Meda_Bat	YgoDuelist.YgoDuelistCode.Cards.Monster.Done.Normal.Meda_Bat
YgoDuelist.YgoDuelistCode.Cards.Monster.Todo.Normal.Megasonic_Eye	YgoDuelist.YgoDuelistCode.Cards.Monster.Done.Normal.Megasonic_Eye
YgoDuelist.YgoDuelistCode.Cards.Monster.Todo.Normal.Megazowler	YgoDuelist.YgoDuelistCode.Cards.Monster.Done.Normal.Megazowler
YgoDuelist.YgoDuelistCode.Cards.Monster.Todo.Normal.Mega_Thunderball	YgoDuelist.YgoDuelistCode.Cards.Monster.Done.Normal.Mega_Thunderball
YgoDuelist.YgoDuelistCode.Cards.Monster.Todo.Normal.Megirus_Light	YgoDuelist.YgoDuelistCode.Cards.Monster.Done.Normal.Megirus_Light
YgoDuelist.YgoDuelistCode.Cards.Monster.Todo.Normal.Melchid_the_Four_Face_Beast	YgoDuelist.YgoDuelistCode.Cards.Monster.Done.Normal.Melchid_the_Four_Face_Beast
YgoDuelist.YgoDuelistCode.Cards.Monster.Todo.Normal.Meotoko	YgoDuelist.YgoDuelistCode.Cards.Monster.Done.Normal.Meotoko
YgoDuelist.YgoDuelistCode.Cards.Monster.Todo.Normal.Metal_Armored_Bug	YgoDuelist.YgoDuelistCode.Cards.Monster.Done.Normal.Metal_Armored_Bug
YgoDuelist.YgoDuelistCode.Cards.Monster.Todo.Normal.Metal_Fish	YgoDuelist.YgoDuelistCode.Cards.Monster.Done.Normal.Metal_Fish
YgoDuelist.YgoDuelistCode.Cards.Monster.Todo.Normal.Metal_Guardian	YgoDuelist.YgoDuelistCode.Cards.Monster.Done.Normal.Metal_Guardian
YgoDuelist.YgoDuelistCode.Cards.Monster.Todo.Normal.Meteor_Dragon	YgoDuelist.YgoDuelistCode.Cards.Monster.Done.Normal.Meteor_Dragon
YgoDuelist.YgoDuelistCode.Cards.Monster.Todo.Normal.Midnight_Fiend	YgoDuelist.YgoDuelistCode.Cards.Monster.Done.Normal.Midnight_Fiend
YgoDuelist.YgoDuelistCode.Cards.Monster.Todo.Normal.Mikazukinoyaiba	YgoDuelist.YgoDuelistCode.Cards.Monster.Done.Normal.Mikazukinoyaiba
YgoDuelist.YgoDuelistCode.Cards.Monster.Todo.Normal.Millennium_Golem	YgoDuelist.YgoDuelistCode.Cards.Monster.Done.Normal.Millennium_Golem
YgoDuelist.YgoDuelistCode.Cards.Monster.Todo.Normal.Millennium_Shield	YgoDuelist.YgoDuelistCode.Cards.Monster.Done.Normal.Millennium_Shield
YgoDuelist.YgoDuelistCode.Cards.Monster.Todo.Normal.Minomushi_Warrior	YgoDuelist.YgoDuelistCode.Cards.Monster.Done.Normal.Minomushi_Warrior
YgoDuelist.YgoDuelistCode.Cards.Monster.Todo.Normal.Misairuzame	YgoDuelist.YgoDuelistCode.Cards.Monster.Done.Normal.Misairuzame
YgoDuelist.YgoDuelistCode.Cards.Monster.Todo.Normal.Mokey_Mokey	YgoDuelist.YgoDuelistCode.Cards.Monster.Done.Normal.Mokey_Mokey
YgoDuelist.YgoDuelistCode.Cards.Monster.Todo.Normal.Molten_Behemoth	YgoDuelist.YgoDuelistCode.Cards.Monster.Done.Normal.Molten_Behemoth
YgoDuelist.YgoDuelistCode.Cards.Monster.Todo.Normal.Monster_Egg	YgoDuelist.YgoDuelistCode.Cards.Monster.Done.Normal.Monster_Egg
YgoDuelist.YgoDuelistCode.Cards.Monster.Todo.Normal.Monster_Tamer	YgoDuelist.YgoDuelistCode.Cards.Monster.Done.Normal.Monster_Tamer
YgoDuelist.YgoDuelistCode.Cards.Monster.Todo.Normal.Monstrous_Bird	YgoDuelist.YgoDuelistCode.Cards.Monster.Done.Normal.Monstrous_Bird
YgoDuelist.YgoDuelistCode.Cards.Monster.Todo.Normal.Monsturtle	YgoDuelist.YgoDuelistCode.Cards.Monster.Done.Normal.Monsturtle
YgoDuelist.YgoDuelistCode.Cards.Monster.Todo.Normal.Mon_Larvas	YgoDuelist.YgoDuelistCode.Cards.Monster.Done.Normal.Mon_Larvas
YgoDuelist.YgoDuelistCode.Cards.Monster.Todo.Normal.Moon_Envoy	YgoDuelist.YgoDuelistCode.Cards.Monster.Done.Normal.Moon_Envoy
YgoDuelist.YgoDuelistCode.Cards.Monster.Todo.Normal.Morinphen	YgoDuelist.YgoDuelistCode.Cards.Monster.Done.Normal.Morinphen
YgoDuelist.YgoDuelistCode.Cards.Monster.Todo.Normal.Mountain_Warrior	YgoDuelist.YgoDuelistCode.Cards.Monster.Done.Normal.Mountain_Warrior
YgoDuelist.YgoDuelistCode.Cards.Monster.Todo.Normal.Mr_Volcano	YgoDuelist.YgoDuelistCode.Cards.Monster.Done.Normal.Mr_Volcano
YgoDuelist.YgoDuelistCode.Cards.Monster.Todo.Normal.Muse_a	YgoDuelist.YgoDuelistCode.Cards.Monster.Done.Normal.Muse_a
YgoDuelist.YgoDuelistCode.Cards.Monster.Todo.Normal.Mushroom_Man	YgoDuelist.YgoDuelistCode.Cards.Monster.Done.Normal.Mushroom_Man
YgoDuelist.YgoDuelistCode.Cards.Monster.Todo.Normal.Mystery_Hand	YgoDuelist.YgoDuelistCode.Cards.Monster.Done.Normal.Mystery_Hand
YgoDuelist.YgoDuelistCode.Cards.Monster.Todo.Normal.Mystical_Capture_Chain	YgoDuelist.YgoDuelistCode.Cards.Monster.Done.Normal.Mystical_Capture_Chain
YgoDuelist.YgoDuelistCode.Cards.Monster.Todo.Normal.Mystical_Elf	YgoDuelist.YgoDuelistCode.Cards.Monster.Done.Normal.Mystical_Elf
YgoDuelist.YgoDuelistCode.Cards.Monster.Todo.Normal.Mystical_Sheep_2	YgoDuelist.YgoDuelistCode.Cards.Monster.Done.Normal.Mystical_Sheep_2
YgoDuelist.YgoDuelistCode.Cards.Monster.Todo.Normal.Mystical_Shine_Ball	YgoDuelist.YgoDuelistCode.Cards.Monster.Done.Normal.Mystical_Shine_Ball
YgoDuelist.YgoDuelistCode.Cards.Monster.Todo.Normal.Mystic_Clown	YgoDuelist.YgoDuelistCode.Cards.Monster.Done.Normal.Mystic_Clown
YgoDuelist.YgoDuelistCode.Cards.Monster.Todo.Normal.Mystic_Horseman	YgoDuelist.YgoDuelistCode.Cards.Monster.Done.Normal.Mystic_Horseman
YgoDuelist.YgoDuelistCode.Cards.Monster.Todo.Normal.M_Warrior_1	YgoDuelist.YgoDuelistCode.Cards.Monster.Done.Normal.M_Warrior_1
YgoDuelist.YgoDuelistCode.Cards.Monster.Todo.Normal.M_Warrior_2	YgoDuelist.YgoDuelistCode.Cards.Monster.Done.Normal.M_Warrior_2
YgoDuelist.YgoDuelistCode.Cards.Monster.Todo.Normal.Neck_Hunter	YgoDuelist.YgoDuelistCode.Cards.Monster.Done.Normal.Neck_Hunter
YgoDuelist.YgoDuelistCode.Cards.Monster.Todo.Normal.Necrolancer_the_Time_Lord	YgoDuelist.YgoDuelistCode.Cards.Monster.Done.Normal.Necrolancer_the_Time_Lord
YgoDuelist.YgoDuelistCode.Cards.Monster.Todo.Normal.Nekogal_1	YgoDuelist.YgoDuelistCode.Cards.Monster.Done.Normal.Nekogal_1
YgoDuelist.YgoDuelistCode.Cards.Monster.Todo.Normal.Nekogal_2	YgoDuelist.YgoDuelistCode.Cards.Monster.Done.Normal.Nekogal_2
YgoDuelist.YgoDuelistCode.Cards.Monster.Todo.Normal.Nemuriko	YgoDuelist.YgoDuelistCode.Cards.Monster.Done.Normal.Nemuriko
YgoDuelist.YgoDuelistCode.Cards.Monster.Todo.Normal.Neo_Bug	YgoDuelist.YgoDuelistCode.Cards.Monster.Done.Normal.Neo_Bug
YgoDuelist.YgoDuelistCode.Cards.Monster.Todo.Normal.Neo_the_Magic_Swordsman	YgoDuelist.YgoDuelistCode.Cards.Monster.Done.Normal.Neo_the_Magic_Swordsman
YgoDuelist.YgoDuelistCode.Cards.Monster.Todo.Normal.Nightmare_Scorpion	YgoDuelist.YgoDuelistCode.Cards.Monster.Done.Normal.Nightmare_Scorpion
YgoDuelist.YgoDuelistCode.Cards.Monster.Todo.Normal.Night_Lizard	YgoDuelist.YgoDuelistCode.Cards.Monster.Done.Normal.Night_Lizard
YgoDuelist.YgoDuelistCode.Cards.Monster.Todo.Normal.Nin_Ken_Dog	YgoDuelist.YgoDuelistCode.Cards.Monster.Done.Normal.Nin_Ken_Dog
YgoDuelist.YgoDuelistCode.Cards.Monster.Todo.Normal.Niwatori	YgoDuelist.YgoDuelistCode.Cards.Monster.Done.Normal.Niwatori
YgoDuelist.YgoDuelistCode.Cards.Monster.Todo.Normal.Obese_Marmot_of_Nefariousness	YgoDuelist.YgoDuelistCode.Cards.Monster.Done.Normal.Obese_Marmot_of_Nefariousness
YgoDuelist.YgoDuelistCode.Cards.Monster.Todo.Normal.Octoberser	YgoDuelist.YgoDuelistCode.Cards.Monster.Done.Normal.Octoberser
YgoDuelist.YgoDuelistCode.Cards.Monster.Todo.Normal.Ocubeam	YgoDuelist.YgoDuelistCode.Cards.Monster.Done.Normal.Ocubeam
YgoDuelist.YgoDuelistCode.Cards.Monster.Todo.Normal.Ogre_of_the_Black_Shadow	YgoDuelist.YgoDuelistCode.Cards.Monster.Done.Normal.Ogre_of_the_Black_Shadow
YgoDuelist.YgoDuelistCode.Cards.Monster.Todo.Normal.Ojama_Black	YgoDuelist.YgoDuelistCode.Cards.Monster.Done.Normal.Ojama_Black
YgoDuelist.YgoDuelistCode.Cards.Monster.Todo.Normal.Ojama_Green	YgoDuelist.YgoDuelistCode.Cards.Monster.Done.Normal.Ojama_Green
YgoDuelist.YgoDuelistCode.Cards.Monster.Todo.Normal.Ojama_Yellow	YgoDuelist.YgoDuelistCode.Cards.Monster.Done.Normal.Ojama_Yellow
YgoDuelist.YgoDuelistCode.Cards.Monster.Todo.Normal.One_Eyed_Shield_Dragon	YgoDuelist.YgoDuelistCode.Cards.Monster.Done.Normal.One_Eyed_Shield_Dragon
YgoDuelist.YgoDuelistCode.Cards.Monster.Todo.Normal.One_Who_Hunts_Souls	YgoDuelist.YgoDuelistCode.Cards.Monster.Done.Normal.One_Who_Hunts_Souls
YgoDuelist.YgoDuelistCode.Cards.Monster.Todo.Normal.Oni_Tank_T_34	YgoDuelist.YgoDuelistCode.Cards.Monster.Done.Normal.Oni_Tank_T_34
YgoDuelist.YgoDuelistCode.Cards.Monster.Todo.Normal.Oppressed_People	YgoDuelist.YgoDuelistCode.Cards.Monster.Done.Normal.Oppressed_People
YgoDuelist.YgoDuelistCode.Cards.Monster.Todo.Normal.Opticlops	YgoDuelist.YgoDuelistCode.Cards.Monster.Done.Normal.Opticlops
YgoDuelist.YgoDuelistCode.Cards.Monster.Todo.Normal.Orion_the_Battle_King	YgoDuelist.YgoDuelistCode.Cards.Monster.Done.Normal.Orion_the_Battle_King
YgoDuelist.YgoDuelistCode.Cards.Monster.Todo.Normal.Oscillo_Hero	YgoDuelist.YgoDuelistCode.Cards.Monster.Done.Normal.Oscillo_Hero
YgoDuelist.YgoDuelistCode.Cards.Monster.Todo.Normal.Overdrive	YgoDuelist.YgoDuelistCode.Cards.Monster.Done.Normal.Overdrive
YgoDuelist.YgoDuelistCode.Cards.Monster.Todo.Normal.Pale_Beast	YgoDuelist.YgoDuelistCode.Cards.Monster.Done.Normal.Pale_Beast
YgoDuelist.YgoDuelistCode.Cards.Monster.Todo.Normal.Parrot_Dragon	YgoDuelist.YgoDuelistCode.Cards.Monster.Done.Normal.Parrot_Dragon
YgoDuelist.YgoDuelistCode.Cards.Monster.Todo.Normal.Peacock	YgoDuelist.YgoDuelistCode.Cards.Monster.Done.Normal.Peacock
YgoDuelist.YgoDuelistCode.Cards.Monster.Todo.Normal.Pendulum_Machine	YgoDuelist.YgoDuelistCode.Cards.Monster.Done.Normal.Pendulum_Machine
YgoDuelist.YgoDuelistCode.Cards.Monster.Todo.Normal.People_Running_About	YgoDuelist.YgoDuelistCode.Cards.Monster.Done.Normal.People_Running_About
YgoDuelist.YgoDuelistCode.Cards.Monster.Todo.Normal.Petit_Angel	YgoDuelist.YgoDuelistCode.Cards.Monster.Done.Normal.Petit_Angel
YgoDuelist.YgoDuelistCode.Cards.Monster.Todo.Normal.Petit_Dragon	YgoDuelist.YgoDuelistCode.Cards.Monster.Done.Normal.Petit_Dragon
YgoDuelist.YgoDuelistCode.Cards.Monster.Todo.Normal.Petit_Moth	YgoDuelist.YgoDuelistCode.Cards.Monster.Done.Normal.Petit_Moth
YgoDuelist.YgoDuelistCode.Cards.Monster.Todo.Normal.Phantom_Dewan	YgoDuelist.YgoDuelistCode.Cards.Monster.Done.Normal.Phantom_Dewan
YgoDuelist.YgoDuelistCode.Cards.Monster.Todo.Normal.Phantom_Ghost	YgoDuelist.YgoDuelistCode.Cards.Monster.Done.Normal.Phantom_Ghost
YgoDuelist.YgoDuelistCode.Cards.Monster.Todo.Normal.Pharaoh_s_Servant	YgoDuelist.YgoDuelistCode.Cards.Monster.Done.Normal.Pharaoh_s_Servant
YgoDuelist.YgoDuelistCode.Cards.Monster.Todo.Normal.Pharaonic_Protector	YgoDuelist.YgoDuelistCode.Cards.Monster.Done.Normal.Pharaonic_Protector
YgoDuelist.YgoDuelistCode.Cards.Monster.Todo.Normal.Pot_the_Trick	YgoDuelist.YgoDuelistCode.Cards.Monster.Done.Normal.Pot_the_Trick
YgoDuelist.YgoDuelistCode.Cards.Monster.Todo.Normal.Prevent_Rat	YgoDuelist.YgoDuelistCode.Cards.Monster.Done.Normal.Prevent_Rat
YgoDuelist.YgoDuelistCode.Cards.Monster.Todo.Normal.Prisman	YgoDuelist.YgoDuelistCode.Cards.Monster.Done.Normal.Prisman
YgoDuelist.YgoDuelistCode.Cards.Monster.Todo.Normal.Protector_of_the_Throne	YgoDuelist.YgoDuelistCode.Cards.Monster.Done.Normal.Protector_of_the_Throne
YgoDuelist.YgoDuelistCode.Cards.Monster.Todo.Normal.Psychic_Kappa	YgoDuelist.YgoDuelistCode.Cards.Monster.Done.Normal.Psychic_Kappa
YgoDuelist.YgoDuelistCode.Cards.Monster.Todo.Normal.Queen_Bird	YgoDuelist.YgoDuelistCode.Cards.Monster.Done.Normal.Queen_Bird
YgoDuelist.YgoDuelistCode.Cards.Monster.Todo.Normal.Queen_of_Autumn_Leaves	YgoDuelist.YgoDuelistCode.Cards.Monster.Done.Normal.Queen_of_Autumn_Leaves
YgoDuelist.YgoDuelistCode.Cards.Monster.Todo.Normal.Rainbow_Marine_Mermaid	YgoDuelist.YgoDuelistCode.Cards.Monster.Done.Normal.Rainbow_Marine_Mermaid
YgoDuelist.YgoDuelistCode.Cards.Monster.Todo.Normal.Ray_Temperature	YgoDuelist.YgoDuelistCode.Cards.Monster.Done.Normal.Ray_Temperature
YgoDuelist.YgoDuelistCode.Cards.Monster.Todo.Normal.Red_Archery_Girl	YgoDuelist.YgoDuelistCode.Cards.Monster.Done.Normal.Red_Archery_Girl
YgoDuelist.YgoDuelistCode.Cards.Monster.Todo.Normal.Red_Eyes_Black_Dragon	YgoDuelist.YgoDuelistCode.Cards.Monster.Done.Normal.Red_Eyes_Black_Dragon
YgoDuelist.YgoDuelistCode.Cards.Monster.Todo.Normal.Rhaimundos_of_the_Red_Sword	YgoDuelist.YgoDuelistCode.Cards.Monster.Done.Normal.Rhaimundos_of_the_Red_Sword
YgoDuelist.YgoDuelistCode.Cards.Monster.Todo.Normal.Right_Arm_of_the_Forbidden_One	YgoDuelist.YgoDuelistCode.Cards.Monster.Done.Normal.Right_Arm_of_the_Forbidden_One
YgoDuelist.YgoDuelistCode.Cards.Monster.Todo.Normal.Right_Leg_of_the_Forbidden_One	YgoDuelist.YgoDuelistCode.Cards.Monster.Done.Normal.Right_Leg_of_the_Forbidden_One
YgoDuelist.YgoDuelistCode.Cards.Monster.Todo.Normal.Robolady	YgoDuelist.YgoDuelistCode.Cards.Monster.Done.Normal.Robolady
YgoDuelist.YgoDuelistCode.Cards.Monster.Todo.Normal.Robotic_Knight	YgoDuelist.YgoDuelistCode.Cards.Monster.Done.Normal.Robotic_Knight
YgoDuelist.YgoDuelistCode.Cards.Monster.Todo.Normal.Roboyarou	YgoDuelist.YgoDuelistCode.Cards.Monster.Done.Normal.Roboyarou
YgoDuelist.YgoDuelistCode.Cards.Monster.Todo.Normal.Rock_Ogre_Grotto_1	YgoDuelist.YgoDuelistCode.Cards.Monster.Done.Normal.Rock_Ogre_Grotto_1
YgoDuelist.YgoDuelistCode.Cards.Monster.Todo.Normal.Rock_Ogre_Grotto_2	YgoDuelist.YgoDuelistCode.Cards.Monster.Done.Normal.Rock_Ogre_Grotto_2
YgoDuelist.YgoDuelistCode.Cards.Monster.Todo.Normal.Rock_Spirit	YgoDuelist.YgoDuelistCode.Cards.Monster.Done.Normal.Rock_Spirit
YgoDuelist.YgoDuelistCode.Cards.Monster.Todo.Normal.Rogue_Doll	YgoDuelist.YgoDuelistCode.Cards.Monster.Done.Normal.Rogue_Doll
YgoDuelist.YgoDuelistCode.Cards.Monster.Todo.Normal.Root_Water	YgoDuelist.YgoDuelistCode.Cards.Monster.Done.Normal.Root_Water
YgoDuelist.YgoDuelistCode.Cards.Monster.Todo.Normal.Royal_Guard	YgoDuelist.YgoDuelistCode.Cards.Monster.Done.Normal.Royal_Guard
YgoDuelist.YgoDuelistCode.Cards.Monster.Todo.Normal.Rude_Kaiser	YgoDuelist.YgoDuelistCode.Cards.Monster.Done.Normal.Rude_Kaiser
YgoDuelist.YgoDuelistCode.Cards.Monster.Todo.Normal.Ryu_Kishin	YgoDuelist.YgoDuelistCode.Cards.Monster.Done.Normal.Ryu_Kishin
YgoDuelist.YgoDuelistCode.Cards.Monster.Todo.Normal.Ryu_Kishin_Powered	YgoDuelist.YgoDuelistCode.Cards.Monster.Done.Normal.Ryu_Kishin_Powered
YgoDuelist.YgoDuelistCode.Cards.Monster.Todo.Normal.Ryu_Ran	YgoDuelist.YgoDuelistCode.Cards.Monster.Done.Normal.Ryu_Ran
YgoDuelist.YgoDuelistCode.Cards.Monster.Todo.Normal.Saggi_the_Dark_Clown	YgoDuelist.YgoDuelistCode.Cards.Monster.Done.Normal.Saggi_the_Dark_Clown
YgoDuelist.YgoDuelistCode.Cards.Monster.Todo.Normal.Sand_Stone	YgoDuelist.YgoDuelistCode.Cards.Monster.Done.Normal.Sand_Stone
YgoDuelist.YgoDuelistCode.Cards.Monster.Todo.Normal.Science_Soldier	YgoDuelist.YgoDuelistCode.Cards.Monster.Done.Normal.Science_Soldier
YgoDuelist.YgoDuelistCode.Cards.Monster.Todo.Normal.Sealmaster_Meisei	YgoDuelist.YgoDuelistCode.Cards.Monster.Done.Normal.Sealmaster_Meisei
YgoDuelist.YgoDuelistCode.Cards.Monster.Todo.Normal.Sea_Kamen	YgoDuelist.YgoDuelistCode.Cards.Monster.Done.Normal.Sea_Kamen
YgoDuelist.YgoDuelistCode.Cards.Monster.Todo.Normal.Sea_King_Dragon	YgoDuelist.YgoDuelistCode.Cards.Monster.Done.Normal.Sea_King_Dragon
YgoDuelist.YgoDuelistCode.Cards.Monster.Todo.Normal.Sea_Serpent_Warrior_of_Darkness	YgoDuelist.YgoDuelistCode.Cards.Monster.Done.Normal.Sea_Serpent_Warrior_of_Darkness
YgoDuelist.YgoDuelistCode.Cards.Monster.Todo.Normal.Sectarian_of_Secrets	YgoDuelist.YgoDuelistCode.Cards.Monster.Done.Normal.Sectarian_of_Secrets
YgoDuelist.YgoDuelistCode.Cards.Monster.Todo.Normal.Seiyaryu	YgoDuelist.YgoDuelistCode.Cards.Monster.Done.Normal.Seiyaryu
YgoDuelist.YgoDuelistCode.Cards.Monster.Todo.Normal.Sengenjin	YgoDuelist.YgoDuelistCode.Cards.Monster.Done.Normal.Sengenjin
YgoDuelist.YgoDuelistCode.Cards.Monster.Todo.Normal.Sentinel_of_the_Seas	YgoDuelist.YgoDuelistCode.Cards.Monster.Done.Normal.Sentinel_of_the_Seas
YgoDuelist.YgoDuelistCode.Cards.Monster.Todo.Normal.Serpent_Marauder	YgoDuelist.YgoDuelistCode.Cards.Monster.Done.Normal.Serpent_Marauder
YgoDuelist.YgoDuelistCode.Cards.Monster.Todo.Normal.Serpent_Night_Dragon	YgoDuelist.YgoDuelistCode.Cards.Monster.Done.Normal.Serpent_Night_Dragon
YgoDuelist.YgoDuelistCode.Cards.Monster.Todo.Normal.Shadow_Specter	YgoDuelist.YgoDuelistCode.Cards.Monster.Done.Normal.Shadow_Specter
YgoDuelist.YgoDuelistCode.Cards.Monster.Todo.Normal.Shapesnatch	YgoDuelist.YgoDuelistCode.Cards.Monster.Done.Normal.Shapesnatch
YgoDuelist.YgoDuelistCode.Cards.Monster.Todo.Normal.Shining_Abyss	YgoDuelist.YgoDuelistCode.Cards.Monster.Done.Normal.Shining_Abyss
YgoDuelist.YgoDuelistCode.Cards.Monster.Todo.Normal.Shining_Friendship	YgoDuelist.YgoDuelistCode.Cards.Monster.Done.Normal.Shining_Friendship
YgoDuelist.YgoDuelistCode.Cards.Monster.Todo.Normal.Shovel_Crusher	YgoDuelist.YgoDuelistCode.Cards.Monster.Done.Normal.Shovel_Crusher
YgoDuelist.YgoDuelistCode.Cards.Monster.Todo.Normal.Silver_Fang	YgoDuelist.YgoDuelistCode.Cards.Monster.Done.Normal.Silver_Fang
YgoDuelist.YgoDuelistCode.Cards.Monster.Todo.Normal.Skull_Mariner	YgoDuelist.YgoDuelistCode.Cards.Monster.Done.Normal.Skull_Mariner
YgoDuelist.YgoDuelistCode.Cards.Monster.Todo.Normal.Skull_Red_Bird	YgoDuelist.YgoDuelistCode.Cards.Monster.Done.Normal.Skull_Red_Bird
YgoDuelist.YgoDuelistCode.Cards.Monster.Todo.Normal.Skull_Servant	YgoDuelist.YgoDuelistCode.Cards.Monster.Done.Normal.Skull_Servant
YgoDuelist.YgoDuelistCode.Cards.Monster.Todo.Normal.Skull_Stalker	YgoDuelist.YgoDuelistCode.Cards.Monster.Done.Normal.Skull_Stalker
YgoDuelist.YgoDuelistCode.Cards.Monster.Todo.Normal.Sky_Dragon	YgoDuelist.YgoDuelistCode.Cards.Monster.Done.Normal.Sky_Dragon
YgoDuelist.YgoDuelistCode.Cards.Monster.Todo.Normal.Sky_Scout	YgoDuelist.YgoDuelistCode.Cards.Monster.Done.Normal.Sky_Scout
YgoDuelist.YgoDuelistCode.Cards.Monster.Todo.Normal.Sleeping_Lion	YgoDuelist.YgoDuelistCode.Cards.Monster.Done.Normal.Sleeping_Lion
YgoDuelist.YgoDuelistCode.Cards.Monster.Todo.Normal.Slime_Toad	YgoDuelist.YgoDuelistCode.Cards.Monster.Done.Normal.Slime_Toad
YgoDuelist.YgoDuelistCode.Cards.Monster.Todo.Normal.Slot_Machine	YgoDuelist.YgoDuelistCode.Cards.Monster.Done.Normal.Slot_Machine
YgoDuelist.YgoDuelistCode.Cards.Monster.Todo.Normal.Snakeyashi	YgoDuelist.YgoDuelistCode.Cards.Monster.Done.Normal.Snakeyashi
YgoDuelist.YgoDuelistCode.Cards.Monster.Todo.Normal.Solitude	YgoDuelist.YgoDuelistCode.Cards.Monster.Done.Normal.Solitude
YgoDuelist.YgoDuelistCode.Cards.Monster.Todo.Normal.Sonic_Duck	YgoDuelist.YgoDuelistCode.Cards.Monster.Done.Normal.Sonic_Duck
YgoDuelist.YgoDuelistCode.Cards.Monster.Todo.Normal.Sonic_Maid	YgoDuelist.YgoDuelistCode.Cards.Monster.Done.Normal.Sonic_Maid
YgoDuelist.YgoDuelistCode.Cards.Monster.Todo.Normal.Sorcerer_of_the_Doomed	YgoDuelist.YgoDuelistCode.Cards.Monster.Done.Normal.Sorcerer_of_the_Doomed
YgoDuelist.YgoDuelistCode.Cards.Monster.Todo.Normal.Souleater	YgoDuelist.YgoDuelistCode.Cards.Monster.Done.Normal.Souleater
YgoDuelist.YgoDuelistCode.Cards.Monster.Todo.Normal.Souls_of_the_Forgotten	YgoDuelist.YgoDuelistCode.Cards.Monster.Done.Normal.Souls_of_the_Forgotten
YgoDuelist.YgoDuelistCode.Cards.Monster.Todo.Normal.Soul_Tiger	YgoDuelist.YgoDuelistCode.Cards.Monster.Done.Normal.Soul_Tiger
YgoDuelist.YgoDuelistCode.Cards.Monster.Todo.Normal.Spherous_Lady	YgoDuelist.YgoDuelistCode.Cards.Monster.Done.Normal.Spherous_Lady
YgoDuelist.YgoDuelistCode.Cards.Monster.Todo.Normal.Spikebot	YgoDuelist.YgoDuelistCode.Cards.Monster.Done.Normal.Spikebot
YgoDuelist.YgoDuelistCode.Cards.Monster.Todo.Normal.Spiked_Snail	YgoDuelist.YgoDuelistCode.Cards.Monster.Done.Normal.Spiked_Snail
YgoDuelist.YgoDuelistCode.Cards.Monster.Todo.Normal.Spike_Seadra	YgoDuelist.YgoDuelistCode.Cards.Monster.Done.Normal.Spike_Seadra
YgoDuelist.YgoDuelistCode.Cards.Monster.Todo.Normal.Spirit_of_the_Books	YgoDuelist.YgoDuelistCode.Cards.Monster.Done.Normal.Spirit_of_the_Books
YgoDuelist.YgoDuelistCode.Cards.Monster.Todo.Normal.Spirit_of_the_Harp	YgoDuelist.YgoDuelistCode.Cards.Monster.Done.Normal.Spirit_of_the_Harp
YgoDuelist.YgoDuelistCode.Cards.Monster.Todo.Normal.Spirit_of_the_Mountain	YgoDuelist.YgoDuelistCode.Cards.Monster.Done.Normal.Spirit_of_the_Mountain
YgoDuelist.YgoDuelistCode.Cards.Monster.Todo.Normal.Spirit_of_the_Winds	YgoDuelist.YgoDuelistCode.Cards.Monster.Done.Normal.Spirit_of_the_Winds
YgoDuelist.YgoDuelistCode.Cards.Monster.Todo.Normal.Steel_Ogre_Grotto_1	YgoDuelist.YgoDuelistCode.Cards.Monster.Done.Normal.Steel_Ogre_Grotto_1
YgoDuelist.YgoDuelistCode.Cards.Monster.Todo.Normal.Steel_Ogre_Grotto_2	YgoDuelist.YgoDuelistCode.Cards.Monster.Done.Normal.Steel_Ogre_Grotto_2
YgoDuelist.YgoDuelistCode.Cards.Monster.Todo.Normal.Stone_Armadiller	YgoDuelist.YgoDuelistCode.Cards.Monster.Done.Normal.Stone_Armadiller
YgoDuelist.YgoDuelistCode.Cards.Monster.Todo.Normal.Stone_Dragon	YgoDuelist.YgoDuelistCode.Cards.Monster.Done.Normal.Stone_Dragon
YgoDuelist.YgoDuelistCode.Cards.Monster.Todo.Normal.Stone_Ghost	YgoDuelist.YgoDuelistCode.Cards.Monster.Done.Normal.Stone_Ghost
YgoDuelist.YgoDuelistCode.Cards.Monster.Todo.Normal.Stone_Ogre_Grotto	YgoDuelist.YgoDuelistCode.Cards.Monster.Done.Normal.Stone_Ogre_Grotto
YgoDuelist.YgoDuelistCode.Cards.Monster.Todo.Normal.Stuffed_Animal	YgoDuelist.YgoDuelistCode.Cards.Monster.Done.Normal.Stuffed_Animal
YgoDuelist.YgoDuelistCode.Cards.Monster.Todo.Normal.Succubus_Knight	YgoDuelist.YgoDuelistCode.Cards.Monster.Done.Normal.Succubus_Knight
YgoDuelist.YgoDuelistCode.Cards.Monster.Todo.Normal.Summoned_Skull	YgoDuelist.YgoDuelistCode.Cards.Monster.Done.Normal.Summoned_Skull
YgoDuelist.YgoDuelistCode.Cards.Monster.Todo.Normal.Supporter_in_the_Shadows	YgoDuelist.YgoDuelistCode.Cards.Monster.Done.Normal.Supporter_in_the_Shadows
YgoDuelist.YgoDuelistCode.Cards.Monster.Todo.Normal.Swordsman_of_Landstar	YgoDuelist.YgoDuelistCode.Cards.Monster.Done.Normal.Swordsman_of_Landstar
YgoDuelist.YgoDuelistCode.Cards.Monster.Todo.Normal.Swordstalker	YgoDuelist.YgoDuelistCode.Cards.Monster.Done.Normal.Swordstalker
YgoDuelist.YgoDuelistCode.Cards.Monster.Todo.Normal.Sword_Arm_of_Dragon	YgoDuelist.YgoDuelistCode.Cards.Monster.Done.Normal.Sword_Arm_of_Dragon
YgoDuelist.YgoDuelistCode.Cards.Monster.Todo.Normal.Sword_Slasher	YgoDuelist.YgoDuelistCode.Cards.Monster.Done.Normal.Sword_Slasher
YgoDuelist.YgoDuelistCode.Cards.Monster.Todo.Normal.Synchar	YgoDuelist.YgoDuelistCode.Cards.Monster.Done.Normal.Synchar
YgoDuelist.YgoDuelistCode.Cards.Monster.Todo.Normal.Takriminos	YgoDuelist.YgoDuelistCode.Cards.Monster.Done.Normal.Takriminos
YgoDuelist.YgoDuelistCode.Cards.Monster.Todo.Normal.Takuhee	YgoDuelist.YgoDuelistCode.Cards.Monster.Done.Normal.Takuhee
YgoDuelist.YgoDuelistCode.Cards.Monster.Todo.Normal.Tao_the_Chanter	YgoDuelist.YgoDuelistCode.Cards.Monster.Done.Normal.Tao_the_Chanter
YgoDuelist.YgoDuelistCode.Cards.Monster.Todo.Normal.Tatsunootoshigo	YgoDuelist.YgoDuelistCode.Cards.Monster.Done.Normal.Tatsunootoshigo
YgoDuelist.YgoDuelistCode.Cards.Monster.Todo.Normal.Temple_of_Skulls	YgoDuelist.YgoDuelistCode.Cards.Monster.Done.Normal.Temple_of_Skulls
YgoDuelist.YgoDuelistCode.Cards.Monster.Todo.Normal.Tenderness	YgoDuelist.YgoDuelistCode.Cards.Monster.Done.Normal.Tenderness
YgoDuelist.YgoDuelistCode.Cards.Monster.Todo.Normal.Tentacle_Plant	YgoDuelist.YgoDuelistCode.Cards.Monster.Done.Normal.Tentacle_Plant
YgoDuelist.YgoDuelistCode.Cards.Monster.Todo.Normal.Terra_the_Terrible	YgoDuelist.YgoDuelistCode.Cards.Monster.Done.Normal.Terra_the_Terrible
YgoDuelist.YgoDuelistCode.Cards.Monster.Todo.Normal.Terrorking_Salmon	YgoDuelist.YgoDuelistCode.Cards.Monster.Done.Normal.Terrorking_Salmon
YgoDuelist.YgoDuelistCode.Cards.Monster.Todo.Normal.That_Which_Feeds_on_Life	YgoDuelist.YgoDuelistCode.Cards.Monster.Done.Normal.That_Which_Feeds_on_Life
YgoDuelist.YgoDuelistCode.Cards.Monster.Todo.Normal.The_13th_Grave	YgoDuelist.YgoDuelistCode.Cards.Monster.Done.Normal.The_13th_Grave
YgoDuelist.YgoDuelistCode.Cards.Monster.Todo.Normal.The_All_Seeing_White_Tiger	YgoDuelist.YgoDuelistCode.Cards.Monster.Done.Normal.The_All_Seeing_White_Tiger
YgoDuelist.YgoDuelistCode.Cards.Monster.Todo.Normal.The_Bewitching_Phantom_Thief	YgoDuelist.YgoDuelistCode.Cards.Monster.Done.Normal.The_Bewitching_Phantom_Thief
YgoDuelist.YgoDuelistCode.Cards.Monster.Todo.Normal.The_Dragon_Dwelling_in_the_Cave	YgoDuelist.YgoDuelistCode.Cards.Monster.Done.Normal.The_Dragon_Dwelling_in_the_Cave
YgoDuelist.YgoDuelistCode.Cards.Monster.Todo.Normal.The_Drdek	YgoDuelist.YgoDuelistCode.Cards.Monster.Done.Normal.The_Drdek
YgoDuelist.YgoDuelistCode.Cards.Monster.Todo.Normal.The_Earl_of_Demise	YgoDuelist.YgoDuelistCode.Cards.Monster.Done.Normal.The_Earl_of_Demise
YgoDuelist.YgoDuelistCode.Cards.Monster.Todo.Normal.The_Furious_Sea_King	YgoDuelist.YgoDuelistCode.Cards.Monster.Done.Normal.The_Furious_Sea_King
YgoDuelist.YgoDuelistCode.Cards.Monster.Todo.Normal.The_Gross_Ghost_of_Fled_Dreams	YgoDuelist.YgoDuelistCode.Cards.Monster.Done.Normal.The_Gross_Ghost_of_Fled_Dreams
YgoDuelist.YgoDuelistCode.Cards.Monster.Todo.Normal.The_Illusory_Gentleman	YgoDuelist.YgoDuelistCode.Cards.Monster.Done.Normal.The_Illusory_Gentleman
YgoDuelist.YgoDuelistCode.Cards.Monster.Todo.Normal.The_Judgement_Hand	YgoDuelist.YgoDuelistCode.Cards.Monster.Done.Normal.The_Judgement_Hand
YgoDuelist.YgoDuelistCode.Cards.Monster.Todo.Normal.The_Melting_Red_Shadow	YgoDuelist.YgoDuelistCode.Cards.Monster.Done.Normal.The_Melting_Red_Shadow
YgoDuelist.YgoDuelistCode.Cards.Monster.Todo.Normal.The_Portrait_s_Secret	YgoDuelist.YgoDuelistCode.Cards.Monster.Done.Normal.The_Portrait_s_Secret
YgoDuelist.YgoDuelistCode.Cards.Monster.Todo.Normal.The_Shadow_Who_Controls_the_Dark	YgoDuelist.YgoDuelistCode.Cards.Monster.Done.Normal.The_Shadow_Who_Controls_the_Dark
YgoDuelist.YgoDuelistCode.Cards.Monster.Todo.Normal.The_Snake_Hair	YgoDuelist.YgoDuelistCode.Cards.Monster.Done.Normal.The_Snake_Hair
YgoDuelist.YgoDuelistCode.Cards.Monster.Todo.Normal.The_Statue_of_Easter_Island	YgoDuelist.YgoDuelistCode.Cards.Monster.Done.Normal.The_Statue_of_Easter_Island
YgoDuelist.YgoDuelistCode.Cards.Monster.Todo.Normal.The_Thing_That_Hides_in_the_Mud	YgoDuelist.YgoDuelistCode.Cards.Monster.Done.Normal.The_Thing_That_Hides_in_the_Mud
YgoDuelist.YgoDuelistCode.Cards.Monster.Todo.Normal.The_Wandering_Doomed	YgoDuelist.YgoDuelistCode.Cards.Monster.Done.Normal.The_Wandering_Doomed
YgoDuelist.YgoDuelistCode.Cards.Monster.Todo.Normal.Thousand_Eyes_Idol	YgoDuelist.YgoDuelistCode.Cards.Monster.Done.Normal.Thousand_Eyes_Idol
YgoDuelist.YgoDuelistCode.Cards.Monster.Todo.Normal.Three_Headed_Geedo	YgoDuelist.YgoDuelistCode.Cards.Monster.Done.Normal.Three_Headed_Geedo
YgoDuelist.YgoDuelistCode.Cards.Monster.Todo.Normal.Three_Legged_Zombies	YgoDuelist.YgoDuelistCode.Cards.Monster.Done.Normal.Three_Legged_Zombies
YgoDuelist.YgoDuelistCode.Cards.Monster.Todo.Normal.Thunder_Kid	YgoDuelist.YgoDuelistCode.Cards.Monster.Done.Normal.Thunder_Kid
YgoDuelist.YgoDuelistCode.Cards.Monster.Todo.Normal.Tiger_Axe	YgoDuelist.YgoDuelistCode.Cards.Monster.Done.Normal.Tiger_Axe
YgoDuelist.YgoDuelistCode.Cards.Monster.Todo.Normal.Toad_Master	YgoDuelist.YgoDuelistCode.Cards.Monster.Done.Normal.Toad_Master
YgoDuelist.YgoDuelistCode.Cards.Monster.Todo.Normal.Togex	YgoDuelist.YgoDuelistCode.Cards.Monster.Done.Normal.Togex
YgoDuelist.YgoDuelistCode.Cards.Monster.Todo.Normal.Tomozaurus	YgoDuelist.YgoDuelistCode.Cards.Monster.Done.Normal.Tomozaurus
YgoDuelist.YgoDuelistCode.Cards.Monster.Todo.Normal.Tongyo	YgoDuelist.YgoDuelistCode.Cards.Monster.Done.Normal.Tongyo
YgoDuelist.YgoDuelistCode.Cards.Monster.Todo.Normal.Toon_Alligator	YgoDuelist.YgoDuelistCode.Cards.Monster.Done.Normal.Toon_Alligator
YgoDuelist.YgoDuelistCode.Cards.Monster.Todo.Normal.Torike	YgoDuelist.YgoDuelistCode.Cards.Monster.Done.Normal.Torike
YgoDuelist.YgoDuelistCode.Cards.Monster.Todo.Normal.Trakodon	YgoDuelist.YgoDuelistCode.Cards.Monster.Done.Normal.Trakodon
YgoDuelist.YgoDuelistCode.Cards.Monster.Todo.Normal.Trent	YgoDuelist.YgoDuelistCode.Cards.Monster.Done.Normal.Trent
YgoDuelist.YgoDuelistCode.Cards.Monster.Todo.Normal.Trial_of_Nightmare	YgoDuelist.YgoDuelistCode.Cards.Monster.Done.Normal.Trial_of_Nightmare
YgoDuelist.YgoDuelistCode.Cards.Monster.Todo.Normal.Tripwire_Beast	YgoDuelist.YgoDuelistCode.Cards.Monster.Done.Normal.Tripwire_Beast
YgoDuelist.YgoDuelistCode.Cards.Monster.Todo.Normal.Tri_Horned_Dragon	YgoDuelist.YgoDuelistCode.Cards.Monster.Done.Normal.Tri_Horned_Dragon
YgoDuelist.YgoDuelistCode.Cards.Monster.Todo.Normal.Turtle_Bird	YgoDuelist.YgoDuelistCode.Cards.Monster.Done.Normal.Turtle_Bird
YgoDuelist.YgoDuelistCode.Cards.Monster.Todo.Normal.Turtle_Raccoon	YgoDuelist.YgoDuelistCode.Cards.Monster.Done.Normal.Turtle_Raccoon
YgoDuelist.YgoDuelistCode.Cards.Monster.Todo.Normal.Turtle_Tiger	YgoDuelist.YgoDuelistCode.Cards.Monster.Done.Normal.Turtle_Tiger
YgoDuelist.YgoDuelistCode.Cards.Monster.Todo.Normal.Turu_Purun	YgoDuelist.YgoDuelistCode.Cards.Monster.Done.Normal.Turu_Purun
YgoDuelist.YgoDuelistCode.Cards.Monster.Todo.Normal.Twin_Headed_Fire_Dragon	YgoDuelist.YgoDuelistCode.Cards.Monster.Done.Normal.Twin_Headed_Fire_Dragon
YgoDuelist.YgoDuelistCode.Cards.Monster.Todo.Normal.Twin_Long_Rods_1	YgoDuelist.YgoDuelistCode.Cards.Monster.Done.Normal.Twin_Long_Rods_1
YgoDuelist.YgoDuelistCode.Cards.Monster.Todo.Normal.Twin_Long_Rods_2	YgoDuelist.YgoDuelistCode.Cards.Monster.Done.Normal.Twin_Long_Rods_2
YgoDuelist.YgoDuelistCode.Cards.Monster.Todo.Normal.Two_Headed_King_Rex	YgoDuelist.YgoDuelistCode.Cards.Monster.Done.Normal.Two_Headed_King_Rex
YgoDuelist.YgoDuelistCode.Cards.Monster.Todo.Normal.Two_Mouth_Darkruler	YgoDuelist.YgoDuelistCode.Cards.Monster.Done.Normal.Two_Mouth_Darkruler
YgoDuelist.YgoDuelistCode.Cards.Monster.Todo.Normal.Tyhone	YgoDuelist.YgoDuelistCode.Cards.Monster.Done.Normal.Tyhone
YgoDuelist.YgoDuelistCode.Cards.Monster.Todo.Normal.Tyhone_2	YgoDuelist.YgoDuelistCode.Cards.Monster.Done.Normal.Tyhone_2
YgoDuelist.YgoDuelistCode.Cards.Monster.Todo.Normal.United_Resistance	YgoDuelist.YgoDuelistCode.Cards.Monster.Done.Normal.United_Resistance
YgoDuelist.YgoDuelistCode.Cards.Monster.Todo.Normal.Unknown_Warrior_of_Fiend	YgoDuelist.YgoDuelistCode.Cards.Monster.Done.Normal.Unknown_Warrior_of_Fiend
YgoDuelist.YgoDuelistCode.Cards.Monster.Todo.Normal.Uraby	YgoDuelist.YgoDuelistCode.Cards.Monster.Done.Normal.Uraby
YgoDuelist.YgoDuelistCode.Cards.Monster.Todo.Normal.Ushi_Oni	YgoDuelist.YgoDuelistCode.Cards.Monster.Done.Normal.Ushi_Oni
YgoDuelist.YgoDuelistCode.Cards.Monster.Todo.Normal.Violent_Rain	YgoDuelist.YgoDuelistCode.Cards.Monster.Done.Normal.Violent_Rain
YgoDuelist.YgoDuelistCode.Cards.Monster.Todo.Normal.Vishwar_Randi	YgoDuelist.YgoDuelistCode.Cards.Monster.Done.Normal.Vishwar_Randi
YgoDuelist.YgoDuelistCode.Cards.Monster.Todo.Normal.Vorse_Raider	YgoDuelist.YgoDuelistCode.Cards.Monster.Done.Normal.Vorse_Raider
YgoDuelist.YgoDuelistCode.Cards.Monster.Todo.Normal.V_Tiger_Jet	YgoDuelist.YgoDuelistCode.Cards.Monster.Done.Normal.V_Tiger_Jet
YgoDuelist.YgoDuelistCode.Cards.Monster.Todo.Normal.Warrior_Dai_Grepher	YgoDuelist.YgoDuelistCode.Cards.Monster.Done.Normal.Warrior_Dai_Grepher
YgoDuelist.YgoDuelistCode.Cards.Monster.Todo.Normal.Warrior_of_Zera	YgoDuelist.YgoDuelistCode.Cards.Monster.Done.Normal.Warrior_of_Zera
YgoDuelist.YgoDuelistCode.Cards.Monster.Todo.Normal.Waterdragon_Fairy	YgoDuelist.YgoDuelistCode.Cards.Monster.Done.Normal.Waterdragon_Fairy
YgoDuelist.YgoDuelistCode.Cards.Monster.Todo.Normal.Water_Element	YgoDuelist.YgoDuelistCode.Cards.Monster.Done.Normal.Water_Element
YgoDuelist.YgoDuelistCode.Cards.Monster.Todo.Normal.Water_Girl	YgoDuelist.YgoDuelistCode.Cards.Monster.Done.Normal.Water_Girl
YgoDuelist.YgoDuelistCode.Cards.Monster.Todo.Normal.Water_Magician	YgoDuelist.YgoDuelistCode.Cards.Monster.Done.Normal.Water_Magician
YgoDuelist.YgoDuelistCode.Cards.Monster.Todo.Normal.Water_Omotics	YgoDuelist.YgoDuelistCode.Cards.Monster.Done.Normal.Water_Omotics
YgoDuelist.YgoDuelistCode.Cards.Monster.Todo.Normal.Wattkid	YgoDuelist.YgoDuelistCode.Cards.Monster.Done.Normal.Wattkid
YgoDuelist.YgoDuelistCode.Cards.Monster.Todo.Normal.Weather_Control	YgoDuelist.YgoDuelistCode.Cards.Monster.Done.Normal.Weather_Control
YgoDuelist.YgoDuelistCode.Cards.Monster.Todo.Normal.Wetha	YgoDuelist.YgoDuelistCode.Cards.Monster.Done.Normal.Wetha
YgoDuelist.YgoDuelistCode.Cards.Monster.Todo.Normal.Whiptail_Crow	YgoDuelist.YgoDuelistCode.Cards.Monster.Done.Normal.Whiptail_Crow
YgoDuelist.YgoDuelistCode.Cards.Monster.Todo.Normal.White_Dolphin	YgoDuelist.YgoDuelistCode.Cards.Monster.Done.Normal.White_Dolphin
YgoDuelist.YgoDuelistCode.Cards.Monster.Todo.Normal.Wicked_Dragon_with_the_Ersatz_Head	YgoDuelist.YgoDuelistCode.Cards.Monster.Done.Normal.Wicked_Dragon_with_the_Ersatz_Head
YgoDuelist.YgoDuelistCode.Cards.Monster.Todo.Normal.Wilmee	YgoDuelist.YgoDuelistCode.Cards.Monster.Done.Normal.Wilmee
YgoDuelist.YgoDuelistCode.Cards.Monster.Todo.Normal.Winged_Cleaver	YgoDuelist.YgoDuelistCode.Cards.Monster.Done.Normal.Winged_Cleaver
YgoDuelist.YgoDuelistCode.Cards.Monster.Todo.Normal.Winged_Dragon_Guardian_of_the_Fortress_1	YgoDuelist.YgoDuelistCode.Cards.Monster.Done.Normal.Winged_Dragon_Guardian_of_the_Fortress_1
YgoDuelist.YgoDuelistCode.Cards.Monster.Todo.Normal.Winged_Dragon_Guardian_of_the_Fortress_2	YgoDuelist.YgoDuelistCode.Cards.Monster.Done.Normal.Winged_Dragon_Guardian_of_the_Fortress_2
YgoDuelist.YgoDuelistCode.Cards.Monster.Todo.Normal.Winged_Egg_of_New_Life	YgoDuelist.YgoDuelistCode.Cards.Monster.Done.Normal.Winged_Egg_of_New_Life
YgoDuelist.YgoDuelistCode.Cards.Monster.Todo.Normal.Wings_of_Wicked_Flame	YgoDuelist.YgoDuelistCode.Cards.Monster.Done.Normal.Wings_of_Wicked_Flame
YgoDuelist.YgoDuelistCode.Cards.Monster.Todo.Normal.Wingweaver	YgoDuelist.YgoDuelistCode.Cards.Monster.Done.Normal.Wingweaver
YgoDuelist.YgoDuelistCode.Cards.Monster.Todo.Normal.Wing_Eagle	YgoDuelist.YgoDuelistCode.Cards.Monster.Done.Normal.Wing_Eagle
YgoDuelist.YgoDuelistCode.Cards.Monster.Todo.Normal.Wing_Egg_Elf	YgoDuelist.YgoDuelistCode.Cards.Monster.Done.Normal.Wing_Egg_Elf
YgoDuelist.YgoDuelistCode.Cards.Monster.Todo.Normal.Witty_Phantom	YgoDuelist.YgoDuelistCode.Cards.Monster.Done.Normal.Witty_Phantom
YgoDuelist.YgoDuelistCode.Cards.Monster.Todo.Normal.Wolf	YgoDuelist.YgoDuelistCode.Cards.Monster.Done.Normal.Wolf
YgoDuelist.YgoDuelistCode.Cards.Monster.Todo.Normal.Wolf_Axwielder	YgoDuelist.YgoDuelistCode.Cards.Monster.Done.Normal.Wolf_Axwielder
YgoDuelist.YgoDuelistCode.Cards.Monster.Todo.Normal.Wood_Clown	YgoDuelist.YgoDuelistCode.Cards.Monster.Done.Normal.Wood_Clown
YgoDuelist.YgoDuelistCode.Cards.Monster.Todo.Normal.Wood_Remains	YgoDuelist.YgoDuelistCode.Cards.Monster.Done.Normal.Wood_Remains
YgoDuelist.YgoDuelistCode.Cards.Monster.Todo.Normal.Worm_Drake	YgoDuelist.YgoDuelistCode.Cards.Monster.Done.Normal.Worm_Drake
YgoDuelist.YgoDuelistCode.Cards.Monster.Todo.Normal.Wow_Warrior	YgoDuelist.YgoDuelistCode.Cards.Monster.Done.Normal.Wow_Warrior
YgoDuelist.YgoDuelistCode.Cards.Monster.Todo.Normal.Wretched_Ghost_of_the_Attic	YgoDuelist.YgoDuelistCode.Cards.Monster.Done.Normal.Wretched_Ghost_of_the_Attic
YgoDuelist.YgoDuelistCode.Cards.Monster.Todo.Normal.W_Wing_Catapult	YgoDuelist.YgoDuelistCode.Cards.Monster.Done.Normal.W_Wing_Catapult
YgoDuelist.YgoDuelistCode.Cards.Monster.Todo.Normal.X_Head_Cannon	YgoDuelist.YgoDuelistCode.Cards.Monster.Done.Normal.X_Head_Cannon
YgoDuelist.YgoDuelistCode.Cards.Monster.Todo.Normal.Yaiba_Robo	YgoDuelist.YgoDuelistCode.Cards.Monster.Done.Normal.Yaiba_Robo
YgoDuelist.YgoDuelistCode.Cards.Monster.Todo.Normal.Yamadron	YgoDuelist.YgoDuelistCode.Cards.Monster.Done.Normal.Yamadron
YgoDuelist.YgoDuelistCode.Cards.Monster.Todo.Normal.Yamatano_Dragon_Scroll	YgoDuelist.YgoDuelistCode.Cards.Monster.Done.Normal.Yamatano_Dragon_Scroll
YgoDuelist.YgoDuelistCode.Cards.Monster.Todo.Normal.Yaranzo	YgoDuelist.YgoDuelistCode.Cards.Monster.Done.Normal.Yaranzo
YgoDuelist.YgoDuelistCode.Cards.Monster.Todo.Normal.Yashinoki	YgoDuelist.YgoDuelistCode.Cards.Monster.Done.Normal.Yashinoki
YgoDuelist.YgoDuelistCode.Cards.Monster.Todo.Normal.Yormungarde	YgoDuelist.YgoDuelistCode.Cards.Monster.Done.Normal.Yormungarde
YgoDuelist.YgoDuelistCode.Cards.Monster.Todo.Normal.Y_Dragon_Head	YgoDuelist.YgoDuelistCode.Cards.Monster.Done.Normal.Y_Dragon_Head
YgoDuelist.YgoDuelistCode.Cards.Monster.Todo.Normal.Zanki	YgoDuelist.YgoDuelistCode.Cards.Monster.Done.Normal.Zanki
YgoDuelist.YgoDuelistCode.Cards.Monster.Todo.Normal.Zarigun	YgoDuelist.YgoDuelistCode.Cards.Monster.Done.Normal.Zarigun
YgoDuelist.YgoDuelistCode.Cards.Monster.Todo.Normal.Zoa	YgoDuelist.YgoDuelistCode.Cards.Monster.Done.Normal.Zoa
YgoDuelist.YgoDuelistCode.Cards.Monster.Todo.Normal.Z_Metal_Tank	YgoDuelist.YgoDuelistCode.Cards.Monster.Done.Normal.Z_Metal_Tank
YgoDuelist.YgoDuelistCode.Cards.Monster.Todo.Ritual.Black_Luster_Soldier	YgoDuelist.YgoDuelistCode.Cards.Monster.Done.Ritual.Black_Luster_Soldier
YgoDuelist.YgoDuelistCode.Cards.Monster.Todo.Ritual.Chakra	YgoDuelist.YgoDuelistCode.Cards.Monster.Done.Ritual.Chakra
YgoDuelist.YgoDuelistCode.Cards.Monster.Todo.Ritual.Crab_Turtle	YgoDuelist.YgoDuelistCode.Cards.Monster.Done.Ritual.Crab_Turtle
YgoDuelist.YgoDuelistCode.Cards.Monster.Todo.Ritual.Dark_Master_Zorc	YgoDuelist.YgoDuelistCode.Cards.Monster.Done.Ritual.Dark_Master_Zorc
YgoDuelist.YgoDuelistCode.Cards.Monster.Todo.Ritual.Dokurorider	YgoDuelist.YgoDuelistCode.Cards.Monster.Done.Ritual.Dokurorider
YgoDuelist.YgoDuelistCode.Cards.Monster.Todo.Ritual.Fiend_S_Mirror	YgoDuelist.YgoDuelistCode.Cards.Monster.Done.Ritual.Fiend_S_Mirror
YgoDuelist.YgoDuelistCode.Cards.Monster.Todo.Ritual.Fortress_Whale	YgoDuelist.YgoDuelistCode.Cards.Monster.Done.Ritual.Fortress_Whale
YgoDuelist.YgoDuelistCode.Cards.Monster.Todo.Ritual.Garma_Sword	YgoDuelist.YgoDuelistCode.Cards.Monster.Done.Ritual.Garma_Sword
YgoDuelist.YgoDuelistCode.Cards.Monster.Todo.Ritual.Hungry_Burger	YgoDuelist.YgoDuelistCode.Cards.Monster.Done.Ritual.Hungry_Burger
YgoDuelist.YgoDuelistCode.Cards.Monster.Todo.Ritual.Javelin_Beetle	YgoDuelist.YgoDuelistCode.Cards.Monster.Done.Ritual.Javelin_Beetle
YgoDuelist.YgoDuelistCode.Cards.Monster.Todo.Ritual.Legendary_Flame_Lord	YgoDuelist.YgoDuelistCode.Cards.Monster.Done.Ritual.Legendary_Flame_Lord
YgoDuelist.YgoDuelistCode.Cards.Monster.Todo.Ritual.Magician_of_Black_Chaos	YgoDuelist.YgoDuelistCode.Cards.Monster.Done.Ritual.Magician_of_Black_Chaos
YgoDuelist.YgoDuelistCode.Cards.Monster.Todo.Ritual.Paladin_of_White_Dragon	YgoDuelist.YgoDuelistCode.Cards.Monster.Done.Ritual.Paladin_of_White_Dragon
YgoDuelist.YgoDuelistCode.Cards.Monster.Todo.Ritual.Performance_of_Sword	YgoDuelist.YgoDuelistCode.Cards.Monster.Done.Ritual.Performance_of_Sword
YgoDuelist.YgoDuelistCode.Cards.Monster.Todo.Ritual.Relinquished	YgoDuelist.YgoDuelistCode.Cards.Monster.Done.Ritual.Relinquished
YgoDuelist.YgoDuelistCode.Cards.Monster.Todo.Ritual.Shinato_King_of_a_Higher_Plane	YgoDuelist.YgoDuelistCode.Cards.Monster.Done.Ritual.Shinato_King_of_a_Higher_Plane
YgoDuelist.YgoDuelistCode.Cards.Monster.Todo.Ritual.Skull_Guardian	YgoDuelist.YgoDuelistCode.Cards.Monster.Done.Ritual.Skull_Guardian
YgoDuelist.YgoDuelistCode.Cards.Monster.Todo.Ritual.Super_War_Lion	YgoDuelist.YgoDuelistCode.Cards.Monster.Done.Ritual.Super_War_Lion
YgoDuelist.YgoDuelistCode.Cards.Monster.Todo.Ritual.The_Masked_Beast	YgoDuelist.YgoDuelistCode.Cards.Monster.Done.Ritual.The_Masked_Beast
YgoDuelist.YgoDuelistCode.Cards.Monster.Todo.Ritual.Zera_the_Mant	YgoDuelist.YgoDuelistCode.Cards.Monster.Done.Ritual.Zera_the_Mant
YgoDuelist.YgoDuelistCode.Cards.Monster.Todo.TrapMonster.Embodiment_of_Apophis_Trap_Monster	YgoDuelist.YgoDuelistCode.Cards.Monster.Done.TrapMonster.Embodiment_of_Apophis_Trap_Monster
YgoDuelist.YgoDuelistCode.Cards.Monster.Todo.TrapMonster.Metal_Reflect_Slime_Trap_Monster	YgoDuelist.YgoDuelistCode.Cards.Monster.Done.TrapMonster.Metal_Reflect_Slime_Trap_Monster
YgoDuelist.YgoDuelistCode.Cards.Monster.Todo.TrapMonster.The_First_Monarch_Trap_Monster	YgoDuelist.YgoDuelistCode.Cards.Monster.Done.TrapMonster.The_First_Monarch_Trap_Monster
YgoDuelist.YgoDuelistCode.Cards.Spell.Todo.Continuos.Archfiend_s_Oath	YgoDuelist.YgoDuelistCode.Cards.Spell.Done.Continuos.Archfiend_s_Oath
YgoDuelist.YgoDuelistCode.Cards.Spell.Todo.Continuos.Banner_of_Courage	YgoDuelist.YgoDuelistCode.Cards.Spell.Done.Continuos.Banner_of_Courage
YgoDuelist.YgoDuelistCode.Cards.Spell.Todo.Continuos.Burning_Land	YgoDuelist.YgoDuelistCode.Cards.Spell.Done.Continuos.Burning_Land
YgoDuelist.YgoDuelistCode.Cards.Spell.Todo.Continuos.Card_Trader	YgoDuelist.YgoDuelistCode.Cards.Spell.Done.Continuos.Card_Trader
YgoDuelist.YgoDuelistCode.Cards.Spell.Todo.Continuos.Convulsion_of_Nature	YgoDuelist.YgoDuelistCode.Cards.Spell.Done.Continuos.Convulsion_of_Nature
YgoDuelist.YgoDuelistCode.Cards.Spell.Todo.Continuos.Dark_Snake_Syndrome	YgoDuelist.YgoDuelistCode.Cards.Spell.Done.Continuos.Dark_Snake_Syndrome
YgoDuelist.YgoDuelistCode.Cards.Spell.Todo.Continuos.Dust_Barrier	YgoDuelist.YgoDuelistCode.Cards.Spell.Done.Continuos.Dust_Barrier
YgoDuelist.YgoDuelistCode.Cards.Spell.Todo.Continuos.Jam_Breeding_Machine	YgoDuelist.YgoDuelistCode.Cards.Spell.Done.Continuos.Jam_Breeding_Machine
YgoDuelist.YgoDuelistCode.Cards.Spell.Todo.Continuos.Stumbling	YgoDuelist.YgoDuelistCode.Cards.Spell.Done.Continuos.Stumbling
YgoDuelist.YgoDuelistCode.Cards.Spell.Todo.Continuos.The_A_Forces	YgoDuelist.YgoDuelistCode.Cards.Spell.Done.Continuos.The_A_Forces
YgoDuelist.YgoDuelistCode.Cards.Spell.Todo.Continuos.Yellow_Luster_Shield	YgoDuelist.YgoDuelistCode.Cards.Spell.Done.Continuos.Yellow_Luster_Shield
YgoDuelist.YgoDuelistCode.Cards.Spell.Todo.Equip.Axe_of_Despair	YgoDuelist.YgoDuelistCode.Cards.Spell.Done.Equip.Axe_of_Despair
YgoDuelist.YgoDuelistCode.Cards.Spell.Todo.Equip.Big_Bang_Shot	YgoDuelist.YgoDuelistCode.Cards.Spell.Done.Equip.Big_Bang_Shot
YgoDuelist.YgoDuelistCode.Cards.Spell.Todo.Equip.Black_Pendant	YgoDuelist.YgoDuelistCode.Cards.Spell.Done.Equip.Black_Pendant
YgoDuelist.YgoDuelistCode.Cards.Spell.Todo.Equip.Burning_Spear	YgoDuelist.YgoDuelistCode.Cards.Spell.Done.Equip.Burning_Spear
YgoDuelist.YgoDuelistCode.Cards.Spell.Todo.Equip.Cestus_of_Dagla	YgoDuelist.YgoDuelistCode.Cards.Spell.Done.Equip.Cestus_of_Dagla
YgoDuelist.YgoDuelistCode.Cards.Spell.Todo.Equip.Dragon_Nails	YgoDuelist.YgoDuelistCode.Cards.Spell.Done.Equip.Dragon_Nails
YgoDuelist.YgoDuelistCode.Cards.Spell.Todo.Equip.Gravity_Axe_Grarl	YgoDuelist.YgoDuelistCode.Cards.Spell.Done.Equip.Gravity_Axe_Grarl
YgoDuelist.YgoDuelistCode.Cards.Spell.Todo.Equip.Insect_Armor_with_Laser_Cannon	YgoDuelist.YgoDuelistCode.Cards.Spell.Done.Equip.Insect_Armor_with_Laser_Cannon
YgoDuelist.YgoDuelistCode.Cards.Spell.Todo.Equip.Mask_of_Brutality	YgoDuelist.YgoDuelistCode.Cards.Spell.Done.Equip.Mask_of_Brutality
YgoDuelist.YgoDuelistCode.Cards.Spell.Todo.Equip.Mask_of_the_Burdened	YgoDuelist.YgoDuelistCode.Cards.Spell.Done.Equip.Mask_of_the_Burdened
YgoDuelist.YgoDuelistCode.Cards.Spell.Todo.Equip.Megamorph	YgoDuelist.YgoDuelistCode.Cards.Spell.Done.Equip.Megamorph
YgoDuelist.YgoDuelistCode.Cards.Spell.Todo.Equip.Sword_of_Dragon_S_Soul	YgoDuelist.YgoDuelistCode.Cards.Spell.Done.Equip.Sword_of_Dragon_S_Soul
YgoDuelist.YgoDuelistCode.Cards.Spell.Todo.Field.A_Legendary_Ocean	YgoDuelist.YgoDuelistCode.Cards.Spell.Done.Field.A_Legendary_Ocean
YgoDuelist.YgoDuelistCode.Cards.Spell.Todo.Field.Fusion_Gate	YgoDuelist.YgoDuelistCode.Cards.Spell.Done.Field.Fusion_Gate
YgoDuelist.YgoDuelistCode.Cards.Spell.Todo.Field.Mausoleum_of_the_Emperor	YgoDuelist.YgoDuelistCode.Cards.Spell.Done.Field.Mausoleum_of_the_Emperor
YgoDuelist.YgoDuelistCode.Cards.Spell.Todo.Field.Necrovalley	YgoDuelist.YgoDuelistCode.Cards.Spell.Done.Field.Necrovalley
YgoDuelist.YgoDuelistCode.Cards.Spell.Todo.Field.The_Sanctuary_in_the_Sky	YgoDuelist.YgoDuelistCode.Cards.Spell.Done.Field.The_Sanctuary_in_the_Sky
YgoDuelist.YgoDuelistCode.Cards.Spell.Todo.Normal.Ancient_Chant	YgoDuelist.YgoDuelistCode.Cards.Spell.Done.Normal.Ancient_Chant
YgoDuelist.YgoDuelistCode.Cards.Spell.Todo.Normal.A_Deal_with_Dark_Ruler	YgoDuelist.YgoDuelistCode.Cards.Spell.Done.Normal.A_Deal_with_Dark_Ruler
YgoDuelist.YgoDuelistCode.Cards.Spell.Todo.Normal.Book_of_Moon	YgoDuelist.YgoDuelistCode.Cards.Spell.Done.Normal.Book_of_Moon
YgoDuelist.YgoDuelistCode.Cards.Spell.Todo.Normal.Book_of_Taiyou	YgoDuelist.YgoDuelistCode.Cards.Spell.Done.Normal.Book_of_Taiyou
YgoDuelist.YgoDuelistCode.Cards.Spell.Todo.Normal.Breath_of_Light	YgoDuelist.YgoDuelistCode.Cards.Spell.Done.Normal.Breath_of_Light
YgoDuelist.YgoDuelistCode.Cards.Spell.Todo.Normal.Burst_Stream_of_Destruction	YgoDuelist.YgoDuelistCode.Cards.Spell.Done.Normal.Burst_Stream_of_Destruction
YgoDuelist.YgoDuelistCode.Cards.Spell.Todo.Normal.Card_Destruction	YgoDuelist.YgoDuelistCode.Cards.Spell.Done.Normal.Card_Destruction
YgoDuelist.YgoDuelistCode.Cards.Spell.Todo.Normal.Chaos_End	YgoDuelist.YgoDuelistCode.Cards.Spell.Done.Normal.Chaos_End
YgoDuelist.YgoDuelistCode.Cards.Spell.Todo.Normal.Cold_Wave	YgoDuelist.YgoDuelistCode.Cards.Spell.Done.Normal.Cold_Wave
YgoDuelist.YgoDuelistCode.Cards.Spell.Todo.Normal.Cost_Down	YgoDuelist.YgoDuelistCode.Cards.Spell.Done.Normal.Cost_Down
YgoDuelist.YgoDuelistCode.Cards.Spell.Todo.Normal.Dark_Hole	YgoDuelist.YgoDuelistCode.Cards.Spell.Done.Normal.Dark_Hole
YgoDuelist.YgoDuelistCode.Cards.Spell.Todo.Normal.Dark_Magic_Attack	YgoDuelist.YgoDuelistCode.Cards.Spell.Done.Normal.Dark_Magic_Attack
YgoDuelist.YgoDuelistCode.Cards.Spell.Todo.Normal.Dark_Piercing_Light	YgoDuelist.YgoDuelistCode.Cards.Spell.Done.Normal.Dark_Piercing_Light
YgoDuelist.YgoDuelistCode.Cards.Spell.Todo.Normal.De_Spell	YgoDuelist.YgoDuelistCode.Cards.Spell.Done.Normal.De_Spell
YgoDuelist.YgoDuelistCode.Cards.Spell.Todo.Normal.Dian_Keto_the_Cure_Master	YgoDuelist.YgoDuelistCode.Cards.Spell.Done.Normal.Dian_Keto_the_Cure_Master
YgoDuelist.YgoDuelistCode.Cards.Spell.Todo.Normal.Diffusion_Wave_Motion	YgoDuelist.YgoDuelistCode.Cards.Spell.Done.Normal.Diffusion_Wave_Motion
YgoDuelist.YgoDuelistCode.Cards.Spell.Todo.Normal.Double_Spell	YgoDuelist.YgoDuelistCode.Cards.Spell.Done.Normal.Double_Spell
YgoDuelist.YgoDuelistCode.Cards.Spell.Todo.Normal.Double_Summon	YgoDuelist.YgoDuelistCode.Cards.Spell.Done.Normal.Double_Summon
YgoDuelist.YgoDuelistCode.Cards.Spell.Todo.Normal.Dragged_Down_into_the_Grave	YgoDuelist.YgoDuelistCode.Cards.Spell.Done.Normal.Dragged_Down_into_the_Grave
YgoDuelist.YgoDuelistCode.Cards.Spell.Todo.Normal.D_D_Designator	YgoDuelist.YgoDuelistCode.Cards.Spell.Done.Normal.D_D_Designator
YgoDuelist.YgoDuelistCode.Cards.Spell.Todo.Normal.Emergency_Provisions	YgoDuelist.YgoDuelistCode.Cards.Spell.Done.Normal.Emergency_Provisions
YgoDuelist.YgoDuelistCode.Cards.Spell.Todo.Normal.Extra_Foolish_Burial	YgoDuelist.YgoDuelistCode.Cards.Spell.Done.Normal.Extra_Foolish_Burial
YgoDuelist.YgoDuelistCode.Cards.Spell.Todo.Normal.Fairy_of_the_Spring	YgoDuelist.YgoDuelistCode.Cards.Spell.Done.Normal.Fairy_of_the_Spring
YgoDuelist.YgoDuelistCode.Cards.Spell.Todo.Normal.Final_Destiny	YgoDuelist.YgoDuelistCode.Cards.Spell.Done.Normal.Final_Destiny
YgoDuelist.YgoDuelistCode.Cards.Spell.Todo.Normal.Fusion_Sage	YgoDuelist.YgoDuelistCode.Cards.Spell.Done.Normal.Fusion_Sage
YgoDuelist.YgoDuelistCode.Cards.Spell.Todo.Normal.Graceful_Charity	YgoDuelist.YgoDuelistCode.Cards.Spell.Done.Normal.Graceful_Charity
YgoDuelist.YgoDuelistCode.Cards.Spell.Todo.Normal.Graceful_Dice	YgoDuelist.YgoDuelistCode.Cards.Spell.Done.Normal.Graceful_Dice
YgoDuelist.YgoDuelistCode.Cards.Spell.Todo.Normal.Hinotama	YgoDuelist.YgoDuelistCode.Cards.Spell.Done.Normal.Hinotama
YgoDuelist.YgoDuelistCode.Cards.Spell.Todo.Normal.Limiter_Removal	YgoDuelist.YgoDuelistCode.Cards.Spell.Done.Normal.Limiter_Removal
YgoDuelist.YgoDuelistCode.Cards.Spell.Todo.Normal.Multiplication_of_Ants	YgoDuelist.YgoDuelistCode.Cards.Spell.Done.Normal.Multiplication_of_Ants
YgoDuelist.YgoDuelistCode.Cards.Spell.Todo.Normal.Multiply	YgoDuelist.YgoDuelistCode.Cards.Spell.Done.Normal.Multiply
YgoDuelist.YgoDuelistCode.Cards.Spell.Todo.Normal.Nightmare_S_Steelcage	YgoDuelist.YgoDuelistCode.Cards.Spell.Done.Normal.Nightmare_S_Steelcage
YgoDuelist.YgoDuelistCode.Cards.Spell.Todo.Normal.Poison_of_the_Old_Man	YgoDuelist.YgoDuelistCode.Cards.Spell.Done.Normal.Poison_of_the_Old_Man
YgoDuelist.YgoDuelistCode.Cards.Spell.Todo.Normal.Polymerization	YgoDuelist.YgoDuelistCode.Cards.Spell.Done.Normal.Polymerization
YgoDuelist.YgoDuelistCode.Cards.Spell.Todo.Normal.Pyramid_Energy	YgoDuelist.YgoDuelistCode.Cards.Spell.Done.Normal.Pyramid_Energy
YgoDuelist.YgoDuelistCode.Cards.Spell.Todo.Normal.Raigeki	YgoDuelist.YgoDuelistCode.Cards.Spell.Done.Normal.Raigeki
YgoDuelist.YgoDuelistCode.Cards.Spell.Todo.Normal.Rain_of_Mercy	YgoDuelist.YgoDuelistCode.Cards.Spell.Done.Normal.Rain_of_Mercy
YgoDuelist.YgoDuelistCode.Cards.Spell.Todo.Normal.Reinforcement_of_the_Army	YgoDuelist.YgoDuelistCode.Cards.Spell.Done.Normal.Reinforcement_of_the_Army
YgoDuelist.YgoDuelistCode.Cards.Spell.Todo.Normal.Reload	YgoDuelist.YgoDuelistCode.Cards.Spell.Done.Normal.Reload
YgoDuelist.YgoDuelistCode.Cards.Spell.Todo.Normal.Riryoku	YgoDuelist.YgoDuelistCode.Cards.Spell.Done.Normal.Riryoku
YgoDuelist.YgoDuelistCode.Cards.Spell.Todo.Normal.Rush_Recklessly	YgoDuelist.YgoDuelistCode.Cards.Spell.Done.Normal.Rush_Recklessly
YgoDuelist.YgoDuelistCode.Cards.Spell.Todo.Normal.Scapegoat	YgoDuelist.YgoDuelistCode.Cards.Spell.Done.Normal.Scapegoat
YgoDuelist.YgoDuelistCode.Cards.Spell.Todo.Normal.Secret_Pass_to_the_Treasures	YgoDuelist.YgoDuelistCode.Cards.Spell.Done.Normal.Secret_Pass_to_the_Treasures
YgoDuelist.YgoDuelistCode.Cards.Spell.Todo.Normal.Sparks	YgoDuelist.YgoDuelistCode.Cards.Spell.Done.Normal.Sparks
YgoDuelist.YgoDuelistCode.Cards.Spell.Todo.Normal.Spellbook_Organization	YgoDuelist.YgoDuelistCode.Cards.Spell.Done.Normal.Spellbook_Organization
YgoDuelist.YgoDuelistCode.Cards.Spell.Todo.Normal.Stray_Lambs	YgoDuelist.YgoDuelistCode.Cards.Spell.Done.Normal.Stray_Lambs
YgoDuelist.YgoDuelistCode.Cards.Spell.Todo.Normal.Super_Rejuvenation	YgoDuelist.YgoDuelistCode.Cards.Spell.Done.Normal.Super_Rejuvenation
YgoDuelist.YgoDuelistCode.Cards.Spell.Todo.Normal.Tailor_of_the_Fickle	YgoDuelist.YgoDuelistCode.Cards.Spell.Done.Normal.Tailor_of_the_Fickle
YgoDuelist.YgoDuelistCode.Cards.Spell.Todo.Normal.Terraforming	YgoDuelist.YgoDuelistCode.Cards.Spell.Done.Normal.Terraforming
YgoDuelist.YgoDuelistCode.Cards.Spell.Todo.Normal.The_Law_of_the_Normal	YgoDuelist.YgoDuelistCode.Cards.Spell.Done.Normal.The_Law_of_the_Normal
YgoDuelist.YgoDuelistCode.Cards.Spell.Todo.Normal.The_Reliable_Guardian	YgoDuelist.YgoDuelistCode.Cards.Spell.Done.Normal.The_Reliable_Guardian
YgoDuelist.YgoDuelistCode.Cards.Spell.Todo.Normal.Token_Thanksgiving	YgoDuelist.YgoDuelistCode.Cards.Spell.Done.Normal.Token_Thanksgiving
YgoDuelist.YgoDuelistCode.Cards.Spell.Todo.Normal.Tribute_to_the_Doomed	YgoDuelist.YgoDuelistCode.Cards.Spell.Done.Normal.Tribute_to_the_Doomed
YgoDuelist.YgoDuelistCode.Cards.Spell.Todo.Normal.Upstart_Goblin	YgoDuelist.YgoDuelistCode.Cards.Spell.Done.Normal.Upstart_Goblin
YgoDuelist.YgoDuelistCode.Cards.Spell.Todo.Ritual.Beastly_Mirror_Ritual	YgoDuelist.YgoDuelistCode.Cards.Spell.Done.Ritual.Beastly_Mirror_Ritual
YgoDuelist.YgoDuelistCode.Cards.Spell.Todo.Ritual.Black_Illusion_Ritual	YgoDuelist.YgoDuelistCode.Cards.Spell.Done.Ritual.Black_Illusion_Ritual
YgoDuelist.YgoDuelistCode.Cards.Spell.Todo.Ritual.Black_Luster_Ritual	YgoDuelist.YgoDuelistCode.Cards.Spell.Done.Ritual.Black_Luster_Ritual
YgoDuelist.YgoDuelistCode.Cards.Spell.Todo.Ritual.Black_Magic_Ritual	YgoDuelist.YgoDuelistCode.Cards.Spell.Done.Ritual.Black_Magic_Ritual
YgoDuelist.YgoDuelistCode.Cards.Spell.Todo.Ritual.Commencement_Dance	YgoDuelist.YgoDuelistCode.Cards.Spell.Done.Ritual.Commencement_Dance
YgoDuelist.YgoDuelistCode.Cards.Spell.Todo.Ritual.Contract_with_the_Abyss	YgoDuelist.YgoDuelistCode.Cards.Spell.Done.Ritual.Contract_with_the_Abyss
YgoDuelist.YgoDuelistCode.Cards.Spell.Todo.Ritual.Contract_with_the_Dark_Master	YgoDuelist.YgoDuelistCode.Cards.Spell.Done.Ritual.Contract_with_the_Dark_Master
YgoDuelist.YgoDuelistCode.Cards.Spell.Todo.Ritual.Curse_of_the_Masked_Beast	YgoDuelist.YgoDuelistCode.Cards.Spell.Done.Ritual.Curse_of_the_Masked_Beast
YgoDuelist.YgoDuelistCode.Cards.Spell.Todo.Ritual.Earth_Chant	YgoDuelist.YgoDuelistCode.Cards.Spell.Done.Ritual.Earth_Chant
YgoDuelist.YgoDuelistCode.Cards.Spell.Todo.Ritual.Fortress_Whale_S_Oath	YgoDuelist.YgoDuelistCode.Cards.Spell.Done.Ritual.Fortress_Whale_S_Oath
YgoDuelist.YgoDuelistCode.Cards.Spell.Todo.Ritual.Garma_Sword_Oath	YgoDuelist.YgoDuelistCode.Cards.Spell.Done.Ritual.Garma_Sword_Oath
YgoDuelist.YgoDuelistCode.Cards.Spell.Todo.Ritual.Hamburger_Recipe	YgoDuelist.YgoDuelistCode.Cards.Spell.Done.Ritual.Hamburger_Recipe
YgoDuelist.YgoDuelistCode.Cards.Spell.Todo.Ritual.Incandescent_Ordeal	YgoDuelist.YgoDuelistCode.Cards.Spell.Done.Ritual.Incandescent_Ordeal
YgoDuelist.YgoDuelistCode.Cards.Spell.Todo.Ritual.Javelin_Beetle_Pact	YgoDuelist.YgoDuelistCode.Cards.Spell.Done.Ritual.Javelin_Beetle_Pact
YgoDuelist.YgoDuelistCode.Cards.Spell.Todo.Ritual.Novox_S_Prayer	YgoDuelist.YgoDuelistCode.Cards.Spell.Done.Ritual.Novox_S_Prayer
YgoDuelist.YgoDuelistCode.Cards.Spell.Todo.Ritual.Resurrection_of_Chakra	YgoDuelist.YgoDuelistCode.Cards.Spell.Done.Ritual.Resurrection_of_Chakra
YgoDuelist.YgoDuelistCode.Cards.Spell.Todo.Ritual.Revival_of_Dokurorider	YgoDuelist.YgoDuelistCode.Cards.Spell.Done.Ritual.Revival_of_Dokurorider
YgoDuelist.YgoDuelistCode.Cards.Spell.Todo.Ritual.Shinato_s_Ark	YgoDuelist.YgoDuelistCode.Cards.Spell.Done.Ritual.Shinato_s_Ark
YgoDuelist.YgoDuelistCode.Cards.Spell.Todo.Ritual.Turtle_Oath	YgoDuelist.YgoDuelistCode.Cards.Spell.Done.Ritual.Turtle_Oath
YgoDuelist.YgoDuelistCode.Cards.Spell.Todo.Ritual.War_Lion_Ritual	YgoDuelist.YgoDuelistCode.Cards.Spell.Done.Ritual.War_Lion_Ritual
YgoDuelist.YgoDuelistCode.Cards.Spell.Todo.Ritual.White_Dragon_Ritual	YgoDuelist.YgoDuelistCode.Cards.Spell.Done.Ritual.White_Dragon_Ritual
YgoDuelist.YgoDuelistCode.Cards.Spell.Todo.Ritual.Zera_Ritual	YgoDuelist.YgoDuelistCode.Cards.Spell.Done.Ritual.Zera_Ritual
YgoDuelist.YgoDuelistCode.Cards.Trap.Todo.Continuos.Appropriate	YgoDuelist.YgoDuelistCode.Cards.Trap.Done.Continuos.Appropriate
YgoDuelist.YgoDuelistCode.Cards.Trap.Todo.Continuos.Bad_Reaction_to_Simochi	YgoDuelist.YgoDuelistCode.Cards.Trap.Done.Continuos.Bad_Reaction_to_Simochi
YgoDuelist.YgoDuelistCode.Cards.Trap.Todo.Continuos.Blind_Destruction	YgoDuelist.YgoDuelistCode.Cards.Trap.Done.Continuos.Blind_Destruction
YgoDuelist.YgoDuelistCode.Cards.Trap.Todo.Continuos.Bottomless_Shifting_Sand	YgoDuelist.YgoDuelistCode.Cards.Trap.Done.Continuos.Bottomless_Shifting_Sand
YgoDuelist.YgoDuelistCode.Cards.Trap.Todo.Continuos.Call_of_the_Haunted	YgoDuelist.YgoDuelistCode.Cards.Trap.Done.Linked.Call_of_the_Haunted
YgoDuelist.YgoDuelistCode.Cards.Trap.Todo.Continuos.Curse_of_Darkness	YgoDuelist.YgoDuelistCode.Cards.Trap.Done.Continuos.Curse_of_Darkness
YgoDuelist.YgoDuelistCode.Cards.Trap.Todo.Continuos.Des_Counterblow	YgoDuelist.YgoDuelistCode.Cards.Trap.Done.Continuos.Des_Counterblow
YgoDuelist.YgoDuelistCode.Cards.Trap.Todo.Continuos.Embodiment_of_Apophis	YgoDuelist.YgoDuelistCode.Cards.Trap.Done.Linked.Embodiment_of_Apophis
YgoDuelist.YgoDuelistCode.Cards.Trap.Todo.Continuos.Fairy_Box	YgoDuelist.YgoDuelistCode.Cards.Trap.Done.Continuos.Fairy_Box
YgoDuelist.YgoDuelistCode.Cards.Trap.Todo.Continuos.Metal_Reflect_Slime	YgoDuelist.YgoDuelistCode.Cards.Trap.Done.Linked.Metal_Reflect_Slime
YgoDuelist.YgoDuelistCode.Cards.Trap.Todo.Continuos.Narrow_Pass	YgoDuelist.YgoDuelistCode.Cards.Trap.Done.Continuos.Narrow_Pass
YgoDuelist.YgoDuelistCode.Cards.Trap.Todo.Continuos.Nightmare_Wheel	YgoDuelist.YgoDuelistCode.Cards.Trap.Done.Continuos.Nightmare_Wheel
YgoDuelist.YgoDuelistCode.Cards.Trap.Todo.Continuos.Ominous_Fortunetelling	YgoDuelist.YgoDuelistCode.Cards.Trap.Done.Continuos.Ominous_Fortunetelling
YgoDuelist.YgoDuelistCode.Cards.Trap.Todo.Continuos.Skull_Invitation	YgoDuelist.YgoDuelistCode.Cards.Trap.Done.Continuos.Skull_Invitation
YgoDuelist.YgoDuelistCode.Cards.Trap.Todo.Continuos.Solemn_Wishes	YgoDuelist.YgoDuelistCode.Cards.Trap.Done.Continuos.Solemn_Wishes
YgoDuelist.YgoDuelistCode.Cards.Trap.Todo.Continuos.Soul_Resurrection	YgoDuelist.YgoDuelistCode.Cards.Trap.Done.Linked.Soul_Resurrection
YgoDuelist.YgoDuelistCode.Cards.Trap.Todo.Continuos.Spellbinding_Circle	YgoDuelist.YgoDuelistCode.Cards.Trap.Done.Continuos.Spellbinding_Circle
YgoDuelist.YgoDuelistCode.Cards.Trap.Todo.Continuos.The_First_Monarch	YgoDuelist.YgoDuelistCode.Cards.Trap.Done.Linked.The_First_Monarch
YgoDuelist.YgoDuelistCode.Cards.Trap.Todo.Continuos.Tornado_Wall	YgoDuelist.YgoDuelistCode.Cards.Trap.Done.Continuos.Tornado_Wall
YgoDuelist.YgoDuelistCode.Cards.Trap.Todo.Continuos.Type_Zero_Magic_Crusher	YgoDuelist.YgoDuelistCode.Cards.Trap.Done.Continuos.Type_Zero_Magic_Crusher
YgoDuelist.YgoDuelistCode.Cards.Trap.Todo.Normal.Amazoness_Archers	YgoDuelist.YgoDuelistCode.Cards.Trap.Done.Normal.Amazoness_Archers
YgoDuelist.YgoDuelistCode.Cards.Trap.Todo.Normal.Anti_Spell	YgoDuelist.YgoDuelistCode.Cards.Trap.Done.Normal.Anti_Spell
YgoDuelist.YgoDuelistCode.Cards.Trap.Todo.Normal.Arsenal_Robber	YgoDuelist.YgoDuelistCode.Cards.Trap.Done.Normal.Arsenal_Robber
YgoDuelist.YgoDuelistCode.Cards.Trap.Todo.Normal.Bottomless_Trap_Hole	YgoDuelist.YgoDuelistCode.Cards.Trap.Done.Normal.Bottomless_Trap_Hole
YgoDuelist.YgoDuelistCode.Cards.Trap.Todo.Normal.Burst_Breath	YgoDuelist.YgoDuelistCode.Cards.Trap.Done.Normal.Burst_Breath
YgoDuelist.YgoDuelistCode.Cards.Trap.Todo.Normal.Castle_Walls	YgoDuelist.YgoDuelistCode.Cards.Trap.Done.Normal.Castle_Walls
YgoDuelist.YgoDuelistCode.Cards.Trap.Todo.Normal.Compulsory_Evacuation_Device	YgoDuelist.YgoDuelistCode.Cards.Trap.Done.Normal.Compulsory_Evacuation_Device
YgoDuelist.YgoDuelistCode.Cards.Trap.Todo.Normal.Cursed_Seal_of_the_Forbidden_Spell	YgoDuelist.YgoDuelistCode.Cards.Trap.Done.Normal.Cursed_Seal_of_the_Forbidden_Spell
YgoDuelist.YgoDuelistCode.Cards.Trap.Todo.Normal.Curse_of_Aging	YgoDuelist.YgoDuelistCode.Cards.Trap.Done.Normal.Curse_of_Aging
YgoDuelist.YgoDuelistCode.Cards.Trap.Todo.Normal.Curse_of_Anubis	YgoDuelist.YgoDuelistCode.Cards.Trap.Done.Normal.Curse_of_Anubis
YgoDuelist.YgoDuelistCode.Cards.Trap.Todo.Normal.Dark_Mirror_Force	YgoDuelist.YgoDuelistCode.Cards.Trap.Done.Normal.Dark_Mirror_Force
YgoDuelist.YgoDuelistCode.Cards.Trap.Todo.Normal.Dark_Spirit_of_the_Silent	YgoDuelist.YgoDuelistCode.Cards.Trap.Done.Normal.Dark_Spirit_of_the_Silent
YgoDuelist.YgoDuelistCode.Cards.Trap.Todo.Normal.Deal_of_Phantom	YgoDuelist.YgoDuelistCode.Cards.Trap.Done.Normal.Deal_of_Phantom
YgoDuelist.YgoDuelistCode.Cards.Trap.Todo.Normal.Draining_Shield	YgoDuelist.YgoDuelistCode.Cards.Trap.Done.Normal.Draining_Shield
YgoDuelist.YgoDuelistCode.Cards.Trap.Todo.Normal.Enchanted_Javelin	YgoDuelist.YgoDuelistCode.Cards.Trap.Done.Normal.Enchanted_Javelin
YgoDuelist.YgoDuelistCode.Cards.Trap.Todo.Normal.Energy_Drain	YgoDuelist.YgoDuelistCode.Cards.Trap.Done.Normal.Energy_Drain
YgoDuelist.YgoDuelistCode.Cards.Trap.Todo.Normal.Fake_Trap	YgoDuelist.YgoDuelistCode.Cards.Trap.Done.Normal.Fake_Trap
YgoDuelist.YgoDuelistCode.Cards.Trap.Todo.Normal.Mask_of_Weakness	YgoDuelist.YgoDuelistCode.Cards.Trap.Done.Linked.Mask_of_Weakness
YgoDuelist.YgoDuelistCode.Cards.Trap.Todo.Normal.Ojama_Trio	YgoDuelist.YgoDuelistCode.Cards.Trap.Done.Normal.Ojama_Trio
YgoDuelist.YgoDuelistCode.Cards.Trap.Todo.Normal.Physical_Double	YgoDuelist.YgoDuelistCode.Cards.Trap.Done.Normal.Physical_Double
YgoDuelist.YgoDuelistCode.Cards.Trap.Todo.Normal.Raigeki_Break	YgoDuelist.YgoDuelistCode.Cards.Trap.Done.Normal.Raigeki_Break
YgoDuelist.YgoDuelistCode.Cards.Trap.Todo.Normal.Reckless_Greed	YgoDuelist.YgoDuelistCode.Cards.Trap.Done.Normal.Reckless_Greed
YgoDuelist.YgoDuelistCode.Cards.Trap.Todo.Normal.Reinforcements	YgoDuelist.YgoDuelistCode.Cards.Trap.Done.Normal.Reinforcements
YgoDuelist.YgoDuelistCode.Cards.Trap.Todo.Normal.Rite_of_Spirit	YgoDuelist.YgoDuelistCode.Cards.Trap.Done.Normal.Rite_of_Spirit
YgoDuelist.YgoDuelistCode.Cards.Trap.Todo.Normal.Rope_of_Life	YgoDuelist.YgoDuelistCode.Cards.Trap.Done.Normal.Rope_of_Life
YgoDuelist.YgoDuelistCode.Cards.Trap.Todo.Normal.Secret_Barrel	YgoDuelist.YgoDuelistCode.Cards.Trap.Done.Normal.Secret_Barrel
YgoDuelist.YgoDuelistCode.Cards.Trap.Todo.Normal.Skull_Dice	YgoDuelist.YgoDuelistCode.Cards.Trap.Done.Normal.Skull_Dice
YgoDuelist.YgoDuelistCode.Cards.Trap.Todo.Normal.Spell_Shield_Type_8	YgoDuelist.YgoDuelistCode.Cards.Trap.Done.Normal.Spell_Shield_Type_8
YgoDuelist.YgoDuelistCode.Cards.Trap.Todo.Normal.Statue_of_the_Wicked	YgoDuelist.YgoDuelistCode.Cards.Trap.Done.Normal.Statue_of_the_Wicked
